mol_id,optimized_sdf
test-0,"N[C@H]1NC(c2cnco2)N=C(c2cccc(-c3cnoc3)c2)c2ccccc21
     RDKit          3D

 45 49  0  0  1  0  0  0  0  0999 V2000
   52.9913   58.6647   21.3271 N   0  0  0  0  0  0  0  0  0  0  0  0
   53.7900   58.0408   20.4977 C   0  0  0  0  0  0  0  0  0  0  0  0
   53.3479   56.8263   20.0964 O   0  0  0  0  0  0  0  0  0  0  0  0
   52.1568   56.6778   20.7311 C   0  0  0  0  0  0  0  0  0  0  0  0
   51.9769   57.8329   21.4807 C   0  0  0  0  0  0  0  0  0  0  0  0
   51.4933   55.3129   20.6884 C   0  0  1  0  0  0  0  0  0  0  0  0
   51.5731   54.8287   19.3245 N   0  0  0  0  0  0  0  0  0  0  0  0
   50.9905   53.7171   19.0767 C   0  0  0  0  0  0  0  0  0  0  0  0
   51.6972   52.4586   19.4248 C   0  0  0  0  0  0  0  0  0  0  0  0
   51.9940   51.5532   18.3971 C   0  0  0  0  0  0  0  0  0  0  0  0
   52.5333   50.3067   18.6781 C   0  0  0  0  0  0  0  0  0  0  0  0
   52.7775   49.9188   19.9868 C   0  0  0  0  0  0  0  0  0  0  0  0
   52.5811   50.8364   21.0097 C   0  0  0  0  0  0  0  0  0  0  0  0
   52.1189   52.1325   20.7410 C   0  0  0  0  0  0  0  0  0  0  0  0
   52.1027   53.1447   21.8848 C   0  0  1  0  0  0  0  0  0  0  0  0
   52.3017   54.5443   21.6126 N   0  0  0  0  0  0  0  0  0  0  0  0
   50.9327   53.0115   22.6760 N   0  0  0  0  0  0  0  0  0  0  0  0
   49.6932   53.6529   18.3176 C   0  0  0  0  0  0  0  0  0  0  0  0
   49.1088   52.4416   17.9025 C   0  0  0  0  0  0  0  0  0  0  0  0
   48.0848   52.4267   16.9571 C   0  0  0  0  0  0  0  0  0  0  0  0
   47.6385   53.6214   16.3996 C   0  0  0  0  0  0  0  0  0  0  0  0
   48.1328   54.8442   16.8561 C   0  0  0  0  0  0  0  0  0  0  0  0
   49.0815   54.8416   17.8792 C   0  0  0  0  0  0  0  0  0  0  0  0
   47.7327   56.1418   16.2305 C   0  0  0  0  0  0  0  0  0  0  0  0
   47.1961   56.3747   14.9764 C   0  0  0  0  0  0  0  0  0  0  0  0
   46.9545   57.6973   14.8060 O   0  0  0  0  0  0  0  0  0  0  0  0
   47.3304   58.3629   15.9709 N   0  0  0  0  0  0  0  0  0  0  0  0
   47.7802   57.4293   16.7746 C   0  0  0  0  0  0  0  0  0  0  0  0
   54.7343   58.3622   20.0854 H   0  0  0  0  0  0  0  0  0  0  0  0
   51.1749   58.0397   22.1782 H   0  0  0  0  0  0  0  0  0  0  0  0
   50.4576   55.3646   21.0351 H   0  0  0  0  0  0  0  0  0  0  0  0
   51.7698   51.7904   17.3651 H   0  0  0  0  0  0  0  0  0  0  0  0
   52.7254   49.6236   17.8749 H   0  0  0  0  0  0  0  0  0  0  0  0
   53.1098   48.9117   20.2023 H   0  0  0  0  0  0  0  0  0  0  0  0
   52.7953   50.5409   22.0290 H   0  0  0  0  0  0  0  0  0  0  0  0
   52.9263   52.8777   22.5433 H   0  0  0  0  0  0  0  0  0  0  0  0
   52.4321   55.0620   22.4686 H   0  0  0  0  0  0  0  0  0  0  0  0
   50.8618   53.8185   23.2764 H   0  0  0  0  0  0  0  0  0  0  0  0
   50.1445   53.0814   22.0485 H   0  0  0  0  0  0  0  0  0  0  0  0
   49.4656   51.4861   18.2571 H   0  0  0  0  0  0  0  0  0  0  0  0
   47.6770   51.4859   16.6166 H   0  0  0  0  0  0  0  0  0  0  0  0
   46.9051   53.5975   15.6109 H   0  0  0  0  0  0  0  0  0  0  0  0
   49.4802   55.7913   18.2050 H   0  0  0  0  0  0  0  0  0  0  0  0
   46.9343   55.7351   14.1455 H   0  0  0  0  0  0  0  0  0  0  0  0
   48.1290   57.6821   17.7649 H   0  0  0  0  0  0  0  0  0  0  0  0
  1  2  2  0
  1  5  1  0
  2  3  1  0
  2 29  1  0
  3  4  1  0
  4  5  2  0
  4  6  1  0
  5 30  1  0
  6  7  1  0
  6 16  1  0
  6 31  1  1
  7  8  2  0
  8  9  1  0
  8 18  1  0
  9 10  1  0
  9 14  2  0
 10 11  2  0
 10 32  1  0
 11 12  1  0
 11 33  1  0
 12 13  2  0
 12 34  1  0
 13 14  1  0
 13 35  1  0
 14 15  1  0
 15 16  1  0
 15 17  1  0
 15 36  1  1
 16 37  1  0
 17 38  1  0
 17 39  1  0
 18 19  2  0
 18 23  1  0
 19 20  1  0
 19 40  1  0
 20 21  2  0
 20 41  1  0
 21 22  1  0
 21 42  1  0
 22 23  2  0
 22 24  1  0
 23 43  1  0
 24 25  2  0
 24 28  1  0
 25 26  1  0
 25 44  1  0
 26 27  1  0
 27 28  2  0
 28 45  1  0
M  END
"
test-1,"CNC(=O)c1cnc(Cl)c(Oc2cc(Nc3cccnn3)cnn2)c1
     RDKit          3D

 37 39  0  0  1  0  0  0  0  0999 V2000
   -0.3538   60.2416   34.1266 N   0  0  0  0  0  0  0  0  0  0  0  0
   -0.4222   58.8363   34.1248 C   0  0  0  0  0  0  0  0  0  0  0  0
   -1.6557   58.2536   34.4243 C   0  0  0  0  0  0  0  0  0  0  0  0
   -1.7955   56.8697   34.3107 C   0  0  0  0  0  0  0  0  0  0  0  0
   -0.7549   56.0681   33.9700 N   0  0  0  0  0  0  0  0  0  0  0  0
    0.4451   56.6139   33.7251 N   0  0  0  0  0  0  0  0  0  0  0  0
    0.6129   57.9635   33.7760 C   0  0  0  0  0  0  0  0  0  0  0  0
   -2.9792   56.2316   34.5868 O   0  0  0  0  0  0  0  0  0  0  0  0
   -3.9075   56.1235   33.5766 C   0  0  0  0  0  0  0  0  0  0  0  0
   -3.8315   55.0813   32.6442 C   0  0  0  0  0  0  0  0  0  0  0  0
   -4.8101   54.9731   31.6467 C   0  0  0  0  0  0  0  0  0  0  0  0
   -5.8373   55.9197   31.6200 C   0  0  0  0  0  0  0  0  0  0  0  0
   -5.9348   56.9260   32.5209 N   0  0  0  0  0  0  0  0  0  0  0  0
   -4.9880   57.0124   33.4876 C   0  0  0  0  0  0  0  0  0  0  0  0
   -5.1865   58.2544   34.6609 Cl  0  0  0  0  0  0  0  0  0  0  0  0
   -4.7820   53.8687   30.6319 C   0  0  0  0  0  0  0  0  0  0  0  0
   -5.1265   52.7327   30.9430 O   0  0  0  0  0  0  0  0  0  0  0  0
   -4.4413   54.1712   29.3699 N   0  0  0  0  0  0  0  0  0  0  0  0
   -3.7474   55.3758   28.9253 C   0  0  0  0  0  0  0  0  0  0  0  0
    0.5425   61.2149   33.6570 C   0  0  0  0  0  0  0  0  0  0  0  0
    1.9166   61.0274   33.4675 C   0  0  0  0  0  0  0  0  0  0  0  0
    2.6660   62.0888   32.9569 C   0  0  0  0  0  0  0  0  0  0  0  0
    2.0120   63.2880   32.6908 C   0  0  0  0  0  0  0  0  0  0  0  0
    0.6837   63.4441   32.9089 N   0  0  0  0  0  0  0  0  0  0  0  0
   -0.0387   62.4128   33.3775 N   0  0  0  0  0  0  0  0  0  0  0  0
   -1.2676   60.6529   34.2920 H   0  0  0  0  0  0  0  0  0  0  0  0
   -2.4983   58.8616   34.7067 H   0  0  0  0  0  0  0  0  0  0  0  0
    1.5895   58.2974   33.4848 H   0  0  0  0  0  0  0  0  0  0  0  0
   -3.0225   54.3679   32.7101 H   0  0  0  0  0  0  0  0  0  0  0  0
   -6.6246   55.8683   30.8806 H   0  0  0  0  0  0  0  0  0  0  0  0
   -4.5620   53.4423   28.6845 H   0  0  0  0  0  0  0  0  0  0  0  0
   -3.9726   56.2542   29.5281 H   0  0  0  0  0  0  0  0  0  0  0  0
   -2.6766   55.2052   28.9491 H   0  0  0  0  0  0  0  0  0  0  0  0
   -4.0002   55.6066   27.8942 H   0  0  0  0  0  0  0  0  0  0  0  0
    2.4181   60.1119   33.7170 H   0  0  0  0  0  0  0  0  0  0  0  0
    3.7224   61.9913   32.7664 H   0  0  0  0  0  0  0  0  0  0  0  0
    2.5475   64.1429   32.3027 H   0  0  0  0  0  0  0  0  0  0  0  0
  1  2  1  0
  1 20  1  0
  1 26  1  0
  2  3  2  0
  2  7  1  0
  3  4  1  0
  3 27  1  0
  4  5  2  0
  4  8  1  0
  5  6  1  0
  6  7  2  0
  7 28  1  0
  8  9  1  0
  9 10  2  0
  9 14  1  0
 10 11  1  0
 10 29  1  0
 11 12  2  0
 11 16  1  0
 12 13  1  0
 12 30  1  0
 13 14  2  0
 14 15  1  0
 16 17  2  0
 16 18  1  0
 18 19  1  0
 18 31  1  0
 19 32  1  0
 19 33  1  0
 19 34  1  0
 20 21  2  0
 20 25  1  0
 21 22  1  0
 21 35  1  0
 22 23  2  0
 22 36  1  0
 23 24  1  0
 23 37  1  0
 24 25  2  0
M  END
"
test-2,"C1C[C@@H]2NCN[C@H](C1)N2
     RDKit          3D

 22 23  0  0  1  0  0  0  0  0999 V2000
   12.9280   51.0210   -5.1188 N   0  0  0  0  0  0  0  0  0  0  0  0
   14.0551   51.7246   -5.7279 C   0  0  1  0  0  0  0  0  0  0  0  0
   14.3608   52.9661   -4.8677 C   0  0  0  0  0  0  0  0  0  0  0  0
   14.6557   52.5967   -3.4061 C   0  0  0  0  0  0  0  0  0  0  0  0
   13.7069   51.4989   -2.8753 C   0  0  0  0  0  0  0  0  0  0  0  0
   13.3868   50.3824   -3.8879 C   0  0  2  0  0  0  0  0  0  0  0  0
   14.4558   49.4158   -4.1255 N   0  0  0  0  0  0  0  0  0  0  0  0
   15.5690   49.9825   -4.8817 C   0  0  0  0  0  0  0  0  0  0  0  0
   15.2022   50.8627   -5.9845 N   0  0  0  0  0  0  0  0  0  0  0  0
   12.2173   51.6946   -4.8755 H   0  0  0  0  0  0  0  0  0  0  0  0
   13.7189   52.0572   -6.7056 H   0  0  0  0  0  0  0  0  0  0  0  0
   15.1996   53.5228   -5.2882 H   0  0  0  0  0  0  0  0  0  0  0  0
   13.5076   53.6467   -4.8940 H   0  0  0  0  0  0  0  0  0  0  0  0
   15.6915   52.2754   -3.3303 H   0  0  0  0  0  0  0  0  0  0  0  0
   14.5550   53.4943   -2.7975 H   0  0  0  0  0  0  0  0  0  0  0  0
   14.0027   51.0678   -1.9240 H   0  0  0  0  0  0  0  0  0  0  0  0
   12.7996   52.0101   -2.6137 H   0  0  0  0  0  0  0  0  0  0  0  0
   12.5526   49.8163   -3.4729 H   0  0  0  0  0  0  0  0  0  0  0  0
   14.7755   49.0437   -3.2446 H   0  0  0  0  0  0  0  0  0  0  0  0
   16.2660   50.4789   -4.2096 H   0  0  0  0  0  0  0  0  0  0  0  0
   16.1146   49.1580   -5.3316 H   0  0  0  0  0  0  0  0  0  0  0  0
   15.9928   51.4316   -6.2506 H   0  0  0  0  0  0  0  0  0  0  0  0
  1  2  1  0
  1  6  1  0
  1 10  1  0
  2  3  1  0
  2  9  1  0
  2 11  1  6
  3  4  1  0
  3 12  1  0
  3 13  1  0
  4  5  1  0
  4 14  1  0
  4 15  1  0
  5  6  1  0
  5 16  1  0
  5 17  1  0
  6  7  1  0
  6 18  1  1
  7  8  1  0
  7 19  1  0
  8  9  1  0
  8 20  1  0
  8 21  1  0
  9 22  1  0
M  END
"
test-3,"COc1cccc(NC[C@@H]([NH3+])O[S-])c1COCCNC=[N+](C)C
     RDKit          3D

 50 50  0  0  1  0  0  0  0  0999 V2000
    2.2847   12.3406   -7.0070 C   0  0  0  0  0  0  0  0  0  0  0  0
    3.4540   11.7609   -6.4247 O   0  0  0  0  0  0  0  0  0  0  0  0
    4.3020   12.6507   -5.6820 C   0  0  0  0  0  0  0  0  0  0  0  0
    5.1806   13.3175   -6.7328 C   0  0  0  0  0  0  0  0  0  0  0  0
    5.8694   14.5795   -6.5997 N   0  0  0  0  0  0  0  0  0  0  0  0
    5.5401   15.5892   -7.4297 C   0  0  0  0  0  0  0  0  0  0  0  0
    6.2745   16.6230   -7.8666 N   0  0  0  0  0  0  0  0  0  0  0  0
    7.6270   16.9064   -7.4549 C   0  0  0  0  0  0  0  0  0  0  0  0
    5.6381   17.6007   -8.7414 C   0  0  0  0  0  0  0  0  0  0  0  0
    2.0741   12.0005   -8.5013 C   0  0  0  0  0  0  0  0  0  0  0  0
    3.0259   12.2865   -9.5076 C   0  0  0  0  0  0  0  0  0  0  0  0
    2.6527   12.2890  -10.8460 C   0  0  0  0  0  0  0  0  0  0  0  0
    1.4547   11.7118  -11.2095 C   0  0  0  0  0  0  0  0  0  0  0  0
    0.5626   11.2718  -10.2558 C   0  0  0  0  0  0  0  0  0  0  0  0
    0.8282   11.4995   -8.9081 C   0  0  0  0  0  0  0  0  0  0  0  0
   -0.1605   11.2739   -7.9941 O   0  0  0  0  0  0  0  0  0  0  0  0
   -1.4010   11.8542   -8.3568 C   0  0  0  0  0  0  0  0  0  0  0  0
    4.3765   12.3696   -9.1870 N   0  0  0  0  0  0  0  0  0  0  0  0
    5.5083   12.4855  -10.0939 C   0  0  0  0  0  0  0  0  0  0  0  0
    5.7515   13.9421  -10.5774 C   0  0  1  0  0  0  0  0  0  0  0  0
    7.2491   14.2538  -10.6555 N   0  0  0  0  0  0  0  0  0  0  0  0
    5.2377   14.2725  -11.8538 O   0  0  0  0  0  0  0  0  0  0  0  0
    5.6380   13.2008  -13.1040 S   0  0  0  0  0  0  0  0  0  0  0  0
    1.4511   11.9998   -6.3932 H   0  0  0  0  0  0  0  0  0  0  0  0
    2.2741   13.4260   -6.9083 H   0  0  0  0  0  0  0  0  0  0  0  0
    3.7432   13.3473   -5.0553 H   0  0  0  0  0  0  0  0  0  0  0  0
    4.8978   12.0016   -5.0555 H   0  0  0  0  0  0  0  0  0  0  0  0
    5.8747   12.6213   -7.2036 H   0  0  0  0  0  0  0  0  0  0  0  0
    4.4458   13.6932   -7.4165 H   0  0  0  0  0  0  0  0  0  0  0  0
    6.7649   14.5930   -6.1263 H   0  0  0  0  0  0  0  0  0  0  0  0
    4.5541   15.5585   -7.8749 H   0  0  0  0  0  0  0  0  0  0  0  0
    8.0378   16.0009   -7.0248 H   0  0  0  0  0  0  0  0  0  0  0  0
    8.1316   17.2013   -8.3722 H   0  0  0  0  0  0  0  0  0  0  0  0
    7.6373   17.7241   -6.7333 H   0  0  0  0  0  0  0  0  0  0  0  0
    6.3627   18.3544   -9.0530 H   0  0  0  0  0  0  0  0  0  0  0  0
    5.2584   17.0748   -9.6157 H   0  0  0  0  0  0  0  0  0  0  0  0
    4.8166   18.0842   -8.2170 H   0  0  0  0  0  0  0  0  0  0  0  0
    3.3444   12.5489  -11.6293 H   0  0  0  0  0  0  0  0  0  0  0  0
    1.2379   11.6001  -12.2556 H   0  0  0  0  0  0  0  0  0  0  0  0
   -0.3621   10.8117  -10.5701 H   0  0  0  0  0  0  0  0  0  0  0  0
   -1.9621   12.0010   -7.4556 H   0  0  0  0  0  0  0  0  0  0  0  0
   -1.3042   12.8373   -8.8236 H   0  0  0  0  0  0  0  0  0  0  0  0
   -1.9619   11.2009   -9.0206 H   0  0  0  0  0  0  0  0  0  0  0  0
    4.5448   11.6601   -8.4847 H   0  0  0  0  0  0  0  0  0  0  0  0
    6.3681   12.1235   -9.5270 H   0  0  0  0  0  0  0  0  0  0  0  0
    5.4013   11.7748  -10.9114 H   0  0  0  0  0  0  0  0  0  0  0  0
    5.3940   14.6652   -9.8477 H   0  0  0  0  0  0  0  0  0  0  0  0
    7.6844   14.0405   -9.7497 H   0  0  0  0  0  0  0  0  0  0  0  0
    7.6546   13.6716  -11.3735 H   0  0  0  0  0  0  0  0  0  0  0  0
    7.3981   15.2201  -10.8991 H   0  0  0  0  0  0  0  0  0  0  0  0
  1  2  1  0
  1 10  1  0
  1 24  1  0
  1 25  1  0
  2  3  1  0
  3  4  1  0
  3 26  1  0
  3 27  1  0
  4  5  1  0
  4 28  1  0
  4 29  1  0
  5  6  1  0
  5 30  1  0
  6  7  2  3
  6 31  1  0
  7  8  1  0
  7  9  1  0
  8 32  1  0
  8 33  1  0
  8 34  1  0
  9 35  1  0
  9 36  1  0
  9 37  1  0
 10 11  2  0
 10 15  1  0
 11 12  1  0
 11 18  1  0
 12 13  2  0
 12 38  1  0
 13 14  1  0
 13 39  1  0
 14 15  2  0
 14 40  1  0
 15 16  1  0
 16 17  1  0
 17 41  1  0
 17 42  1  0
 17 43  1  0
 18 19  1  0
 18 44  1  0
 19 20  1  0
 19 45  1  0
 19 46  1  0
 20 21  1  0
 20 22  1  0
 20 47  1  1
 21 48  1  0
 21 49  1  0
 21 50  1  0
 22 23  1  0
M  CHG  3   7   1  21   1  23  -1
M  END
"
test-4,"Cc1ccc(O[C@H]2OC(COS(C)(=O)=O)[NH2+]O[C@H]2C[NH3+])cc1
     RDKit          3D

 44 45  0  0  1  0  0  0  0  0999 V2000
   53.3328   59.0454   20.9979 O   0  0  0  0  0  0  0  0  0  0  0  0
   53.8648   57.6907   21.1499 S   0  0  0  0  0  0  0  0  0  0  0  0
   54.3480   57.4318   22.9458 C   0  0  0  0  0  0  0  0  0  0  0  0
   54.9302   57.1855   20.2857 O   0  0  0  0  0  0  0  0  0  0  0  0
   52.6089   56.5988   21.0810 O   0  0  0  0  0  0  0  0  0  0  0  0
   51.4286   56.9212   21.7932 C   0  0  0  0  0  0  0  0  0  0  0  0
   50.7205   55.6425   22.2683 C   0  0  1  0  0  0  0  0  0  0  0  0
   49.8850   54.9792   21.3185 O   0  0  0  0  0  0  0  0  0  0  0  0
   50.6081   54.2110   20.3954 C   0  0  1  0  0  0  0  0  0  0  0  0
   51.3521   53.0384   21.1405 C   0  0  1  0  0  0  0  0  0  0  0  0
   51.3778   53.2540   22.5717 O   0  0  0  0  0  0  0  0  0  0  0  0
   51.7335   54.6363   22.8412 N   0  0  0  0  0  0  0  0  0  0  0  0
   50.7848   51.6299   20.7566 C   0  0  0  0  0  0  0  0  0  0  0  0
   51.4177   50.4242   21.4763 N   0  0  0  0  0  0  0  0  0  0  0  0
   49.7369   53.6599   19.4567 O   0  0  0  0  0  0  0  0  0  0  0  0
   49.1622   54.4540   18.4897 C   0  0  0  0  0  0  0  0  0  0  0  0
   49.0718   55.8543   18.5487 C   0  0  0  0  0  0  0  0  0  0  0  0
   48.5328   56.5641   17.4780 C   0  0  0  0  0  0  0  0  0  0  0  0
   48.1049   55.8833   16.3399 C   0  0  0  0  0  0  0  0  0  0  0  0
   48.1318   54.4880   16.3142 C   0  0  0  0  0  0  0  0  0  0  0  0
   48.6484   53.7782   17.3886 C   0  0  0  0  0  0  0  0  0  0  0  0
   47.5572   56.6636   15.1581 C   0  0  0  0  0  0  0  0  0  0  0  0
   54.1321   58.3568   23.4792 H   0  0  0  0  0  0  0  0  0  0  0  0
   53.7465   56.6461   23.3979 H   0  0  0  0  0  0  0  0  0  0  0  0
   55.4138   57.2225   22.9982 H   0  0  0  0  0  0  0  0  0  0  0  0
   51.6434   57.5580   22.6560 H   0  0  0  0  0  0  0  0  0  0  0  0
   50.7668   57.5110   21.1570 H   0  0  0  0  0  0  0  0  0  0  0  0
   50.1329   55.9196   23.1280 H   0  0  0  0  0  0  0  0  0  0  0  0
   51.2984   54.8843   19.8772 H   0  0  0  0  0  0  0  0  0  0  0  0
   52.3868   53.0740   20.7907 H   0  0  0  0  0  0  0  0  0  0  0  0
   51.8285   54.7873   23.8360 H   0  0  0  0  0  0  0  0  0  0  0  0
   52.6342   54.8228   22.4225 H   0  0  0  0  0  0  0  0  0  0  0  0
   50.8987   51.4031   19.6937 H   0  0  0  0  0  0  0  0  0  0  0  0
   49.7332   51.5537   21.0088 H   0  0  0  0  0  0  0  0  0  0  0  0
   51.3359   50.4944   22.4862 H   0  0  0  0  0  0  0  0  0  0  0  0
   50.9471   49.5691   21.2065 H   0  0  0  0  0  0  0  0  0  0  0  0
   52.3906   50.2960   21.2566 H   0  0  0  0  0  0  0  0  0  0  0  0
   49.4249   56.4082   19.4033 H   0  0  0  0  0  0  0  0  0  0  0  0
   48.4767   57.6422   17.5232 H   0  0  0  0  0  0  0  0  0  0  0  0
   47.7462   53.9358   15.4763 H   0  0  0  0  0  0  0  0  0  0  0  0
   48.6845   52.6990   17.3487 H   0  0  0  0  0  0  0  0  0  0  0  0
   46.6996   57.2626   15.4683 H   0  0  0  0  0  0  0  0  0  0  0  0
   48.3120   57.3529   14.7757 H   0  0  0  0  0  0  0  0  0  0  0  0
   47.2404   56.0142   14.3402 H   0  0  0  0  0  0  0  0  0  0  0  0
  1  2  2  0
  2  3  1  0
  2  4  2  0
  2  5  1  0
  3 23  1  0
  3 24  1  0
  3 25  1  0
  5  6  1  0
  6  7  1  0
  6 26  1  0
  6 27  1  0
  7  8  1  0
  7 12  1  0
  7 28  1  1
  8  9  1  0
  9 10  1  0
  9 15  1  0
  9 29  1  6
 10 11  1  0
 10 13  1  0
 10 30  1  6
 11 12  1  0
 12 31  1  0
 12 32  1  0
 13 14  1  0
 13 33  1  0
 13 34  1  0
 14 35  1  0
 14 36  1  0
 14 37  1  0
 15 16  1  0
 16 17  2  0
 16 21  1  0
 17 18  1  0
 17 38  1  0
 18 19  2  0
 18 39  1  0
 19 20  1  0
 19 22  1  0
 20 21  2  0
 20 40  1  0
 21 41  1  0
 22 42  1  0
 22 43  1  0
 22 44  1  0
M  CHG  2  12   1  14   1
M  END
"
test-5,"C=[NH+]CCSc1n[nH]c2c(C(=O)[N-]C(=O)C(C)=N)[nH]c(C(=O)N3CONN3)c12
     RDKit          3D

 45 47  0  0  1  0  0  0  0  0999 V2000
   28.1608  -56.5612   -2.3818 O   0  0  0  0  0  0  0  0  0  0  0  0
   27.1800  -56.3316   -1.6709 C   0  0  0  0  0  0  0  0  0  0  0  0
   26.0303  -55.7612   -2.0110 N   0  0  0  0  0  0  0  0  0  0  0  0
   25.8822  -55.1116   -3.1693 C   0  0  0  0  0  0  0  0  0  0  0  0
   26.7723  -54.8630   -3.9818 O   0  0  0  0  0  0  0  0  0  0  0  0
   24.5701  -54.5802   -3.5617 C   0  0  0  0  0  0  0  0  0  0  0  0
   24.5087  -53.1152   -3.9818 C   0  0  0  0  0  0  0  0  0  0  0  0
   23.5723  -55.3612   -3.5818 N   0  0  0  0  0  0  0  0  0  0  0  0
   27.3420  -56.7333   -0.3061 C   0  0  0  0  0  0  0  0  0  0  0  0
   26.5784  -56.2723    0.7432 N   0  0  0  0  0  0  0  0  0  0  0  0
   26.9230  -56.8192    1.9676 C   0  0  0  0  0  0  0  0  0  0  0  0
   28.0604  -57.6447    1.6849 C   0  0  0  0  0  0  0  0  0  0  0  0
   29.0832  -58.5040    2.1865 C   0  0  0  0  0  0  0  0  0  0  0  0
   29.8779  -58.8929    1.2165 N   0  0  0  0  0  0  0  0  0  0  0  0
   29.3925  -58.3742    0.0703 N   0  0  0  0  0  0  0  0  0  0  0  0
   28.3061  -57.5872    0.3090 C   0  0  0  0  0  0  0  0  0  0  0  0
   29.2673  -58.9695    3.8784 S   0  0  0  0  0  0  0  0  0  0  0  0
   30.7949  -59.9531    3.8902 C   0  0  0  0  0  0  0  0  0  0  0  0
   30.7906  -61.2431    3.0363 C   0  0  0  0  0  0  0  0  0  0  0  0
   31.9505  -62.1612    3.2182 N   0  0  0  0  0  0  0  0  0  0  0  0
   32.9282  -62.0539    4.1046 C   0  0  0  0  0  0  0  0  0  0  0  0
   26.3158  -56.4935    3.2431 C   0  0  0  0  0  0  0  0  0  0  0  0
   26.9966  -56.5611    4.2681 O   0  0  0  0  0  0  0  0  0  0  0  0
   25.0006  -56.1612    3.2867 N   0  0  0  0  0  0  0  0  0  0  0  0
   24.2773  -55.7164    4.4746 C   0  0  0  0  0  0  0  0  0  0  0  0
   23.1723  -54.9612    4.0182 O   0  0  0  0  0  0  0  0  0  0  0  0
   22.9644  -55.3612    2.6803 N   0  0  0  0  0  0  0  0  0  0  0  0
   24.2551  -55.6738    2.2256 N   0  0  0  0  0  0  0  0  0  0  0  0
   24.8548  -52.4609   -3.1818 H   0  0  0  0  0  0  0  0  0  0  0  0
   25.1394  -52.9277   -4.8515 H   0  0  0  0  0  0  0  0  0  0  0  0
   23.4925  -52.8119   -4.2361 H   0  0  0  0  0  0  0  0  0  0  0  0
   22.7311  -54.8965   -3.8920 H   0  0  0  0  0  0  0  0  0  0  0  0
   25.8289  -55.6048    0.6146 H   0  0  0  0  0  0  0  0  0  0  0  0
   29.8374  -58.5831   -0.8150 H   0  0  0  0  0  0  0  0  0  0  0  0
   31.6233  -59.3066    3.5981 H   0  0  0  0  0  0  0  0  0  0  0  0
   30.9424  -60.2055    4.9407 H   0  0  0  0  0  0  0  0  0  0  0  0
   29.9079  -61.8527    3.2182 H   0  0  0  0  0  0  0  0  0  0  0  0
   30.7940  -61.0241    1.9712 H   0  0  0  0  0  0  0  0  0  0  0  0
   31.9723  -62.9612    2.5628 H   0  0  0  0  0  0  0  0  0  0  0  0
   33.6958  -62.8127    4.0991 H   0  0  0  0  0  0  0  0  0  0  0  0
   32.9407  -61.2325    4.8022 H   0  0  0  0  0  0  0  0  0  0  0  0
   23.9171  -56.5612    5.0561 H   0  0  0  0  0  0  0  0  0  0  0  0
   24.8947  -55.0981    5.1264 H   0  0  0  0  0  0  0  0  0  0  0  0
   22.4950  -56.2518    2.7777 H   0  0  0  0  0  0  0  0  0  0  0  0
   24.1185  -56.4468    1.5880 H   0  0  0  0  0  0  0  0  0  0  0  0
  1  2  2  0
  2  3  1  0
  2  9  1  0
  3  4  1  0
  4  5  2  0
  4  6  1  0
  6  7  1  0
  6  8  2  3
  7 29  1  0
  7 30  1  0
  7 31  1  0
  8 32  1  0
  9 10  1  0
  9 16  2  0
 10 11  1  0
 10 33  1  0
 11 12  2  0
 11 22  1  0
 12 13  1  0
 12 16  1  0
 13 14  2  0
 13 17  1  0
 14 15  1  0
 15 16  1  0
 15 34  1  0
 17 18  1  0
 18 19  1  0
 18 35  1  0
 18 36  1  0
 19 20  1  0
 19 37  1  0
 19 38  1  0
 20 21  2  0
 20 39  1  0
 21 40  1  0
 21 41  1  0
 22 23  2  0
 22 24  1  0
 24 25  1  0
 24 28  1  0
 25 26  1  0
 25 42  1  0
 25 43  1  0
 26 27  1  0
 27 28  1  0
 27 44  1  0
 28 45  1  0
M  CHG  2   3  -1  20   1
M  END
"
test-6,"C=CC[NH2+][C@H]1Nc2ccc(OC(=O)OC3CCC[NH+](Cc4cccc(Cl)c4)CC3)cc2O1
     RDKit          3D

 62 65  0  0  1  0  0  0  0  0999 V2000
   -0.4858   26.5063   69.1824 C   0  0  0  0  0  0  0  0  0  0  0  0
   -1.5844   25.6542   69.3307 C   0  0  0  0  0  0  0  0  0  0  0  0
   -1.3513   24.3159   69.6240 C   0  0  0  0  0  0  0  0  0  0  0  0
   -0.0693   23.8934   69.8643 C   0  0  0  0  0  0  0  0  0  0  0  0
    1.0415   24.7259   69.7337 C   0  0  0  0  0  0  0  0  0  0  0  0
    0.8321   26.0361   69.2849 C   0  0  0  0  0  0  0  0  0  0  0  0
   -0.0877   22.5639   70.1307 O   0  0  0  0  0  0  0  0  0  0  0  0
   -1.3033   22.1124   69.6247 C   0  0  2  0  0  0  0  0  0  0  0  0
   -2.2061   23.2198   69.7095 N   0  0  0  0  0  0  0  0  0  0  0  0
   -1.6846   20.9323   70.5339 N   0  0  0  0  0  0  0  0  0  0  0  0
   -1.8465   19.6090   69.7730 C   0  0  0  0  0  0  0  0  0  0  0  0
   -2.2791   18.4864   70.6923 C   0  0  0  0  0  0  0  0  0  0  0  0
   -1.5202   17.4239   71.0060 C   0  0  0  0  0  0  0  0  0  0  0  0
    1.9149   26.8344   68.9464 O   0  0  0  0  0  0  0  0  0  0  0  0
    1.9016   27.7199   67.8755 C   0  0  0  0  0  0  0  0  0  0  0  0
    2.7006   28.6316   67.7339 O   0  0  0  0  0  0  0  0  0  0  0  0
    0.9226   27.4306   66.9743 O   0  0  0  0  0  0  0  0  0  0  0  0
    0.5482   28.2968   65.8986 C   0  0  1  0  0  0  0  0  0  0  0  0
    0.1357   29.7308   66.3533 C   0  0  0  0  0  0  0  0  0  0  0  0
    0.2166   30.8371   65.2764 C   0  0  0  0  0  0  0  0  0  0  0  0
   -0.6225   30.6294   64.0067 C   0  0  0  0  0  0  0  0  0  0  0  0
   -0.5121   29.1997   63.4357 N   0  0  2  0  0  0  0  0  0  0  0  0
    0.9247   28.6104   63.3441 C   0  0  0  0  0  0  0  0  0  0  0  0
    1.5487   28.2744   64.7202 C   0  0  0  0  0  0  0  0  0  0  0  0
   -1.3517   29.0082   62.1540 C   0  0  0  0  0  0  0  0  0  0  0  0
   -1.6640   27.5400   61.9387 C   0  0  0  0  0  0  0  0  0  0  0  0
   -0.9217   26.7817   61.0278 C   0  0  0  0  0  0  0  0  0  0  0  0
   -1.1329   25.4094   60.9244 C   0  0  0  0  0  0  0  0  0  0  0  0
   -2.0847   24.7954   61.7341 C   0  0  0  0  0  0  0  0  0  0  0  0
   -2.8567   25.5481   62.6161 C   0  0  0  0  0  0  0  0  0  0  0  0
   -2.6543   26.9234   62.7114 C   0  0  0  0  0  0  0  0  0  0  0  0
   -4.0419   24.7729   63.6017 Cl  0  0  0  0  0  0  0  0  0  0  0  0
   -0.6464   27.5334   68.9049 H   0  0  0  0  0  0  0  0  0  0  0  0
   -2.5856   26.0269   69.1732 H   0  0  0  0  0  0  0  0  0  0  0  0
    2.0442   24.3605   69.8893 H   0  0  0  0  0  0  0  0  0  0  0  0
   -1.1989   21.7315   68.6098 H   0  0  0  0  0  0  0  0  0  0  0  0
   -3.0737   23.1268   69.1990 H   0  0  0  0  0  0  0  0  0  0  0  0
   -2.5396   21.1356   71.0294 H   0  0  0  0  0  0  0  0  0  0  0  0
   -0.9657   20.8075   71.2330 H   0  0  0  0  0  0  0  0  0  0  0  0
   -2.5808   19.7827   68.9825 H   0  0  0  0  0  0  0  0  0  0  0  0
   -0.8669   19.4171   69.3314 H   0  0  0  0  0  0  0  0  0  0  0  0
   -3.2759   18.5576   71.1049 H   0  0  0  0  0  0  0  0  0  0  0  0
   -1.8880   16.6498   71.6645 H   0  0  0  0  0  0  0  0  0  0  0  0
   -0.5209   17.3055   70.6118 H   0  0  0  0  0  0  0  0  0  0  0  0
   -0.3645   27.7999   65.5684 H   0  0  0  0  0  0  0  0  0  0  0  0
   -0.8843   29.6853   66.7175 H   0  0  0  0  0  0  0  0  0  0  0  0
    0.7244   30.0694   67.2051 H   0  0  0  0  0  0  0  0  0  0  0  0
   -0.0819   31.7777   65.7315 H   0  0  0  0  0  0  0  0  0  0  0  0
    1.2544   30.9832   64.9832 H   0  0  0  0  0  0  0  0  0  0  0  0
   -1.6854   30.7667   64.2151 H   0  0  0  0  0  0  0  0  0  0  0  0
   -0.3279   31.3079   63.2036 H   0  0  0  0  0  0  0  0  0  0  0  0
   -0.9824   28.6136   64.1115 H   0  0  0  0  0  0  0  0  0  0  0  0
    0.8229   27.6734   62.7999 H   0  0  0  0  0  0  0  0  0  0  0  0
    1.5152   29.2914   62.7316 H   0  0  0  0  0  0  0  0  0  0  0  0
    2.0104   27.2912   64.6563 H   0  0  0  0  0  0  0  0  0  0  0  0
    2.3823   28.9447   64.9355 H   0  0  0  0  0  0  0  0  0  0  0  0
   -2.2750   29.5765   62.2920 H   0  0  0  0  0  0  0  0  0  0  0  0
   -0.7824   29.4593   61.3418 H   0  0  0  0  0  0  0  0  0  0  0  0
   -0.1454   27.2410   60.4370 H   0  0  0  0  0  0  0  0  0  0  0  0
   -0.5458   24.8199   60.2348 H   0  0  0  0  0  0  0  0  0  0  0  0
   -2.2278   23.7311   61.6803 H   0  0  0  0  0  0  0  0  0  0  0  0
   -3.2407   27.4989   63.4134 H   0  0  0  0  0  0  0  0  0  0  0  0
  1  2  2  0
  1  6  1  0
  1 33  1  0
  2  3  1  0
  2 34  1  0
  3  4  2  0
  3  9  1  0
  4  5  1  0
  4  7  1  0
  5  6  2  0
  5 35  1  0
  6 14  1  0
  7  8  1  0
  8  9  1  0
  8 10  1  0
  8 36  1  6
  9 37  1  0
 10 11  1  0
 10 38  1  0
 10 39  1  0
 11 12  1  0
 11 40  1  0
 11 41  1  0
 12 13  2  0
 12 42  1  0
 13 43  1  0
 13 44  1  0
 14 15  1  0
 15 16  2  0
 15 17  1  0
 17 18  1  0
 18 19  1  0
 18 24  1  0
 18 45  1  6
 19 20  1  0
 19 46  1  0
 19 47  1  0
 20 21  1  0
 20 48  1  0
 20 49  1  0
 21 22  1  0
 21 50  1  0
 21 51  1  0
 22 23  1  0
 22 25  1  0
 22 52  1  1
 23 24  1  0
 23 53  1  0
 23 54  1  0
 24 55  1  0
 24 56  1  0
 25 26  1  0
 25 57  1  0
 25 58  1  0
 26 27  2  0
 26 31  1  0
 27 28  1  0
 27 59  1  0
 28 29  2  0
 28 60  1  0
 29 30  1  0
 29 61  1  0
 30 31  2  0
 30 32  1  0
 31 62  1  0
M  CHG  2  10   1  22   1
M  END
"
test-7,"CCC(O)(CC)c1ccn2c(SCCNc3nnn(SC(F)(Cl)[C@@H](C)[O-])n3)nnc2c1
     RDKit          3D

 54 56  0  0  1  0  0  0  0  0999 V2000
   11.7921   40.2750   21.0349 F   0  0  0  0  0  0  0  0  0  0  0  0
   11.3282   41.3074   21.7503 C   0  0  1  0  0  0  0  0  0  0  0  0
   12.6038   41.7363   22.9362 Cl  0  0  0  0  0  0  0  0  0  0  0  0
   11.0177   42.5363   20.8276 C   0  0  1  0  0  0  0  0  0  0  0  0
   10.5606   43.7718   21.6272 C   0  0  0  0  0  0  0  0  0  0  0  0
   11.9997   42.8840   19.8916 O   0  0  0  0  0  0  0  0  0  0  0  0
    9.8184   40.7418   22.6074 S   0  0  0  0  0  0  0  0  0  0  0  0
   10.4381   39.5767   23.7763 N   0  0  0  0  0  0  0  0  0  0  0  0
   10.3100   39.7725   25.0862 N   0  0  0  0  0  0  0  0  0  0  0  0
   10.8939   38.7113   25.5801 C   0  0  0  0  0  0  0  0  0  0  0  0
   11.3432   37.8524   24.6857 N   0  0  0  0  0  0  0  0  0  0  0  0
   11.0176   38.4139   23.4657 N   0  0  0  0  0  0  0  0  0  0  0  0
   10.9912   38.5738   26.9300 N   0  0  0  0  0  0  0  0  0  0  0  0
   11.9706   37.8589   27.7206 C   0  0  0  0  0  0  0  0  0  0  0  0
   11.7392   38.1615   29.2080 C   0  0  0  0  0  0  0  0  0  0  0  0
   12.7680   37.2640   30.3811 S   0  0  0  0  0  0  0  0  0  0  0  0
   14.3810   37.8802   30.0317 C   0  0  0  0  0  0  0  0  0  0  0  0
   15.1842   37.4061   29.1013 N   0  0  0  0  0  0  0  0  0  0  0  0
   16.4892   37.7626   29.4072 N   0  0  0  0  0  0  0  0  0  0  0  0
   16.4418   38.4833   30.5502 C   0  0  0  0  0  0  0  0  0  0  0  0
   17.4478   38.9720   31.4069 C   0  0  0  0  0  0  0  0  0  0  0  0
   17.0893   39.6897   32.5683 C   0  0  0  0  0  0  0  0  0  0  0  0
   15.7292   39.8787   32.8552 C   0  0  0  0  0  0  0  0  0  0  0  0
   14.7404   39.3719   32.0190 C   0  0  0  0  0  0  0  0  0  0  0  0
   15.1008   38.6676   30.9053 N   0  0  0  0  0  0  0  0  0  0  0  0
   18.1765   40.1993   33.5507 C   0  0  0  0  0  0  0  0  0  0  0  0
   19.3810   40.5496   32.9014 O   0  0  0  0  0  0  0  0  0  0  0  0
   18.5718   39.0349   34.4949 C   0  0  0  0  0  0  0  0  0  0  0  0
   19.6893   39.3329   35.5204 C   0  0  0  0  0  0  0  0  0  0  0  0
   17.7735   41.4895   34.3430 C   0  0  0  0  0  0  0  0  0  0  0  0
   17.2577   42.6892   33.5224 C   0  0  0  0  0  0  0  0  0  0  0  0
   10.1287   42.2347   20.2696 H   0  0  0  0  0  0  0  0  0  0  0  0
    9.7389   43.5501   22.3064 H   0  0  0  0  0  0  0  0  0  0  0  0
   11.3825   44.1719   22.2207 H   0  0  0  0  0  0  0  0  0  0  0  0
   10.2180   44.5718   20.9690 H   0  0  0  0  0  0  0  0  0  0  0  0
   10.4199   39.1794   27.5003 H   0  0  0  0  0  0  0  0  0  0  0  0
   11.8793   36.7885   27.5330 H   0  0  0  0  0  0  0  0  0  0  0  0
   12.9733   38.1682   27.4224 H   0  0  0  0  0  0  0  0  0  0  0  0
   11.8263   39.2253   29.4189 H   0  0  0  0  0  0  0  0  0  0  0  0
   10.7115   37.9005   29.4648 H   0  0  0  0  0  0  0  0  0  0  0  0
   18.4838   38.8004   31.1598 H   0  0  0  0  0  0  0  0  0  0  0  0
   15.4189   40.4006   33.7474 H   0  0  0  0  0  0  0  0  0  0  0  0
   13.6829   39.4524   32.2069 H   0  0  0  0  0  0  0  0  0  0  0  0
   19.8493   39.7444   32.6748 H   0  0  0  0  0  0  0  0  0  0  0  0
   17.6746   38.6974   35.0071 H   0  0  0  0  0  0  0  0  0  0  0  0
   18.8826   38.1717   33.9031 H   0  0  0  0  0  0  0  0  0  0  0  0
   19.8178   38.4921   36.1998 H   0  0  0  0  0  0  0  0  0  0  0  0
   20.6480   39.5227   35.0377 H   0  0  0  0  0  0  0  0  0  0  0  0
   19.4556   40.1940   36.1451 H   0  0  0  0  0  0  0  0  0  0  0  0
   17.0254   41.2469   35.0946 H   0  0  0  0  0  0  0  0  0  0  0  0
   18.6301   41.8483   34.9156 H   0  0  0  0  0  0  0  0  0  0  0  0
   17.3409   43.6135   34.0945 H   0  0  0  0  0  0  0  0  0  0  0  0
   17.8180   42.8394   32.6072 H   0  0  0  0  0  0  0  0  0  0  0  0
   16.2134   42.5685   33.2431 H   0  0  0  0  0  0  0  0  0  0  0  0
  2  1  1  6
  2  3  1  0
  2  4  1  0
  2  7  1  0
  4  5  1  0
  4  6  1  0
  4 32  1  6
  5 33  1  0
  5 34  1  0
  5 35  1  0
  7  8  1  0
  8  9  1  0
  8 12  1  0
  9 10  2  0
 10 11  1  0
 10 13  1  0
 11 12  2  0
 13 14  1  0
 13 36  1  0
 14 15  1  0
 14 37  1  0
 14 38  1  0
 15 16  1  0
 15 39  1  0
 15 40  1  0
 16 17  1  0
 17 18  2  0
 17 25  1  0
 18 19  1  0
 19 20  2  0
 20 21  1  0
 20 25  1  0
 21 22  2  0
 21 41  1  0
 22 23  1  0
 22 26  1  0
 23 24  2  0
 23 42  1  0
 24 25  1  0
 24 43  1  0
 26 27  1  0
 26 28  1  0
 26 30  1  0
 27 44  1  0
 28 29  1  0
 28 45  1  0
 28 46  1  0
 29 47  1  0
 29 48  1  0
 29 49  1  0
 30 31  1  0
 30 50  1  0
 30 51  1  0
 31 52  1  0
 31 53  1  0
 31 54  1  0
M  CHG  1   6  -1
M  END
"
test-8,"CC[NH+](CC#N)C[C@@H](C)Nc1cc(Cl)cc2ncnc(NC)c12
     RDKit          3D

 45 46  0  0  1  0  0  0  0  0999 V2000
   25.1407   35.5445   82.4285 N   0  0  0  0  0  0  0  0  0  0  0  0
   23.8292   35.3724   82.6915 C   0  0  0  0  0  0  0  0  0  0  0  0
   23.1006   36.0370   83.6073 N   0  0  0  0  0  0  0  0  0  0  0  0
   23.7330   37.0018   84.3238 C   0  0  0  0  0  0  0  0  0  0  0  0
   25.1314   37.3127   84.1382 C   0  0  0  0  0  0  0  0  0  0  0  0
   25.9021   38.3282   84.8254 C   0  0  0  0  0  0  0  0  0  0  0  0
   27.2466   38.4962   84.4674 C   0  0  0  0  0  0  0  0  0  0  0  0
   27.8594   37.7075   83.5044 C   0  0  0  0  0  0  0  0  0  0  0  0
   27.1433   36.7286   82.8339 C   0  0  0  0  0  0  0  0  0  0  0  0
   25.7833   36.5165   83.1347 C   0  0  0  0  0  0  0  0  0  0  0  0
   29.5311   37.9392   83.1480 Cl  0  0  0  0  0  0  0  0  0  0  0  0
   25.3411   39.1306   85.8471 N   0  0  0  0  0  0  0  0  0  0  0  0
   25.9547   40.3458   86.3886 C   0  0  2  0  0  0  0  0  0  0  0  0
   26.9107   39.9927   87.5451 C   0  0  0  0  0  0  0  0  0  0  0  0
   24.8986   41.3955   86.8527 C   0  0  0  0  0  0  0  0  0  0  0  0
   24.0530   42.0740   85.7305 N   0  0  1  0  0  0  0  0  0  0  0  0
   24.6579   43.3788   85.1428 C   0  0  0  0  0  0  0  0  0  0  0  0
   25.7190   43.1148   84.0617 C   0  0  0  0  0  0  0  0  0  0  0  0
   23.4754   41.0849   84.6912 C   0  0  0  0  0  0  0  0  0  0  0  0
   22.7100   41.7850   83.6562 C   0  0  0  0  0  0  0  0  0  0  0  0
   22.1153   42.3300   82.8352 N   0  0  0  0  0  0  0  0  0  0  0  0
   22.9326   37.7028   85.2450 N   0  0  0  0  0  0  0  0  0  0  0  0
   21.4967   37.4710   85.3815 C   0  0  0  0  0  0  0  0  0  0  0  0
   23.3088   34.6184   82.1176 H   0  0  0  0  0  0  0  0  0  0  0  0
   27.8636   39.2328   84.9572 H   0  0  0  0  0  0  0  0  0  0  0  0
   27.6244   36.1205   82.0790 H   0  0  0  0  0  0  0  0  0  0  0  0
   24.7206   38.6412   86.4764 H   0  0  0  0  0  0  0  0  0  0  0  0
   26.5575   40.8084   85.6096 H   0  0  0  0  0  0  0  0  0  0  0  0
   26.3815   39.5312   88.3790 H   0  0  0  0  0  0  0  0  0  0  0  0
   27.6866   39.2920   87.2350 H   0  0  0  0  0  0  0  0  0  0  0  0
   27.4214   40.8784   87.9242 H   0  0  0  0  0  0  0  0  0  0  0  0
   24.1515   40.9344   87.5010 H   0  0  0  0  0  0  0  0  0  0  0  0
   25.3485   42.2152   87.4154 H   0  0  0  0  0  0  0  0  0  0  0  0
   23.2314   42.4079   86.2225 H   0  0  0  0  0  0  0  0  0  0  0  0
   23.8037   43.9274   84.7376 H   0  0  0  0  0  0  0  0  0  0  0  0
   25.0431   43.9602   85.9821 H   0  0  0  0  0  0  0  0  0  0  0  0
   26.5972   42.6046   84.4521 H   0  0  0  0  0  0  0  0  0  0  0  0
   25.3160   42.5319   83.2339 H   0  0  0  0  0  0  0  0  0  0  0  0
   26.0701   44.0585   83.6411 H   0  0  0  0  0  0  0  0  0  0  0  0
   24.3134   40.5956   84.2006 H   0  0  0  0  0  0  0  0  0  0  0  0
   22.8486   40.3807   85.2360 H   0  0  0  0  0  0  0  0  0  0  0  0
   23.3074   38.5667   85.6048 H   0  0  0  0  0  0  0  0  0  0  0  0
   21.0946   38.0570   86.2081 H   0  0  0  0  0  0  0  0  0  0  0  0
   20.9702   37.7599   84.4708 H   0  0  0  0  0  0  0  0  0  0  0  0
   21.2858   36.4191   85.5816 H   0  0  0  0  0  0  0  0  0  0  0  0
  1  2  2  0
  1 10  1  0
  2  3  1  0
  2 24  1  0
  3  4  2  0
  4  5  1  0
  4 22  1  0
  5  6  1  0
  5 10  2  0
  6  7  2  0
  6 12  1  0
  7  8  1  0
  7 25  1  0
  8  9  2  0
  8 11  1  0
  9 10  1  0
  9 26  1  0
 12 13  1  0
 12 27  1  0
 13 14  1  0
 13 15  1  0
 13 28  1  6
 14 29  1  0
 14 30  1  0
 14 31  1  0
 15 16  1  0
 15 32  1  0
 15 33  1  0
 16 17  1  0
 16 19  1  0
 16 34  1  1
 17 18  1  0
 17 35  1  0
 17 36  1  0
 18 37  1  0
 18 38  1  0
 18 39  1  0
 19 20  1  0
 19 40  1  0
 19 41  1  0
 20 21  3  0
 22 23  1  0
 22 42  1  0
 23 43  1  0
 23 44  1  0
 23 45  1  0
M  CHG  1  16   1
M  END
"
test-9,"Nc1c(N2CCOCC2)nsc1OCc1ccncc1
     RDKit          3D

 36 38  0  0  1  0  0  0  0  0999 V2000
    0.5877  136.4023   15.2838 N   0  0  0  0  0  0  0  0  0  0  0  0
    0.0487  137.2212   16.2244 C   0  0  0  0  0  0  0  0  0  0  0  0
   -0.4094  136.7594   17.4609 C   0  0  0  0  0  0  0  0  0  0  0  0
   -0.3097  135.3904   17.7481 C   0  0  0  0  0  0  0  0  0  0  0  0
    0.2382  134.5381   16.7836 C   0  0  0  0  0  0  0  0  0  0  0  0
    0.6674  135.0793   15.5757 C   0  0  0  0  0  0  0  0  0  0  0  0
   -0.7881  134.7950   19.0656 C   0  0  0  0  0  0  0  0  0  0  0  0
   -0.9439  135.8062   20.0574 O   0  0  0  0  0  0  0  0  0  0  0  0
   -1.3189  135.3239   21.2873 C   0  0  0  0  0  0  0  0  0  0  0  0
   -0.2678  134.2848   22.1970 S   0  0  0  0  0  0  0  0  0  0  0  0
   -1.3374  134.2158   23.5324 N   0  0  0  0  0  0  0  0  0  0  0  0
   -2.4060  134.9444   23.2529 C   0  0  0  0  0  0  0  0  0  0  0  0
   -2.4612  135.6048   22.0071 C   0  0  0  0  0  0  0  0  0  0  0  0
   -3.4811  136.4023   21.5488 N   0  0  0  0  0  0  0  0  0  0  0  0
   -3.4092  134.9849   24.1759 N   0  0  0  0  0  0  0  0  0  0  0  0
   -3.3142  135.7858   25.4052 C   0  0  0  0  0  0  0  0  0  0  0  0
   -4.5886  135.6790   26.2775 C   0  0  0  0  0  0  0  0  0  0  0  0
   -4.8896  134.3285   26.6369 O   0  0  0  0  0  0  0  0  0  0  0  0
   -4.5325  133.3265   25.6779 C   0  0  0  0  0  0  0  0  0  0  0  0
   -4.3783  133.8866   24.2489 C   0  0  0  0  0  0  0  0  0  0  0  0
   -0.0187  138.2709   15.9704 H   0  0  0  0  0  0  0  0  0  0  0  0
   -0.8383  137.4511   18.1740 H   0  0  0  0  0  0  0  0  0  0  0  0
    0.3238  133.4767   16.9642 H   0  0  0  0  0  0  0  0  0  0  0  0
    1.0776  134.4372   14.8112 H   0  0  0  0  0  0  0  0  0  0  0  0
   -0.0498  134.0540   19.3774 H   0  0  0  0  0  0  0  0  0  0  0  0
   -1.7395  134.2941   18.8817 H   0  0  0  0  0  0  0  0  0  0  0  0
   -3.4514  136.8223   20.6301 H   0  0  0  0  0  0  0  0  0  0  0  0
   -4.3517  136.4987   22.0541 H   0  0  0  0  0  0  0  0  0  0  0  0
   -2.4532  135.4545   25.9874 H   0  0  0  0  0  0  0  0  0  0  0  0
   -3.1493  136.8300   25.1363 H   0  0  0  0  0  0  0  0  0  0  0  0
   -4.4572  136.2562   27.1927 H   0  0  0  0  0  0  0  0  0  0  0  0
   -5.4466  136.1093   25.7605 H   0  0  0  0  0  0  0  0  0  0  0  0
   -3.6114  132.8376   25.9967 H   0  0  0  0  0  0  0  0  0  0  0  0
   -5.2999  132.5517   25.6844 H   0  0  0  0  0  0  0  0  0  0  0  0
   -4.0456  133.0861   23.5870 H   0  0  0  0  0  0  0  0  0  0  0  0
   -5.3328  134.2192   23.8488 H   0  0  0  0  0  0  0  0  0  0  0  0
  1  2  2  0
  1  6  1  0
  2  3  1  0
  2 21  1  0
  3  4  2  0
  3 22  1  0
  4  5  1  0
  4  7  1  0
  5  6  2  0
  5 23  1  0
  6 24  1  0
  7  8  1  0
  7 25  1  0
  7 26  1  0
  8  9  1  0
  9 10  1  0
  9 13  2  0
 10 11  1  0
 11 12  2  0
 12 13  1  0
 12 15  1  0
 13 14  1  0
 14 27  1  0
 14 28  1  0
 15 16  1  0
 15 20  1  0
 16 17  1  0
 16 29  1  0
 16 30  1  0
 17 18  1  0
 17 31  1  0
 17 32  1  0
 18 19  1  0
 19 20  1  0
 19 33  1  0
 19 34  1  0
 20 35  1  0
 20 36  1  0
M  END
"
test-10,"CCN(CC)[C@@H]1[C@@H]([NH2+]C)CC(C(=O)[O-])C[C@H]1[NH2+]C1COCC[C@@H]1O
     RDKit          3D

 58 59  0  0  1  0  0  0  0  0999 V2000
   32.0524  -14.2857   66.3903 O   0  0  0  0  0  0  0  0  0  0  0  0
   32.5400  -13.1304   66.3784 C   0  0  0  0  0  0  0  0  0  0  0  0
   33.6121  -12.8636   66.9701 O   0  0  0  0  0  0  0  0  0  0  0  0
   31.9370  -12.0981   65.3686 C   0  0  1  0  0  0  0  0  0  0  0  0
   30.3983  -12.0528   65.3541 C   0  0  0  0  0  0  0  0  0  0  0  0
   30.0116  -11.3056   64.0469 C   0  0  2  0  0  0  0  0  0  0  0  0
   30.4059   -9.7838   64.2181 C   0  0  1  0  0  0  0  0  0  0  0  0
   31.9970   -9.6992   64.4147 C   0  0  1  0  0  0  0  0  0  0  0  0
   32.4914  -10.6474   65.5470 C   0  0  0  0  0  0  0  0  0  0  0  0
   32.7852  -10.0364   63.1133 N   0  0  0  0  0  0  0  0  0  0  0  0
   33.6097   -9.0146   62.2436 C   0  0  1  0  0  0  0  0  0  0  0  0
   32.7464   -8.4518   61.0754 C   0  0  0  0  0  0  0  0  0  0  0  0
   32.2298   -7.1306   61.2633 O   0  0  0  0  0  0  0  0  0  0  0  0
   33.0947   -6.1670   61.8582 C   0  0  0  0  0  0  0  0  0  0  0  0
   33.6914   -6.6325   63.2047 C   0  0  0  0  0  0  0  0  0  0  0  0
   34.4560   -7.9427   63.0201 C   0  0  2  0  0  0  0  0  0  0  0  0
   35.6049   -7.5242   62.2826 O   0  0  0  0  0  0  0  0  0  0  0  0
   29.7355   -8.7724   63.3443 N   0  0  0  0  0  0  0  0  0  0  0  0
   30.3354   -7.4481   63.4033 C   0  0  0  0  0  0  0  0  0  0  0  0
   30.3817   -6.7860   64.7662 C   0  0  0  0  0  0  0  0  0  0  0  0
   28.2667   -8.6240   63.3060 C   0  0  0  0  0  0  0  0  0  0  0  0
   27.5339   -8.5130   64.6510 C   0  0  0  0  0  0  0  0  0  0  0  0
   28.5113  -11.5090   63.7861 N   0  0  0  0  0  0  0  0  0  0  0  0
   28.0873  -12.8938   63.2892 C   0  0  0  0  0  0  0  0  0  0  0  0
   32.1511  -12.5003   64.3900 H   0  0  0  0  0  0  0  0  0  0  0  0
   29.9663  -13.0525   65.3718 H   0  0  0  0  0  0  0  0  0  0  0  0
   29.9886  -11.5492   66.2338 H   0  0  0  0  0  0  0  0  0  0  0  0
   30.4956  -11.6940   63.1475 H   0  0  0  0  0  0  0  0  0  0  0  0
   30.0356   -9.5171   65.2057 H   0  0  0  0  0  0  0  0  0  0  0  0
   32.3354   -8.7066   64.6753 H   0  0  0  0  0  0  0  0  0  0  0  0
   33.5866  -10.6613   65.5385 H   0  0  0  0  0  0  0  0  0  0  0  0
   32.1535  -10.2517   66.5096 H   0  0  0  0  0  0  0  0  0  0  0  0
   33.4872  -10.6937   63.4309 H   0  0  0  0  0  0  0  0  0  0  0  0
   32.1833  -10.5520   62.4807 H   0  0  0  0  0  0  0  0  0  0  0  0
   34.3307   -9.6876   61.7732 H   0  0  0  0  0  0  0  0  0  0  0  0
   33.2866   -8.5105   60.1376 H   0  0  0  0  0  0  0  0  0  0  0  0
   31.8715   -9.0855   60.9049 H   0  0  0  0  0  0  0  0  0  0  0  0
   33.8938   -5.9357   61.1603 H   0  0  0  0  0  0  0  0  0  0  0  0
   32.5245   -5.2494   61.9998 H   0  0  0  0  0  0  0  0  0  0  0  0
   34.3664   -5.8686   63.5950 H   0  0  0  0  0  0  0  0  0  0  0  0
   32.9611   -6.7126   63.9932 H   0  0  0  0  0  0  0  0  0  0  0  0
   34.7893   -8.3253   63.9878 H   0  0  0  0  0  0  0  0  0  0  0  0
   36.3797   -7.4669   62.8564 H   0  0  0  0  0  0  0  0  0  0  0  0
   31.3453   -7.6199   63.1294 H   0  0  0  0  0  0  0  0  0  0  0  0
   29.9133   -6.7793   62.6510 H   0  0  0  0  0  0  0  0  0  0  0  0
   30.9546   -7.3837   65.4523 H   0  0  0  0  0  0  0  0  0  0  0  0
   30.8779   -5.8127   64.7145 H   0  0  0  0  0  0  0  0  0  0  0  0
   29.3745   -6.7287   65.1484 H   0  0  0  0  0  0  0  0  0  0  0  0
   27.9911   -7.7382   62.7411 H   0  0  0  0  0  0  0  0  0  0  0  0
   27.8442   -9.4198   62.6951 H   0  0  0  0  0  0  0  0  0  0  0  0
   28.0247   -9.0077   65.4809 H   0  0  0  0  0  0  0  0  0  0  0  0
   27.3791   -7.4772   64.9280 H   0  0  0  0  0  0  0  0  0  0  0  0
   26.5570   -8.9500   64.5479 H   0  0  0  0  0  0  0  0  0  0  0  0
   28.2730  -10.8273   63.0782 H   0  0  0  0  0  0  0  0  0  0  0  0
   27.9876  -11.2499   64.6095 H   0  0  0  0  0  0  0  0  0  0  0  0
   28.1581  -13.5597   64.1391 H   0  0  0  0  0  0  0  0  0  0  0  0
   27.0582  -12.7921   62.9361 H   0  0  0  0  0  0  0  0  0  0  0  0
   28.7597  -13.1756   62.4749 H   0  0  0  0  0  0  0  0  0  0  0  0
  1  2  2  0
  2  3  1  0
  2  4  1  0
  4  5  1  0
  4  9  1  0
  4 25  1  6
  5  6  1  0
  5 26  1  0
  5 27  1  0
  6  7  1  0
  6 23  1  0
  6 28  1  6
  7  8  1  0
  7 18  1  0
  7 29  1  1
  8  9  1  0
  8 10  1  0
  8 30  1  1
  9 31  1  0
  9 32  1  0
 10 11  1  0
 10 33  1  0
 10 34  1  0
 11 12  1  0
 11 16  1  0
 11 35  1  6
 12 13  1  0
 12 36  1  0
 12 37  1  0
 13 14  1  0
 14 15  1  0
 14 38  1  0
 14 39  1  0
 15 16  1  0
 15 40  1  0
 15 41  1  0
 16 17  1  0
 16 42  1  1
 17 43  1  0
 18 19  1  0
 18 21  1  0
 19 20  1  0
 19 44  1  0
 19 45  1  0
 20 46  1  0
 20 47  1  0
 20 48  1  0
 21 22  1  0
 21 49  1  0
 21 50  1  0
 22 51  1  0
 22 52  1  0
 22 53  1  0
 23 24  1  0
 23 54  1  0
 23 55  1  0
 24 56  1  0
 24 57  1  0
 24 58  1  0
M  CHG  3   3  -1  10   1  23   1
M  END
"
test-11,"Cc1oc2ccccc2c1S(=O)(=O)Cc1ccc2c(c1)C[NH2+]NN2
     RDKit          3D

 42 45  0  0  1  0  0  0  0  0999 V2000
   18.1548    6.7479    3.7898 N   0  0  0  0  0  0  0  0  0  0  0  0
   18.2367    7.4089    2.4996 N   0  0  0  0  0  0  0  0  0  0  0  0
   17.7844    6.6898    1.3818 C   0  0  0  0  0  0  0  0  0  0  0  0
   18.2518    7.0264    0.1125 C   0  0  0  0  0  0  0  0  0  0  0  0
   17.7794    6.3514   -1.0103 C   0  0  0  0  0  0  0  0  0  0  0  0
   16.8255    5.3475   -0.8742 C   0  0  0  0  0  0  0  0  0  0  0  0
   16.3593    5.0084    0.3962 C   0  0  0  0  0  0  0  0  0  0  0  0
   16.8317    5.6595    1.5419 C   0  0  0  0  0  0  0  0  0  0  0  0
   16.3285    5.2297    2.9234 C   0  0  0  0  0  0  0  0  0  0  0  0
   16.8112    6.2084    4.0099 N   0  0  0  0  0  0  0  0  0  0  0  0
   16.3215    4.6087   -2.0991 C   0  0  0  0  0  0  0  0  0  0  0  0
   14.9106    5.4966   -2.9940 S   0  0  0  0  0  0  0  0  0  0  0  0
   15.1543    5.4092   -4.4349 O   0  0  0  0  0  0  0  0  0  0  0  0
   14.6497    6.7909   -2.3564 O   0  0  0  0  0  0  0  0  0  0  0  0
   13.4720    4.4493   -2.6688 C   0  0  0  0  0  0  0  0  0  0  0  0
   12.2083    4.8663   -2.2605 C   0  0  0  0  0  0  0  0  0  0  0  0
   11.3579    3.8137   -2.1059 O   0  0  0  0  0  0  0  0  0  0  0  0
   12.0666    2.6971   -2.4238 C   0  0  0  0  0  0  0  0  0  0  0  0
   11.5762    1.3884   -2.3903 C   0  0  0  0  0  0  0  0  0  0  0  0
   12.4530    0.3775   -2.7820 C   0  0  0  0  0  0  0  0  0  0  0  0
   13.7550    0.6698   -3.1882 C   0  0  0  0  0  0  0  0  0  0  0  0
   14.2415    1.9816   -3.2097 C   0  0  0  0  0  0  0  0  0  0  0  0
   13.3865    3.0249   -2.8136 C   0  0  0  0  0  0  0  0  0  0  0  0
   11.5792    6.2086   -2.0052 C   0  0  0  0  0  0  0  0  0  0  0  0
   18.7864    5.9610    3.7353 H   0  0  0  0  0  0  0  0  0  0  0  0
   19.0984    7.9414    2.4390 H   0  0  0  0  0  0  0  0  0  0  0  0
   18.9842    7.8097   -0.0136 H   0  0  0  0  0  0  0  0  0  0  0  0
   18.1498    6.6075   -1.9898 H   0  0  0  0  0  0  0  0  0  0  0  0
   15.6277    4.2201    0.4986 H   0  0  0  0  0  0  0  0  0  0  0  0
   15.2410    5.2297    3.0111 H   0  0  0  0  0  0  0  0  0  0  0  0
   16.7255    4.2587    3.2281 H   0  0  0  0  0  0  0  0  0  0  0  0
   16.1945    7.0042    4.0727 H   0  0  0  0  0  0  0  0  0  0  0  0
   16.8175    5.7423    4.9127 H   0  0  0  0  0  0  0  0  0  0  0  0
   15.9801    3.6118   -1.8316 H   0  0  0  0  0  0  0  0  0  0  0  0
   17.1207    4.4866   -2.8309 H   0  0  0  0  0  0  0  0  0  0  0  0
   10.5630    1.1719   -2.0886 H   0  0  0  0  0  0  0  0  0  0  0  0
   12.1231   -0.6539   -2.7825 H   0  0  0  0  0  0  0  0  0  0  0  0
   14.3872   -0.1490   -3.4933 H   0  0  0  0  0  0  0  0  0  0  0  0
   15.2464    2.1848   -3.5480 H   0  0  0  0  0  0  0  0  0  0  0  0
   12.2782    6.9346   -1.5988 H   0  0  0  0  0  0  0  0  0  0  0  0
   11.1864    6.6095   -2.9350 H   0  0  0  0  0  0  0  0  0  0  0  0
   10.7429    6.1343   -1.3106 H   0  0  0  0  0  0  0  0  0  0  0  0
  1  2  1  0
  1 10  1  0
  1 25  1  0
  2  3  1  0
  2 26  1  0
  3  4  1  0
  3  8  2  0
  4  5  2  0
  4 27  1  0
  5  6  1  0
  5 28  1  0
  6  7  2  0
  6 11  1  0
  7  8  1  0
  7 29  1  0
  8  9  1  0
  9 10  1  0
  9 30  1  0
  9 31  1  0
 10 32  1  0
 10 33  1  0
 11 12  1  0
 11 34  1  0
 11 35  1  0
 12 13  2  0
 12 14  2  0
 12 15  1  0
 15 16  2  0
 15 23  1  0
 16 17  1  0
 16 24  1  0
 17 18  1  0
 18 19  1  0
 18 23  2  0
 19 20  2  0
 19 36  1  0
 20 21  1  0
 20 37  1  0
 21 22  2  0
 21 38  1  0
 22 23  1  0
 22 39  1  0
 24 40  1  0
 24 41  1  0
 24 42  1  0
M  CHG  1  10   1
M  END
"
test-12,"C=CC[NH2+]Cc1cc2cc([C@H]3Oc4c(O)cccc4SC3c3ccc(O)cc3F)ncc2[nH]1
     RDKit          3D

 56 60  0  0  1  0  0  0  0  0999 V2000
   35.9990    2.1750   27.6677 O   0  0  0  0  0  0  0  0  0  0  0  0
   34.7686    1.6891   27.9600 C   0  0  0  0  0  0  0  0  0  0  0  0
   33.7328    1.9019   27.0588 C   0  0  0  0  0  0  0  0  0  0  0  0
   32.4789    1.3642   27.3168 C   0  0  0  0  0  0  0  0  0  0  0  0
   32.2504    0.6341   28.4898 C   0  0  0  0  0  0  0  0  0  0  0  0
   33.2945    0.4628   29.4062 C   0  0  0  0  0  0  0  0  0  0  0  0
   34.5583    0.9752   29.1343 C   0  0  0  0  0  0  0  0  0  0  0  0
   33.0905   -0.2293   30.5493 F   0  0  0  0  0  0  0  0  0  0  0  0
   30.9249   -0.0801   28.7168 C   0  0  1  0  0  0  0  0  0  0  0  0
   29.4725    0.8953   28.1815 S   0  0  0  0  0  0  0  0  0  0  0  0
   28.3185   -0.4012   27.8181 C   0  0  0  0  0  0  0  0  0  0  0  0
   27.0691   -0.0503   27.3043 C   0  0  0  0  0  0  0  0  0  0  0  0
   26.1102   -1.0263   27.0424 C   0  0  0  0  0  0  0  0  0  0  0  0
   26.3981   -2.3661   27.2950 C   0  0  0  0  0  0  0  0  0  0  0  0
   27.6467   -2.7415   27.7746 C   0  0  0  0  0  0  0  0  0  0  0  0
   28.6090   -1.7638   28.0364 C   0  0  0  0  0  0  0  0  0  0  0  0
   29.7963   -2.2254   28.5631 O   0  0  0  0  0  0  0  0  0  0  0  0
   30.9698   -1.5275   28.1662 C   0  0  1  0  0  0  0  0  0  0  0  0
   31.3330   -1.7125   26.6802 C   0  0  0  0  0  0  0  0  0  0  0  0
   32.3500   -2.6017   26.3055 C   0  0  0  0  0  0  0  0  0  0  0  0
   32.6575   -2.7049   24.9397 C   0  0  0  0  0  0  0  0  0  0  0  0
   33.5984   -3.4510   24.1645 C   0  0  0  0  0  0  0  0  0  0  0  0
   33.4132   -3.1440   22.8278 C   0  0  0  0  0  0  0  0  0  0  0  0
   32.3946   -2.2255   22.7629 N   0  0  0  0  0  0  0  0  0  0  0  0
   31.9241   -1.9150   24.0180 C   0  0  0  0  0  0  0  0  0  0  0  0
   30.9312   -1.0425   24.4661 C   0  0  0  0  0  0  0  0  0  0  0  0
   30.6440   -0.9601   25.7842 N   0  0  0  0  0  0  0  0  0  0  0  0
   34.1554   -3.5854   21.5843 C   0  0  0  0  0  0  0  0  0  0  0  0
   33.2670   -4.4917   20.7040 N   0  0  0  0  0  0  0  0  0  0  0  0
   32.6808   -3.8269   19.4418 C   0  0  0  0  0  0  0  0  0  0  0  0
   31.4669   -2.9629   19.7102 C   0  0  0  0  0  0  0  0  0  0  0  0
   30.1992   -3.3950   19.6298 C   0  0  0  0  0  0  0  0  0  0  0  0
   27.9056   -4.0661   28.0142 O   0  0  0  0  0  0  0  0  0  0  0  0
   36.7032    1.8195   28.2291 H   0  0  0  0  0  0  0  0  0  0  0  0
   33.9168    2.4470   26.1443 H   0  0  0  0  0  0  0  0  0  0  0  0
   31.6971    1.4867   26.5842 H   0  0  0  0  0  0  0  0  0  0  0  0
   35.3670    0.8103   29.8296 H   0  0  0  0  0  0  0  0  0  0  0  0
   30.7942   -0.1493   29.7977 H   0  0  0  0  0  0  0  0  0  0  0  0
   26.8295    0.9885   27.1221 H   0  0  0  0  0  0  0  0  0  0  0  0
   25.1446   -0.7494   26.6444 H   0  0  0  0  0  0  0  0  0  0  0  0
   25.6468   -3.1208   27.1205 H   0  0  0  0  0  0  0  0  0  0  0  0
   31.7682   -2.0308   28.7154 H   0  0  0  0  0  0  0  0  0  0  0  0
   32.8865   -3.1878   27.0359 H   0  0  0  0  0  0  0  0  0  0  0  0
   34.3397   -4.1404   24.5426 H   0  0  0  0  0  0  0  0  0  0  0  0
   32.0747   -1.8480   21.8840 H   0  0  0  0  0  0  0  0  0  0  0  0
   30.3511   -0.4296   23.7944 H   0  0  0  0  0  0  0  0  0  0  0  0
   35.0015   -4.2255   21.8291 H   0  0  0  0  0  0  0  0  0  0  0  0
   34.5271   -2.7667   20.9655 H   0  0  0  0  0  0  0  0  0  0  0  0
   33.8296   -5.2724   20.3905 H   0  0  0  0  0  0  0  0  0  0  0  0
   32.5129   -4.8980   21.2438 H   0  0  0  0  0  0  0  0  0  0  0  0
   33.4830   -3.2839   18.9396 H   0  0  0  0  0  0  0  0  0  0  0  0
   32.3991   -4.6636   18.8048 H   0  0  0  0  0  0  0  0  0  0  0  0
   31.6581   -1.9279   19.9429 H   0  0  0  0  0  0  0  0  0  0  0  0
   29.3619   -2.7362   19.8120 H   0  0  0  0  0  0  0  0  0  0  0  0
   29.9793   -4.4234   19.3767 H   0  0  0  0  0  0  0  0  0  0  0  0
   28.8445   -4.2074   28.1668 H   0  0  0  0  0  0  0  0  0  0  0  0
  1  2  1  0
  1 34  1  0
  2  3  2  0
  2  7  1  0
  3  4  1  0
  3 35  1  0
  4  5  2  0
  4 36  1  0
  5  6  1  0
  5  9  1  0
  6  7  2  0
  6  8  1  0
  7 37  1  0
  9 10  1  0
  9 18  1  0
  9 38  1  1
 10 11  1  0
 11 12  2  0
 11 16  1  0
 12 13  1  0
 12 39  1  0
 13 14  2  0
 13 40  1  0
 14 15  1  0
 14 41  1  0
 15 16  2  0
 15 33  1  0
 16 17  1  0
 17 18  1  0
 18 19  1  0
 18 42  1  1
 19 20  2  0
 19 27  1  0
 20 21  1  0
 20 43  1  0
 21 22  1  0
 21 25  2  0
 22 23  2  0
 22 44  1  0
 23 24  1  0
 23 28  1  0
 24 25  1  0
 24 45  1  0
 25 26  1  0
 26 27  2  0
 26 46  1  0
 28 29  1  0
 28 47  1  0
 28 48  1  0
 29 30  1  0
 29 49  1  0
 29 50  1  0
 30 31  1  0
 30 51  1  0
 30 52  1  0
 31 32  2  0
 31 53  1  0
 32 54  1  0
 32 55  1  0
 33 56  1  0
M  CHG  1  29   1
M  END
"
test-13,"O=C([O-])CSSC(=O)[O-]
     RDKit          3D

 11 10  0  0  1  0  0  0  0  0999 V2000
   -2.1674   26.9666   19.9198 O   0  0  0  0  0  0  0  0  0  0  0  0
   -1.8043   27.6394   18.9255 C   0  0  0  0  0  0  0  0  0  0  0  0
   -2.1692   28.8188   18.7244 O   0  0  0  0  0  0  0  0  0  0  0  0
   -0.9598   26.9365   17.8485 C   0  0  0  0  0  0  0  0  0  0  0  0
    0.6603   27.7660   17.8228 S   0  0  0  0  0  0  0  0  0  0  0  0
    0.8313   28.5662   15.9365 S   0  0  0  0  0  0  0  0  0  0  0  0
    2.5874   29.0080   15.7562 C   0  0  0  0  0  0  0  0  0  0  0  0
    3.0234   29.3660   14.6406 O   0  0  0  0  0  0  0  0  0  0  0  0
    3.3799   28.9662   16.7236 O   0  0  0  0  0  0  0  0  0  0  0  0
   -0.8208   25.8761   18.0596 H   0  0  0  0  0  0  0  0  0  0  0  0
   -1.4442   27.0196   16.8760 H   0  0  0  0  0  0  0  0  0  0  0  0
  1  2  2  0
  2  3  1  0
  2  4  1  0
  4  5  1  0
  4 10  1  0
  4 11  1  0
  5  6  1  0
  6  7  1  0
  7  8  2  0
  7  9  1  0
M  CHG  2   3  -1   9  -1
M  END
"
test-14,"CCC[C@H](C)NC1=N[C@H]([NH3+])[C@@H](CO)NS(=O)(=O)N1
     RDKit          3D

 40 40  0  0  1  0  0  0  0  0999 V2000
   30.8619   -7.5222   66.3045 O   0  0  0  0  0  0  0  0  0  0  0  0
   31.2252   -7.6909   64.8987 S   0  0  0  0  0  0  0  0  0  0  0  0
   31.0698   -6.5498   63.9896 O   0  0  0  0  0  0  0  0  0  0  0  0
   32.8591   -8.3221   64.7892 N   0  0  0  0  0  0  0  0  0  0  0  0
   33.4651   -8.5587   63.4619 C   0  0  1  0  0  0  0  0  0  0  0  0
   32.6161   -9.5649   62.6264 C   0  0  1  0  0  0  0  0  0  0  0  0
   31.3038   -9.2076   62.1270 N   0  0  0  0  0  0  0  0  0  0  0  0
   30.3095   -9.2941   62.9192 C   0  0  0  0  0  0  0  0  0  0  0  0
   30.2681   -8.9967   64.3142 N   0  0  0  0  0  0  0  0  0  0  0  0
   29.0840   -9.7633   62.3892 N   0  0  0  0  0  0  0  0  0  0  0  0
   27.8394   -9.9742   63.1329 C   0  0  2  0  0  0  0  0  0  0  0  0
   27.1934   -8.6277   63.5267 C   0  0  0  0  0  0  0  0  0  0  0  0
   27.9152  -11.0114   64.2932 C   0  0  0  0  0  0  0  0  0  0  0  0
   28.9660  -12.1363   64.1798 C   0  0  0  0  0  0  0  0  0  0  0  0
   28.9195  -12.9184   62.8635 C   0  0  0  0  0  0  0  0  0  0  0  0
   33.3518   -9.9221   61.3472 N   0  0  0  0  0  0  0  0  0  0  0  0
   33.9386   -7.2342   62.8000 C   0  0  0  0  0  0  0  0  0  0  0  0
   35.0323   -6.7222   63.5425 O   0  0  0  0  0  0  0  0  0  0  0  0
   33.5136   -7.9204   65.4660 H   0  0  0  0  0  0  0  0  0  0  0  0
   34.3904   -9.0953   63.6906 H   0  0  0  0  0  0  0  0  0  0  0  0
   32.5869  -10.5279   63.1491 H   0  0  0  0  0  0  0  0  0  0  0  0
   29.3358   -9.0513   64.7245 H   0  0  0  0  0  0  0  0  0  0  0  0
   29.0991  -10.1924   61.4692 H   0  0  0  0  0  0  0  0  0  0  0  0
   27.1698  -10.4130   62.3892 H   0  0  0  0  0  0  0  0  0  0  0  0
   27.5542   -8.2559   64.4856 H   0  0  0  0  0  0  0  0  0  0  0  0
   27.3853   -7.8485   62.7892 H   0  0  0  0  0  0  0  0  0  0  0  0
   26.1132   -8.7221   63.5892 H   0  0  0  0  0  0  0  0  0  0  0  0
   28.0540  -10.5038   65.2485 H   0  0  0  0  0  0  0  0  0  0  0  0
   26.9518  -11.5031   64.3638 H   0  0  0  0  0  0  0  0  0  0  0  0
   29.9672  -11.7273   64.3121 H   0  0  0  0  0  0  0  0  0  0  0  0
   28.8335  -12.8320   65.0093 H   0  0  0  0  0  0  0  0  0  0  0  0
   28.0374  -13.5540   62.7895 H   0  0  0  0  0  0  0  0  0  0  0  0
   28.9518  -12.2797   61.9892 H   0  0  0  0  0  0  0  0  0  0  0  0
   29.8099  -13.5222   62.7782 H   0  0  0  0  0  0  0  0  0  0  0  0
   34.3488   -9.9742   61.4823 H   0  0  0  0  0  0  0  0  0  0  0  0
   32.9917  -10.8445   61.0693 H   0  0  0  0  0  0  0  0  0  0  0  0
   33.1376   -9.2475   60.6262 H   0  0  0  0  0  0  0  0  0  0  0  0
   33.1518   -6.4856   62.7365 H   0  0  0  0  0  0  0  0  0  0  0  0
   34.2874   -7.3891   61.7786 H   0  0  0  0  0  0  0  0  0  0  0  0
   35.8549   -7.0816   63.1892 H   0  0  0  0  0  0  0  0  0  0  0  0
  1  2  2  0
  2  3  2  0
  2  4  1  0
  2  9  1  0
  4  5  1  0
  4 19  1  0
  5  6  1  0
  5 17  1  0
  5 20  1  1
  6  7  1  0
  6 16  1  0
  6 21  1  1
  7  8  2  0
  8  9  1  0
  8 10  1  0
  9 22  1  0
 10 11  1  0
 10 23  1  0
 11 12  1  0
 11 13  1  0
 11 24  1  6
 12 25  1  0
 12 26  1  0
 12 27  1  0
 13 14  1  0
 13 28  1  0
 13 29  1  0
 14 15  1  0
 14 30  1  0
 14 31  1  0
 15 32  1  0
 15 33  1  0
 15 34  1  0
 16 35  1  0
 16 36  1  0
 16 37  1  0
 17 18  1  0
 17 38  1  0
 17 39  1  0
 18 40  1  0
M  CHG  1  16   1
M  END
"
test-15,"COC([NH3+])c1n[nH+]cc([N+](=O)[O-])c1C1CC1
     RDKit          3D

 30 31  0  0  1  0  0  0  0  0999 V2000
   31.4183    8.2181    7.9118 C   0  0  0  0  0  0  0  0  0  0  0  0
   32.3779    8.0593    6.9641 N   0  0  0  0  0  0  0  0  0  0  0  0
   32.4155    8.9314    5.9673 N   0  0  0  0  0  0  0  0  0  0  0  0
   31.6755   10.0265    5.8601 C   0  0  0  0  0  0  0  0  0  0  0  0
   30.7246   10.2831    6.8295 C   0  0  0  0  0  0  0  0  0  0  0  0
   30.5698    9.3745    7.9121 C   0  0  0  0  0  0  0  0  0  0  0  0
   29.6563    9.6722    9.1121 C   0  0  0  0  0  0  0  0  0  0  0  0
   29.3050   11.0795    9.5953 C   0  0  0  0  0  0  0  0  0  0  0  0
   28.2102   10.1314    9.1858 C   0  0  0  0  0  0  0  0  0  0  0  0
   29.9103   11.4776    6.6077 N   0  0  0  0  0  0  0  0  0  0  0  0
   28.7251   11.3464    6.6715 O   0  0  0  0  0  0  0  0  0  0  0  0
   30.4155   12.5314    6.2717 O   0  0  0  0  0  0  0  0  0  0  0  0
   31.2964    6.9659    8.8456 C   0  0  1  0  0  0  0  0  0  0  0  0
   32.3394    5.8285    8.6756 N   0  0  0  0  0  0  0  0  0  0  0  0
   31.3929    7.2686   10.2316 O   0  0  0  0  0  0  0  0  0  0  0  0
   30.6917    6.3685   11.1023 C   0  0  0  0  0  0  0  0  0  0  0  0
   33.1564    8.7290    5.3138 H   0  0  0  0  0  0  0  0  0  0  0  0
   31.9186   10.7059    5.0717 H   0  0  0  0  0  0  0  0  0  0  0  0
   29.8030    8.9314    9.8717 H   0  0  0  0  0  0  0  0  0  0  0  0
   29.3869   11.3314   10.6500 H   0  0  0  0  0  0  0  0  0  0  0  0
   29.5087   11.9629    8.9989 H   0  0  0  0  0  0  0  0  0  0  0  0
   27.6156    9.7314    9.9983 H   0  0  0  0  0  0  0  0  0  0  0  0
   27.5875   10.2673    8.3065 H   0  0  0  0  0  0  0  0  0  0  0  0
   30.3824    6.4417    8.5802 H   0  0  0  0  0  0  0  0  0  0  0  0
   33.2426    6.1513    8.9934 H   0  0  0  0  0  0  0  0  0  0  0  0
   32.0776    5.0263    9.2344 H   0  0  0  0  0  0  0  0  0  0  0  0
   32.4069    5.5316    7.7145 H   0  0  0  0  0  0  0  0  0  0  0  0
   31.0084    6.5314   12.1293 H   0  0  0  0  0  0  0  0  0  0  0  0
   29.6151    6.5294   11.0717 H   0  0  0  0  0  0  0  0  0  0  0  0
   30.8771    5.3131   10.8942 H   0  0  0  0  0  0  0  0  0  0  0  0
  1  2  2  0
  1  6  1  0
  1 13  1  0
  2  3  1  0
  3  4  2  0
  3 17  1  0
  4  5  1  0
  4 18  1  0
  5  6  2  0
  5 10  1  0
  6  7  1  0
  7  8  1  0
  7  9  1  0
  7 19  1  0
  8  9  1  0
  8 20  1  0
  8 21  1  0
  9 22  1  0
  9 23  1  0
 10 11  2  0
 10 12  1  0
 13 14  1  0
 13 15  1  0
 13 24  1  1
 14 25  1  0
 14 26  1  0
 14 27  1  0
 15 16  1  0
 16 28  1  0
 16 29  1  0
 16 30  1  0
M  CHG  4   3   1  10   1  12  -1  14   1
M  END
"
test-16,"Nc1ccnc(N2CCSSSS2)n1
     RDKit          3D

 22 23  0  0  1  0  0  0  0  0999 V2000
   39.7307    6.7124    8.9184 N   0  0  0  0  0  0  0  0  0  0  0  0
   40.8164    7.3928    8.4739 C   0  0  0  0  0  0  0  0  0  0  0  0
   41.1512    7.4781    7.1253 C   0  0  0  0  0  0  0  0  0  0  0  0
   40.3268    6.7976    6.2311 C   0  0  0  0  0  0  0  0  0  0  0  0
   39.2428    6.0893    6.6404 N   0  0  0  0  0  0  0  0  0  0  0  0
   38.9763    6.0718    7.9806 C   0  0  0  0  0  0  0  0  0  0  0  0
   37.8305    5.3712    8.4182 N   0  0  0  0  0  0  0  0  0  0  0  0
   37.0411    4.5582    7.4727 C   0  0  0  0  0  0  0  0  0  0  0  0
   35.7768    3.7671    7.9160 C   0  0  0  0  0  0  0  0  0  0  0  0
   35.8692    2.4523    9.1921 S   0  0  0  0  0  0  0  0  0  0  0  0
   37.8588    2.3605    9.6256 S   0  0  0  0  0  0  0  0  0  0  0  0
   38.0434    3.8440   11.0199 S   0  0  0  0  0  0  0  0  0  0  0  0
   37.2191    5.4827   10.1110 S   0  0  0  0  0  0  0  0  0  0  0  0
   41.6192    8.0108    9.4206 N   0  0  0  0  0  0  0  0  0  0  0  0
   42.0227    8.0181    6.7901 H   0  0  0  0  0  0  0  0  0  0  0  0
   40.5328    6.8082    5.1703 H   0  0  0  0  0  0  0  0  0  0  0  0
   36.7348    5.2261    6.6662 H   0  0  0  0  0  0  0  0  0  0  0  0
   37.7307    3.8498    7.0111 H   0  0  0  0  0  0  0  0  0  0  0  0
   35.0306    4.4835    8.2611 H   0  0  0  0  0  0  0  0  0  0  0  0
   35.3375    3.3061    7.0316 H   0  0  0  0  0  0  0  0  0  0  0  0
   42.5049    8.3996    9.1311 H   0  0  0  0  0  0  0  0  0  0  0  0
   41.3833    7.8779   10.3959 H   0  0  0  0  0  0  0  0  0  0  0  0
  1  2  2  0
  1  6  1  0
  2  3  1  0
  2 14  1  0
  3  4  2  0
  3 15  1  0
  4  5  1  0
  4 16  1  0
  5  6  2  0
  6  7  1  0
  7  8  1  0
  7 13  1  0
  8  9  1  0
  8 17  1  0
  8 18  1  0
  9 10  1  0
  9 19  1  0
  9 20  1  0
 10 11  1  0
 11 12  1  0
 12 13  1  0
 14 21  1  0
 14 22  1  0
M  END
"
test-17,"[NH3+]CCCC=CCNC(=O)[C@@H](CCF)N[C@H](COc1cccc(Br)c1)[C@H](O)COc1ccccc1
     RDKit          3D

 71 72  0  0  1  0  0  0  0  0999 V2000
   15.3732  -12.3726   21.9933 O   0  0  0  0  0  0  0  0  0  0  0  0
   15.9944  -11.9697   21.0093 C   0  0  0  0  0  0  0  0  0  0  0  0
   15.4125  -11.2141   20.0547 N   0  0  0  0  0  0  0  0  0  0  0  0
   14.0402  -10.7063   20.1327 C   0  0  0  0  0  0  0  0  0  0  0  0
   12.9702  -11.7878   20.1004 C   0  0  0  0  0  0  0  0  0  0  0  0
   11.9871  -11.9569   21.0021 C   0  0  0  0  0  0  0  0  0  0  0  0
   11.7371  -11.1035   22.2328 C   0  0  0  0  0  0  0  0  0  0  0  0
   11.1893  -11.9005   23.4169 C   0  0  0  0  0  0  0  0  0  0  0  0
   11.0514  -11.0225   24.6694 C   0  0  0  0  0  0  0  0  0  0  0  0
   10.6433  -11.8956   25.8597 N   0  0  0  0  0  0  0  0  0  0  0  0
   17.5105  -12.2791   20.8260 C   0  0  1  0  0  0  0  0  0  0  0  0
   18.3766  -10.9894   20.7188 C   0  0  0  0  0  0  0  0  0  0  0  0
   19.7976  -11.2645   20.1880 C   0  0  0  0  0  0  0  0  0  0  0  0
   19.8199  -11.7468   18.9466 F   0  0  0  0  0  0  0  0  0  0  0  0
   18.0533  -13.1409   21.9170 N   0  0  0  0  0  0  0  0  0  0  0  0
   17.9722  -14.5924   21.7011 C   0  0  2  0  0  0  0  0  0  0  0  0
   16.8089  -15.2123   22.5157 C   0  0  0  0  0  0  0  0  0  0  0  0
   16.5838  -16.5757   22.1438 O   0  0  0  0  0  0  0  0  0  0  0  0
   19.3438  -15.2489   22.0484 C   0  0  1  0  0  0  0  0  0  0  0  0
   20.3074  -14.8401   21.0887 O   0  0  0  0  0  0  0  0  0  0  0  0
   19.9057  -14.9519   23.4632 C   0  0  0  0  0  0  0  0  0  0  0  0
   20.9777  -15.8504   23.7605 O   0  0  0  0  0  0  0  0  0  0  0  0
   22.2573  -15.3842   24.0007 C   0  0  0  0  0  0  0  0  0  0  0  0
   22.7252  -14.1040   23.6646 C   0  0  0  0  0  0  0  0  0  0  0  0
   24.0447  -13.7521   23.9363 C   0  0  0  0  0  0  0  0  0  0  0  0
   24.8986  -14.6714   24.5365 C   0  0  0  0  0  0  0  0  0  0  0  0
   24.4482  -15.9402   24.8710 C   0  0  0  0  0  0  0  0  0  0  0  0
   23.1313  -16.2957   24.5963 C   0  0  0  0  0  0  0  0  0  0  0  0
   15.3313  -16.9742   21.7094 C   0  0  0  0  0  0  0  0  0  0  0  0
   15.0324  -18.3339   21.8291 C   0  0  0  0  0  0  0  0  0  0  0  0
   13.8016  -18.8412   21.4093 C   0  0  0  0  0  0  0  0  0  0  0  0
   12.8545  -17.9890   20.8473 C   0  0  0  0  0  0  0  0  0  0  0  0
   13.1404  -16.6314   20.7064 C   0  0  0  0  0  0  0  0  0  0  0  0
   14.3718  -16.1245   21.1314 C   0  0  0  0  0  0  0  0  0  0  0  0
   11.8536  -15.4715   19.9229 Br  0  0  0  0  0  0  0  0  0  0  0  0
   15.9520  -10.9493   19.2413 H   0  0  0  0  0  0  0  0  0  0  0  0
   13.9573  -10.0369   20.9874 H   0  0  0  0  0  0  0  0  0  0  0  0
   13.8456  -10.0549   19.2804 H   0  0  0  0  0  0  0  0  0  0  0  0
   13.0307  -12.4771   19.2714 H   0  0  0  0  0  0  0  0  0  0  0  0
   11.3010  -12.7772   20.8520 H   0  0  0  0  0  0  0  0  0  0  0  0
   12.6598  -10.6159   22.5442 H   0  0  0  0  0  0  0  0  0  0  0  0
   11.0289  -10.3260   21.9521 H   0  0  0  0  0  0  0  0  0  0  0  0
   10.2217  -12.3353   23.1513 H   0  0  0  0  0  0  0  0  0  0  0  0
   11.8597  -12.7401   23.6172 H   0  0  0  0  0  0  0  0  0  0  0  0
   11.9917  -10.5481   24.9488 H   0  0  0  0  0  0  0  0  0  0  0  0
   10.2657  -10.2677   24.5868 H   0  0  0  0  0  0  0  0  0  0  0  0
   10.8117  -11.4288   26.7389 H   0  0  0  0  0  0  0  0  0  0  0  0
    9.6233  -12.0003   25.7592 H   0  0  0  0  0  0  0  0  0  0  0  0
   11.0820  -12.8038   25.8419 H   0  0  0  0  0  0  0  0  0  0  0  0
   17.5949  -12.7720   19.8544 H   0  0  0  0  0  0  0  0  0  0  0  0
   17.9066  -10.3036   20.0208 H   0  0  0  0  0  0  0  0  0  0  0  0
   18.4316  -10.4172   21.6537 H   0  0  0  0  0  0  0  0  0  0  0  0
   20.3993  -10.3605   20.1822 H   0  0  0  0  0  0  0  0  0  0  0  0
   20.3333  -11.9837   20.8033 H   0  0  0  0  0  0  0  0  0  0  0  0
   19.0387  -12.9306   22.0211 H   0  0  0  0  0  0  0  0  0  0  0  0
   17.7680  -14.8045   20.6489 H   0  0  0  0  0  0  0  0  0  0  0  0
   17.0381  -15.1946   23.5803 H   0  0  0  0  0  0  0  0  0  0  0  0
   15.9145  -14.6092   22.4564 H   0  0  0  0  0  0  0  0  0  0  0  0
   19.2336  -16.3312   21.9380 H   0  0  0  0  0  0  0  0  0  0  0  0
   21.1431  -15.2745   21.2823 H   0  0  0  0  0  0  0  0  0  0  0  0
   20.1199  -13.8933   23.6036 H   0  0  0  0  0  0  0  0  0  0  0  0
   19.1432  -15.1640   24.2120 H   0  0  0  0  0  0  0  0  0  0  0  0
   22.0965  -13.3794   23.1711 H   0  0  0  0  0  0  0  0  0  0  0  0
   24.4133  -12.7732   23.6681 H   0  0  0  0  0  0  0  0  0  0  0  0
   25.9172  -14.3933   24.7499 H   0  0  0  0  0  0  0  0  0  0  0  0
   25.1156  -16.6464   25.3420 H   0  0  0  0  0  0  0  0  0  0  0  0
   22.7781  -17.2823   24.8491 H   0  0  0  0  0  0  0  0  0  0  0  0
   15.7689  -19.0021   22.2490 H   0  0  0  0  0  0  0  0  0  0  0  0
   13.5855  -19.8971   21.5088 H   0  0  0  0  0  0  0  0  0  0  0  0
   11.9022  -18.3770   20.5137 H   0  0  0  0  0  0  0  0  0  0  0  0
   14.5653  -15.0737   20.9727 H   0  0  0  0  0  0  0  0  0  0  0  0
  1  2  2  0
  2  3  1  0
  2 11  1  0
  3  4  1  0
  3 36  1  0
  4  5  1  0
  4 37  1  0
  4 38  1  0
  5  6  2  3
  5 39  1  0
  6  7  1  0
  6 40  1  0
  7  8  1  0
  7 41  1  0
  7 42  1  0
  8  9  1  0
  8 43  1  0
  8 44  1  0
  9 10  1  0
  9 45  1  0
  9 46  1  0
 10 47  1  0
 10 48  1  0
 10 49  1  0
 11 12  1  0
 11 15  1  0
 11 50  1  6
 12 13  1  0
 12 51  1  0
 12 52  1  0
 13 14  1  0
 13 53  1  0
 13 54  1  0
 15 16  1  0
 15 55  1  0
 16 17  1  0
 16 19  1  0
 16 56  1  6
 17 18  1  0
 17 57  1  0
 17 58  1  0
 18 29  1  0
 19 20  1  0
 19 21  1  0
 19 59  1  1
 20 60  1  0
 21 22  1  0
 21 61  1  0
 21 62  1  0
 22 23  1  0
 23 24  2  0
 23 28  1  0
 24 25  1  0
 24 63  1  0
 25 26  2  0
 25 64  1  0
 26 27  1  0
 26 65  1  0
 27 28  2  0
 27 66  1  0
 28 67  1  0
 29 30  2  0
 29 34  1  0
 30 31  1  0
 30 68  1  0
 31 32  2  0
 31 69  1  0
 32 33  1  0
 32 70  1  0
 33 34  2  0
 33 35  1  0
 34 71  1  0
M  CHG  1  10   1
M  END
"
test-18,"C=CC[NH2+][C@H](O)CO
     RDKit          3D

 20 19  0  0  1  0  0  0  0  0999 V2000
   32.7054   37.6522  -21.5266 O   0  0  0  0  0  0  0  0  0  0  0  0
   32.2586   36.4001  -21.0393 C   0  0  1  0  0  0  0  0  0  0  0  0
   31.0925   35.9031  -21.9063 C   0  0  0  0  0  0  0  0  0  0  0  0
   30.6071   34.6401  -21.4842 O   0  0  0  0  0  0  0  0  0  0  0  0
   33.4205   35.3803  -21.0841 N   0  0  0  0  0  0  0  0  0  0  0  0
   34.6748   35.7440  -20.2676 C   0  0  0  0  0  0  0  0  0  0  0  0
   35.5479   36.7709  -20.9583 C   0  0  0  0  0  0  0  0  0  0  0  0
   35.7019   38.0363  -20.5422 C   0  0  0  0  0  0  0  0  0  0  0  0
   31.9747   38.2965  -21.4865 H   0  0  0  0  0  0  0  0  0  0  0  0
   31.9803   36.4791  -19.9857 H   0  0  0  0  0  0  0  0  0  0  0  0
   30.2763   36.6266  -21.8653 H   0  0  0  0  0  0  0  0  0  0  0  0
   31.4071   35.8327  -22.9505 H   0  0  0  0  0  0  0  0  0  0  0  0
   30.2713   34.7070  -20.5850 H   0  0  0  0  0  0  0  0  0  0  0  0
   33.0604   34.5013  -20.7371 H   0  0  0  0  0  0  0  0  0  0  0  0
   33.7048   35.1861  -22.0421 H   0  0  0  0  0  0  0  0  0  0  0  0
   34.3128   36.0721  -19.2910 H   0  0  0  0  0  0  0  0  0  0  0  0
   35.2177   34.8070  -20.1465 H   0  0  0  0  0  0  0  0  0  0  0  0
   36.0759   36.4403  -21.8432 H   0  0  0  0  0  0  0  0  0  0  0  0
   36.3334   38.7197  -21.0844 H   0  0  0  0  0  0  0  0  0  0  0  0
   35.1957   38.4088  -19.6633 H   0  0  0  0  0  0  0  0  0  0  0  0
  1  2  1  0
  1  9  1  0
  2  3  1  0
  2  5  1  0
  2 10  1  1
  3  4  1  0
  3 11  1  0
  3 12  1  0
  4 13  1  0
  5  6  1  0
  5 14  1  0
  5 15  1  0
  6  7  1  0
  6 16  1  0
  6 17  1  0
  7  8  2  0
  7 18  1  0
  8 19  1  0
  8 20  1  0
M  CHG  1   5   1
M  END
"
test-19,"C=CC(=O)Nc1cc(-c2ccc(NC(=[NH2+])NC)cc2)[nH]n1
     RDKit          3D

 38 39  0  0  1  0  0  0  0  0999 V2000
   67.0524    1.1091    8.6908 N   0  0  0  0  0  0  0  0  0  0  0  0
   67.3981    2.0800    9.5443 N   0  0  0  0  0  0  0  0  0  0  0  0
   66.6052    3.2000    9.4715 C   0  0  0  0  0  0  0  0  0  0  0  0
   65.7383    2.9017    8.4313 C   0  0  0  0  0  0  0  0  0  0  0  0
   66.0215    1.5807    8.0309 C   0  0  0  0  0  0  0  0  0  0  0  0
   65.3679    0.7621    7.1241 N   0  0  0  0  0  0  0  0  0  0  0  0
   64.2554    1.0670    6.4270 C   0  0  0  0  0  0  0  0  0  0  0  0
   63.6625    2.1470    6.4782 O   0  0  0  0  0  0  0  0  0  0  0  0
   63.8263   -0.0238    5.5824 C   0  0  0  0  0  0  0  0  0  0  0  0
   62.7376    0.0531    4.7927 C   0  0  0  0  0  0  0  0  0  0  0  0
   66.6567    4.3385   10.4331 C   0  0  0  0  0  0  0  0  0  0  0  0
   65.5014    5.0684   10.7247 C   0  0  0  0  0  0  0  0  0  0  0  0
   65.4937    5.9610   11.7939 C   0  0  0  0  0  0  0  0  0  0  0  0
   66.6288    6.1637   12.5462 C   0  0  0  0  0  0  0  0  0  0  0  0
   67.7953    5.5597   12.1660 C   0  0  0  0  0  0  0  0  0  0  0  0
   67.8263    4.6295   11.1278 C   0  0  0  0  0  0  0  0  0  0  0  0
   66.6263    7.0684   13.6392 N   0  0  0  0  0  0  0  0  0  0  0  0
   67.2286    7.0029   14.8314 C   0  0  0  0  0  0  0  0  0  0  0  0
   67.3240    8.1233   15.5342 N   0  0  0  0  0  0  0  0  0  0  0  0
   67.6901    5.8684   15.3508 N   0  0  0  0  0  0  0  0  0  0  0  0
   68.2263    5.6778   16.6999 C   0  0  0  0  0  0  0  0  0  0  0  0
   68.1324    1.9439   10.2263 H   0  0  0  0  0  0  0  0  0  0  0  0
   64.9378    3.5305    8.0714 H   0  0  0  0  0  0  0  0  0  0  0  0
   65.7147   -0.1828    7.0389 H   0  0  0  0  0  0  0  0  0  0  0  0
   64.4147   -0.9316    5.6011 H   0  0  0  0  0  0  0  0  0  0  0  0
   62.4455   -0.7843    4.1753 H   0  0  0  0  0  0  0  0  0  0  0  0
   62.1175    0.9386    4.7448 H   0  0  0  0  0  0  0  0  0  0  0  0
   64.5929    4.8810   10.1773 H   0  0  0  0  0  0  0  0  0  0  0  0
   64.6263    6.5100   12.0771 H   0  0  0  0  0  0  0  0  0  0  0  0
   68.6263    5.8684   12.7450 H   0  0  0  0  0  0  0  0  0  0  0  0
   68.7413    4.1183   10.8782 H   0  0  0  0  0  0  0  0  0  0  0  0
   65.8946    7.7873   13.6290 H   0  0  0  0  0  0  0  0  0  0  0  0
   67.5258    8.0838   16.5204 H   0  0  0  0  0  0  0  0  0  0  0  0
   67.3863    9.0296   15.0627 H   0  0  0  0  0  0  0  0  0  0  0  0
   67.6967    5.0699   14.7314 H   0  0  0  0  0  0  0  0  0  0  0  0
   68.6115    4.6684   16.8009 H   0  0  0  0  0  0  0  0  0  0  0  0
   69.0256    6.4056   16.8237 H   0  0  0  0  0  0  0  0  0  0  0  0
   67.4361    5.8637   17.4265 H   0  0  0  0  0  0  0  0  0  0  0  0
  1  2  1  0
  1  5  2  0
  2  3  1  0
  2 22  1  0
  3  4  2  0
  3 11  1  0
  4  5  1  0
  4 23  1  0
  5  6  1  0
  6  7  1  0
  6 24  1  0
  7  8  2  0
  7  9  1  0
  9 10  2  0
  9 25  1  0
 10 26  1  0
 10 27  1  0
 11 12  2  0
 11 16  1  0
 12 13  1  0
 12 28  1  0
 13 14  2  0
 13 29  1  0
 14 15  1  0
 14 17  1  0
 15 16  2  0
 15 30  1  0
 16 31  1  0
 17 18  1  0
 17 32  1  0
 18 19  2  0
 18 20  1  0
 19 33  1  0
 19 34  1  0
 20 21  1  0
 20 35  1  0
 21 36  1  0
 21 37  1  0
 21 38  1  0
M  CHG  1  19   1
M  END
"
test-20,"CC(C)NC(=O)c1cc(Nc2cc3c(c(-c4ccc(F)cc4F)n2)[NH2+]C(N)(O)N3)ccn1
     RDKit          3D

 54 57  0  0  1  0  0  0  0  0999 V2000
   30.0570   35.5974   82.0103 N   0  0  0  0  0  0  0  0  0  0  0  0
   28.9266   36.2390   82.5116 C   0  0  0  0  0  0  0  0  0  0  0  0
   27.5930   35.8483   82.4339 C   0  0  0  0  0  0  0  0  0  0  0  0
   26.6173   36.6401   83.0433 C   0  0  0  0  0  0  0  0  0  0  0  0
   26.9280   37.8086   83.6673 N   0  0  0  0  0  0  0  0  0  0  0  0
   28.2302   38.2009   83.7509 C   0  0  0  0  0  0  0  0  0  0  0  0
   29.2352   37.4118   83.1771 C   0  0  0  0  0  0  0  0  0  0  0  0
   30.7064   37.5295   83.1961 N   0  0  0  0  0  0  0  0  0  0  0  0
   31.2059   36.4421   82.2371 C   0  0  1  0  0  0  0  0  0  0  0  0
   32.3026   35.7865   82.8865 N   0  0  0  0  0  0  0  0  0  0  0  0
   31.5626   37.1312   81.0815 O   0  0  0  0  0  0  0  0  0  0  0  0
   28.4869   39.4751   84.4759 C   0  0  0  0  0  0  0  0  0  0  0  0
   29.3618   40.4232   83.9287 C   0  0  0  0  0  0  0  0  0  0  0  0
   29.6234   41.6188   84.5900 C   0  0  0  0  0  0  0  0  0  0  0  0
   29.0021   41.8953   85.8052 C   0  0  0  0  0  0  0  0  0  0  0  0
   28.1223   40.9702   86.3590 C   0  0  0  0  0  0  0  0  0  0  0  0
   27.8668   39.7663   85.7052 C   0  0  0  0  0  0  0  0  0  0  0  0
   27.0245   38.8819   86.2911 F   0  0  0  0  0  0  0  0  0  0  0  0
   29.2523   43.0561   86.4500 F   0  0  0  0  0  0  0  0  0  0  0  0
   25.2951   36.1698   83.0112 N   0  0  0  0  0  0  0  0  0  0  0  0
   24.1014   36.5686   83.6349 C   0  0  0  0  0  0  0  0  0  0  0  0
   22.9222   35.9301   83.2339 C   0  0  0  0  0  0  0  0  0  0  0  0
   21.7141   36.3354   83.8010 C   0  0  0  0  0  0  0  0  0  0  0  0
   21.6266   37.3021   84.7466 N   0  0  0  0  0  0  0  0  0  0  0  0
   22.7715   37.9120   85.1509 C   0  0  0  0  0  0  0  0  0  0  0  0
   24.0235   37.5621   84.6233 C   0  0  0  0  0  0  0  0  0  0  0  0
   22.6228   38.9580   86.2280 C   0  0  0  0  0  0  0  0  0  0  0  0
   22.0275   38.6925   87.2709 O   0  0  0  0  0  0  0  0  0  0  0  0
   23.1814   40.1719   86.0572 N   0  0  0  0  0  0  0  0  0  0  0  0
   23.5762   40.8292   84.8075 C   0  0  0  0  0  0  0  0  0  0  0  0
   22.3540   41.2149   83.9460 C   0  0  0  0  0  0  0  0  0  0  0  0
   24.4450   42.0592   85.1111 C   0  0  0  0  0  0  0  0  0  0  0  0
   30.2896   34.6114   82.0342 H   0  0  0  0  0  0  0  0  0  0  0  0
   27.3214   34.9340   81.9287 H   0  0  0  0  0  0  0  0  0  0  0  0
   31.0594   38.4206   82.8831 H   0  0  0  0  0  0  0  0  0  0  0  0
   31.0925   37.3490   84.1097 H   0  0  0  0  0  0  0  0  0  0  0  0
   32.0611   35.3832   83.7821 H   0  0  0  0  0  0  0  0  0  0  0  0
   32.6459   35.0364   82.2984 H   0  0  0  0  0  0  0  0  0  0  0  0
   32.5161   37.2296   81.0895 H   0  0  0  0  0  0  0  0  0  0  0  0
   29.8398   40.2492   82.9777 H   0  0  0  0  0  0  0  0  0  0  0  0
   30.3072   42.3308   84.1529 H   0  0  0  0  0  0  0  0  0  0  0  0
   27.6484   41.1804   87.3050 H   0  0  0  0  0  0  0  0  0  0  0  0
   25.1776   35.3548   82.4321 H   0  0  0  0  0  0  0  0  0  0  0  0
   22.9259   35.1615   82.4751 H   0  0  0  0  0  0  0  0  0  0  0  0
   20.7741   35.9053   83.4908 H   0  0  0  0  0  0  0  0  0  0  0  0
   24.9037   38.0555   84.9988 H   0  0  0  0  0  0  0  0  0  0  0  0
   23.1512   40.7805   86.8604 H   0  0  0  0  0  0  0  0  0  0  0  0
   24.2074   40.1546   84.2286 H   0  0  0  0  0  0  0  0  0  0  0  0
   21.6946   41.8976   84.4840 H   0  0  0  0  0  0  0  0  0  0  0  0
   22.6602   41.7350   83.0386 H   0  0  0  0  0  0  0  0  0  0  0  0
   21.7747   40.3461   83.6345 H   0  0  0  0  0  0  0  0  0  0  0  0
   25.3475   41.7941   85.6697 H   0  0  0  0  0  0  0  0  0  0  0  0
   24.7644   42.5458   84.1874 H   0  0  0  0  0  0  0  0  0  0  0  0
   23.8891   42.8102   85.6757 H   0  0  0  0  0  0  0  0  0  0  0  0
  1  2  1  0
  1  9  1  0
  1 33  1  0
  2  3  2  0
  2  7  1  0
  3  4  1  0
  3 34  1  0
  4  5  2  0
  4 20  1  0
  5  6  1  0
  6  7  2  0
  6 12  1  0
  7  8  1  0
  8  9  1  0
  8 35  1  0
  8 36  1  0
  9 10  1  0
  9 11  1  6
 10 37  1  0
 10 38  1  0
 11 39  1  0
 12 13  2  0
 12 17  1  0
 13 14  1  0
 13 40  1  0
 14 15  2  0
 14 41  1  0
 15 16  1  0
 15 19  1  0
 16 17  2  0
 16 42  1  0
 17 18  1  0
 20 21  1  0
 20 43  1  0
 21 22  2  0
 21 26  1  0
 22 23  1  0
 22 44  1  0
 23 24  2  0
 23 45  1  0
 24 25  1  0
 25 26  2  0
 25 27  1  0
 26 46  1  0
 27 28  2  0
 27 29  1  0
 29 30  1  0
 29 47  1  0
 30 31  1  0
 30 32  1  0
 30 48  1  0
 31 49  1  0
 31 50  1  0
 31 51  1  0
 32 52  1  0
 32 53  1  0
 32 54  1  0
M  CHG  1   8   1
M  END
"
test-21,"CS[C@H](COc1ccc(C2([C@H](C)CCCO)C[C@@H]3[C@H](O)[C@H](O)CN3C2=O)cc1)[NH+]1CCCC1
     RDKit          3D

 72 75  0  0  1  0  0  0  0  0999 V2000
   35.9986    2.1745   27.6676 O   0  0  0  0  0  0  0  0  0  0  0  0
   34.7411    2.1777   28.2777 C   0  0  0  0  0  0  0  0  0  0  0  0
   33.9167    0.9564   27.8659 C   0  0  0  0  0  0  0  0  0  0  0  0
   32.6821    0.7924   28.7748 C   0  0  0  0  0  0  0  0  0  0  0  0
   31.9828   -0.5978   28.7676 C   0  0  2  0  0  0  0  0  0  0  0  0
   33.0203   -1.6736   29.1483 C   0  0  0  0  0  0  0  0  0  0  0  0
   30.9714   -1.0082   27.5985 C   0  0  2  0  0  0  0  0  0  0  0  0
   29.9243    0.1569   27.4707 C   0  0  0  0  0  0  0  0  0  0  0  0
   30.1442    1.2971   27.0599 O   0  0  0  0  0  0  0  0  0  0  0  0
   28.7192   -0.3413   27.8109 N   0  0  0  0  0  0  0  0  0  0  0  0
   27.5319    0.1390   27.1000 C   0  0  0  0  0  0  0  0  0  0  0  0
   26.6336   -1.1146   27.0560 C   0  0  1  0  0  0  0  0  0  0  0  0
   27.5962   -2.2906   27.2686 C   0  0  1  0  0  0  0  0  0  0  0  0
   28.6710   -1.7277   28.2120 C   0  0  1  0  0  0  0  0  0  0  0  0
   30.0902   -2.2084   28.0402 C   0  0  0  0  0  0  0  0  0  0  0  0
   26.9796   -3.4897   27.7035 O   0  0  0  0  0  0  0  0  0  0  0  0
   25.6055   -1.0556   28.0203 O   0  0  0  0  0  0  0  0  0  0  0  0
   31.6518   -1.3885   26.2351 C   0  0  0  0  0  0  0  0  0  0  0  0
   32.4396   -2.5536   26.1430 C   0  0  0  0  0  0  0  0  0  0  0  0
   32.8961   -3.0333   24.9128 C   0  0  0  0  0  0  0  0  0  0  0  0
   32.5784   -2.3574   23.7307 C   0  0  0  0  0  0  0  0  0  0  0  0
   31.8449   -1.1823   23.8160 C   0  0  0  0  0  0  0  0  0  0  0  0
   31.3886   -0.7059   25.0365 C   0  0  0  0  0  0  0  0  0  0  0  0
   32.9076   -2.7745   22.4570 O   0  0  0  0  0  0  0  0  0  0  0  0
   33.5142   -4.0495   22.2472 C   0  0  0  0  0  0  0  0  0  0  0  0
   34.0010   -4.1888   20.7856 C   0  0  2  0  0  0  0  0  0  0  0  0
   35.2924   -2.9492   20.3748 S   0  0  0  0  0  0  0  0  0  0  0  0
   36.3667   -3.8259   19.2058 C   0  0  0  0  0  0  0  0  0  0  0  0
   32.7974   -4.2209   19.8057 N   0  0  0  0  0  0  0  0  0  0  0  0
   31.9854   -2.9112   19.6823 C   0  0  0  0  0  0  0  0  0  0  0  0
   31.4771   -2.8685   18.2348 C   0  0  0  0  0  0  0  0  0  0  0  0
   31.8470   -4.2061   17.6077 C   0  0  0  0  0  0  0  0  0  0  0  0
   33.1054   -4.6382   18.3578 C   0  0  0  0  0  0  0  0  0  0  0  0
   36.6531    1.7631   28.2528 H   0  0  0  0  0  0  0  0  0  0  0  0
   34.8991    2.1738   29.3558 H   0  0  0  0  0  0  0  0  0  0  0  0
   34.2076    3.1027   28.0601 H   0  0  0  0  0  0  0  0  0  0  0  0
   33.6185    1.0255   26.8197 H   0  0  0  0  0  0  0  0  0  0  0  0
   34.5746    0.0947   27.9498 H   0  0  0  0  0  0  0  0  0  0  0  0
   32.9976    0.9689   29.8060 H   0  0  0  0  0  0  0  0  0  0  0  0
   31.9925    1.6157   28.5880 H   0  0  0  0  0  0  0  0  0  0  0  0
   31.3450   -0.5414   29.6563 H   0  0  0  0  0  0  0  0  0  0  0  0
   33.5264   -1.4354   30.0852 H   0  0  0  0  0  0  0  0  0  0  0  0
   32.5451   -2.6268   29.2679 H   0  0  0  0  0  0  0  0  0  0  0  0
   33.7932   -1.8126   28.4001 H   0  0  0  0  0  0  0  0  0  0  0  0
   26.9867    0.9114   27.6432 H   0  0  0  0  0  0  0  0  0  0  0  0
   27.7734    0.3774   26.0663 H   0  0  0  0  0  0  0  0  0  0  0  0
   26.1424   -1.1879   26.0885 H   0  0  0  0  0  0  0  0  0  0  0  0
   28.0074   -2.4884   26.2785 H   0  0  0  0  0  0  0  0  0  0  0  0
   28.4004   -1.7382   29.2641 H   0  0  0  0  0  0  0  0  0  0  0  0
   30.4126   -2.6260   28.9915 H   0  0  0  0  0  0  0  0  0  0  0  0
   30.1086   -3.0321   27.3236 H   0  0  0  0  0  0  0  0  0  0  0  0
   26.0168   -3.3804   27.6102 H   0  0  0  0  0  0  0  0  0  0  0  0
   25.1490   -0.2176   27.8924 H   0  0  0  0  0  0  0  0  0  0  0  0
   32.6437   -3.1598   27.0128 H   0  0  0  0  0  0  0  0  0  0  0  0
   33.4678   -3.9512   24.8999 H   0  0  0  0  0  0  0  0  0  0  0  0
   31.5987   -0.6426   22.9183 H   0  0  0  0  0  0  0  0  0  0  0  0
   30.7744    0.1745   25.0018 H   0  0  0  0  0  0  0  0  0  0  0  0
   34.3755   -4.1670   22.9007 H   0  0  0  0  0  0  0  0  0  0  0  0
   32.8023   -4.8396   22.4916 H   0  0  0  0  0  0  0  0  0  0  0  0
   34.4003   -5.1992   20.6808 H   0  0  0  0  0  0  0  0  0  0  0  0
   37.4113   -3.6540   19.4592 H   0  0  0  0  0  0  0  0  0  0  0  0
   36.1798   -4.8992   19.2207 H   0  0  0  0  0  0  0  0  0  0  0  0
   36.2037   -3.4553   18.1965 H   0  0  0  0  0  0  0  0  0  0  0  0
   32.1555   -4.9537   20.1172 H   0  0  0  0  0  0  0  0  0  0  0  0
   31.1975   -2.9717   20.4339 H   0  0  0  0  0  0  0  0  0  0  0  0
   32.6535   -2.0754   19.8878 H   0  0  0  0  0  0  0  0  0  0  0  0
   30.4055   -2.6798   18.1952 H   0  0  0  0  0  0  0  0  0  0  0  0
   31.9644   -2.0493   17.7012 H   0  0  0  0  0  0  0  0  0  0  0  0
   31.0543   -4.9406   17.7568 H   0  0  0  0  0  0  0  0  0  0  0  0
   32.0298   -4.1238   16.5373 H   0  0  0  0  0  0  0  0  0  0  0  0
   33.3020   -5.7141   18.3521 H   0  0  0  0  0  0  0  0  0  0  0  0
   33.9903   -4.0922   18.0335 H   0  0  0  0  0  0  0  0  0  0  0  0
  1  2  1  0
  1 34  1  0
  2  3  1  0
  2 35  1  0
  2 36  1  0
  3  4  1  0
  3 37  1  0
  3 38  1  0
  4  5  1  0
  4 39  1  0
  4 40  1  0
  5  6  1  0
  5  7  1  0
  5 41  1  1
  6 42  1  0
  6 43  1  0
  6 44  1  0
  7  8  1  0
  7 15  1  0
  7 18  1  6
  8  9  2  0
  8 10  1  0
 10 11  1  0
 10 14  1  0
 11 12  1  0
 11 45  1  0
 11 46  1  0
 12 13  1  0
 12 17  1  0
 12 47  1  6
 13 14  1  0
 13 16  1  0
 13 48  1  6
 14 15  1  0
 14 49  1  1
 15 50  1  0
 15 51  1  0
 16 52  1  0
 17 53  1  0
 18 19  2  0
 18 23  1  0
 19 20  1  0
 19 54  1  0
 20 21  2  0
 20 55  1  0
 21 22  1  0
 21 24  1  0
 22 23  2  0
 22 56  1  0
 23 57  1  0
 24 25  1  0
 25 26  1  0
 25 58  1  0
 25 59  1  0
 26 27  1  0
 26 29  1  0
 26 60  1  1
 27 28  1  0
 28 61  1  0
 28 62  1  0
 28 63  1  0
 29 30  1  0
 29 33  1  0
 29 64  1  0
 30 31  1  0
 30 65  1  0
 30 66  1  0
 31 32  1  0
 31 67  1  0
 31 68  1  0
 32 33  1  0
 32 69  1  0
 32 70  1  0
 33 71  1  0
 33 72  1  0
M  CHG  1  29   1
M  END
"
test-22,"C=C(C(C)C)S(=O)(=O)N(C(CC)CCC)N(C)C(=O)c1cncc(COCCC2CC2Cn2ccnc2)c1
     RDKit          3D

 81 83  0  0  1  0  0  0  0  0999 V2000
   28.1409  -23.9793  -14.5323 N   0  0  0  0  0  0  0  0  0  0  0  0
   27.8687  -25.2699  -14.6251 C   0  0  0  0  0  0  0  0  0  0  0  0
   28.5546  -25.8735  -15.6705 C   0  0  0  0  0  0  0  0  0  0  0  0
   29.2878  -24.8710  -16.2497 N   0  0  0  0  0  0  0  0  0  0  0  0
   28.9938  -23.7539  -15.5018 C   0  0  0  0  0  0  0  0  0  0  0  0
   30.2042  -24.9642  -17.3798 C   0  0  0  0  0  0  0  0  0  0  0  0
   29.4898  -25.3828  -18.6852 C   0  0  2  0  0  0  0  0  0  0  0  0
   29.7999  -24.6198  -19.9625 C   0  0  0  0  0  0  0  0  0  0  0  0
   28.4433  -24.4841  -19.3014 C   0  0  1  0  0  0  0  0  0  0  0  0
   27.1526  -25.0164  -19.9726 C   0  0  0  0  0  0  0  0  0  0  0  0
   27.0886  -26.4993  -20.3533 C   0  0  0  0  0  0  0  0  0  0  0  0
   28.0433  -26.7861  -21.3717 O   0  0  0  0  0  0  0  0  0  0  0  0
   28.1236  -28.1470  -21.7771 C   0  0  0  0  0  0  0  0  0  0  0  0
   28.5827  -29.0174  -20.6198 C   0  0  0  0  0  0  0  0  0  0  0  0
   29.9144  -29.0134  -20.2016 C   0  0  0  0  0  0  0  0  0  0  0  0
   30.3513  -29.7179  -19.1282 N   0  0  0  0  0  0  0  0  0  0  0  0
   29.4363  -30.4344  -18.4256 C   0  0  0  0  0  0  0  0  0  0  0  0
   28.0723  -30.4724  -18.7492 C   0  0  0  0  0  0  0  0  0  0  0  0
   27.6630  -29.7809  -19.8979 C   0  0  0  0  0  0  0  0  0  0  0  0
   27.0996  -31.2568  -17.8994 C   0  0  0  0  0  0  0  0  0  0  0  0
   27.4864  -32.3255  -17.4195 O   0  0  0  0  0  0  0  0  0  0  0  0
   25.8263  -30.7778  -17.7445 N   0  0  0  0  0  0  0  0  0  0  0  0
   25.4835  -29.3414  -17.7889 C   0  0  0  0  0  0  0  0  0  0  0  0
   24.7997  -31.6395  -17.3153 N   0  0  0  0  0  0  0  0  0  0  0  0
   24.3833  -31.6006  -15.8716 C   0  0  1  0  0  0  0  0  0  0  0  0
   22.8429  -31.5866  -15.6944 C   0  0  0  0  0  0  0  0  0  0  0  0
   22.1502  -30.3593  -16.3160 C   0  0  0  0  0  0  0  0  0  0  0  0
   25.0870  -32.6951  -15.0229 C   0  0  0  0  0  0  0  0  0  0  0  0
   26.3690  -32.2254  -14.3006 C   0  0  0  0  0  0  0  0  0  0  0  0
   26.1285  -31.1974  -13.1846 C   0  0  0  0  0  0  0  0  0  0  0  0
   24.2801  -32.9508  -18.4315 S   0  0  0  0  0  0  0  0  0  0  0  0
   23.6523  -34.0052  -17.6285 O   0  0  0  0  0  0  0  0  0  0  0  0
   25.3929  -33.2869  -19.3275 O   0  0  0  0  0  0  0  0  0  0  0  0
   22.9997  -32.1992  -19.4809 C   0  0  0  0  0  0  0  0  0  0  0  0
   21.7156  -32.5623  -19.2889 C   0  0  0  0  0  0  0  0  0  0  0  0
   23.4866  -31.1760  -20.5142 C   0  0  0  0  0  0  0  0  0  0  0  0
   23.9671  -31.8333  -21.8218 C   0  0  0  0  0  0  0  0  0  0  0  0
   22.4847  -30.0301  -20.7968 C   0  0  0  0  0  0  0  0  0  0  0  0
   27.1955  -25.7547  -13.9345 H   0  0  0  0  0  0  0  0  0  0  0  0
   28.5920  -26.8877  -16.0379 H   0  0  0  0  0  0  0  0  0  0  0  0
   29.4570  -22.8084  -15.7382 H   0  0  0  0  0  0  0  0  0  0  0  0
   30.6630  -23.9828  -17.4996 H   0  0  0  0  0  0  0  0  0  0  0  0
   30.9972  -25.6666  -17.1149 H   0  0  0  0  0  0  0  0  0  0  0  0
   29.3601  -26.4637  -18.7582 H   0  0  0  0  0  0  0  0  0  0  0  0
   30.4791  -23.7683  -19.9303 H   0  0  0  0  0  0  0  0  0  0  0  0
   29.8875  -25.1685  -20.9010 H   0  0  0  0  0  0  0  0  0  0  0  0
   28.2220  -23.6121  -18.6897 H   0  0  0  0  0  0  0  0  0  0  0  0
   26.9729  -24.4260  -20.8705 H   0  0  0  0  0  0  0  0  0  0  0  0
   26.3085  -24.8139  -19.3125 H   0  0  0  0  0  0  0  0  0  0  0  0
   27.2460  -27.0964  -19.4562 H   0  0  0  0  0  0  0  0  0  0  0  0
   26.0890  -26.7360  -20.7233 H   0  0  0  0  0  0  0  0  0  0  0  0
   27.1681  -28.4870  -22.1834 H   0  0  0  0  0  0  0  0  0  0  0  0
   28.8406  -28.2240  -22.5951 H   0  0  0  0  0  0  0  0  0  0  0  0
   30.6539  -28.4313  -20.7302 H   0  0  0  0  0  0  0  0  0  0  0  0
   29.8199  -30.9733  -17.5720 H   0  0  0  0  0  0  0  0  0  0  0  0
   26.6296  -29.8023  -20.2137 H   0  0  0  0  0  0  0  0  0  0  0  0
   24.9066  -29.0373  -16.9154 H   0  0  0  0  0  0  0  0  0  0  0  0
   26.3545  -28.6868  -17.8023 H   0  0  0  0  0  0  0  0  0  0  0  0
   24.8733  -29.1037  -18.6599 H   0  0  0  0  0  0  0  0  0  0  0  0
   24.7236  -30.6450  -15.4737 H   0  0  0  0  0  0  0  0  0  0  0  0
   22.3974  -32.4981  -16.0903 H   0  0  0  0  0  0  0  0  0  0  0  0
   22.6087  -31.5951  -14.6270 H   0  0  0  0  0  0  0  0  0  0  0  0
   21.0698  -30.4112  -16.1685 H   0  0  0  0  0  0  0  0  0  0  0  0
   22.5066  -29.4321  -15.8705 H   0  0  0  0  0  0  0  0  0  0  0  0
   22.3315  -30.2930  -17.3889 H   0  0  0  0  0  0  0  0  0  0  0  0
   24.4038  -33.0806  -14.2650 H   0  0  0  0  0  0  0  0  0  0  0  0
   25.3238  -33.5595  -15.6474 H   0  0  0  0  0  0  0  0  0  0  0  0
   26.8783  -33.0981  -13.8827 H   0  0  0  0  0  0  0  0  0  0  0  0
   27.0643  -31.7973  -15.0169 H   0  0  0  0  0  0  0  0  0  0  0  0
   25.4676  -31.6068  -12.4237 H   0  0  0  0  0  0  0  0  0  0  0  0
   27.0617  -30.9093  -12.7015 H   0  0  0  0  0  0  0  0  0  0  0  0
   25.6671  -30.2796  -13.5533 H   0  0  0  0  0  0  0  0  0  0  0  0
   20.9171  -32.1478  -19.8843 H   0  0  0  0  0  0  0  0  0  0  0  0
   21.4321  -33.2834  -18.5346 H   0  0  0  0  0  0  0  0  0  0  0  0
   24.3657  -30.6946  -20.0845 H   0  0  0  0  0  0  0  0  0  0  0  0
   23.2113  -32.5168  -22.2222 H   0  0  0  0  0  0  0  0  0  0  0  0
   24.1936  -31.0923  -22.5936 H   0  0  0  0  0  0  0  0  0  0  0  0
   24.8851  -32.4082  -21.6686 H   0  0  0  0  0  0  0  0  0  0  0  0
   22.9143  -29.2854  -21.4697 H   0  0  0  0  0  0  0  0  0  0  0  0
   21.5753  -30.3986  -21.2728 H   0  0  0  0  0  0  0  0  0  0  0  0
   22.1888  -29.5109  -19.8832 H   0  0  0  0  0  0  0  0  0  0  0  0
  1  2  1  0
  1  5  2  0
  2  3  2  0
  2 39  1  0
  3  4  1  0
  3 40  1  0
  4  5  1  0
  4  6  1  0
  5 41  1  0
  6  7  1  0
  6 42  1  0
  6 43  1  0
  7  8  1  0
  7  9  1  0
  7 44  1  6
  8  9  1  0
  8 45  1  0
  8 46  1  0
  9 10  1  0
  9 47  1  1
 10 11  1  0
 10 48  1  0
 10 49  1  0
 11 12  1  0
 11 50  1  0
 11 51  1  0
 12 13  1  0
 13 14  1  0
 13 52  1  0
 13 53  1  0
 14 15  2  0
 14 19  1  0
 15 16  1  0
 15 54  1  0
 16 17  2  0
 17 18  1  0
 17 55  1  0
 18 19  2  0
 18 20  1  0
 19 56  1  0
 20 21  2  0
 20 22  1  0
 22 23  1  0
 22 24  1  0
 23 57  1  0
 23 58  1  0
 23 59  1  0
 24 25  1  0
 24 31  1  0
 25 26  1  0
 25 28  1  0
 25 60  1  1
 26 27  1  0
 26 61  1  0
 26 62  1  0
 27 63  1  0
 27 64  1  0
 27 65  1  0
 28 29  1  0
 28 66  1  0
 28 67  1  0
 29 30  1  0
 29 68  1  0
 29 69  1  0
 30 70  1  0
 30 71  1  0
 30 72  1  0
 31 32  2  0
 31 33  2  0
 31 34  1  0
 34 35  2  0
 34 36  1  0
 35 73  1  0
 35 74  1  0
 36 37  1  0
 36 38  1  0
 36 75  1  0
 37 76  1  0
 37 77  1  0
 37 78  1  0
 38 79  1  0
 38 80  1  0
 38 81  1  0
M  END
"
test-23,"O=C1NC(=O)[C@H](c2ccc(I)c3ccccc23)S1
     RDKit          3D

 26 28  0  0  1  0  0  0  0  0999 V2000
   10.0272   13.0319   14.5744 N   0  0  0  0  0  0  0  0  0  0  0  0
   11.3467   13.1176   14.3711 C   0  0  0  0  0  0  0  0  0  0  0  0
   11.8978   13.6423   13.4079 O   0  0  0  0  0  0  0  0  0  0  0  0
   12.2231   12.3559   15.7578 S   0  0  0  0  0  0  0  0  0  0  0  0
   10.6592   11.7952   16.4627 C   0  0  2  0  0  0  0  0  0  0  0  0
    9.5283   12.4139   15.6489 C   0  0  0  0  0  0  0  0  0  0  0  0
    8.3344   12.3142   15.9202 O   0  0  0  0  0  0  0  0  0  0  0  0
   10.5066   11.9114   17.9938 C   0  0  0  0  0  0  0  0  0  0  0  0
   10.2985   10.7249   18.6958 C   0  0  0  0  0  0  0  0  0  0  0  0
   10.1756   10.7146   20.0731 C   0  0  0  0  0  0  0  0  0  0  0  0
   10.1713   11.8845   20.8075 C   0  0  0  0  0  0  0  0  0  0  0  0
   10.3739   13.1247   20.1550 C   0  0  0  0  0  0  0  0  0  0  0  0
   10.4048   14.3354   20.8928 C   0  0  0  0  0  0  0  0  0  0  0  0
   10.6710   15.5369   20.2632 C   0  0  0  0  0  0  0  0  0  0  0  0
   10.9120   15.5699   18.9029 C   0  0  0  0  0  0  0  0  0  0  0  0
   10.8432   14.4139   18.1295 C   0  0  0  0  0  0  0  0  0  0  0  0
   10.5720   13.1519   18.7292 C   0  0  0  0  0  0  0  0  0  0  0  0
    9.8929   11.7149   22.8781 I   0  0  0  0  0  0  0  0  0  0  0  0
    9.3950   13.4481   13.9077 H   0  0  0  0  0  0  0  0  0  0  0  0
   10.6232   10.7382   16.1936 H   0  0  0  0  0  0  0  0  0  0  0  0
   10.2643    9.7801   18.1742 H   0  0  0  0  0  0  0  0  0  0  0  0
   10.0557    9.7756   20.5908 H   0  0  0  0  0  0  0  0  0  0  0  0
   10.2476   14.3344   21.9609 H   0  0  0  0  0  0  0  0  0  0  0  0
   10.7153   16.4493   20.8398 H   0  0  0  0  0  0  0  0  0  0  0  0
   11.1655   16.5247   18.4775 H   0  0  0  0  0  0  0  0  0  0  0  0
   11.0157   14.4906   17.0690 H   0  0  0  0  0  0  0  0  0  0  0  0
  1  2  1  0
  1  6  1  0
  1 19  1  0
  2  3  2  0
  2  4  1  0
  4  5  1  0
  5  6  1  0
  5  8  1  0
  5 20  1  1
  6  7  2  0
  8  9  2  0
  8 17  1  0
  9 10  1  0
  9 21  1  0
 10 11  2  0
 10 22  1  0
 11 12  1  0
 11 18  1  0
 12 13  1  0
 12 17  2  0
 13 14  2  0
 13 23  1  0
 14 15  1  0
 14 24  1  0
 15 16  2  0
 15 25  1  0
 16 17  1  0
 16 26  1  0
M  END
"
test-24,"Nc1cc(Cn2ccnc2)cc(Oc2cc3c(cc2O)[N+](C(=O)C2(Oc4ccc(Br)cc4)CC2)=C2NCCC[C@@H]2C3)c1
     RDKit          3D

 73 79  0  0  1  0  0  0  0  0999 V2000
  -36.3034   41.3147   32.2195 O   0  0  0  0  0  0  0  0  0  0  0  0
  -36.3306   40.0989   32.0202 C   0  0  0  0  0  0  0  0  0  0  0  0
  -35.5675   39.1390   32.8923 N   0  0  0  0  0  0  0  0  0  0  0  0
  -36.1457   38.0227   33.4558 C   0  0  0  0  0  0  0  0  0  0  0  0
  -37.4709   37.7591   33.4302 N   0  0  0  0  0  0  0  0  0  0  0  0
  -38.1083   36.4762   33.7237 C   0  0  0  0  0  0  0  0  0  0  0  0
  -37.3960   35.7419   34.8543 C   0  0  0  0  0  0  0  0  0  0  0  0
  -35.8877   35.6489   34.5654 C   0  0  0  0  0  0  0  0  0  0  0  0
  -35.2436   37.0238   34.2228 C   0  0  1  0  0  0  0  0  0  0  0  0
  -33.9202   36.8445   33.4589 C   0  0  0  0  0  0  0  0  0  0  0  0
  -33.3034   38.2178   33.2677 C   0  0  0  0  0  0  0  0  0  0  0  0
  -31.9170   38.3761   33.3450 C   0  0  0  0  0  0  0  0  0  0  0  0
  -31.3121   39.6309   33.2244 C   0  0  0  0  0  0  0  0  0  0  0  0
  -32.1207   40.7507   33.0321 C   0  0  0  0  0  0  0  0  0  0  0  0
  -33.5044   40.6037   32.9417 C   0  0  0  0  0  0  0  0  0  0  0  0
  -34.1254   39.3381   33.0234 C   0  0  0  0  0  0  0  0  0  0  0  0
  -31.5662   42.0019   32.9211 O   0  0  0  0  0  0  0  0  0  0  0  0
  -29.9400   39.7740   33.2847 O   0  0  0  0  0  0  0  0  0  0  0  0
  -29.2716   39.1658   34.3179 C   0  0  0  0  0  0  0  0  0  0  0  0
  -29.3362   39.6942   35.6083 C   0  0  0  0  0  0  0  0  0  0  0  0
  -28.7113   39.0349   36.6649 C   0  0  0  0  0  0  0  0  0  0  0  0
  -28.0154   37.8483   36.4321 C   0  0  0  0  0  0  0  0  0  0  0  0
  -27.9382   37.3209   35.1379 C   0  0  0  0  0  0  0  0  0  0  0  0
  -28.5571   37.9929   34.0815 C   0  0  0  0  0  0  0  0  0  0  0  0
  -27.2239   36.0025   34.8788 C   0  0  0  0  0  0  0  0  0  0  0  0
  -28.1049   34.8451   34.9742 N   0  0  0  0  0  0  0  0  0  0  0  0
  -27.9999   33.7759   35.8259 C   0  0  0  0  0  0  0  0  0  0  0  0
  -29.0664   32.9424   35.5073 C   0  0  0  0  0  0  0  0  0  0  0  0
  -29.8022   33.4360   34.5273 N   0  0  0  0  0  0  0  0  0  0  0  0
  -29.2186   34.5686   34.2172 C   0  0  0  0  0  0  0  0  0  0  0  0
  -28.7933   39.5554   37.9523 N   0  0  0  0  0  0  0  0  0  0  0  0
  -37.0639   39.5208   30.7776 C   0  0  0  0  0  0  0  0  0  0  0  0
  -38.5820   39.3575   30.7676 C   0  0  0  0  0  0  0  0  0  0  0  0
  -37.9554   40.5483   30.1009 C   0  0  0  0  0  0  0  0  0  0  0  0
  -36.2161   38.8239   29.8514 O   0  0  0  0  0  0  0  0  0  0  0  0
  -36.0257   37.4559   29.9038 C   0  0  0  0  0  0  0  0  0  0  0  0
  -34.8198   36.9771   29.3905 C   0  0  0  0  0  0  0  0  0  0  0  0
  -34.4963   35.6248   29.4623 C   0  0  0  0  0  0  0  0  0  0  0  0
  -35.4020   34.7375   30.0355 C   0  0  0  0  0  0  0  0  0  0  0  0
  -36.6377   35.1871   30.4856 C   0  0  0  0  0  0  0  0  0  0  0  0
  -36.9533   36.5417   30.4152 C   0  0  0  0  0  0  0  0  0  0  0  0
  -34.9556   32.8979   30.2209 Br  0  0  0  0  0  0  0  0  0  0  0  0
  -38.0573   38.4721   33.0223 H   0  0  0  0  0  0  0  0  0  0  0  0
  -39.1811   36.5904   33.8818 H   0  0  0  0  0  0  0  0  0  0  0  0
  -37.9420   35.8959   32.8220 H   0  0  0  0  0  0  0  0  0  0  0  0
  -37.6429   36.1800   35.8198 H   0  0  0  0  0  0  0  0  0  0  0  0
  -37.7993   34.7313   34.9112 H   0  0  0  0  0  0  0  0  0  0  0  0
  -35.3655   35.1847   35.4054 H   0  0  0  0  0  0  0  0  0  0  0  0
  -35.7492   34.9642   33.7237 H   0  0  0  0  0  0  0  0  0  0  0  0
  -35.0361   37.5125   35.1809 H   0  0  0  0  0  0  0  0  0  0  0  0
  -33.2430   36.1817   34.0054 H   0  0  0  0  0  0  0  0  0  0  0  0
  -34.1019   36.3836   32.4836 H   0  0  0  0  0  0  0  0  0  0  0  0
  -31.2900   37.5080   33.5057 H   0  0  0  0  0  0  0  0  0  0  0  0
  -34.0673   41.5135   32.8042 H   0  0  0  0  0  0  0  0  0  0  0  0
  -32.2088   42.7116   32.8543 H   0  0  0  0  0  0  0  0  0  0  0  0
  -29.8906   40.6055   35.7803 H   0  0  0  0  0  0  0  0  0  0  0  0
  -27.5466   37.3252   37.2524 H   0  0  0  0  0  0  0  0  0  0  0  0
  -28.5171   37.5857   33.0795 H   0  0  0  0  0  0  0  0  0  0  0  0
  -26.7635   35.9964   33.8903 H   0  0  0  0  0  0  0  0  0  0  0  0
  -26.4011   35.8782   35.5849 H   0  0  0  0  0  0  0  0  0  0  0  0
  -27.1998   33.7031   36.5474 H   0  0  0  0  0  0  0  0  0  0  0  0
  -29.2998   31.9940   35.9712 H   0  0  0  0  0  0  0  0  0  0  0  0
  -29.5329   35.2614   33.4509 H   0  0  0  0  0  0  0  0  0  0  0  0
  -28.3399   39.0744   38.7172 H   0  0  0  0  0  0  0  0  0  0  0  0
  -29.2943   40.4173   38.1097 H   0  0  0  0  0  0  0  0  0  0  0  0
  -39.0529   38.6106   30.1318 H   0  0  0  0  0  0  0  0  0  0  0  0
  -39.1587   39.5319   31.6756 H   0  0  0  0  0  0  0  0  0  0  0  0
  -37.9007   40.6098   29.0199 H   0  0  0  0  0  0  0  0  0  0  0  0
  -38.1397   41.5278   30.5414 H   0  0  0  0  0  0  0  0  0  0  0  0
  -34.1174   37.6726   28.9551 H   0  0  0  0  0  0  0  0  0  0  0  0
  -33.5419   35.2750   29.0957 H   0  0  0  0  0  0  0  0  0  0  0  0
  -37.3332   34.4772   30.9053 H   0  0  0  0  0  0  0  0  0  0  0  0
  -37.9185   36.8591   30.7674 H   0  0  0  0  0  0  0  0  0  0  0  0
  1  2  2  0
  2  3  1  0
  2 32  1  0
  3  4  2  0
  3 16  1  0
  4  5  1  0
  4  9  1  0
  5  6  1  0
  5 43  1  0
  6  7  1  0
  6 44  1  0
  6 45  1  0
  7  8  1  0
  7 46  1  0
  7 47  1  0
  8  9  1  0
  8 48  1  0
  8 49  1  0
  9 10  1  0
  9 50  1  1
 10 11  1  0
 10 51  1  0
 10 52  1  0
 11 12  2  0
 11 16  1  0
 12 13  1  0
 12 53  1  0
 13 14  2  0
 13 18  1  0
 14 15  1  0
 14 17  1  0
 15 16  2  0
 15 54  1  0
 17 55  1  0
 18 19  1  0
 19 20  2  0
 19 24  1  0
 20 21  1  0
 20 56  1  0
 21 22  2  0
 21 31  1  0
 22 23  1  0
 22 57  1  0
 23 24  2  0
 23 25  1  0
 24 58  1  0
 25 26  1  0
 25 59  1  0
 25 60  1  0
 26 27  1  0
 26 30  1  0
 27 28  2  0
 27 61  1  0
 28 29  1  0
 28 62  1  0
 29 30  2  0
 30 63  1  0
 31 64  1  0
 31 65  1  0
 32 33  1  0
 32 34  1  0
 32 35  1  0
 33 34  1  0
 33 66  1  0
 33 67  1  0
 34 68  1  0
 34 69  1  0
 35 36  1  0
 36 37  2  0
 36 41  1  0
 37 38  1  0
 37 70  1  0
 38 39  2  0
 38 71  1  0
 39 40  1  0
 39 42  1  0
 40 41  2  0
 40 72  1  0
 41 73  1  0
M  CHG  1   3   1
M  END
"
test-25,"COCC(COS(=O)(=O)[O-])SCC1CC(F)(Cl)[C@@H]1Cl
     RDKit          3D

 33 33  0  0  1  0  0  0  0  0999 V2000
   53.3328   59.3090   22.0501 O   0  0  0  0  0  0  0  0  0  0  0  0
   53.8375   58.0228   21.5608 S   0  0  0  0  0  0  0  0  0  0  0  0
   54.5328   58.1015   20.2763 O   0  0  0  0  0  0  0  0  0  0  0  0
   54.5328   57.2228   22.5735 O   0  0  0  0  0  0  0  0  0  0  0  0
   52.4813   57.1322   21.1888 O   0  0  0  0  0  0  0  0  0  0  0  0
   51.5622   56.8327   22.2253 C   0  0  0  0  0  0  0  0  0  0  0  0
   50.1618   56.6613   21.5999 C   0  0  1  0  0  0  0  0  0  0  0  0
   49.6993   57.9837   20.9513 C   0  0  0  0  0  0  0  0  0  0  0  0
   48.3289   57.8970   20.5768 O   0  0  0  0  0  0  0  0  0  0  0  0
   47.8930   58.9853   19.7769 C   0  0  0  0  0  0  0  0  0  0  0  0
   50.0619   55.2596   20.4286 S   0  0  0  0  0  0  0  0  0  0  0  0
   50.4077   53.8139   21.4764 C   0  0  0  0  0  0  0  0  0  0  0  0
   51.6439   52.9994   21.0460 C   0  0  1  0  0  0  0  0  0  0  0  0
   51.8468   51.6487   21.7607 C   0  0  0  0  0  0  0  0  0  0  0  0
   52.4071   51.1163   20.4311 C   0  0  1  0  0  0  0  0  0  0  0  0
   51.6364   52.2368   19.7022 C   0  0  1  0  0  0  0  0  0  0  0  0
   50.0192   51.7778   19.0764 Cl  0  0  0  0  0  0  0  0  0  0  0  0
   53.7328   51.1238   20.2764 F   0  0  0  0  0  0  0  0  0  0  0  0
   51.9503   49.4342   20.0456 Cl  0  0  0  0  0  0  0  0  0  0  0  0
   51.8923   55.9339   22.7450 H   0  0  0  0  0  0  0  0  0  0  0  0
   51.5419   57.6228   22.9761 H   0  0  0  0  0  0  0  0  0  0  0  0
   49.4650   56.4380   22.4068 H   0  0  0  0  0  0  0  0  0  0  0  0
   49.8209   58.8118   21.6528 H   0  0  0  0  0  0  0  0  0  0  0  0
   50.3236   58.2027   20.0819 H   0  0  0  0  0  0  0  0  0  0  0  0
   48.0464   59.9424   20.2764 H   0  0  0  0  0  0  0  0  0  0  0  0
   48.4168   59.0057   18.8200 H   0  0  0  0  0  0  0  0  0  0  0  0
   46.8279   58.8821   19.5719 H   0  0  0  0  0  0  0  0  0  0  0  0
   50.5328   54.1366   22.5085 H   0  0  0  0  0  0  0  0  0  0  0  0
   49.5164   53.1876   21.4764 H   0  0  0  0  0  0  0  0  0  0  0  0
   52.5134   53.6574   21.1319 H   0  0  0  0  0  0  0  0  0  0  0  0
   52.5328   51.6380   22.6071 H   0  0  0  0  0  0  0  0  0  0  0  0
   50.9219   51.1328   22.0285 H   0  0  0  0  0  0  0  0  0  0  0  0
   52.1507   52.7161   18.8688 H   0  0  0  0  0  0  0  0  0  0  0  0
  1  2  2  0
  2  3  2  0
  2  4  1  0
  2  5  1  0
  5  6  1  0
  6  7  1  0
  6 20  1  0
  6 21  1  0
  7  8  1  0
  7 11  1  0
  7 22  1  1
  8  9  1  0
  8 23  1  0
  8 24  1  0
  9 10  1  0
 10 25  1  0
 10 26  1  0
 10 27  1  0
 11 12  1  0
 12 13  1  0
 12 28  1  0
 12 29  1  0
 13 14  1  0
 13 16  1  0
 13 30  1  6
 14 15  1  0
 14 31  1  0
 14 32  1  0
 15 16  1  0
 15 18  1  1
 15 19  1  0
 16 17  1  0
 16 33  1  6
M  CHG  1   4  -1
M  END
"
test-26,"CC(C)N(C[NH3+])C1CNC(=O)[C@H](CCN[P@@](C)(=O)O)O1
     RDKit          3D

 46 46  0  0  1  0  0  0  0  0999 V2000
   33.1190   -7.8882   62.8424 N   0  0  0  0  0  0  0  0  0  0  0  0
   34.0722   -7.9233   61.7100 C   0  0  0  0  0  0  0  0  0  0  0  0
   35.3508   -7.1222   61.9897 N   0  0  0  0  0  0  0  0  0  0  0  0
   31.8304   -7.3603   62.3121 C   0  0  0  0  0  0  0  0  0  0  0  0
   31.9465   -5.8270   62.1621 C   0  0  0  0  0  0  0  0  0  0  0  0
   30.5610   -7.6598   63.1327 C   0  0  0  0  0  0  0  0  0  0  0  0
   33.1540   -9.1392   63.6335 C   0  0  1  0  0  0  0  0  0  0  0  0
   34.5517   -9.4048   64.2340 C   0  0  0  0  0  0  0  0  0  0  0  0
   34.5519  -10.3454   65.3621 N   0  0  0  0  0  0  0  0  0  0  0  0
   33.4691  -10.8392   65.9838 C   0  0  0  0  0  0  0  0  0  0  0  0
   33.5810  -11.6546   66.9005 O   0  0  0  0  0  0  0  0  0  0  0  0
   32.1319  -10.3631   65.3570 C   0  0  2  0  0  0  0  0  0  0  0  0
   32.2624   -9.0832   64.7115 O   0  0  0  0  0  0  0  0  0  0  0  0
   30.9601  -10.3895   66.3726 C   0  0  0  0  0  0  0  0  0  0  0  0
   29.5768  -10.4020   65.6927 C   0  0  0  0  0  0  0  0  0  0  0  0
   29.3779  -11.5848   64.8581 N   0  0  0  0  0  0  0  0  0  0  0  0
   28.3975  -11.5538   63.4796 P   0  0  1  0  0  0  0  0  0  0  0  0
   28.4519  -13.2665   62.8755 C   0  0  0  0  0  0  0  0  0  0  0  0
   27.0772  -10.8868   63.5893 O   0  0  0  0  0  0  0  0  0  0  0  0
   29.3516  -10.8584   62.3892 O   0  0  0  0  0  0  0  0  0  0  0  0
   34.4089   -8.9298   61.4499 H   0  0  0  0  0  0  0  0  0  0  0  0
   33.7117   -7.4627   60.7886 H   0  0  0  0  0  0  0  0  0  0  0  0
   35.1330   -6.1459   62.1612 H   0  0  0  0  0  0  0  0  0  0  0  0
   35.8678   -7.5016   62.7714 H   0  0  0  0  0  0  0  0  0  0  0  0
   35.9526   -7.1631   61.1751 H   0  0  0  0  0  0  0  0  0  0  0  0
   31.6441   -7.8026   61.3296 H   0  0  0  0  0  0  0  0  0  0  0  0
   32.0232   -5.3394   63.1348 H   0  0  0  0  0  0  0  0  0  0  0  0
   32.8192   -5.5249   61.5893 H   0  0  0  0  0  0  0  0  0  0  0  0
   31.0743   -5.4145   61.6538 H   0  0  0  0  0  0  0  0  0  0  0  0
   30.6369   -7.2831   64.1527 H   0  0  0  0  0  0  0  0  0  0  0  0
   29.6799   -7.2021   62.6827 H   0  0  0  0  0  0  0  0  0  0  0  0
   30.3666   -8.7295   63.1704 H   0  0  0  0  0  0  0  0  0  0  0  0
   32.7965   -9.9462   62.9869 H   0  0  0  0  0  0  0  0  0  0  0  0
   35.1986   -9.8023   63.4535 H   0  0  0  0  0  0  0  0  0  0  0  0
   34.9764   -8.4664   64.5939 H   0  0  0  0  0  0  0  0  0  0  0  0
   35.4646  -10.6170   65.7065 H   0  0  0  0  0  0  0  0  0  0  0  0
   31.9336  -11.1233   64.5987 H   0  0  0  0  0  0  0  0  0  0  0  0
   31.0379   -9.5227   67.0315 H   0  0  0  0  0  0  0  0  0  0  0  0
   31.0198  -11.2649   67.0220 H   0  0  0  0  0  0  0  0  0  0  0  0
   28.7840  -10.3702   66.4413 H   0  0  0  0  0  0  0  0  0  0  0  0
   29.4583   -9.5067   65.0825 H   0  0  0  0  0  0  0  0  0  0  0  0
   30.2319  -12.1303   64.7529 H   0  0  0  0  0  0  0  0  0  0  0  0
   28.1518  -13.9221   63.6801 H   0  0  0  0  0  0  0  0  0  0  0  0
   27.7987  -13.4441   62.0230 H   0  0  0  0  0  0  0  0  0  0  0  0
   29.4681  -13.5212   62.5820 H   0  0  0  0  0  0  0  0  0  0  0  0
   29.0408  -11.0337   61.4587 H   0  0  0  0  0  0  0  0  0  0  0  0
  1  2  1  0
  1  4  1  0
  1  7  1  0
  2  3  1  0
  2 21  1  0
  2 22  1  0
  3 23  1  0
  3 24  1  0
  3 25  1  0
  4  5  1  0
  4  6  1  0
  4 26  1  0
  5 27  1  0
  5 28  1  0
  5 29  1  0
  6 30  1  0
  6 31  1  0
  6 32  1  0
  7  8  1  0
  7 13  1  0
  7 33  1  6
  8  9  1  0
  8 34  1  0
  8 35  1  0
  9 10  1  0
  9 36  1  0
 10 11  2  0
 10 12  1  0
 12 13  1  0
 12 14  1  0
 12 37  1  6
 14 15  1  0
 14 38  1  0
 14 39  1  0
 15 16  1  0
 15 40  1  0
 15 41  1  0
 16 17  1  0
 16 42  1  0
 17 18  1  0
 17 19  2  0
 17 20  1  6
 18 43  1  0
 18 44  1  0
 18 45  1  0
 20 46  1  0
M  CHG  1   3   1
M  END
"
test-27,"CN(C)C=CNc1ncc(C#N)cc1-c1cccnc1
     RDKit          3D

 35 36  0  0  1  0  0  0  0  0999 V2000
   31.9177   -4.1763  -78.0157 N   0  0  0  0  0  0  0  0  0  0  0  0
   32.7428   -5.2011  -78.3426 C   0  0  0  0  0  0  0  0  0  0  0  0
   34.1034   -5.0219  -78.5702 C   0  0  0  0  0  0  0  0  0  0  0  0
   34.6353   -3.7417  -78.4114 C   0  0  0  0  0  0  0  0  0  0  0  0
   33.8145   -2.6581  -78.0608 C   0  0  0  0  0  0  0  0  0  0  0  0
   32.4247   -2.9144  -77.9337 C   0  0  0  0  0  0  0  0  0  0  0  0
   31.4270   -1.9816  -77.6131 N   0  0  0  0  0  0  0  0  0  0  0  0
   31.4016   -0.6094  -77.6624 C   0  0  0  0  0  0  0  0  0  0  0  0
   30.7540    0.2156  -76.8214 C   0  0  0  0  0  0  0  0  0  0  0  0
   30.6733    1.5950  -76.8410 N   0  0  0  0  0  0  0  0  0  0  0  0
   31.2924    2.3986  -77.8908 C   0  0  0  0  0  0  0  0  0  0  0  0
   29.5531    2.2670  -76.1904 C   0  0  0  0  0  0  0  0  0  0  0  0
   34.4928   -1.3831  -77.6968 C   0  0  0  0  0  0  0  0  0  0  0  0
   34.4282   -0.2007  -78.4442 C   0  0  0  0  0  0  0  0  0  0  0  0
   35.0959    0.9465  -78.0108 C   0  0  0  0  0  0  0  0  0  0  0  0
   35.8329    0.8753  -76.8279 C   0  0  0  0  0  0  0  0  0  0  0  0
   35.9533   -0.2666  -76.1081 N   0  0  0  0  0  0  0  0  0  0  0  0
   35.2989   -1.3622  -76.5590 C   0  0  0  0  0  0  0  0  0  0  0  0
   34.9492   -6.1504  -78.9237 C   0  0  0  0  0  0  0  0  0  0  0  0
   35.6205   -7.0491  -79.2048 N   0  0  0  0  0  0  0  0  0  0  0  0
   32.2951   -6.1828  -78.4177 H   0  0  0  0  0  0  0  0  0  0  0  0
   35.6998   -3.5850  -78.5274 H   0  0  0  0  0  0  0  0  0  0  0  0
   30.6617   -2.4457  -77.1403 H   0  0  0  0  0  0  0  0  0  0  0  0
   31.9446   -0.2156  -78.4974 H   0  0  0  0  0  0  0  0  0  0  0  0
   30.1992   -0.2026  -75.9949 H   0  0  0  0  0  0  0  0  0  0  0  0
   31.4209    3.4343  -77.5721 H   0  0  0  0  0  0  0  0  0  0  0  0
   32.2818    2.0169  -78.1450 H   0  0  0  0  0  0  0  0  0  0  0  0
   30.6777    2.3914  -78.7922 H   0  0  0  0  0  0  0  0  0  0  0  0
   29.3281    1.8204  -75.2216 H   0  0  0  0  0  0  0  0  0  0  0  0
   29.7706    3.3208  -76.0094 H   0  0  0  0  0  0  0  0  0  0  0  0
   28.6546    2.2060  -76.8068 H   0  0  0  0  0  0  0  0  0  0  0  0
   33.8790   -0.1663  -79.3719 H   0  0  0  0  0  0  0  0  0  0  0  0
   35.0494    1.8621  -78.5815 H   0  0  0  0  0  0  0  0  0  0  0  0
   36.3587    1.7380  -76.4421 H   0  0  0  0  0  0  0  0  0  0  0  0
   35.4474   -2.2741  -76.0117 H   0  0  0  0  0  0  0  0  0  0  0  0
  1  2  2  0
  1  6  1  0
  2  3  1  0
  2 21  1  0
  3  4  2  0
  3 19  1  0
  4  5  1  0
  4 22  1  0
  5  6  2  0
  5 13  1  0
  6  7  1  0
  7  8  1  0
  7 23  1  0
  8  9  2  3
  8 24  1  0
  9 10  1  0
  9 25  1  0
 10 11  1  0
 10 12  1  0
 11 26  1  0
 11 27  1  0
 11 28  1  0
 12 29  1  0
 12 30  1  0
 12 31  1  0
 13 14  2  0
 13 18  1  0
 14 15  1  0
 14 32  1  0
 15 16  2  0
 15 33  1  0
 16 17  1  0
 16 34  1  0
 17 18  2  0
 18 35  1  0
 19 20  3  0
M  END
"
test-28,"CCn1c(=O)n(NCC2CC2F)c2c(=O)n(C)c(C3CC3)cc21
     RDKit          3D

 44 47  0  0  1  0  0  0  0  0999 V2000
    0.5275   64.0427   88.2029 O   0  0  0  0  0  0  0  0  0  0  0  0
    0.2016   63.8649   87.0243 C   0  0  0  0  0  0  0  0  0  0  0  0
   -0.6993   62.9728   86.5517 N   0  0  0  0  0  0  0  0  0  0  0  0
   -0.8649   63.1044   85.2281 C   0  0  0  0  0  0  0  0  0  0  0  0
   -1.7680   62.4455   84.3054 C   0  0  0  0  0  0  0  0  0  0  0  0
   -1.6774   62.7698   82.9964 C   0  0  0  0  0  0  0  0  0  0  0  0
   -0.7520   63.7042   82.5201 N   0  0  0  0  0  0  0  0  0  0  0  0
    0.1198   64.3732   83.3699 C   0  0  0  0  0  0  0  0  0  0  0  0
    0.9392   65.2167   82.9971 O   0  0  0  0  0  0  0  0  0  0  0  0
    0.0067   64.0107   84.7907 C   0  0  0  0  0  0  0  0  0  0  0  0
    0.6856   64.4427   85.8839 N   0  0  0  0  0  0  0  0  0  0  0  0
    1.8601   65.2427   85.8070 N   0  0  0  0  0  0  0  0  0  0  0  0
    3.0294   64.8401   86.6070 C   0  0  0  0  0  0  0  0  0  0  0  0
    4.3240   65.3215   85.9184 C   0  0  1  0  0  0  0  0  0  0  0  0
    4.7342   66.7729   86.0280 C   0  0  0  0  0  0  0  0  0  0  0  0
    5.5416   65.6940   86.7261 C   0  0  1  0  0  0  0  0  0  0  0  0
    5.4564   65.6427   88.0551 F   0  0  0  0  0  0  0  0  0  0  0  0
   -0.6551   64.0598   81.0899 C   0  0  0  0  0  0  0  0  0  0  0  0
   -2.6262   62.1643   81.9575 C   0  0  0  0  0  0  0  0  0  0  0  0
   -2.1751   60.9790   81.1347 C   0  0  0  0  0  0  0  0  0  0  0  0
   -3.2857   60.8115   82.1499 C   0  0  0  0  0  0  0  0  0  0  0  0
   -1.3632   61.9330   87.3366 C   0  0  0  0  0  0  0  0  0  0  0  0
   -2.8174   62.2803   87.6774 C   0  0  0  0  0  0  0  0  0  0  0  0
   -2.5200   61.7480   84.6408 H   0  0  0  0  0  0  0  0  0  0  0  0
    1.6067   66.1941   86.0480 H   0  0  0  0  0  0  0  0  0  0  0  0
    2.9530   65.2427   87.6062 H   0  0  0  0  0  0  0  0  0  0  0  0
    3.0989   63.7874   86.8655 H   0  0  0  0  0  0  0  0  0  0  0  0
    4.4946   64.8427   84.9543 H   0  0  0  0  0  0  0  0  0  0  0  0
    5.1615   67.2610   85.1520 H   0  0  0  0  0  0  0  0  0  0  0  0
    4.1219   67.4611   86.6070 H   0  0  0  0  0  0  0  0  0  0  0  0
    6.5501   65.4431   86.3957 H   0  0  0  0  0  0  0  0  0  0  0  0
    0.1381   64.7674   80.8427 H   0  0  0  0  0  0  0  0  0  0  0  0
   -0.4738   63.1638   80.4962 H   0  0  0  0  0  0  0  0  0  0  0  0
   -1.5932   64.5013   80.7548 H   0  0  0  0  0  0  0  0  0  0  0  0
   -3.2469   62.9016   81.4453 H   0  0  0  0  0  0  0  0  0  0  0  0
   -2.4149   60.9744   80.0713 H   0  0  0  0  0  0  0  0  0  0  0  0
   -1.1951   60.5445   81.3399 H   0  0  0  0  0  0  0  0  0  0  0  0
   -4.3152   60.6927   81.8069 H   0  0  0  0  0  0  0  0  0  0  0  0
   -3.0877   60.2291   83.0488 H   0  0  0  0  0  0  0  0  0  0  0  0
   -0.8084   61.7774   88.2636 H   0  0  0  0  0  0  0  0  0  0  0  0
   -1.3104   60.9862   86.7991 H   0  0  0  0  0  0  0  0  0  0  0  0
   -2.8594   62.8427   88.6069 H   0  0  0  0  0  0  0  0  0  0  0  0
   -3.3018   62.8764   86.9025 H   0  0  0  0  0  0  0  0  0  0  0  0
   -3.4124   61.3766   87.8070 H   0  0  0  0  0  0  0  0  0  0  0  0
  1  2  2  0
  2  3  1  0
  2 11  1  0
  3  4  1  0
  3 22  1  0
  4  5  1  0
  4 10  2  0
  5  6  2  0
  5 24  1  0
  6  7  1  0
  6 19  1  0
  7  8  1  0
  7 18  1  0
  8  9  2  0
  8 10  1  0
 10 11  1  0
 11 12  1  0
 12 13  1  0
 12 25  1  0
 13 14  1  0
 13 26  1  0
 13 27  1  0
 14 15  1  0
 14 16  1  0
 14 28  1  6
 15 16  1  0
 15 29  1  0
 15 30  1  0
 16 17  1  0
 16 31  1  6
 18 32  1  0
 18 33  1  0
 18 34  1  0
 19 20  1  0
 19 21  1  0
 19 35  1  0
 20 21  1  0
 20 36  1  0
 20 37  1  0
 21 38  1  0
 21 39  1  0
 22 23  1  0
 22 40  1  0
 22 41  1  0
 23 42  1  0
 23 43  1  0
 23 44  1  0
M  END
"
test-29,"CN1COc2cc3c(cc21)CO[C@@H]3OCCC[NH3+]
     RDKit          3D

 37 39  0  0  1  0  0  0  0  0999 V2000
    0.0600   63.7736   82.1757 C   0  0  0  0  0  0  0  0  0  0  0  0
   -0.7383   62.6400   82.0166 C   0  0  0  0  0  0  0  0  0  0  0  0
   -1.3738   62.0730   83.1231 C   0  0  0  0  0  0  0  0  0  0  0  0
   -1.2329   62.5963   84.4096 C   0  0  0  0  0  0  0  0  0  0  0  0
   -0.4080   63.7145   84.5510 C   0  0  0  0  0  0  0  0  0  0  0  0
    0.2250   64.2949   83.4590 C   0  0  0  0  0  0  0  0  0  0  0  0
    1.0293   65.4702   83.9419 C   0  0  0  0  0  0  0  0  0  0  0  0
    0.7369   65.5920   85.3215 O   0  0  0  0  0  0  0  0  0  0  0  0
    0.0322   64.4744   85.7878 C   0  0  2  0  0  0  0  0  0  0  0  0
   -2.0854   60.9452   82.8098 O   0  0  0  0  0  0  0  0  0  0  0  0
   -1.7938   60.7402   81.4759 C   0  0  0  0  0  0  0  0  0  0  0  0
   -1.1468   61.8970   80.9195 N   0  0  0  0  0  0  0  0  0  0  0  0
   -0.4587   61.7253   79.6472 C   0  0  0  0  0  0  0  0  0  0  0  0
    0.8061   63.6467   86.6072 O   0  0  0  0  0  0  0  0  0  0  0  0
    1.6613   64.2971   87.5424 C   0  0  0  0  0  0  0  0  0  0  0  0
    3.0859   64.5899   87.0072 C   0  0  0  0  0  0  0  0  0  0  0  0
    4.1807   64.8984   88.0240 C   0  0  0  0  0  0  0  0  0  0  0  0
    5.4728   65.3020   87.3009 N   0  0  0  0  0  0  0  0  0  0  0  0
    0.5414   64.2284   81.3213 H   0  0  0  0  0  0  0  0  0  0  0  0
   -1.7112   62.1378   85.2644 H   0  0  0  0  0  0  0  0  0  0  0  0
    2.0988   65.3092   83.8043 H   0  0  0  0  0  0  0  0  0  0  0  0
    0.7498   66.3951   83.4333 H   0  0  0  0  0  0  0  0  0  0  0  0
   -0.7974   64.8428   86.3943 H   0  0  0  0  0  0  0  0  0  0  0  0
   -1.1250   59.8831   81.4080 H   0  0  0  0  0  0  0  0  0  0  0  0
   -2.6959   60.4739   80.9182 H   0  0  0  0  0  0  0  0  0  0  0  0
   -0.0105   62.6671   79.3239 H   0  0  0  0  0  0  0  0  0  0  0  0
    0.3344   60.9830   79.7301 H   0  0  0  0  0  0  0  0  0  0  0  0
   -1.1594   61.3891   78.8806 H   0  0  0  0  0  0  0  0  0  0  0  0
    1.1694   65.2261   87.8068 H   0  0  0  0  0  0  0  0  0  0  0  0
    1.7054   63.6759   88.4404 H   0  0  0  0  0  0  0  0  0  0  0  0
    3.4969   63.6858   86.6071 H   0  0  0  0  0  0  0  0  0  0  0  0
    3.0497   65.3282   86.2070 H   0  0  0  0  0  0  0  0  0  0  0  0
    4.0078   65.6434   88.7665 H   0  0  0  0  0  0  0  0  0  0  0  0
    4.4108   64.0388   88.6072 H   0  0  0  0  0  0  0  0  0  0  0  0
    5.3423   66.1500   86.7638 H   0  0  0  0  0  0  0  0  0  0  0  0
    6.2076   65.4573   87.9761 H   0  0  0  0  0  0  0  0  0  0  0  0
    5.7656   64.5634   86.6776 H   0  0  0  0  0  0  0  0  0  0  0  0
  1  2  2  0
  1  6  1  0
  1 19  1  0
  2  3  1  0
  2 12  1  0
  3  4  2  0
  3 10  1  0
  4  5  1  0
  4 20  1  0
  5  6  2  0
  5  9  1  0
  6  7  1  0
  7  8  1  0
  7 21  1  0
  7 22  1  0
  8  9  1  0
  9 14  1  0
  9 23  1  1
 10 11  1  0
 11 12  1  0
 11 24  1  0
 11 25  1  0
 12 13  1  0
 13 26  1  0
 13 27  1  0
 13 28  1  0
 14 15  1  0
 15 16  1  0
 15 29  1  0
 15 30  1  0
 16 17  1  0
 16 31  1  0
 16 32  1  0
 17 18  1  0
 17 33  1  0
 17 34  1  0
 18 35  1  0
 18 36  1  0
 18 37  1  0
M  CHG  1  18   1
M  END
"
test-30,"CCCCC/C(=C\C=CCCBr)C[NH2+]/C=C(/O)P
     RDKit          3D

 44 43  0  0  1  0  0  0  0  0999 V2000
   20.6325   47.4623    5.7901 O   0  0  0  0  0  0  0  0  0  0  0  0
   20.2515   48.3832    6.7051 C   0  0  0  0  0  0  0  0  0  0  0  0
   19.3416   49.8288    6.1201 P   0  0  0  0  0  0  0  0  0  0  0  0
   20.5393   48.2724    8.0214 C   0  0  0  0  0  0  0  0  0  0  0  0
   20.2516   49.2864    9.0450 N   0  0  0  0  0  0  0  0  0  0  0  0
   19.7157   48.7296   10.3830 C   0  0  0  0  0  0  0  0  0  0  0  0
   20.2973   49.3571   11.6596 C   0  0  0  0  0  0  0  0  0  0  0  0
   20.4919   48.5422   12.7296 C   0  0  0  0  0  0  0  0  0  0  0  0
   21.0516   48.8840   14.0249 C   0  0  0  0  0  0  0  0  0  0  0  0
   20.5425   48.5565   15.2275 C   0  0  0  0  0  0  0  0  0  0  0  0
   19.2576   47.8022   15.5221 C   0  0  0  0  0  0  0  0  0  0  0  0
   18.1129   48.7602   15.8746 C   0  0  0  0  0  0  0  0  0  0  0  0
   16.6515   47.8290   16.8379 Br  0  0  0  0  0  0  0  0  0  0  0  0
   20.5654   50.8824   11.5960 C   0  0  0  0  0  0  0  0  0  0  0  0
   21.5618   51.5531   12.5737 C   0  0  0  0  0  0  0  0  0  0  0  0
   23.0374   51.2441   12.2513 C   0  0  0  0  0  0  0  0  0  0  0  0
   24.0413   51.9366   13.1904 C   0  0  0  0  0  0  0  0  0  0  0  0
   24.0483   53.4721   13.1304 C   0  0  0  0  0  0  0  0  0  0  0  0
   21.1721   46.7921    6.2118 H   0  0  0  0  0  0  0  0  0  0  0  0
   20.2610   50.7704    6.6577 H   0  0  0  0  0  0  0  0  0  0  0  0
   19.9930   49.8286    4.8552 H   0  0  0  0  0  0  0  0  0  0  0  0
   21.0515   47.4279    8.4525 H   0  0  0  0  0  0  0  0  0  0  0  0
   21.1002   49.7906    9.2626 H   0  0  0  0  0  0  0  0  0  0  0  0
   19.5916   49.9630    8.6815 H   0  0  0  0  0  0  0  0  0  0  0  0
   18.6517   48.9224   10.3320 H   0  0  0  0  0  0  0  0  0  0  0  0
   19.8510   47.6451   10.3611 H   0  0  0  0  0  0  0  0  0  0  0  0
   20.2128   47.5048   12.6142 H   0  0  0  0  0  0  0  0  0  0  0  0
   21.9811   49.4287   14.0453 H   0  0  0  0  0  0  0  0  0  0  0  0
   21.0914   48.8672   16.1063 H   0  0  0  0  0  0  0  0  0  0  0  0
   18.9673   47.1704   14.6823 H   0  0  0  0  0  0  0  0  0  0  0  0
   19.4609   47.1333   16.3596 H   0  0  0  0  0  0  0  0  0  0  0  0
   18.4454   49.5717   16.5203 H   0  0  0  0  0  0  0  0  0  0  0  0
   17.6809   49.1891   14.9723 H   0  0  0  0  0  0  0  0  0  0  0  0
   20.8751   51.1924   10.5999 H   0  0  0  0  0  0  0  0  0  0  0  0
   19.5859   51.3461   11.7203 H   0  0  0  0  0  0  0  0  0  0  0  0
   21.4518   52.6290   12.5202 H   0  0  0  0  0  0  0  0  0  0  0  0
   21.3071   51.3644   13.6128 H   0  0  0  0  0  0  0  0  0  0  0  0
   23.2087   50.1673   12.2835 H   0  0  0  0  0  0  0  0  0  0  0  0
   23.2560   51.5408   11.2239 H   0  0  0  0  0  0  0  0  0  0  0  0
   23.8576   51.6127   14.2159 H   0  0  0  0  0  0  0  0  0  0  0  0
   25.0405   51.5980   12.9205 H   0  0  0  0  0  0  0  0  0  0  0  0
   24.8282   53.8803   13.7741 H   0  0  0  0  0  0  0  0  0  0  0  0
   24.2480   53.8276   12.1204 H   0  0  0  0  0  0  0  0  0  0  0  0
   23.1038   53.9011   13.4654 H   0  0  0  0  0  0  0  0  0  0  0  0
  1  2  1  0
  1 19  1  0
  2  3  1  0
  2  4  2  0
  3 20  1  0
  3 21  1  0
  4  5  1  0
  4 22  1  0
  5  6  1  0
  5 23  1  0
  5 24  1  0
  6  7  1  0
  6 25  1  0
  6 26  1  0
  7  8  2  0
  7 14  1  0
  8  9  1  0
  8 27  1  0
  9 10  2  0
  9 28  1  0
 10 11  1  0
 10 29  1  0
 11 12  1  0
 11 30  1  0
 11 31  1  0
 12 13  1  0
 12 32  1  0
 12 33  1  0
 14 15  1  0
 14 34  1  0
 14 35  1  0
 15 16  1  0
 15 36  1  0
 15 37  1  0
 16 17  1  0
 16 38  1  0
 16 39  1  0
 17 18  1  0
 17 40  1  0
 17 41  1  0
 18 42  1  0
 18 43  1  0
 18 44  1  0
M  CHG  1   5   1
M  END
"
test-31,"OC1C[NH2+]CC[NH2+][C@H]1O
     RDKit          3D

 23 23  0  0  1  0  0  0  0  0999 V2000
   31.0070   36.4574  -22.2842 O   0  0  0  0  0  0  0  0  0  0  0  0
   32.0056   35.7840  -21.5602 C   0  0  2  0  0  0  0  0  0  0  0  0
   31.3087   35.1649  -20.3196 C   0  0  0  0  0  0  0  0  0  0  0  0
   32.2144   34.4198  -19.3114 N   0  0  0  0  0  0  0  0  0  0  0  0
   33.6583   34.0574  -19.7146 C   0  0  0  0  0  0  0  0  0  0  0  0
   34.6071   35.2724  -19.7626 C   0  0  0  0  0  0  0  0  0  0  0  0
   34.4909   36.0574  -21.0842 N   0  0  0  0  0  0  0  0  0  0  0  0
   33.1578   36.7863  -21.3242 C   0  0  2  0  0  0  0  0  0  0  0  0
   32.9060   37.6574  -20.2295 O   0  0  0  0  0  0  0  0  0  0  0  0
   30.8923   37.3864  -21.9813 H   0  0  0  0  0  0  0  0  0  0  0  0
   32.3505   34.9793  -22.2183 H   0  0  0  0  0  0  0  0  0  0  0  0
   30.7947   35.9168  -19.7162 H   0  0  0  0  0  0  0  0  0  0  0  0
   30.5761   34.4116  -20.6183 H   0  0  0  0  0  0  0  0  0  0  0  0
   32.2418   34.9478  -18.4488 H   0  0  0  0  0  0  0  0  0  0  0  0
   31.7530   33.5364  -19.0842 H   0  0  0  0  0  0  0  0  0  0  0  0
   33.9580   33.3581  -18.9300 H   0  0  0  0  0  0  0  0  0  0  0  0
   33.5936   33.4892  -20.6477 H   0  0  0  0  0  0  0  0  0  0  0  0
   34.4631   35.9894  -18.9509 H   0  0  0  0  0  0  0  0  0  0  0  0
   35.6509   34.9548  -19.7516 H   0  0  0  0  0  0  0  0  0  0  0  0
   35.2381   36.7360  -21.1398 H   0  0  0  0  0  0  0  0  0  0  0  0
   34.6335   35.4083  -21.8571 H   0  0  0  0  0  0  0  0  0  0  0  0
   33.3758   37.3556  -22.2312 H   0  0  0  0  0  0  0  0  0  0  0  0
   32.6594   38.5474  -20.5360 H   0  0  0  0  0  0  0  0  0  0  0  0
  1  2  1  0
  1 10  1  0
  2  3  1  0
  2  8  1  0
  2 11  1  6
  3  4  1  0
  3 12  1  0
  3 13  1  0
  4  5  1  0
  4 14  1  0
  4 15  1  0
  5  6  1  0
  5 16  1  0
  5 17  1  0
  6  7  1  0
  6 18  1  0
  6 19  1  0
  7  8  1  0
  7 20  1  0
  7 21  1  0
  8  9  1  0
  8 22  1  6
  9 23  1  0
M  CHG  2   4   1   7   1
M  END
"
test-32,"COC(=O)c1nc(CO)n(Cc2cnccn2)n1
     RDKit          3D

 29 30  0  0  1  0  0  0  0  0999 V2000
   29.9571  -58.7543    3.5781 N   0  0  0  0  0  0  0  0  0  0  0  0
   29.3535  -59.3416    4.6440 C   0  0  0  0  0  0  0  0  0  0  0  0
   27.9730  -59.2689    4.8251 C   0  0  0  0  0  0  0  0  0  0  0  0
   27.1768  -58.6404    3.9237 N   0  0  0  0  0  0  0  0  0  0  0  0
   27.7666  -58.0798    2.8314 C   0  0  0  0  0  0  0  0  0  0  0  0
   29.1598  -58.1122    2.6838 C   0  0  0  0  0  0  0  0  0  0  0  0
   26.7771  -57.4879    1.8242 C   0  0  0  0  0  0  0  0  0  0  0  0
   27.2329  -57.0194    0.5075 N   0  0  0  0  0  0  0  0  0  0  0  0
   27.9376  -57.6576   -0.4899 C   0  0  0  0  0  0  0  0  0  0  0  0
   27.8281  -56.9612   -1.5960 N   0  0  0  0  0  0  0  0  0  0  0  0
   26.9094  -56.0517   -1.3177 C   0  0  0  0  0  0  0  0  0  0  0  0
   26.5912  -55.9722   -0.0398 N   0  0  0  0  0  0  0  0  0  0  0  0
   26.1550  -55.3618   -2.3687 C   0  0  0  0  0  0  0  0  0  0  0  0
   25.0635  -55.7612   -2.7818 O   0  0  0  0  0  0  0  0  0  0  0  0
   26.7726  -54.2533   -2.7844 O   0  0  0  0  0  0  0  0  0  0  0  0
   26.2224  -53.4606   -3.8288 C   0  0  0  0  0  0  0  0  0  0  0  0
   28.5838  -59.0380   -0.4486 C   0  0  0  0  0  0  0  0  0  0  0  0
   27.5733  -60.0225   -0.3815 O   0  0  0  0  0  0  0  0  0  0  0  0
   29.9793  -59.8836    5.3373 H   0  0  0  0  0  0  0  0  0  0  0  0
   27.4903  -59.7609    5.6568 H   0  0  0  0  0  0  0  0  0  0  0  0
   29.6639  -57.6826    1.8359 H   0  0  0  0  0  0  0  0  0  0  0  0
   26.0088  -58.2336    1.6179 H   0  0  0  0  0  0  0  0  0  0  0  0
   26.2783  -56.6557    2.3260 H   0  0  0  0  0  0  0  0  0  0  0  0
   25.2208  -53.1112   -3.5728 H   0  0  0  0  0  0  0  0  0  0  0  0
   26.8513  -52.5875   -4.0034 H   0  0  0  0  0  0  0  0  0  0  0  0
   26.1657  -54.0268   -4.7603 H   0  0  0  0  0  0  0  0  0  0  0  0
   29.2809  -59.1965    0.3672 H   0  0  0  0  0  0  0  0  0  0  0  0
   29.1720  -59.2213   -1.3504 H   0  0  0  0  0  0  0  0  0  0  0  0
   27.9249  -60.8701   -0.6774 H   0  0  0  0  0  0  0  0  0  0  0  0
  1  2  2  0
  1  6  1  0
  2  3  1  0
  2 19  1  0
  3  4  2  0
  3 20  1  0
  4  5  1  0
  5  6  2  0
  5  7  1  0
  6 21  1  0
  7  8  1  0
  7 22  1  0
  7 23  1  0
  8  9  1  0
  8 12  1  0
  9 10  2  0
  9 17  1  0
 10 11  1  0
 11 12  2  0
 11 13  1  0
 13 14  2  0
 13 15  1  0
 15 16  1  0
 16 24  1  0
 16 25  1  0
 16 26  1  0
 17 18  1  0
 17 27  1  0
 17 28  1  0
 18 29  1  0
M  END
"
test-33,"C=CCCCNc1nncc2nc(OCC[NH2+]C)[nH]c12
     RDKit          3D

 41 42  0  0  1  0  0  0  0  0999 V2000
   -0.2556   54.7803   33.7258 N   0  0  0  0  0  0  0  0  0  0  0  0
   -1.6102   54.8036   33.7385 C   0  0  0  0  0  0  0  0  0  0  0  0
   -2.3050   56.0065   33.8834 C   0  0  0  0  0  0  0  0  0  0  0  0
   -3.6481   56.2444   33.9158 N   0  0  0  0  0  0  0  0  0  0  0  0
   -3.7412   57.5461   34.0468 C   0  0  0  0  0  0  0  0  0  0  0  0
   -2.5213   58.1793   34.1247 N   0  0  0  0  0  0  0  0  0  0  0  0
   -1.5514   57.1968   34.0187 C   0  0  0  0  0  0  0  0  0  0  0  0
   -0.1447   57.1355   34.0076 C   0  0  0  0  0  0  0  0  0  0  0  0
    0.4467   55.9173   33.8537 N   0  0  0  0  0  0  0  0  0  0  0  0
    0.7519   58.2067   34.1094 N   0  0  0  0  0  0  0  0  0  0  0  0
    0.3285   59.5976   34.1554 C   0  0  0  0  0  0  0  0  0  0  0  0
    1.5166   60.5693   34.0627 C   0  0  0  0  0  0  0  0  0  0  0  0
    1.0880   62.0439   33.9648 C   0  0  0  0  0  0  0  0  0  0  0  0
    2.2535   62.9854   33.7248 C   0  0  0  0  0  0  0  0  0  0  0  0
    2.3776   63.8003   32.6650 C   0  0  0  0  0  0  0  0  0  0  0  0
   -4.9232   58.2536   34.0850 O   0  0  0  0  0  0  0  0  0  0  0  0
   -6.1466   57.5591   33.7906 C   0  0  0  0  0  0  0  0  0  0  0  0
   -6.5672   57.6801   32.3052 C   0  0  0  0  0  0  0  0  0  0  0  0
   -5.5537   57.0542   31.3251 N   0  0  0  0  0  0  0  0  0  0  0  0
   -5.5961   55.5168   31.2599 C   0  0  0  0  0  0  0  0  0  0  0  0
   -2.1228   53.8580   33.6459 H   0  0  0  0  0  0  0  0  0  0  0  0
   -2.4290   59.1853   34.2056 H   0  0  0  0  0  0  0  0  0  0  0  0
    1.7375   58.0119   34.0067 H   0  0  0  0  0  0  0  0  0  0  0  0
   -0.3485   59.7899   33.3257 H   0  0  0  0  0  0  0  0  0  0  0  0
   -0.2688   59.7930   35.0477 H   0  0  0  0  0  0  0  0  0  0  0  0
    2.1821   60.4271   34.9163 H   0  0  0  0  0  0  0  0  0  0  0  0
    2.1155   60.3153   33.1848 H   0  0  0  0  0  0  0  0  0  0  0  0
    0.3594   62.1688   33.1616 H   0  0  0  0  0  0  0  0  0  0  0  0
    0.6035   62.3515   34.8929 H   0  0  0  0  0  0  0  0  0  0  0  0
    3.0290   62.9830   34.4775 H   0  0  0  0  0  0  0  0  0  0  0  0
    3.2362   64.4494   32.5585 H   0  0  0  0  0  0  0  0  0  0  0  0
    1.6293   63.8368   31.8862 H   0  0  0  0  0  0  0  0  0  0  0  0
   -6.1450   56.5186   34.1218 H   0  0  0  0  0  0  0  0  0  0  0  0
   -6.9228   58.0339   34.3914 H   0  0  0  0  0  0  0  0  0  0  0  0
   -7.5283   57.2091   32.0851 H   0  0  0  0  0  0  0  0  0  0  0  0
   -6.6219   58.7248   31.9973 H   0  0  0  0  0  0  0  0  0  0  0  0
   -5.7837   57.3976   30.3979 H   0  0  0  0  0  0  0  0  0  0  0  0
   -4.6162   57.3760   31.5368 H   0  0  0  0  0  0  0  0  0  0  0  0
   -5.4221   55.1213   32.2602 H   0  0  0  0  0  0  0  0  0  0  0  0
   -6.5831   55.2403   30.8812 H   0  0  0  0  0  0  0  0  0  0  0  0
   -4.8078   55.2119   30.5687 H   0  0  0  0  0  0  0  0  0  0  0  0
  1  2  2  0
  1  9  1  0
  2  3  1  0
  2 21  1  0
  3  4  1  0
  3  7  2  0
  4  5  2  0
  5  6  1  0
  5 16  1  0
  6  7  1  0
  6 22  1  0
  7  8  1  0
  8  9  2  0
  8 10  1  0
 10 11  1  0
 10 23  1  0
 11 12  1  0
 11 24  1  0
 11 25  1  0
 12 13  1  0
 12 26  1  0
 12 27  1  0
 13 14  1  0
 13 28  1  0
 13 29  1  0
 14 15  2  0
 14 30  1  0
 15 31  1  0
 15 32  1  0
 16 17  1  0
 17 18  1  0
 17 33  1  0
 17 34  1  0
 18 19  1  0
 18 35  1  0
 18 36  1  0
 19 20  1  0
 19 37  1  0
 19 38  1  0
 20 39  1  0
 20 40  1  0
 20 41  1  0
M  CHG  1  19   1
M  END
"
test-34,"CC(C1CN1)N(C[C@@H](O)CO)C(=O)Cc1nccs1
     RDKit          3D

 38 39  0  0  1  0  0  0  0  0999 V2000
    8.7518   33.8411   58.0154 N   0  0  0  0  0  0  0  0  0  0  0  0
    9.3828   34.9312   58.4038 C   0  0  0  0  0  0  0  0  0  0  0  0
    9.8487   34.9484   59.7095 C   0  0  0  0  0  0  0  0  0  0  0  0
    9.4304   33.4428   60.4605 S   0  0  0  0  0  0  0  0  0  0  0  0
    8.6870   32.9344   58.9618 C   0  0  0  0  0  0  0  0  0  0  0  0
    8.0473   31.5623   58.7644 C   0  0  0  0  0  0  0  0  0  0  0  0
    6.5563   31.5534   58.3428 C   0  0  0  0  0  0  0  0  0  0  0  0
    6.3232   31.3387   57.1531 O   0  0  0  0  0  0  0  0  0  0  0  0
    5.5582   31.7454   59.2581 N   0  0  0  0  0  0  0  0  0  0  0  0
    5.8434   32.2340   60.6285 C   0  0  1  0  0  0  0  0  0  0  0  0
    5.1011   33.5262   61.0134 C   0  0  0  0  0  0  0  0  0  0  0  0
    4.1261   31.5914   58.8627 C   0  0  0  0  0  0  0  0  0  0  0  0
    3.2516   30.4877   59.5282 C   0  0  1  0  0  0  0  0  0  0  0  0
    3.8941   29.2300   59.4421 O   0  0  0  0  0  0  0  0  0  0  0  0
    2.7718   30.7739   60.9790 C   0  0  0  0  0  0  0  0  0  0  0  0
    1.4953   30.2320   61.2599 O   0  0  0  0  0  0  0  0  0  0  0  0
    5.9167   31.1718   61.7487 C   0  0  1  0  0  0  0  0  0  0  0  0
    6.2893   29.7306   61.4517 C   0  0  0  0  0  0  0  0  0  0  0  0
    7.2302   30.6421   62.0602 N   0  0  0  0  0  0  0  0  0  0  0  0
    9.4888   35.7505   57.7135 H   0  0  0  0  0  0  0  0  0  0  0  0
   10.3773   35.7277   60.2417 H   0  0  0  0  0  0  0  0  0  0  0  0
    8.1616   30.9482   59.6529 H   0  0  0  0  0  0  0  0  0  0  0  0
    8.6016   30.9981   58.0164 H   0  0  0  0  0  0  0  0  0  0  0  0
    6.8571   32.6151   60.6237 H   0  0  0  0  0  0  0  0  0  0  0  0
    5.2688   33.7515   62.0605 H   0  0  0  0  0  0  0  0  0  0  0  0
    5.4960   34.3781   60.4588 H   0  0  0  0  0  0  0  0  0  0  0  0
    4.0259   33.4932   60.8649 H   0  0  0  0  0  0  0  0  0  0  0  0
    3.6285   32.5505   58.9660 H   0  0  0  0  0  0  0  0  0  0  0  0
    4.0771   31.3800   57.7934 H   0  0  0  0  0  0  0  0  0  0  0  0
    2.3599   30.4025   58.9046 H   0  0  0  0  0  0  0  0  0  0  0  0
    4.7111   29.2815   59.9428 H   0  0  0  0  0  0  0  0  0  0  0  0
    3.4658   30.3865   61.7189 H   0  0  0  0  0  0  0  0  0  0  0  0
    2.6649   31.8437   61.1412 H   0  0  0  0  0  0  0  0  0  0  0  0
    0.8812   30.7130   60.6748 H   0  0  0  0  0  0  0  0  0  0  0  0
    5.2841   31.3929   62.6079 H   0  0  0  0  0  0  0  0  0  0  0  0
    5.9036   28.9287   62.0828 H   0  0  0  0  0  0  0  0  0  0  0  0
    6.5238   29.4034   60.4389 H   0  0  0  0  0  0  0  0  0  0  0  0
    7.2176   30.4384   63.0502 H   0  0  0  0  0  0  0  0  0  0  0  0
  1  2  1  0
  1  5  2  0
  2  3  2  0
  2 20  1  0
  3  4  1  0
  3 21  1  0
  4  5  1  0
  5  6  1  0
  6  7  1  0
  6 22  1  0
  6 23  1  0
  7  8  2  0
  7  9  1  0
  9 10  1  0
  9 12  1  0
 10 11  1  0
 10 17  1  0
 10 24  1  6
 11 25  1  0
 11 26  1  0
 11 27  1  0
 12 13  1  0
 12 28  1  0
 12 29  1  0
 13 14  1  0
 13 15  1  0
 13 30  1  6
 14 31  1  0
 15 16  1  0
 15 32  1  0
 15 33  1  0
 16 34  1  0
 17 18  1  0
 17 19  1  0
 17 35  1  1
 18 19  1  0
 18 36  1  0
 18 37  1  0
 19 38  1  0
M  END
"
test-35,"C[C@@H](OC[C@H]1C[C@H](NS(C)(=O)=O)CN1C(=O)COc1ccc(CF)cc1)C1CN(C)SC1(C)C
     RDKit          3D

 70 72  0  0  1  0  0  0  0  0999 V2000
    3.8309  -10.7697  -14.4678 O   0  0  0  0  0  0  0  0  0  0  0  0
    3.3017  -10.2868  -15.4702 C   0  0  0  0  0  0  0  0  0  0  0  0
    4.2193   -9.9404  -16.6632 C   0  0  0  0  0  0  0  0  0  0  0  0
    5.3617   -9.2138  -16.1994 O   0  0  0  0  0  0  0  0  0  0  0  0
    5.2780   -7.8522  -15.9741 C   0  0  0  0  0  0  0  0  0  0  0  0
    6.3153   -7.2840  -15.2354 C   0  0  0  0  0  0  0  0  0  0  0  0
    6.3492   -5.9138  -15.0008 C   0  0  0  0  0  0  0  0  0  0  0  0
    5.3447   -5.0949  -15.5184 C   0  0  0  0  0  0  0  0  0  0  0  0
    4.3013   -5.6534  -16.2560 C   0  0  0  0  0  0  0  0  0  0  0  0
    4.2583   -7.0266  -16.4721 C   0  0  0  0  0  0  0  0  0  0  0  0
    5.3581   -3.5940  -15.2833 C   0  0  0  0  0  0  0  0  0  0  0  0
    6.1425   -3.2460  -14.2594 F   0  0  0  0  0  0  0  0  0  0  0  0
    1.9591  -10.0897  -15.5519 N   0  0  0  0  0  0  0  0  0  0  0  0
    1.2418   -9.6772  -16.7702 C   0  0  0  0  0  0  0  0  0  0  0  0
   -0.1325  -10.3226  -16.5763 C   0  0  1  0  0  0  0  0  0  0  0  0
   -0.3582  -10.2424  -15.0806 C   0  0  0  0  0  0  0  0  0  0  0  0
    1.0251  -10.4834  -14.4751 C   0  0  2  0  0  0  0  0  0  0  0  0
    1.2104   -9.8050  -13.1003 C   0  0  0  0  0  0  0  0  0  0  0  0
    0.2555  -10.3976  -12.2284 O   0  0  0  0  0  0  0  0  0  0  0  0
    0.2031   -9.9261  -10.8859 C   0  0  2  0  0  0  0  0  0  0  0  0
    1.4370  -10.3852  -10.0817 C   0  0  0  0  0  0  0  0  0  0  0  0
   -1.1801  -10.3442  -10.2963 C   0  0  2  0  0  0  0  0  0  0  0  0
   -1.4155   -9.7127   -8.9147 C   0  0  0  0  0  0  0  0  0  0  0  0
   -0.8990  -10.6215   -7.9098 N   0  0  0  0  0  0  0  0  0  0  0  0
   -0.8784  -12.3158   -8.4772 S   0  0  0  0  0  0  0  0  0  0  0  0
   -1.5082  -11.8662  -10.1260 C   0  0  0  0  0  0  0  0  0  0  0  0
   -3.0278  -12.1292  -10.0947 C   0  0  0  0  0  0  0  0  0  0  0  0
   -0.8885  -12.8088  -11.1838 C   0  0  0  0  0  0  0  0  0  0  0  0
   -1.4093  -10.4315   -6.5632 C   0  0  0  0  0  0  0  0  0  0  0  0
   -1.2135   -9.7832  -17.4344 N   0  0  0  0  0  0  0  0  0  0  0  0
   -2.8936  -10.2615  -17.1888 S   0  0  0  0  0  0  0  0  0  0  0  0
   -2.8636  -12.1123  -17.5085 C   0  0  0  0  0  0  0  0  0  0  0  0
   -3.6860   -9.6464  -18.2577 O   0  0  0  0  0  0  0  0  0  0  0  0
   -3.2440  -10.0412  -15.7824 O   0  0  0  0  0  0  0  0  0  0  0  0
    4.5975  -10.8819  -17.0621 H   0  0  0  0  0  0  0  0  0  0  0  0
    3.7290   -9.4521  -17.5014 H   0  0  0  0  0  0  0  0  0  0  0  0
    7.0989   -7.9112  -14.8398 H   0  0  0  0  0  0  0  0  0  0  0  0
    7.1562   -5.4927  -14.4202 H   0  0  0  0  0  0  0  0  0  0  0  0
    3.5208   -5.0249  -16.6606 H   0  0  0  0  0  0  0  0  0  0  0  0
    3.4335   -7.4127  -17.0490 H   0  0  0  0  0  0  0  0  0  0  0  0
    4.3504   -3.2453  -15.0570 H   0  0  0  0  0  0  0  0  0  0  0  0
    5.7059   -3.0652  -16.1710 H   0  0  0  0  0  0  0  0  0  0  0  0
    1.1179   -8.5930  -16.8074 H   0  0  0  0  0  0  0  0  0  0  0  0
    1.6712  -10.0772  -17.6889 H   0  0  0  0  0  0  0  0  0  0  0  0
   -0.0930  -11.3731  -16.8718 H   0  0  0  0  0  0  0  0  0  0  0  0
   -0.7161   -9.2442  -14.8180 H   0  0  0  0  0  0  0  0  0  0  0  0
   -1.0848  -10.9590  -14.6971 H   0  0  0  0  0  0  0  0  0  0  0  0
    1.1680  -11.5530  -14.3099 H   0  0  0  0  0  0  0  0  0  0  0  0
    1.0492   -8.7293  -13.1731 H   0  0  0  0  0  0  0  0  0  0  0  0
    2.2219   -9.9558  -12.7296 H   0  0  0  0  0  0  0  0  0  0  0  0
    0.2164   -8.8349  -10.9202 H   0  0  0  0  0  0  0  0  0  0  0  0
    1.4399   -9.9721   -9.0730 H   0  0  0  0  0  0  0  0  0  0  0  0
    1.4980  -11.4670   -9.9996 H   0  0  0  0  0  0  0  0  0  0  0  0
    2.3554  -10.0529  -10.5478 H   0  0  0  0  0  0  0  0  0  0  0  0
   -1.9054   -9.9078  -10.9844 H   0  0  0  0  0  0  0  0  0  0  0  0
   -0.9402   -8.7359   -8.8141 H   0  0  0  0  0  0  0  0  0  0  0  0
   -2.4772   -9.5358   -8.7609 H   0  0  0  0  0  0  0  0  0  0  0  0
   -3.5010  -11.6464   -9.2445 H   0  0  0  0  0  0  0  0  0  0  0  0
   -3.5141  -11.7723  -11.0024 H   0  0  0  0  0  0  0  0  0  0  0  0
   -3.2503  -13.1927  -10.0026 H   0  0  0  0  0  0  0  0  0  0  0  0
    0.1999  -12.7581  -11.2086 H   0  0  0  0  0  0  0  0  0  0  0  0
   -1.1419  -13.8511  -10.9811 H   0  0  0  0  0  0  0  0  0  0  0  0
   -1.2524  -12.5744  -12.1849 H   0  0  0  0  0  0  0  0  0  0  0  0
   -0.8774  -11.0791   -5.8648 H   0  0  0  0  0  0  0  0  0  0  0  0
   -1.2619   -9.4003   -6.2345 H   0  0  0  0  0  0  0  0  0  0  0  0
   -2.4740  -10.6674   -6.5075 H   0  0  0  0  0  0  0  0  0  0  0  0
   -0.9504   -9.5880  -18.4041 H   0  0  0  0  0  0  0  0  0  0  0  0
   -2.2418  -12.5912  -16.7531 H   0  0  0  0  0  0  0  0  0  0  0  0
   -3.8831  -12.4886  -17.4442 H   0  0  0  0  0  0  0  0  0  0  0  0
   -2.4596  -12.2899  -18.5061 H   0  0  0  0  0  0  0  0  0  0  0  0
  1  2  2  0
  2  3  1  0
  2 13  1  0
  3  4  1  0
  3 35  1  0
  3 36  1  0
  4  5  1  0
  5  6  2  0
  5 10  1  0
  6  7  1  0
  6 37  1  0
  7  8  2  0
  7 38  1  0
  8  9  1  0
  8 11  1  0
  9 10  2  0
  9 39  1  0
 10 40  1  0
 11 12  1  0
 11 41  1  0
 11 42  1  0
 13 14  1  0
 13 17  1  0
 14 15  1  0
 14 43  1  0
 14 44  1  0
 15 16  1  0
 15 30  1  0
 15 45  1  6
 16 17  1  0
 16 46  1  0
 16 47  1  0
 17 18  1  0
 17 48  1  1
 18 19  1  0
 18 49  1  0
 18 50  1  0
 19 20  1  0
 20 21  1  0
 20 22  1  0
 20 51  1  6
 21 52  1  0
 21 53  1  0
 21 54  1  0
 22 23  1  0
 22 26  1  0
 22 55  1  6
 23 24  1  0
 23 56  1  0
 23 57  1  0
 24 25  1  0
 24 29  1  0
 25 26  1  0
 26 27  1  0
 26 28  1  0
 27 58  1  0
 27 59  1  0
 27 60  1  0
 28 61  1  0
 28 62  1  0
 28 63  1  0
 29 64  1  0
 29 65  1  0
 29 66  1  0
 30 31  1  0
 30 67  1  0
 31 32  1  0
 31 33  2  0
 31 34  2  0
 32 68  1  0
 32 69  1  0
 32 70  1  0
M  END
"
test-36,"CCOc1c[n+](C)cnc1-c1cccc([C@@H](C)C[C@H]([NH3+])Cc2c(F)cccc2F)c1
     RDKit          3D

 59 61  0  0  1  0  0  0  0  0999 V2000
  -12.9812   -3.7847   60.2857 F   0  0  0  0  0  0  0  0  0  0  0  0
  -12.9844   -4.5545   59.1739 C   0  0  0  0  0  0  0  0  0  0  0  0
  -11.7898   -4.7793   58.4972 C   0  0  0  0  0  0  0  0  0  0  0  0
  -11.7592   -5.5767   57.3539 C   0  0  0  0  0  0  0  0  0  0  0  0
  -12.9469   -6.1282   56.8730 C   0  0  0  0  0  0  0  0  0  0  0  0
  -14.1521   -5.8881   57.5353 C   0  0  0  0  0  0  0  0  0  0  0  0
  -14.1742   -5.1293   58.7111 C   0  0  0  0  0  0  0  0  0  0  0  0
  -15.4797   -4.9203   59.4868 C   0  0  0  0  0  0  0  0  0  0  0  0
  -15.8115   -5.8973   60.6673 C   0  0  2  0  0  0  0  0  0  0  0  0
  -14.6230   -6.7743   61.1100 N   0  0  0  0  0  0  0  0  0  0  0  0
  -17.0436   -6.8102   60.4569 C   0  0  0  0  0  0  0  0  0  0  0  0
  -17.7768   -7.1645   61.7799 C   0  0  2  0  0  0  0  0  0  0  0  0
  -18.6110   -8.4505   61.6394 C   0  0  0  0  0  0  0  0  0  0  0  0
  -18.5989   -5.9753   62.2927 C   0  0  0  0  0  0  0  0  0  0  0  0
  -18.1257   -5.1777   63.3407 C   0  0  0  0  0  0  0  0  0  0  0  0
  -18.8867   -4.1120   63.8147 C   0  0  0  0  0  0  0  0  0  0  0  0
  -20.1246   -3.8296   63.2378 C   0  0  0  0  0  0  0  0  0  0  0  0
  -20.6128   -4.5980   62.1723 C   0  0  0  0  0  0  0  0  0  0  0  0
  -19.8363   -5.6690   61.7144 C   0  0  0  0  0  0  0  0  0  0  0  0
  -21.9275   -4.2924   61.5389 C   0  0  0  0  0  0  0  0  0  0  0  0
  -21.9196   -4.2412   60.1747 N   0  0  0  0  0  0  0  0  0  0  0  0
  -23.0913   -3.9749   59.5464 C   0  0  0  0  0  0  0  0  0  0  0  0
  -24.2524   -3.7619   60.2063 N   0  0  0  0  0  0  0  0  0  0  0  0
  -24.2885   -3.8256   61.5591 C   0  0  0  0  0  0  0  0  0  0  0  0
  -23.1105   -4.0971   62.2800 C   0  0  0  0  0  0  0  0  0  0  0  0
  -23.0564   -4.1882   63.6573 O   0  0  0  0  0  0  0  0  0  0  0  0
  -24.2648   -4.2785   64.4028 C   0  0  0  0  0  0  0  0  0  0  0  0
  -23.8908   -4.6208   65.8454 C   0  0  0  0  0  0  0  0  0  0  0  0
  -25.4901   -3.5215   59.4408 C   0  0  0  0  0  0  0  0  0  0  0  0
  -15.3034   -6.3746   57.0243 F   0  0  0  0  0  0  0  0  0  0  0  0
  -10.8933   -4.3261   58.8782 H   0  0  0  0  0  0  0  0  0  0  0  0
  -10.8267   -5.7618   56.8416 H   0  0  0  0  0  0  0  0  0  0  0  0
  -12.9375   -6.7351   55.9791 H   0  0  0  0  0  0  0  0  0  0  0  0
  -16.3103   -4.8893   58.7797 H   0  0  0  0  0  0  0  0  0  0  0  0
  -15.4670   -3.9014   59.8815 H   0  0  0  0  0  0  0  0  0  0  0  0
  -15.9625   -5.2914   61.5651 H   0  0  0  0  0  0  0  0  0  0  0  0
  -14.0684   -6.2599   61.7874 H   0  0  0  0  0  0  0  0  0  0  0  0
  -14.9262   -7.6322   61.5674 H   0  0  0  0  0  0  0  0  0  0  0  0
  -14.0178   -7.0289   60.3392 H   0  0  0  0  0  0  0  0  0  0  0  0
  -17.7586   -6.3276   59.7871 H   0  0  0  0  0  0  0  0  0  0  0  0
  -16.7540   -7.7158   59.9205 H   0  0  0  0  0  0  0  0  0  0  0  0
  -17.0383   -7.4026   62.5498 H   0  0  0  0  0  0  0  0  0  0  0  0
  -19.1991   -8.6437   62.5364 H   0  0  0  0  0  0  0  0  0  0  0  0
  -19.2919   -8.3877   60.7940 H   0  0  0  0  0  0  0  0  0  0  0  0
  -17.9629   -9.3139   61.4850 H   0  0  0  0  0  0  0  0  0  0  0  0
  -17.1697   -5.3917   63.8011 H   0  0  0  0  0  0  0  0  0  0  0  0
  -18.5185   -3.5099   64.6325 H   0  0  0  0  0  0  0  0  0  0  0  0
  -20.7032   -3.0010   63.6195 H   0  0  0  0  0  0  0  0  0  0  0  0
  -20.2052   -6.2746   60.8977 H   0  0  0  0  0  0  0  0  0  0  0  0
  -23.1146   -3.9368   58.4658 H   0  0  0  0  0  0  0  0  0  0  0  0
  -25.2527   -3.6639   62.0194 H   0  0  0  0  0  0  0  0  0  0  0  0
  -24.8123   -3.3347   64.3670 H   0  0  0  0  0  0  0  0  0  0  0  0
  -24.9109   -5.0585   63.9972 H   0  0  0  0  0  0  0  0  0  0  0  0
  -23.2959   -3.8251   66.2945 H   0  0  0  0  0  0  0  0  0  0  0  0
  -24.7787   -4.7653   66.4599 H   0  0  0  0  0  0  0  0  0  0  0  0
  -23.3001   -5.5365   65.8792 H   0  0  0  0  0  0  0  0  0  0  0  0
  -26.2198   -3.0212   60.0793 H   0  0  0  0  0  0  0  0  0  0  0  0
  -25.2504   -2.8836   58.5886 H   0  0  0  0  0  0  0  0  0  0  0  0
  -25.8655   -4.4923   59.1129 H   0  0  0  0  0  0  0  0  0  0  0  0
  1  2  1  0
  2  3  2  0
  2  7  1  0
  3  4  1  0
  3 31  1  0
  4  5  2  0
  4 32  1  0
  5  6  1  0
  5 33  1  0
  6  7  2  0
  6 30  1  0
  7  8  1  0
  8  9  1  0
  8 34  1  0
  8 35  1  0
  9 10  1  0
  9 11  1  0
  9 36  1  1
 10 37  1  0
 10 38  1  0
 10 39  1  0
 11 12  1  0
 11 40  1  0
 11 41  1  0
 12 13  1  0
 12 14  1  0
 12 42  1  1
 13 43  1  0
 13 44  1  0
 13 45  1  0
 14 15  2  0
 14 19  1  0
 15 16  1  0
 15 46  1  0
 16 17  2  0
 16 47  1  0
 17 18  1  0
 17 48  1  0
 18 19  2  0
 18 20  1  0
 19 49  1  0
 20 21  2  0
 20 25  1  0
 21 22  1  0
 22 23  2  0
 22 50  1  0
 23 24  1  0
 23 29  1  0
 24 25  2  0
 24 51  1  0
 25 26  1  0
 26 27  1  0
 27 28  1  0
 27 52  1  0
 27 53  1  0
 28 54  1  0
 28 55  1  0
 28 56  1  0
 29 57  1  0
 29 58  1  0
 29 59  1  0
M  CHG  2  10   1  23   1
M  END
"
test-37,"[NH3+]CCCCN(C(=O)c1c(Sc2ccccc2C(F)F)nnc(F)c1[O-])C1COC1
     RDKit          3D

 51 53  0  0  1  0  0  0  0  0999 V2000
    6.1717    4.7893   16.3059 N   0  0  0  0  0  0  0  0  0  0  0  0
    5.1774    5.2043   17.0993 N   0  0  0  0  0  0  0  0  0  0  0  0
    5.0244    6.5220   17.4003 C   0  0  0  0  0  0  0  0  0  0  0  0
    5.9024    7.4944   16.8861 C   0  0  0  0  0  0  0  0  0  0  0  0
    6.9789    7.0532   16.0827 C   0  0  0  0  0  0  0  0  0  0  0  0
    7.0606    5.6778   15.7998 C   0  0  0  0  0  0  0  0  0  0  0  0
    8.0092    5.1829   14.9660 F   0  0  0  0  0  0  0  0  0  0  0  0
    7.8247    7.8635   15.5580 O   0  0  0  0  0  0  0  0  0  0  0  0
    5.5909    8.9602   17.0833 C   0  0  0  0  0  0  0  0  0  0  0  0
    6.0303    9.5355   18.0809 O   0  0  0  0  0  0  0  0  0  0  0  0
    4.7509    9.5290   16.1732 N   0  0  0  0  0  0  0  0  0  0  0  0
    4.1040   10.7974   16.5410 C   0  0  0  0  0  0  0  0  0  0  0  0
    4.8487   12.0484   16.0387 C   0  0  0  0  0  0  0  0  0  0  0  0
    4.0345   13.1527   15.3177 C   0  0  0  0  0  0  0  0  0  0  0  0
    2.8345   12.8374   14.3894 C   0  0  0  0  0  0  0  0  0  0  0  0
    1.6086   12.3603   15.1548 N   0  0  0  0  0  0  0  0  0  0  0  0
    4.4502    8.9244   14.8345 C   0  0  0  0  0  0  0  0  0  0  0  0
    4.6569    9.7870   13.5801 C   0  0  0  0  0  0  0  0  0  0  0  0
    3.2088    9.6874   13.2444 O   0  0  0  0  0  0  0  0  0  0  0  0
    2.9799    8.7951   14.4147 C   0  0  0  0  0  0  0  0  0  0  0  0
    3.6516    6.9908   18.4591 S   0  0  0  0  0  0  0  0  0  0  0  0
    2.6030    5.5713   18.5158 C   0  0  0  0  0  0  0  0  0  0  0  0
    3.0819    4.4296   19.1576 C   0  0  0  0  0  0  0  0  0  0  0  0
    2.3201    3.2703   19.1884 C   0  0  0  0  0  0  0  0  0  0  0  0
    1.0507    3.2679   18.6233 C   0  0  0  0  0  0  0  0  0  0  0  0
    0.5485    4.4091   18.0111 C   0  0  0  0  0  0  0  0  0  0  0  0
    1.3185    5.5718   17.9385 C   0  0  0  0  0  0  0  0  0  0  0  0
    0.7450    6.7694   17.1905 C   0  0  0  0  0  0  0  0  0  0  0  0
    0.6565    7.8567   17.9554 F   0  0  0  0  0  0  0  0  0  0  0  0
    1.4853    7.0283   16.1194 F   0  0  0  0  0  0  0  0  0  0  0  0
    3.0840   10.7430   16.2024 H   0  0  0  0  0  0  0  0  0  0  0  0
    4.0232   10.8744   17.6293 H   0  0  0  0  0  0  0  0  0  0  0  0
    5.3463   12.5026   16.9001 H   0  0  0  0  0  0  0  0  0  0  0  0
    5.7009   11.7614   15.4232 H   0  0  0  0  0  0  0  0  0  0  0  0
    3.7779   13.9384   16.0320 H   0  0  0  0  0  0  0  0  0  0  0  0
    4.7633   13.5823   14.6415 H   0  0  0  0  0  0  0  0  0  0  0  0
    2.4083   13.7425   13.9587 H   0  0  0  0  0  0  0  0  0  0  0  0
    3.0254   12.1240   13.5901 H   0  0  0  0  0  0  0  0  0  0  0  0
    1.3660   13.0283   15.8709 H   0  0  0  0  0  0  0  0  0  0  0  0
    0.8276   12.2620   14.5192 H   0  0  0  0  0  0  0  0  0  0  0  0
    1.7895   11.4673   15.5872 H   0  0  0  0  0  0  0  0  0  0  0  0
    4.9784    7.9782   14.7614 H   0  0  0  0  0  0  0  0  0  0  0  0
    4.9243   10.8292   13.7011 H   0  0  0  0  0  0  0  0  0  0  0  0
    5.2435    9.3203   12.7915 H   0  0  0  0  0  0  0  0  0  0  0  0
    2.2268    9.2291   15.0692 H   0  0  0  0  0  0  0  0  0  0  0  0
    2.6907    7.8085   14.0494 H   0  0  0  0  0  0  0  0  0  0  0  0
    4.0648    4.4313   19.6015 H   0  0  0  0  0  0  0  0  0  0  0  0
    2.7153    2.3822   19.6572 H   0  0  0  0  0  0  0  0  0  0  0  0
    0.4506    2.3825   18.6417 H   0  0  0  0  0  0  0  0  0  0  0  0
   -0.4288    4.3711   17.5586 H   0  0  0  0  0  0  0  0  0  0  0  0
   -0.2618    6.5700   16.8234 H   0  0  0  0  0  0  0  0  0  0  0  0
  1  2  2  0
  1  6  1  0
  2  3  1  0
  3  4  2  0
  3 21  1  0
  4  5  1  0
  4  9  1  0
  5  6  2  0
  5  8  1  0
  6  7  1  0
  9 10  2  0
  9 11  1  0
 11 12  1  0
 11 17  1  0
 12 13  1  0
 12 31  1  0
 12 32  1  0
 13 14  1  0
 13 33  1  0
 13 34  1  0
 14 15  1  0
 14 35  1  0
 14 36  1  0
 15 16  1  0
 15 37  1  0
 15 38  1  0
 16 39  1  0
 16 40  1  0
 16 41  1  0
 17 18  1  0
 17 20  1  0
 17 42  1  0
 18 19  1  0
 18 43  1  0
 18 44  1  0
 19 20  1  0
 20 45  1  0
 20 46  1  0
 21 22  1  0
 22 23  2  0
 22 27  1  0
 23 24  1  0
 23 47  1  0
 24 25  2  0
 24 48  1  0
 25 26  1  0
 25 49  1  0
 26 27  2  0
 26 50  1  0
 27 28  1  0
 28 29  1  0
 28 30  1  0
 28 51  1  0
M  CHG  2   8  -1  16   1
M  END
"
test-38,"O=C([O-])CCNC(=O)NCCNC(=O)c1ccccc1
     RDKit          3D

 36 36  0  0  1  0  0  0  0  0999 V2000
   32.9203   29.6445   29.7371 O   0  0  0  0  0  0  0  0  0  0  0  0
   33.1603   30.8450   29.9873 C   0  0  0  0  0  0  0  0  0  0  0  0
   32.9203   31.7441   29.1597 O   0  0  0  0  0  0  0  0  0  0  0  0
   33.7935   31.2020   31.3471 C   0  0  0  0  0  0  0  0  0  0  0  0
   33.5679   32.6590   31.8448 C   0  0  0  0  0  0  0  0  0  0  0  0
   34.0212   33.7231   30.9372 N   0  0  0  0  0  0  0  0  0  0  0  0
   34.1203   35.0346   31.1976 C   0  0  0  0  0  0  0  0  0  0  0  0
   33.5642   35.5973   32.1372 O   0  0  0  0  0  0  0  0  0  0  0  0
   34.8823   35.6557   30.2861 N   0  0  0  0  0  0  0  0  0  0  0  0
   34.9659   37.1042   30.0695 C   0  0  0  0  0  0  0  0  0  0  0  0
   36.1061   37.7925   30.8451 C   0  0  0  0  0  0  0  0  0  0  0  0
   35.8322   37.9434   32.2720 N   0  0  0  0  0  0  0  0  0  0  0  0
   36.4190   38.8551   33.0693 C   0  0  0  0  0  0  0  0  0  0  0  0
   37.2206   39.6917   32.6502 O   0  0  0  0  0  0  0  0  0  0  0  0
   36.0435   38.8077   34.5311 C   0  0  0  0  0  0  0  0  0  0  0  0
   36.1203   39.9693   35.3118 C   0  0  0  0  0  0  0  0  0  0  0  0
   35.7966   39.9310   36.6660 C   0  0  0  0  0  0  0  0  0  0  0  0
   35.4077   38.7290   37.2499 C   0  0  0  0  0  0  0  0  0  0  0  0
   35.3203   37.5686   36.4863 C   0  0  0  0  0  0  0  0  0  0  0  0
   35.6365   37.6091   35.1324 C   0  0  0  0  0  0  0  0  0  0  0  0
   33.4036   30.5177   32.1027 H   0  0  0  0  0  0  0  0  0  0  0  0
   34.8631   30.9931   31.3008 H   0  0  0  0  0  0  0  0  0  0  0  0
   32.5203   32.7938   32.1131 H   0  0  0  0  0  0  0  0  0  0  0  0
   34.1203   32.7288   32.7733 H   0  0  0  0  0  0  0  0  0  0  0  0
   34.2022   33.4224   29.9872 H   0  0  0  0  0  0  0  0  0  0  0  0
   35.3203   35.0722   29.5869 H   0  0  0  0  0  0  0  0  0  0  0  0
   34.9788   37.3742   29.0130 H   0  0  0  0  0  0  0  0  0  0  0  0
   34.0241   37.5299   30.4267 H   0  0  0  0  0  0  0  0  0  0  0  0
   36.9719   37.1289   30.8212 H   0  0  0  0  0  0  0  0  0  0  0  0
   36.4478   38.6964   30.3358 H   0  0  0  0  0  0  0  0  0  0  0  0
   35.1126   37.3476   32.6590 H   0  0  0  0  0  0  0  0  0  0  0  0
   36.4255   40.9093   34.8734 H   0  0  0  0  0  0  0  0  0  0  0  0
   35.8434   40.8317   37.2603 H   0  0  0  0  0  0  0  0  0  0  0  0
   35.1523   38.7030   38.2988 H   0  0  0  0  0  0  0  0  0  0  0  0
   35.0033   36.6418   36.9372 H   0  0  0  0  0  0  0  0  0  0  0  0
   35.5648   36.7028   34.5538 H   0  0  0  0  0  0  0  0  0  0  0  0
  1  2  2  0
  2  3  1  0
  2  4  1  0
  4  5  1  0
  4 21  1  0
  4 22  1  0
  5  6  1  0
  5 23  1  0
  5 24  1  0
  6  7  1  0
  6 25  1  0
  7  8  2  0
  7  9  1  0
  9 10  1  0
  9 26  1  0
 10 11  1  0
 10 27  1  0
 10 28  1  0
 11 12  1  0
 11 29  1  0
 11 30  1  0
 12 13  1  0
 12 31  1  0
 13 14  2  0
 13 15  1  0
 15 16  2  0
 15 20  1  0
 16 17  1  0
 16 32  1  0
 17 18  2  0
 17 33  1  0
 18 19  1  0
 18 34  1  0
 19 20  2  0
 19 35  1  0
 20 36  1  0
M  CHG  1   3  -1
M  END
"
test-39,"CCc1c([O-])c2ccccc2n1-c1ccc(Cl)cn1
     RDKit          3D

 31 33  0  0  1  0  0  0  0  0999 V2000
   19.8132   48.7841    6.1551 Cl  0  0  0  0  0  0  0  0  0  0  0  0
   19.8512   48.9605    7.8720 C   0  0  0  0  0  0  0  0  0  0  0  0
   19.7739   47.8485    8.7095 C   0  0  0  0  0  0  0  0  0  0  0  0
   19.8376   48.0248   10.0943 C   0  0  0  0  0  0  0  0  0  0  0  0
   20.0079   49.3171   10.6180 C   0  0  0  0  0  0  0  0  0  0  0  0
   19.9898   50.4088    9.8018 N   0  0  0  0  0  0  0  0  0  0  0  0
   19.9192   50.2239    8.4589 C   0  0  0  0  0  0  0  0  0  0  0  0
   20.2677   49.5295   12.0115 N   0  0  0  0  0  0  0  0  0  0  0  0
   21.1809   50.4523   12.5481 C   0  0  0  0  0  0  0  0  0  0  0  0
   21.1834   50.3239   13.9300 C   0  0  0  0  0  0  0  0  0  0  0  0
   20.3333   49.2344   14.2788 C   0  0  0  0  0  0  0  0  0  0  0  0
   20.0035   48.6112   15.4988 C   0  0  0  0  0  0  0  0  0  0  0  0
   19.0999   47.5570   15.4995 C   0  0  0  0  0  0  0  0  0  0  0  0
   18.5042   47.1379   14.3200 C   0  0  0  0  0  0  0  0  0  0  0  0
   18.7871   47.7338   13.0897 C   0  0  0  0  0  0  0  0  0  0  0  0
   19.7381   48.7709   13.0665 C   0  0  0  0  0  0  0  0  0  0  0  0
   21.8504   51.0306   14.7550 O   0  0  0  0  0  0  0  0  0  0  0  0
   22.0447   51.3876   11.6977 C   0  0  0  0  0  0  0  0  0  0  0  0
   23.1512   50.6304   10.9568 C   0  0  0  0  0  0  0  0  0  0  0  0
   19.6958   46.8547    8.2877 H   0  0  0  0  0  0  0  0  0  0  0  0
   19.8541   47.1502   10.7233 H   0  0  0  0  0  0  0  0  0  0  0  0
   19.9397   51.1110    7.8409 H   0  0  0  0  0  0  0  0  0  0  0  0
   20.4544   48.9487   16.4206 H   0  0  0  0  0  0  0  0  0  0  0  0
   18.8433   47.0731   16.4303 H   0  0  0  0  0  0  0  0  0  0  0  0
   17.7889   46.3325   14.3713 H   0  0  0  0  0  0  0  0  0  0  0  0
   18.2759   47.3978   12.2005 H   0  0  0  0  0  0  0  0  0  0  0  0
   22.5236   52.1405   12.3256 H   0  0  0  0  0  0  0  0  0  0  0  0
   21.4548   51.9692   10.9982 H   0  0  0  0  0  0  0  0  0  0  0  0
   23.7813   50.0874   11.6636 H   0  0  0  0  0  0  0  0  0  0  0  0
   22.7288   49.9112   10.2561 H   0  0  0  0  0  0  0  0  0  0  0  0
   23.7918   51.3109   10.3946 H   0  0  0  0  0  0  0  0  0  0  0  0
  1  2  1  0
  2  3  2  0
  2  7  1  0
  3  4  1  0
  3 20  1  0
  4  5  2  0
  4 21  1  0
  5  6  1  0
  5  8  1  0
  6  7  2  0
  7 22  1  0
  8  9  1  0
  8 16  1  0
  9 10  2  0
  9 18  1  0
 10 11  1  0
 10 17  1  0
 11 12  1  0
 11 16  2  0
 12 13  2  0
 12 23  1  0
 13 14  1  0
 13 24  1  0
 14 15  2  0
 14 25  1  0
 15 16  1  0
 15 26  1  0
 18 19  1  0
 18 27  1  0
 18 28  1  0
 19 29  1  0
 19 30  1  0
 19 31  1  0
M  CHG  1  17  -1
M  END
"
test-40,"COC(=O)c1c(-c2cc(O)c(OC)c(OC)c2)[nH]c2ncnc(NCCOCC(F)(F)F)c12
     RDKit          3D

 54 56  0  0  1  0  0  0  0  0999 V2000
   24.5320   35.2080   82.0466 N   0  0  0  0  0  0  0  0  0  0  0  0
   23.2580   35.3081   82.4950 C   0  0  0  0  0  0  0  0  0  0  0  0
   22.7899   36.0693   83.5081 N   0  0  0  0  0  0  0  0  0  0  0  0
   23.6749   36.8821   84.1440 C   0  0  0  0  0  0  0  0  0  0  0  0
   25.0374   36.9225   83.7432 C   0  0  0  0  0  0  0  0  0  0  0  0
   26.2613   37.6378   84.0822 C   0  0  0  0  0  0  0  0  0  0  0  0
   27.2761   37.1275   83.2336 C   0  0  0  0  0  0  0  0  0  0  0  0
   26.6957   36.1764   82.4244 N   0  0  0  0  0  0  0  0  0  0  0  0
   25.3654   36.0275   82.6910 C   0  0  0  0  0  0  0  0  0  0  0  0
   28.7469   37.4026   83.0466 C   0  0  0  0  0  0  0  0  0  0  0  0
   29.5834   36.3695   82.6018 C   0  0  0  0  0  0  0  0  0  0  0  0
   30.9479   36.5737   82.4339 C   0  0  0  0  0  0  0  0  0  0  0  0
   31.5157   37.8182   82.7118 C   0  0  0  0  0  0  0  0  0  0  0  0
   30.6976   38.8863   83.1102 C   0  0  0  0  0  0  0  0  0  0  0  0
   29.3143   38.6672   83.2483 C   0  0  0  0  0  0  0  0  0  0  0  0
   31.3082   40.1092   83.3123 O   0  0  0  0  0  0  0  0  0  0  0  0
   30.5367   41.2319   83.7216 C   0  0  0  0  0  0  0  0  0  0  0  0
   32.8758   37.9770   82.5542 O   0  0  0  0  0  0  0  0  0  0  0  0
   33.6070   38.0559   83.7720 C   0  0  0  0  0  0  0  0  0  0  0  0
   31.7366   35.5320   82.0300 O   0  0  0  0  0  0  0  0  0  0  0  0
   26.3619   38.6914   85.1020 C   0  0  0  0  0  0  0  0  0  0  0  0
   25.4025   39.3450   85.5113 O   0  0  0  0  0  0  0  0  0  0  0  0
   27.6042   38.7884   85.5962 O   0  0  0  0  0  0  0  0  0  0  0  0
   27.9427   39.8167   86.5149 C   0  0  0  0  0  0  0  0  0  0  0  0
   23.2026   37.7026   85.1798 N   0  0  0  0  0  0  0  0  0  0  0  0
   21.7842   37.8309   85.5147 C   0  0  0  0  0  0  0  0  0  0  0  0
   21.0209   38.8970   84.6963 C   0  0  0  0  0  0  0  0  0  0  0  0
   21.4896   40.2241   84.9275 O   0  0  0  0  0  0  0  0  0  0  0  0
   22.5059   40.6797   84.0379 C   0  0  0  0  0  0  0  0  0  0  0  0
   23.0319   42.0615   84.4530 C   0  0  0  0  0  0  0  0  0  0  0  0
   22.1160   43.0044   84.2495 F   0  0  0  0  0  0  0  0  0  0  0  0
   24.1049   42.3841   83.7334 F   0  0  0  0  0  0  0  0  0  0  0  0
   23.3927   42.0899   85.7387 F   0  0  0  0  0  0  0  0  0  0  0  0
   22.5147   34.7299   81.9821 H   0  0  0  0  0  0  0  0  0  0  0  0
   27.2178   35.6977   81.7025 H   0  0  0  0  0  0  0  0  0  0  0  0
   29.1958   35.3790   82.4067 H   0  0  0  0  0  0  0  0  0  0  0  0
   28.6684   39.4869   83.5158 H   0  0  0  0  0  0  0  0  0  0  0  0
   29.9871   41.0387   84.6403 H   0  0  0  0  0  0  0  0  0  0  0  0
   31.2116   42.0619   83.9221 H   0  0  0  0  0  0  0  0  0  0  0  0
   29.8413   41.5440   82.9412 H   0  0  0  0  0  0  0  0  0  0  0  0
   33.3405   38.9353   84.3571 H   0  0  0  0  0  0  0  0  0  0  0  0
   33.4511   37.1682   84.3877 H   0  0  0  0  0  0  0  0  0  0  0  0
   34.6717   38.1229   83.5491 H   0  0  0  0  0  0  0  0  0  0  0  0
   32.6440   35.8164   81.8927 H   0  0  0  0  0  0  0  0  0  0  0  0
   27.7173   39.5159   87.5392 H   0  0  0  0  0  0  0  0  0  0  0  0
   29.0107   40.0158   86.4348 H   0  0  0  0  0  0  0  0  0  0  0  0
   27.4239   40.7525   86.2997 H   0  0  0  0  0  0  0  0  0  0  0  0
   23.8321   38.4446   85.4760 H   0  0  0  0  0  0  0  0  0  0  0  0
   21.2880   36.8684   85.3810 H   0  0  0  0  0  0  0  0  0  0  0  0
   21.6975   38.0421   86.5808 H   0  0  0  0  0  0  0  0  0  0  0  0
   20.9942   38.6443   83.6346 H   0  0  0  0  0  0  0  0  0  0  0  0
   19.9796   38.8804   85.0203 H   0  0  0  0  0  0  0  0  0  0  0  0
   23.3426   39.9881   84.0314 H   0  0  0  0  0  0  0  0  0  0  0  0
   22.1170   40.7303   83.0210 H   0  0  0  0  0  0  0  0  0  0  0  0
  1  2  2  0
  1  9  1  0
  2  3  1  0
  2 34  1  0
  3  4  2  0
  4  5  1  0
  4 25  1  0
  5  6  1  0
  5  9  2  0
  6  7  2  0
  6 21  1  0
  7  8  1  0
  7 10  1  0
  8  9  1  0
  8 35  1  0
 10 11  2  0
 10 15  1  0
 11 12  1  0
 11 36  1  0
 12 13  2  0
 12 20  1  0
 13 14  1  0
 13 18  1  0
 14 15  2  0
 14 16  1  0
 15 37  1  0
 16 17  1  0
 17 38  1  0
 17 39  1  0
 17 40  1  0
 18 19  1  0
 19 41  1  0
 19 42  1  0
 19 43  1  0
 20 44  1  0
 21 22  2  0
 21 23  1  0
 23 24  1  0
 24 45  1  0
 24 46  1  0
 24 47  1  0
 25 26  1  0
 25 48  1  0
 26 27  1  0
 26 49  1  0
 26 50  1  0
 27 28  1  0
 27 51  1  0
 27 52  1  0
 28 29  1  0
 29 30  1  0
 29 53  1  0
 29 54  1  0
 30 31  1  0
 30 32  1  0
 30 33  1  0
M  END
"
test-41,"Clc1ccc(NCc2nccs2)nc1
     RDKit          3D

 22 23  0  0  1  0  0  0  0  0999 V2000
    3.9542   64.7365   62.5127 Cl  0  0  0  0  0  0  0  0  0  0  0  0
    4.2574   66.3005   63.1545 C   0  0  0  0  0  0  0  0  0  0  0  0
    3.5540   66.7532   64.2707 C   0  0  0  0  0  0  0  0  0  0  0  0
    3.9769   67.9176   64.9127 C   0  0  0  0  0  0  0  0  0  0  0  0
    5.1255   68.5623   64.4344 C   0  0  0  0  0  0  0  0  0  0  0  0
    5.7355   68.1936   63.2831 N   0  0  0  0  0  0  0  0  0  0  0  0
    5.2742   67.0991   62.6333 C   0  0  0  0  0  0  0  0  0  0  0  0
    5.7769   69.5778   65.1331 N   0  0  0  0  0  0  0  0  0  0  0  0
    4.9770   70.5773   65.8104 C   0  0  0  0  0  0  0  0  0  0  0  0
    4.7542   70.4041   67.2952 C   0  0  0  0  0  0  0  0  0  0  0  0
    3.5632   70.1927   67.8042 N   0  0  0  0  0  0  0  0  0  0  0  0
    3.5542   70.2876   69.1167 C   0  0  0  0  0  0  0  0  0  0  0  0
    4.7768   70.5612   69.7127 C   0  0  0  0  0  0  0  0  0  0  0  0
    5.9924   70.6876   68.4816 S   0  0  0  0  0  0  0  0  0  0  0  0
    2.7382   66.1756   64.6812 H   0  0  0  0  0  0  0  0  0  0  0  0
    3.4932   68.2369   65.8231 H   0  0  0  0  0  0  0  0  0  0  0  0
    5.8215   66.8268   61.7418 H   0  0  0  0  0  0  0  0  0  0  0  0
    6.6042   69.9268   64.6635 H   0  0  0  0  0  0  0  0  0  0  0  0
    5.5542   71.4876   65.6798 H   0  0  0  0  0  0  0  0  0  0  0  0
    4.0296   70.6876   65.2815 H   0  0  0  0  0  0  0  0  0  0  0  0
    2.6219   70.1470   69.6482 H   0  0  0  0  0  0  0  0  0  0  0  0
    5.0072   70.6831   70.7611 H   0  0  0  0  0  0  0  0  0  0  0  0
  1  2  1  0
  2  3  2  0
  2  7  1  0
  3  4  1  0
  3 15  1  0
  4  5  2  0
  4 16  1  0
  5  6  1  0
  5  8  1  0
  6  7  2  0
  7 17  1  0
  8  9  1  0
  8 18  1  0
  9 10  1  0
  9 19  1  0
  9 20  1  0
 10 11  2  0
 10 14  1  0
 11 12  1  0
 12 13  2  0
 12 21  1  0
 13 14  1  0
 13 22  1  0
M  END
"
test-42,"Nc1nnc2n1CCN(C1=NC(C3(F)CO3)N=CC1)C2
     RDKit          3D

 34 37  0  0  1  0  0  0  0  0999 V2000
  -16.7857   15.6871   43.7328 F   0  0  0  0  0  0  0  0  0  0  0  0
  -17.0794   14.4038   43.5162 C   0  0  2  0  0  0  0  0  0  0  0  0
  -18.1768   13.8277   44.3553 C   0  0  0  0  0  0  0  0  0  0  0  0
  -16.8200   13.5318   44.5777 O   0  0  0  0  0  0  0  0  0  0  0  0
  -16.7953   13.9305   42.0559 C   0  0  1  0  0  0  0  0  0  0  0  0
  -15.3540   13.9946   41.8405 N   0  0  0  0  0  0  0  0  0  0  0  0
  -14.7283   13.0213   41.3047 C   0  0  0  0  0  0  0  0  0  0  0  0
  -15.4276   11.7558   40.7659 C   0  0  0  0  0  0  0  0  0  0  0  0
  -16.9043   11.7510   41.1447 C   0  0  0  0  0  0  0  0  0  0  0  0
  -17.5360   12.7031   41.7032 N   0  0  0  0  0  0  0  0  0  0  0  0
  -13.3377   13.1228   41.1578 N   0  0  0  0  0  0  0  0  0  0  0  0
  -12.6085   14.3897   41.4678 C   0  0  0  0  0  0  0  0  0  0  0  0
  -11.3378   14.1331   42.2977 C   0  0  0  0  0  0  0  0  0  0  0  0
  -10.5323   13.2923   41.4432 N   0  0  0  0  0  0  0  0  0  0  0  0
   -9.1949   13.2661   41.1578 C   0  0  0  0  0  0  0  0  0  0  0  0
   -8.9105   12.2733   40.3543 N   0  0  0  0  0  0  0  0  0  0  0  0
  -10.1010   11.5906   40.1061 N   0  0  0  0  0  0  0  0  0  0  0  0
  -11.0448   12.2319   40.7472 C   0  0  0  0  0  0  0  0  0  0  0  0
  -12.5324   11.9312   40.7706 C   0  0  0  0  0  0  0  0  0  0  0  0
   -8.3024   14.1509   41.6845 N   0  0  0  0  0  0  0  0  0  0  0  0
  -18.6634   14.4332   45.1195 H   0  0  0  0  0  0  0  0  0  0  0  0
  -18.7942   13.0051   43.9999 H   0  0  0  0  0  0  0  0  0  0  0  0
  -17.1950   14.7042   41.4022 H   0  0  0  0  0  0  0  0  0  0  0  0
  -15.3421   11.7289   39.6803 H   0  0  0  0  0  0  0  0  0  0  0  0
  -14.9643   10.8518   41.1541 H   0  0  0  0  0  0  0  0  0  0  0  0
  -17.4757   10.8575   40.9077 H   0  0  0  0  0  0  0  0  0  0  0  0
  -12.3950   14.9209   40.5383 H   0  0  0  0  0  0  0  0  0  0  0  0
  -13.2176   15.0857   42.0450 H   0  0  0  0  0  0  0  0  0  0  0  0
  -10.8159   15.0612   42.5308 H   0  0  0  0  0  0  0  0  0  0  0  0
  -11.5721   13.6066   43.2247 H   0  0  0  0  0  0  0  0  0  0  0  0
  -12.8540   11.5634   39.7951 H   0  0  0  0  0  0  0  0  0  0  0  0
  -12.7081   11.1319   41.4899 H   0  0  0  0  0  0  0  0  0  0  0  0
   -7.3125   13.9333   41.6782 H   0  0  0  0  0  0  0  0  0  0  0  0
   -8.5894   14.8215   42.3801 H   0  0  0  0  0  0  0  0  0  0  0  0
  2  1  1  1
  2  3  1  0
  2  4  1  0
  2  5  1  0
  3  4  1  0
  3 21  1  0
  3 22  1  0
  5  6  1  0
  5 10  1  0
  5 23  1  6
  6  7  2  0
  7  8  1  0
  7 11  1  0
  8  9  1  0
  8 24  1  0
  8 25  1  0
  9 10  2  0
  9 26  1  0
 11 12  1  0
 11 19  1  0
 12 13  1  0
 12 27  1  0
 12 28  1  0
 13 14  1  0
 13 29  1  0
 13 30  1  0
 14 15  1  0
 14 18  1  0
 15 16  2  0
 15 20  1  0
 16 17  1  0
 17 18  2  0
 18 19  1  0
 19 31  1  0
 19 32  1  0
 20 33  1  0
 20 34  1  0
M  END
"
test-43,"C=C1/C(=C\C=C\CC(=O)C(N)=O)NC[C@H]1CC(C)=O
     RDKit          3D

 37 37  0  0  1  0  0  0  0  0999 V2000
   11.4870   36.9195   -1.9087 O   0  0  0  0  0  0  0  0  0  0  0  0
   10.6241   36.8292   -1.0365 C   0  0  0  0  0  0  0  0  0  0  0  0
   10.5014   37.6500    0.0060 N   0  0  0  0  0  0  0  0  0  0  0  0
    9.5168   35.7024   -1.0569 C   0  0  0  0  0  0  0  0  0  0  0  0
    8.6849   35.5754   -0.1528 O   0  0  0  0  0  0  0  0  0  0  0  0
    9.5398   34.8554   -2.3373 C   0  0  0  0  0  0  0  0  0  0  0  0
    8.7852   33.5463   -2.2079 C   0  0  0  0  0  0  0  0  0  0  0  0
    9.2740   32.3761   -2.6479 C   0  0  0  0  0  0  0  0  0  0  0  0
    8.5864   31.1050   -2.5360 C   0  0  0  0  0  0  0  0  0  0  0  0
    7.3479   30.7713   -2.9641 C   0  0  0  0  0  0  0  0  0  0  0  0
    6.8199   29.5241   -2.7141 N   0  0  0  0  0  0  0  0  0  0  0  0
    5.8057   29.2445   -3.7060 C   0  0  0  0  0  0  0  0  0  0  0  0
    5.1250   30.6022   -3.8144 C   0  0  2  0  0  0  0  0  0  0  0  0
    6.3474   31.5051   -3.7545 C   0  0  0  0  0  0  0  0  0  0  0  0
    6.4631   32.6947   -4.3730 C   0  0  0  0  0  0  0  0  0  0  0  0
    4.0973   30.8567   -2.6794 C   0  0  0  0  0  0  0  0  0  0  0  0
    3.3037   32.1669   -2.7662 C   0  0  0  0  0  0  0  0  0  0  0  0
    2.6057   32.6296   -1.4949 C   0  0  0  0  0  0  0  0  0  0  0  0
    3.2171   32.8213   -3.8040 O   0  0  0  0  0  0  0  0  0  0  0  0
    9.7610   37.4956    0.6748 H   0  0  0  0  0  0  0  0  0  0  0  0
   11.0860   38.4704    0.0880 H   0  0  0  0  0  0  0  0  0  0  0  0
    9.0869   35.4549   -3.1212 H   0  0  0  0  0  0  0  0  0  0  0  0
   10.5679   34.6535   -2.6354 H   0  0  0  0  0  0  0  0  0  0  0  0
    7.8060   33.5802   -1.7464 H   0  0  0  0  0  0  0  0  0  0  0  0
   10.2496   32.3782   -3.1111 H   0  0  0  0  0  0  0  0  0  0  0  0
    9.1453   30.3512   -2.0096 H   0  0  0  0  0  0  0  0  0  0  0  0
    7.4679   28.7609   -2.5811 H   0  0  0  0  0  0  0  0  0  0  0  0
    6.2681   28.9352   -4.6458 H   0  0  0  0  0  0  0  0  0  0  0  0
    5.1244   28.4550   -3.3857 H   0  0  0  0  0  0  0  0  0  0  0  0
    4.6092   30.6736   -4.7706 H   0  0  0  0  0  0  0  0  0  0  0  0
    7.3644   33.2828   -4.3428 H   0  0  0  0  0  0  0  0  0  0  0  0
    5.6367   33.0999   -4.9386 H   0  0  0  0  0  0  0  0  0  0  0  0
    4.5877   30.8071   -1.7065 H   0  0  0  0  0  0  0  0  0  0  0  0
    3.3639   30.0527   -2.7123 H   0  0  0  0  0  0  0  0  0  0  0  0
    3.3419   32.8607   -0.7243 H   0  0  0  0  0  0  0  0  0  0  0  0
    2.0236   33.5310   -1.6886 H   0  0  0  0  0  0  0  0  0  0  0  0
    1.9296   31.8586   -1.1268 H   0  0  0  0  0  0  0  0  0  0  0  0
  1  2  2  0
  2  3  1  0
  2  4  1  0
  3 20  1  0
  3 21  1  0
  4  5  2  0
  4  6  1  0
  6  7  1  0
  6 22  1  0
  6 23  1  0
  7  8  2  0
  7 24  1  0
  8  9  1  0
  8 25  1  0
  9 10  2  0
  9 26  1  0
 10 11  1  0
 10 14  1  0
 11 12  1  0
 11 27  1  0
 12 13  1  0
 12 28  1  0
 12 29  1  0
 13 14  1  0
 13 16  1  0
 13 30  1  6
 14 15  2  0
 15 31  1  0
 15 32  1  0
 16 17  1  0
 16 33  1  0
 16 34  1  0
 17 18  1  0
 17 19  2  0
 18 35  1  0
 18 36  1  0
 18 37  1  0
M  END
"
test-44,"O=C(c1ccco1)N1CC[NH+]([C@H]2CCC(O)C2)CC1
     RDKit          3D

 40 42  0  0  1  0  0  0  0  0999 V2000
   67.0282    6.3408   15.9706 O   0  0  0  0  0  0  0  0  0  0  0  0
   67.4527    6.2378   14.6291 C   0  0  2  0  0  0  0  0  0  0  0  0
   68.1033    7.4700   14.0178 C   0  0  0  0  0  0  0  0  0  0  0  0
   68.0740    7.2078   12.5092 C   0  0  0  0  0  0  0  0  0  0  0  0
   66.8202    6.3538   12.2300 C   0  0  2  0  0  0  0  0  0  0  0  0
   66.3830    5.8179   13.6181 C   0  0  0  0  0  0  0  0  0  0  0  0
   66.9621    5.3733   11.0250 N   0  0  0  0  0  0  0  0  0  0  0  0
   65.6594    5.2522   10.2174 C   0  0  0  0  0  0  0  0  0  0  0  0
   65.7782    4.3205    8.9773 C   0  0  0  0  0  0  0  0  0  0  0  0
   66.5283    3.0687    9.2763 N   0  0  0  0  0  0  0  0  0  0  0  0
   67.7209    3.1572   10.1581 C   0  0  0  0  0  0  0  0  0  0  0  0
   67.3682    3.9465   11.4199 C   0  0  0  0  0  0  0  0  0  0  0  0
   66.4416    1.9541    8.4780 C   0  0  0  0  0  0  0  0  0  0  0  0
   67.3063    1.0703    8.4782 O   0  0  0  0  0  0  0  0  0  0  0  0
   65.2861    1.7543    7.6150 C   0  0  0  0  0  0  0  0  0  0  0  0
   63.9275    2.0722    7.7128 C   0  0  0  0  0  0  0  0  0  0  0  0
   63.2695    1.4683    6.6412 C   0  0  0  0  0  0  0  0  0  0  0  0
   64.2270    0.7316    5.9732 C   0  0  0  0  0  0  0  0  0  0  0  0
   65.4345    0.8854    6.5745 O   0  0  0  0  0  0  0  0  0  0  0  0
   67.8053    6.3977   16.5353 H   0  0  0  0  0  0  0  0  0  0  0  0
   68.2274    5.4688   14.6391 H   0  0  0  0  0  0  0  0  0  0  0  0
   67.5088    8.3512   14.2675 H   0  0  0  0  0  0  0  0  0  0  0  0
   69.1078    7.6520   14.4009 H   0  0  0  0  0  0  0  0  0  0  0  0
   68.0858    8.1317   11.9343 H   0  0  0  0  0  0  0  0  0  0  0  0
   68.9848    6.6691   12.2523 H   0  0  0  0  0  0  0  0  0  0  0  0
   66.0450    7.0705   11.9411 H   0  0  0  0  0  0  0  0  0  0  0  0
   65.4267    6.2679   13.8871 H   0  0  0  0  0  0  0  0  0  0  0  0
   66.2293    4.7433   13.6782 H   0  0  0  0  0  0  0  0  0  0  0  0
   67.6730    5.7476   10.4112 H   0  0  0  0  0  0  0  0  0  0  0  0
   64.8556    4.9672   10.8997 H   0  0  0  0  0  0  0  0  0  0  0  0
   65.4442    6.2658    9.8831 H   0  0  0  0  0  0  0  0  0  0  0  0
   64.7364    4.1284    8.7557 H   0  0  0  0  0  0  0  0  0  0  0  0
   66.2277    4.8992    8.1731 H   0  0  0  0  0  0  0  0  0  0  0  0
   68.0752    2.1770   10.4889 H   0  0  0  0  0  0  0  0  0  0  0  0
   68.5331    3.6981    9.6786 H   0  0  0  0  0  0  0  0  0  0  0  0
   66.5558    3.4718   11.9711 H   0  0  0  0  0  0  0  0  0  0  0  0
   68.2264    4.0481   12.0759 H   0  0  0  0  0  0  0  0  0  0  0  0
   63.4375    2.6497    8.4782 H   0  0  0  0  0  0  0  0  0  0  0  0
   62.2141    1.5161    6.4129 H   0  0  0  0  0  0  0  0  0  0  0  0
   64.2046    0.0700    5.1189 H   0  0  0  0  0  0  0  0  0  0  0  0
  1  2  1  0
  1 20  1  0
  2  3  1  0
  2  6  1  0
  2 21  1  1
  3  4  1  0
  3 22  1  0
  3 23  1  0
  4  5  1  0
  4 24  1  0
  4 25  1  0
  5  6  1  0
  5  7  1  0
  5 26  1  6
  6 27  1  0
  6 28  1  0
  7  8  1  0
  7 12  1  0
  7 29  1  0
  8  9  1  0
  8 30  1  0
  8 31  1  0
  9 10  1  0
  9 32  1  0
  9 33  1  0
 10 11  1  0
 10 13  1  0
 11 12  1  0
 11 34  1  0
 11 35  1  0
 12 36  1  0
 12 37  1  0
 13 14  2  0
 13 15  1  0
 15 16  2  0
 15 19  1  0
 16 17  1  0
 16 38  1  0
 17 18  2  0
 17 39  1  0
 18 19  1  0
 18 40  1  0
M  CHG  1   7   1
M  END
"
test-45,"COc1nnc2ccccc2n1
     RDKit          3D

 19 20  0  0  1  0  0  0  0  0999 V2000
   -6.4287    0.6265   17.2211 O   0  0  0  0  0  0  0  0  0  0  0  0
   -7.1062    1.5354   18.0901 C   0  0  0  0  0  0  0  0  0  0  0  0
   -5.7883    1.1534   16.1185 C   0  0  0  0  0  0  0  0  0  0  0  0
   -5.1312    0.2343   15.3703 N   0  0  0  0  0  0  0  0  0  0  0  0
   -4.5091    0.6488   14.2520 N   0  0  0  0  0  0  0  0  0  0  0  0
   -4.5789    1.9603   13.8818 C   0  0  0  0  0  0  0  0  0  0  0  0
   -3.9315    2.4099   12.7099 C   0  0  0  0  0  0  0  0  0  0  0  0
   -4.0082    3.7544   12.3477 C   0  0  0  0  0  0  0  0  0  0  0  0
   -4.7152    4.6641   13.1324 C   0  0  0  0  0  0  0  0  0  0  0  0
   -5.3571    4.2495   14.2984 C   0  0  0  0  0  0  0  0  0  0  0  0
   -5.2944    2.8916   14.6886 C   0  0  0  0  0  0  0  0  0  0  0  0
   -5.9092    2.4775   15.8258 N   0  0  0  0  0  0  0  0  0  0  0  0
   -7.5258    1.0337   18.9565 H   0  0  0  0  0  0  0  0  0  0  0  0
   -6.4307    2.3054   18.4686 H   0  0  0  0  0  0  0  0  0  0  0  0
   -7.9298    2.0191   17.5629 H   0  0  0  0  0  0  0  0  0  0  0  0
   -3.3694    1.7046   12.1181 H   0  0  0  0  0  0  0  0  0  0  0  0
   -3.5049    4.1002   11.4565 H   0  0  0  0  0  0  0  0  0  0  0  0
   -4.7540    5.7036   12.8397 H   0  0  0  0  0  0  0  0  0  0  0  0
   -5.8952    4.9579   14.9121 H   0  0  0  0  0  0  0  0  0  0  0  0
  1  2  1  0
  1  3  1  0
  2 13  1  0
  2 14  1  0
  2 15  1  0
  3  4  2  0
  3 12  1  0
  4  5  1  0
  5  6  2  0
  6  7  1  0
  6 11  1  0
  7  8  2  0
  7 16  1  0
  8  9  1  0
  8 17  1  0
  9 10  2  0
  9 18  1  0
 10 11  1  0
 10 19  1  0
 11 12  2  0
M  END
"
test-46,"Nc1cc(CCc2nonc2NCC(=O)N[C@@H](CCC(=O)[O-])C(=O)[O-])ccc1CCC[NH3+]
     RDKit          3D

 59 60  0  0  1  0  0  0  0  0999 V2000
   52.0386   53.2136   28.8345 O   0  0  0  0  0  0  0  0  0  0  0  0
   52.6321   53.9015   27.9600 C   0  0  0  0  0  0  0  0  0  0  0  0
   53.0323   55.0884   28.0395 O   0  0  0  0  0  0  0  0  0  0  0  0
   52.6744   53.2262   26.5354 C   0  0  1  0  0  0  0  0  0  0  0  0
   53.1061   54.1613   25.3499 C   0  0  0  0  0  0  0  0  0  0  0  0
   52.8137   53.6052   23.9267 C   0  0  0  0  0  0  0  0  0  0  0  0
   51.4181   53.9039   23.3240 C   0  0  0  0  0  0  0  0  0  0  0  0
   50.5236   54.4140   24.0378 O   0  0  0  0  0  0  0  0  0  0  0  0
   51.2570   53.6355   22.1129 O   0  0  0  0  0  0  0  0  0  0  0  0
   53.4879   52.0020   26.5993 N   0  0  0  0  0  0  0  0  0  0  0  0
   54.8107   51.8646   26.8455 C   0  0  0  0  0  0  0  0  0  0  0  0
   55.5544   52.8266   27.0341 O   0  0  0  0  0  0  0  0  0  0  0  0
   55.4121   50.4351   26.8916 C   0  0  0  0  0  0  0  0  0  0  0  0
   54.4780   49.3420   26.6863 N   0  0  0  0  0  0  0  0  0  0  0  0
   53.6058   49.2141   25.6322 C   0  0  0  0  0  0  0  0  0  0  0  0
   53.7674   49.8925   24.5174 N   0  0  0  0  0  0  0  0  0  0  0  0
   52.6370   49.6103   23.7667 O   0  0  0  0  0  0  0  0  0  0  0  0
   51.8333   48.6988   24.4370 N   0  0  0  0  0  0  0  0  0  0  0  0
   52.4395   48.4512   25.5681 C   0  0  0  0  0  0  0  0  0  0  0  0
   51.8292   47.5165   26.6059 C   0  0  0  0  0  0  0  0  0  0  0  0
   50.6439   46.6524   26.1054 C   0  0  0  0  0  0  0  0  0  0  0  0
   49.9126   45.9766   27.2521 C   0  0  0  0  0  0  0  0  0  0  0  0
   50.2583   44.6858   27.6538 C   0  0  0  0  0  0  0  0  0  0  0  0
   49.6462   44.1144   28.7675 C   0  0  0  0  0  0  0  0  0  0  0  0
   48.6729   44.8184   29.4877 C   0  0  0  0  0  0  0  0  0  0  0  0
   48.2756   46.0898   29.0367 C   0  0  0  0  0  0  0  0  0  0  0  0
   48.9061   46.6651   27.9341 C   0  0  0  0  0  0  0  0  0  0  0  0
   47.2623   46.8151   29.6634 N   0  0  0  0  0  0  0  0  0  0  0  0
   48.1052   44.1851   30.7560 C   0  0  0  0  0  0  0  0  0  0  0  0
   48.8333   44.6296   32.0448 C   0  0  0  0  0  0  0  0  0  0  0  0
   48.4596   46.0407   32.5306 C   0  0  0  0  0  0  0  0  0  0  0  0
   49.0333   46.2851   33.9311 N   0  0  0  0  0  0  0  0  0  0  0  0
   51.6533   52.8912   26.3348 H   0  0  0  0  0  0  0  0  0  0  0  0
   52.6283   55.1359   25.4307 H   0  0  0  0  0  0  0  0  0  0  0  0
   54.1659   54.4022   25.4377 H   0  0  0  0  0  0  0  0  0  0  0  0
   53.5547   54.0219   23.2426 H   0  0  0  0  0  0  0  0  0  0  0  0
   52.9706   52.5262   23.9083 H   0  0  0  0  0  0  0  0  0  0  0  0
   52.9605   51.1501   26.4734 H   0  0  0  0  0  0  0  0  0  0  0  0
   56.2528   50.4024   26.1975 H   0  0  0  0  0  0  0  0  0  0  0  0
   55.8538   50.3636   27.8862 H   0  0  0  0  0  0  0  0  0  0  0  0
   54.8028   48.4784   27.0977 H   0  0  0  0  0  0  0  0  0  0  0  0
   51.4966   48.1108   27.4549 H   0  0  0  0  0  0  0  0  0  0  0  0
   52.6020   46.8540   26.9977 H   0  0  0  0  0  0  0  0  0  0  0  0
   49.9151   47.2561   25.5627 H   0  0  0  0  0  0  0  0  0  0  0  0
   50.9891   45.9001   25.3944 H   0  0  0  0  0  0  0  0  0  0  0  0
   51.0269   44.1297   27.1326 H   0  0  0  0  0  0  0  0  0  0  0  0
   49.9582   43.1265   29.0759 H   0  0  0  0  0  0  0  0  0  0  0  0
   48.6211   47.6551   27.6066 H   0  0  0  0  0  0  0  0  0  0  0  0
   47.0356   47.7173   29.2563 H   0  0  0  0  0  0  0  0  0  0  0  0
   46.5192   46.2764   30.0811 H   0  0  0  0  0  0  0  0  0  0  0  0
   48.1896   43.1008   30.6625 H   0  0  0  0  0  0  0  0  0  0  0  0
   47.0322   44.3665   30.8228 H   0  0  0  0  0  0  0  0  0  0  0  0
   48.6336   43.9093   32.8369 H   0  0  0  0  0  0  0  0  0  0  0  0
   49.9060   44.5739   31.8796 H   0  0  0  0  0  0  0  0  0  0  0  0
   48.8701   46.8323   31.9032 H   0  0  0  0  0  0  0  0  0  0  0  0
   47.3842   46.1736   32.6520 H   0  0  0  0  0  0  0  0  0  0  0  0
   48.7173   45.5630   34.5641 H   0  0  0  0  0  0  0  0  0  0  0  0
   50.0444   46.2573   33.9288 H   0  0  0  0  0  0  0  0  0  0  0  0
   48.7356   47.1829   34.2980 H   0  0  0  0  0  0  0  0  0  0  0  0
  1  2  2  0
  2  3  1  0
  2  4  1  0
  4  5  1  0
  4 10  1  0
  4 33  1  6
  5  6  1  0
  5 34  1  0
  5 35  1  0
  6  7  1  0
  6 36  1  0
  6 37  1  0
  7  8  2  0
  7  9  1  0
 10 11  1  0
 10 38  1  0
 11 12  2  0
 11 13  1  0
 13 14  1  0
 13 39  1  0
 13 40  1  0
 14 15  1  0
 14 41  1  0
 15 16  2  0
 15 19  1  0
 16 17  1  0
 17 18  1  0
 18 19  2  0
 19 20  1  0
 20 21  1  0
 20 42  1  0
 20 43  1  0
 21 22  1  0
 21 44  1  0
 21 45  1  0
 22 23  2  0
 22 27  1  0
 23 24  1  0
 23 46  1  0
 24 25  2  0
 24 47  1  0
 25 26  1  0
 25 29  1  0
 26 27  2  0
 26 28  1  0
 27 48  1  0
 28 49  1  0
 28 50  1  0
 29 30  1  0
 29 51  1  0
 29 52  1  0
 30 31  1  0
 30 53  1  0
 30 54  1  0
 31 32  1  0
 31 55  1  0
 31 56  1  0
 32 57  1  0
 32 58  1  0
 32 59  1  0
M  CHG  3   3  -1   9  -1  32   1
M  END
"
test-47,"C[NH2+]C[C@@H](C)C(=O)N1CC[C@@](c2ccc(-n3nnnn3)cc2)(C2(n3cnnn3)CC2)C1
     RDKit          3D

 57 61  0  0  1  0  0  0  0  0999 V2000
   52.0316   19.0950   41.2279 N   0  0  0  0  0  0  0  0  0  0  0  0
   53.3678   18.8635   40.9552 N   0  0  0  0  0  0  0  0  0  0  0  0
   53.7682   19.8730   40.2308 C   0  0  0  0  0  0  0  0  0  0  0  0
   52.7468   20.7673   40.0831 N   0  0  0  0  0  0  0  0  0  0  0  0
   51.6626   20.3183   40.7276 N   0  0  0  0  0  0  0  0  0  0  0  0
   52.6831   21.9826   39.2780 C   0  0  0  0  0  0  0  0  0  0  0  0
   51.3648   22.2689   38.5925 C   0  0  0  0  0  0  0  0  0  0  0  0
   52.5308   21.7421   37.7886 C   0  0  0  0  0  0  0  0  0  0  0  0
   53.5813   23.1787   39.7746 C   0  0  2  0  0  0  0  0  0  0  0  0
   53.5354   23.2724   41.3250 C   0  0  0  0  0  0  0  0  0  0  0  0
   52.3856   24.1986   41.7409 C   0  0  0  0  0  0  0  0  0  0  0  0
   52.1116   24.9578   40.5251 N   0  0  0  0  0  0  0  0  0  0  0  0
   52.9849   24.5696   39.4230 C   0  0  0  0  0  0  0  0  0  0  0  0
   51.2095   25.9568   40.3827 C   0  0  0  0  0  0  0  0  0  0  0  0
   50.9685   26.4553   39.2814 O   0  0  0  0  0  0  0  0  0  0  0  0
   50.4865   26.5306   41.6254 C   0  0  2  0  0  0  0  0  0  0  0  0
   49.2138   25.7066   41.9162 C   0  0  0  0  0  0  0  0  0  0  0  0
   50.1364   28.0498   41.5133 C   0  0  0  0  0  0  0  0  0  0  0  0
   51.3684   28.9930   41.4729 N   0  0  0  0  0  0  0  0  0  0  0  0
   52.0499   29.1739   40.1009 C   0  0  0  0  0  0  0  0  0  0  0  0
   54.9981   23.0560   39.1556 C   0  0  0  0  0  0  0  0  0  0  0  0
   55.2235   23.5226   37.8499 C   0  0  0  0  0  0  0  0  0  0  0  0
   56.4701   23.4115   37.2521 C   0  0  0  0  0  0  0  0  0  0  0  0
   57.5320   22.8638   37.9690 C   0  0  0  0  0  0  0  0  0  0  0  0
   57.3377   22.4321   39.2829 C   0  0  0  0  0  0  0  0  0  0  0  0
   56.0707   22.4932   39.8593 C   0  0  0  0  0  0  0  0  0  0  0  0
   58.7886   22.7322   37.3503 N   0  0  0  0  0  0  0  0  0  0  0  0
   59.3162   23.6800   36.5549 N   0  0  0  0  0  0  0  0  0  0  0  0
   60.4669   23.1103   36.0519 N   0  0  0  0  0  0  0  0  0  0  0  0
   60.5679   21.8228   36.5553 N   0  0  0  0  0  0  0  0  0  0  0  0
   59.4978   21.5933   37.3939 N   0  0  0  0  0  0  0  0  0  0  0  0
   54.7288   20.0232   39.7624 H   0  0  0  0  0  0  0  0  0  0  0  0
   50.5677   21.6322   38.9451 H   0  0  0  0  0  0  0  0  0  0  0  0
   50.9969   23.2791   38.4234 H   0  0  0  0  0  0  0  0  0  0  0  0
   52.5676   20.7075   37.4547 H   0  0  0  0  0  0  0  0  0  0  0  0
   52.9848   22.4031   37.0580 H   0  0  0  0  0  0  0  0  0  0  0  0
   53.5003   22.3217   41.8553 H   0  0  0  0  0  0  0  0  0  0  0  0
   54.4719   23.6668   41.6850 H   0  0  0  0  0  0  0  0  0  0  0  0
   51.5223   23.5965   42.0248 H   0  0  0  0  0  0  0  0  0  0  0  0
   52.7081   24.8307   42.5687 H   0  0  0  0  0  0  0  0  0  0  0  0
   52.5498   24.6220   38.4242 H   0  0  0  0  0  0  0  0  0  0  0  0
   53.7676   25.3190   39.4287 H   0  0  0  0  0  0  0  0  0  0  0  0
   51.1461   26.4304   42.4879 H   0  0  0  0  0  0  0  0  0  0  0  0
   48.6448   26.1345   42.7407 H   0  0  0  0  0  0  0  0  0  0  0  0
   48.5494   25.6656   41.0517 H   0  0  0  0  0  0  0  0  0  0  0  0
   49.4542   24.6774   42.1825 H   0  0  0  0  0  0  0  0  0  0  0  0
   49.5212   28.2962   40.6452 H   0  0  0  0  0  0  0  0  0  0  0  0
   49.6039   28.3904   42.4019 H   0  0  0  0  0  0  0  0  0  0  0  0
   51.0516   29.9121   41.7575 H   0  0  0  0  0  0  0  0  0  0  0  0
   52.0505   28.7048   42.1640 H   0  0  0  0  0  0  0  0  0  0  0  0
   52.6781   30.0636   40.1577 H   0  0  0  0  0  0  0  0  0  0  0  0
   52.6634   28.2932   39.9093 H   0  0  0  0  0  0  0  0  0  0  0  0
   51.2701   29.2993   39.3459 H   0  0  0  0  0  0  0  0  0  0  0  0
   54.4337   23.9804   37.2723 H   0  0  0  0  0  0  0  0  0  0  0  0
   56.6038   23.7575   36.2363 H   0  0  0  0  0  0  0  0  0  0  0  0
   58.1682   22.0603   39.8595 H   0  0  0  0  0  0  0  0  0  0  0  0
   55.9410   22.1287   40.8670 H   0  0  0  0  0  0  0  0  0  0  0  0
  1  2  1  0
  1  5  2  0
  2  3  2  0
  3  4  1  0
  3 32  1  0
  4  5  1  0
  4  6  1  0
  6  7  1  0
  6  8  1  0
  9  6  1  6
  7  8  1  0
  7 33  1  0
  7 34  1  0
  8 35  1  0
  8 36  1  0
  9 10  1  0
  9 13  1  0
  9 21  1  0
 10 11  1  0
 10 37  1  0
 10 38  1  0
 11 12  1  0
 11 39  1  0
 11 40  1  0
 12 13  1  0
 12 14  1  0
 13 41  1  0
 13 42  1  0
 14 15  2  0
 14 16  1  0
 16 17  1  0
 16 18  1  0
 16 43  1  1
 17 44  1  0
 17 45  1  0
 17 46  1  0
 18 19  1  0
 18 47  1  0
 18 48  1  0
 19 20  1  0
 19 49  1  0
 19 50  1  0
 20 51  1  0
 20 52  1  0
 20 53  1  0
 21 22  2  0
 21 26  1  0
 22 23  1  0
 22 54  1  0
 23 24  2  0
 23 55  1  0
 24 25  1  0
 24 27  1  0
 25 26  2  0
 25 56  1  0
 26 57  1  0
 27 28  1  0
 27 31  1  0
 28 29  2  0
 29 30  1  0
 30 31  2  0
M  CHG  1  19   1
M  END
"
test-48,"Cc1cc(-c2cccc(-c3nn[n-]n3)c2)c[n+](C)c1
     RDKit          3D

 32 34  0  0  1  0  0  0  0  0999 V2000
   10.6705   36.4271   -1.9500 N   0  0  0  0  0  0  0  0  0  0  0  0
   11.0809   37.4543   -1.1386 N   0  0  0  0  0  0  0  0  0  0  0  0
   11.0880   36.9941    0.1511 N   0  0  0  0  0  0  0  0  0  0  0  0
   10.6702   35.6896    0.1320 N   0  0  0  0  0  0  0  0  0  0  0  0
   10.4100   35.4370   -1.1299 C   0  0  0  0  0  0  0  0  0  0  0  0
    9.8361   34.1373   -1.5814 C   0  0  0  0  0  0  0  0  0  0  0  0
   10.2817   32.9411   -1.0205 C   0  0  0  0  0  0  0  0  0  0  0  0
    9.6847   31.7399   -1.3745 C   0  0  0  0  0  0  0  0  0  0  0  0
    8.6538   31.7099   -2.3124 C   0  0  0  0  0  0  0  0  0  0  0  0
    8.2010   32.8932   -2.9114 C   0  0  0  0  0  0  0  0  0  0  0  0
    8.8078   34.0985   -2.5308 C   0  0  0  0  0  0  0  0  0  0  0  0
    7.0931   32.8845   -3.9079 C   0  0  0  0  0  0  0  0  0  0  0  0
    7.1456   33.7065   -5.0431 C   0  0  0  0  0  0  0  0  0  0  0  0
    6.1420   33.7034   -5.9503 N   0  0  0  0  0  0  0  0  0  0  0  0
    5.0459   32.9251   -5.8024 C   0  0  0  0  0  0  0  0  0  0  0  0
    4.9321   32.0849   -4.6905 C   0  0  0  0  0  0  0  0  0  0  0  0
    5.9613   32.0719   -3.7400 C   0  0  0  0  0  0  0  0  0  0  0  0
    3.6981   31.2196   -4.5062 C   0  0  0  0  0  0  0  0  0  0  0  0
    6.2333   34.6212   -7.0986 C   0  0  0  0  0  0  0  0  0  0  0  0
   11.0671   32.9511   -0.2797 H   0  0  0  0  0  0  0  0  0  0  0  0
   10.0163   30.8439   -0.8842 H   0  0  0  0  0  0  0  0  0  0  0  0
    8.2082   30.7598   -2.5681 H   0  0  0  0  0  0  0  0  0  0  0  0
    8.4585   35.0319   -2.9413 H   0  0  0  0  0  0  0  0  0  0  0  0
    7.9689   34.3756   -5.2436 H   0  0  0  0  0  0  0  0  0  0  0  0
    4.2869   32.9958   -6.5701 H   0  0  0  0  0  0  0  0  0  0  0  0
    5.8717   31.4391   -2.8675 H   0  0  0  0  0  0  0  0  0  0  0  0
    3.4017   31.1861   -3.4572 H   0  0  0  0  0  0  0  0  0  0  0  0
    2.8459   31.6167   -5.0601 H   0  0  0  0  0  0  0  0  0  0  0  0
    3.8923   30.1986   -4.8361 H   0  0  0  0  0  0  0  0  0  0  0  0
    6.0521   35.6265   -6.7274 H   0  0  0  0  0  0  0  0  0  0  0  0
    7.2460   34.5508   -7.5016 H   0  0  0  0  0  0  0  0  0  0  0  0
    5.4892   34.3500   -7.8527 H   0  0  0  0  0  0  0  0  0  0  0  0
  1  2  1  0
  1  5  2  0
  2  3  1  0
  3  4  2  0
  4  5  1  0
  5  6  1  0
  6  7  2  0
  6 11  1  0
  7  8  1  0
  7 20  1  0
  8  9  2  0
  8 21  1  0
  9 10  1  0
  9 22  1  0
 10 11  2  0
 10 12  1  0
 11 23  1  0
 12 13  2  0
 12 17  1  0
 13 14  1  0
 13 24  1  0
 14 15  2  0
 14 19  1  0
 15 16  1  0
 15 25  1  0
 16 17  2  0
 16 18  1  0
 17 26  1  0
 18 27  1  0
 18 28  1  0
 18 29  1  0
 19 30  1  0
 19 31  1  0
 19 32  1  0
M  CHG  2   2  -1  14   1
M  END
"
test-49,"CCN(c1cccnc1)[C@H]1CCC2=C(C1)C(C)(C)OC(N)=[NH+]2
     RDKit          3D

 47 49  0  0  1  0  0  0  0  0999 V2000
   18.3712    7.3933    4.9412 N   0  0  0  0  0  0  0  0  0  0  0  0
   17.9568    6.9517    3.7616 C   0  0  0  0  0  0  0  0  0  0  0  0
   18.3292    7.4091    2.5679 N   0  0  0  0  0  0  0  0  0  0  0  0
   17.7716    6.9526    1.4071 C   0  0  0  0  0  0  0  0  0  0  0  0
   16.8384    5.9743    1.4573 C   0  0  0  0  0  0  0  0  0  0  0  0
   16.2000    5.4344    0.1681 C   0  0  0  0  0  0  0  0  0  0  0  0
   16.1886    6.4987   -0.9650 C   0  0  1  0  0  0  0  0  0  0  0  0
   17.6170    7.0632   -1.1345 C   0  0  0  0  0  0  0  0  0  0  0  0
   18.2439    7.6625    0.1404 C   0  0  0  0  0  0  0  0  0  0  0  0
   16.4857    5.3037    2.8018 C   0  0  0  0  0  0  0  0  0  0  0  0
   17.1420    5.9641    3.9043 O   0  0  0  0  0  0  0  0  0  0  0  0
   14.9832    5.4482    3.0825 C   0  0  0  0  0  0  0  0  0  0  0  0
   17.0016    3.8552    2.8098 C   0  0  0  0  0  0  0  0  0  0  0  0
   15.7066    5.9024   -2.2372 N   0  0  0  0  0  0  0  0  0  0  0  0
   15.9965    6.5703   -3.5165 C   0  0  0  0  0  0  0  0  0  0  0  0
   15.2641    7.9097   -3.7057 C   0  0  0  0  0  0  0  0  0  0  0  0
   14.4660    5.2233   -2.2807 C   0  0  0  0  0  0  0  0  0  0  0  0
   14.3012    4.1169   -3.1269 C   0  0  0  0  0  0  0  0  0  0  0  0
   13.0732    3.4576   -3.1900 C   0  0  0  0  0  0  0  0  0  0  0  0
   12.0223    3.9370   -2.4082 C   0  0  0  0  0  0  0  0  0  0  0  0
   12.1454    5.0119   -1.5904 N   0  0  0  0  0  0  0  0  0  0  0  0
   13.3538    5.6295   -1.5292 C   0  0  0  0  0  0  0  0  0  0  0  0
   17.9549    6.9279    5.7474 H   0  0  0  0  0  0  0  0  0  0  0  0
   19.2913    7.7974    5.0488 H   0  0  0  0  0  0  0  0  0  0  0  0
   19.0156    8.1482    2.5383 H   0  0  0  0  0  0  0  0  0  0  0  0
   16.7761    4.5657   -0.1568 H   0  0  0  0  0  0  0  0  0  0  0  0
   15.1985    5.0599    0.3709 H   0  0  0  0  0  0  0  0  0  0  0  0
   15.5131    7.3111   -0.6898 H   0  0  0  0  0  0  0  0  0  0  0  0
   18.2748    6.2860   -1.5295 H   0  0  0  0  0  0  0  0  0  0  0  0
   17.5878    7.8547   -1.8777 H   0  0  0  0  0  0  0  0  0  0  0  0
   19.3315    7.6475    0.0414 H   0  0  0  0  0  0  0  0  0  0  0  0
   17.9808    8.7186    0.2054 H   0  0  0  0  0  0  0  0  0  0  0  0
   14.7870    5.2813    4.1427 H   0  0  0  0  0  0  0  0  0  0  0  0
   14.6183    6.4364    2.8097 H   0  0  0  0  0  0  0  0  0  0  0  0
   14.3942    4.7212    2.5241 H   0  0  0  0  0  0  0  0  0  0  0  0
   17.1874    3.5059    3.8259 H   0  0  0  0  0  0  0  0  0  0  0  0
   16.2631    3.1724    2.4023 H   0  0  0  0  0  0  0  0  0  0  0  0
   17.9245    3.7419    2.2410 H   0  0  0  0  0  0  0  0  0  0  0  0
   17.0729    6.7123   -3.5973 H   0  0  0  0  0  0  0  0  0  0  0  0
   15.7448    5.9216   -4.3577 H   0  0  0  0  0  0  0  0  0  0  0  0
   15.5126    8.6168   -2.9144 H   0  0  0  0  0  0  0  0  0  0  0  0
   15.5440    8.3705   -4.6536 H   0  0  0  0  0  0  0  0  0  0  0  0
   14.1821    7.7769   -3.7141 H   0  0  0  0  0  0  0  0  0  0  0  0
   15.1245    3.7620   -3.7306 H   0  0  0  0  0  0  0  0  0  0  0  0
   12.9426    2.6024   -3.8383 H   0  0  0  0  0  0  0  0  0  0  0  0
   11.0558    3.4561   -2.4301 H   0  0  0  0  0  0  0  0  0  0  0  0
   13.4097    6.4867   -0.8760 H   0  0  0  0  0  0  0  0  0  0  0  0
  1  2  1  0
  1 23  1  0
  1 24  1  0
  2  3  2  0
  2 11  1  0
  3  4  1  0
  3 25  1  0
  4  5  2  0
  4  9  1  0
  5  6  1  0
  5 10  1  0
  6  7  1  0
  6 26  1  0
  6 27  1  0
  7  8  1  0
  7 14  1  0
  7 28  1  1
  8  9  1  0
  8 29  1  0
  8 30  1  0
  9 31  1  0
  9 32  1  0
 10 11  1  0
 10 12  1  0
 10 13  1  0
 12 33  1  0
 12 34  1  0
 12 35  1  0
 13 36  1  0
 13 37  1  0
 13 38  1  0
 14 15  1  0
 14 17  1  0
 15 16  1  0
 15 39  1  0
 15 40  1  0
 16 41  1  0
 16 42  1  0
 16 43  1  0
 17 18  2  0
 17 22  1  0
 18 19  1  0
 18 44  1  0
 19 20  2  0
 19 45  1  0
 20 21  1  0
 20 46  1  0
 21 22  2  0
 22 47  1  0
M  CHG  1   3   1
M  END
"
test-50,"Fc1ccc(Oc2ccc3c(cnn3N3CCCNCC3)n2)c(F)c1
     RDKit          3D

 42 45  0  0  1  0  0  0  0  0999 V2000
   -2.0193   -2.5631   22.5746 N   0  0  0  0  0  0  0  0  0  0  0  0
   -2.4962   -2.3449   21.3734 C   0  0  0  0  0  0  0  0  0  0  0  0
   -2.6596   -0.9515   21.1336 C   0  0  0  0  0  0  0  0  0  0  0  0
   -3.1241   -0.2641   20.0837 N   0  0  0  0  0  0  0  0  0  0  0  0
   -3.1307    1.1001   20.1956 C   0  0  0  0  0  0  0  0  0  0  0  0
   -2.6689    1.7784   21.3224 C   0  0  0  0  0  0  0  0  0  0  0  0
   -2.1831    1.0737   22.4231 C   0  0  0  0  0  0  0  0  0  0  0  0
   -2.1963   -0.3229   22.3132 C   0  0  0  0  0  0  0  0  0  0  0  0
   -1.8348   -1.3611   23.1664 N   0  0  0  0  0  0  0  0  0  0  0  0
   -1.3464   -1.2249   24.4752 N   0  0  0  0  0  0  0  0  0  0  0  0
   -2.3090   -0.5718   25.3740 C   0  0  0  0  0  0  0  0  0  0  0  0
   -2.1410   -0.8365   26.8876 C   0  0  0  0  0  0  0  0  0  0  0  0
   -0.7255   -1.1909   27.3787 C   0  0  0  0  0  0  0  0  0  0  0  0
    0.3672   -0.2998   27.0150 N   0  0  0  0  0  0  0  0  0  0  0  0
    0.4691    0.2226   25.6579 C   0  0  0  0  0  0  0  0  0  0  0  0
    0.0318   -0.7001   24.4947 C   0  0  0  0  0  0  0  0  0  0  0  0
   -3.6140    1.8699   19.1532 O   0  0  0  0  0  0  0  0  0  0  0  0
   -4.2426    1.3194   18.0601 C   0  0  0  0  0  0  0  0  0  0  0  0
   -3.6346    1.4314   16.8075 C   0  0  0  0  0  0  0  0  0  0  0  0
   -4.2755    0.9368   15.6714 C   0  0  0  0  0  0  0  0  0  0  0  0
   -5.5305    0.3407   15.7854 C   0  0  0  0  0  0  0  0  0  0  0  0
   -6.1538    0.2496   17.0279 C   0  0  0  0  0  0  0  0  0  0  0  0
   -5.5102    0.7289   18.1674 C   0  0  0  0  0  0  0  0  0  0  0  0
   -6.1230    0.6310   19.3695 F   0  0  0  0  0  0  0  0  0  0  0  0
   -6.1373   -0.1688   14.6942 F   0  0  0  0  0  0  0  0  0  0  0  0
   -2.7214   -3.1603   20.7028 H   0  0  0  0  0  0  0  0  0  0  0  0
   -2.6926    2.8576   21.3430 H   0  0  0  0  0  0  0  0  0  0  0  0
   -1.8202    1.5861   23.3011 H   0  0  0  0  0  0  0  0  0  0  0  0
   -2.3424    0.5011   25.1906 H   0  0  0  0  0  0  0  0  0  0  0  0
   -3.3031   -0.9345   25.1042 H   0  0  0  0  0  0  0  0  0  0  0  0
   -2.5244    0.0074   27.4615 H   0  0  0  0  0  0  0  0  0  0  0  0
   -2.7995   -1.6601   27.1677 H   0  0  0  0  0  0  0  0  0  0  0  0
   -0.7233   -1.3061   28.4636 H   0  0  0  0  0  0  0  0  0  0  0  0
   -0.4612   -2.1687   26.9790 H   0  0  0  0  0  0  0  0  0  0  0  0
    0.6276    0.3560   27.7411 H   0  0  0  0  0  0  0  0  0  0  0  0
   -0.1863    1.0943   25.6373 H   0  0  0  0  0  0  0  0  0  0  0  0
    1.4509    0.6605   25.4727 H   0  0  0  0  0  0  0  0  0  0  0  0
    0.3216   -0.2333   23.5507 H   0  0  0  0  0  0  0  0  0  0  0  0
    0.6622   -1.5890   24.5444 H   0  0  0  0  0  0  0  0  0  0  0  0
   -2.6643    1.8994   16.7207 H   0  0  0  0  0  0  0  0  0  0  0  0
   -3.7994    1.0086   14.7045 H   0  0  0  0  0  0  0  0  0  0  0  0
   -7.1278   -0.2099   17.1114 H   0  0  0  0  0  0  0  0  0  0  0  0
  1  2  2  0
  1  9  1  0
  2  3  1  0
  2 26  1  0
  3  4  2  0
  3  8  1  0
  4  5  1  0
  5  6  2  0
  5 17  1  0
  6  7  1  0
  6 27  1  0
  7  8  2  0
  7 28  1  0
  8  9  1  0
  9 10  1  0
 10 11  1  0
 10 16  1  0
 11 12  1  0
 11 29  1  0
 11 30  1  0
 12 13  1  0
 12 31  1  0
 12 32  1  0
 13 14  1  0
 13 33  1  0
 13 34  1  0
 14 15  1  0
 14 35  1  0
 15 16  1  0
 15 36  1  0
 15 37  1  0
 16 38  1  0
 16 39  1  0
 17 18  1  0
 18 19  2  0
 18 23  1  0
 19 20  1  0
 19 40  1  0
 20 21  2  0
 20 41  1  0
 21 22  1  0
 21 25  1  0
 22 23  2  0
 22 42  1  0
 23 24  1  0
M  END
"
test-51,"O=C(Nc1ccc(O)cc1)c1ccnc(C(F)(F)F)c1
     RDKit          3D

 29 30  0  0  1  0  0  0  0  0999 V2000
    3.2165    1.7868   47.4770 C   0  0  0  0  0  0  0  0  0  0  0  0
    3.1780    0.7747   48.1854 O   0  0  0  0  0  0  0  0  0  0  0  0
    3.7194    2.9766   47.8808 N   0  0  0  0  0  0  0  0  0  0  0  0
    4.5184    3.1693   49.0155 C   0  0  0  0  0  0  0  0  0  0  0  0
    4.0954    2.8109   50.3025 C   0  0  0  0  0  0  0  0  0  0  0  0
    4.9667    2.9652   51.3820 C   0  0  0  0  0  0  0  0  0  0  0  0
    6.2385    3.4916   51.1765 C   0  0  0  0  0  0  0  0  0  0  0  0
    6.6466    3.8804   49.9025 C   0  0  0  0  0  0  0  0  0  0  0  0
    5.7821    3.7297   48.8220 C   0  0  0  0  0  0  0  0  0  0  0  0
    7.0940    3.6307   52.2341 O   0  0  0  0  0  0  0  0  0  0  0  0
    2.7288    1.7229   46.0479 C   0  0  0  0  0  0  0  0  0  0  0  0
    1.7695    0.7691   45.6783 C   0  0  0  0  0  0  0  0  0  0  0  0
    1.3678    0.6917   44.3457 C   0  0  0  0  0  0  0  0  0  0  0  0
    1.8459    1.5120   43.3800 N   0  0  0  0  0  0  0  0  0  0  0  0
    2.7741    2.4409   43.7321 C   0  0  0  0  0  0  0  0  0  0  0  0
    3.2449    2.5677   45.0470 C   0  0  0  0  0  0  0  0  0  0  0  0
    3.2679    3.3405   42.5998 C   0  0  0  0  0  0  0  0  0  0  0  0
    3.7303    2.6001   41.5914 F   0  0  0  0  0  0  0  0  0  0  0  0
    2.2620    4.0923   42.1507 F   0  0  0  0  0  0  0  0  0  0  0  0
    4.2498    4.1516   42.9963 F   0  0  0  0  0  0  0  0  0  0  0  0
    3.6875    3.7427   47.2239 H   0  0  0  0  0  0  0  0  0  0  0  0
    3.1091    2.3989   50.4727 H   0  0  0  0  0  0  0  0  0  0  0  0
    4.6399    2.6862   52.3756 H   0  0  0  0  0  0  0  0  0  0  0  0
    7.6306    4.2947   49.7439 H   0  0  0  0  0  0  0  0  0  0  0  0
    6.1102    4.0238   47.8354 H   0  0  0  0  0  0  0  0  0  0  0  0
    7.8866    4.1225   52.0129 H   0  0  0  0  0  0  0  0  0  0  0  0
    1.3357    0.0982   46.4070 H   0  0  0  0  0  0  0  0  0  0  0  0
    0.6180   -0.0254   44.0417 H   0  0  0  0  0  0  0  0  0  0  0  0
    3.9945    3.3107   45.2754 H   0  0  0  0  0  0  0  0  0  0  0  0
  1  2  2  0
  1  3  1  0
  1 11  1  0
  3  4  1  0
  3 21  1  0
  4  5  2  0
  4  9  1  0
  5  6  1  0
  5 22  1  0
  6  7  2  0
  6 23  1  0
  7  8  1  0
  7 10  1  0
  8  9  2  0
  8 24  1  0
  9 25  1  0
 10 26  1  0
 11 12  2  0
 11 16  1  0
 12 13  1  0
 12 27  1  0
 13 14  2  0
 13 28  1  0
 14 15  1  0
 15 16  2  0
 15 17  1  0
 16 29  1  0
 17 18  1  0
 17 19  1  0
 17 20  1  0
M  END
"
test-52,"COc1nc(NC2CC(Oc3ccnc(Nc4ccc(CN5CCCC5=O)nc4)n3)C2)no1
     RDKit          3D

 57 61  0  0  1  0  0  0  0  0999 V2000
   -2.7430    7.0155   30.3327 N   0  0  0  0  0  0  0  0  0  0  0  0
   -1.4183    7.2553   30.1994 C   0  0  0  0  0  0  0  0  0  0  0  0
   -0.4559    6.2575   30.2689 C   0  0  0  0  0  0  0  0  0  0  0  0
   -0.9146    4.9428   30.4129 C   0  0  0  0  0  0  0  0  0  0  0  0
   -2.2361    4.6793   30.5973 N   0  0  0  0  0  0  0  0  0  0  0  0
   -3.1025    5.7252   30.5247 C   0  0  0  0  0  0  0  0  0  0  0  0
   -4.4836    5.5225   30.6124 N   0  0  0  0  0  0  0  0  0  0  0  0
   -5.2949    4.3777   30.5993 C   0  0  0  0  0  0  0  0  0  0  0  0
   -6.6634    4.5352   30.8406 C   0  0  0  0  0  0  0  0  0  0  0  0
   -7.5043    3.4206   30.8570 C   0  0  0  0  0  0  0  0  0  0  0  0
   -6.9513    2.1604   30.6155 C   0  0  0  0  0  0  0  0  0  0  0  0
   -5.6277    1.9903   30.3477 N   0  0  0  0  0  0  0  0  0  0  0  0
   -4.8271    3.0822   30.3408 C   0  0  0  0  0  0  0  0  0  0  0  0
   -7.8406    0.9165   30.6651 C   0  0  0  0  0  0  0  0  0  0  0  0
   -7.1651   -0.3704   30.4574 N   0  0  0  0  0  0  0  0  0  0  0  0
   -6.3995   -1.0265   31.5142 C   0  0  0  0  0  0  0  0  0  0  0  0
   -5.5312   -2.0256   30.7731 C   0  0  0  0  0  0  0  0  0  0  0  0
   -6.1643   -2.1520   29.3994 C   0  0  0  0  0  0  0  0  0  0  0  0
   -7.1029   -0.9589   29.2417 C   0  0  0  0  0  0  0  0  0  0  0  0
   -7.6470   -0.6054   28.1960 O   0  0  0  0  0  0  0  0  0  0  0  0
   -0.1586    3.7976   30.2768 O   0  0  0  0  0  0  0  0  0  0  0  0
    1.2536    3.7963   30.0433 C   0  0  1  0  0  0  0  0  0  0  0  0
    1.5900    2.8922   28.8332 C   0  0  0  0  0  0  0  0  0  0  0  0
    2.8500    3.7340   28.6347 C   0  0  1  0  0  0  0  0  0  0  0  0
    2.0152    4.8722   29.2314 C   0  0  0  0  0  0  0  0  0  0  0  0
    3.9804    3.2527   29.4209 N   0  0  0  0  0  0  0  0  0  0  0  0
    5.0868    3.9198   29.8496 C   0  0  0  0  0  0  0  0  0  0  0  0
    5.3407    5.1779   29.5631 N   0  0  0  0  0  0  0  0  0  0  0  0
    6.5581    5.4043   30.2014 O   0  0  0  0  0  0  0  0  0  0  0  0
    6.8731    4.2002   30.7337 C   0  0  0  0  0  0  0  0  0  0  0  0
    5.9624    3.2866   30.5986 N   0  0  0  0  0  0  0  0  0  0  0  0
    8.0149    4.0471   31.4770 O   0  0  0  0  0  0  0  0  0  0  0  0
    9.0527    4.9745   31.1917 C   0  0  0  0  0  0  0  0  0  0  0  0
   -1.1171    8.2742   30.0818 H   0  0  0  0  0  0  0  0  0  0  0  0
    0.5763    6.5419   30.1931 H   0  0  0  0  0  0  0  0  0  0  0  0
   -5.0019    6.3880   30.6104 H   0  0  0  0  0  0  0  0  0  0  0  0
   -7.0794    5.5139   31.0286 H   0  0  0  0  0  0  0  0  0  0  0  0
   -8.5584    3.5377   31.0613 H   0  0  0  0  0  0  0  0  0  0  0  0
   -3.7942    2.8699   30.1227 H   0  0  0  0  0  0  0  0  0  0  0  0
   -8.3393    0.8903   31.6351 H   0  0  0  0  0  0  0  0  0  0  0  0
   -8.6269    1.0474   29.9186 H   0  0  0  0  0  0  0  0  0  0  0  0
   -5.8017   -0.3141   32.0853 H   0  0  0  0  0  0  0  0  0  0  0  0
   -7.0725   -1.5284   32.2102 H   0  0  0  0  0  0  0  0  0  0  0  0
   -4.5232   -1.6204   30.6670 H   0  0  0  0  0  0  0  0  0  0  0  0
   -5.4424   -2.9792   31.2967 H   0  0  0  0  0  0  0  0  0  0  0  0
   -5.4193   -2.1738   28.6028 H   0  0  0  0  0  0  0  0  0  0  0  0
   -6.7667   -3.0580   29.3286 H   0  0  0  0  0  0  0  0  0  0  0  0
    1.7147    3.4925   30.9865 H   0  0  0  0  0  0  0  0  0  0  0  0
    1.7748    1.8354   29.0038 H   0  0  0  0  0  0  0  0  0  0  0  0
    0.8871    2.9620   28.0009 H   0  0  0  0  0  0  0  0  0  0  0  0
    3.1848    3.8656   27.6045 H   0  0  0  0  0  0  0  0  0  0  0  0
    2.5759    5.6100   29.7993 H   0  0  0  0  0  0  0  0  0  0  0  0
    1.4279    5.3927   28.4707 H   0  0  0  0  0  0  0  0  0  0  0  0
    4.1186    2.2674   29.2601 H   0  0  0  0  0  0  0  0  0  0  0  0
    9.9005    4.7517   31.8392 H   0  0  0  0  0  0  0  0  0  0  0  0
    9.3906    4.8955   30.1566 H   0  0  0  0  0  0  0  0  0  0  0  0
    8.7523    6.0044   31.3808 H   0  0  0  0  0  0  0  0  0  0  0  0
  1  2  2  0
  1  6  1  0
  2  3  1  0
  2 34  1  0
  3  4  2  0
  3 35  1  0
  4  5  1  0
  4 21  1  0
  5  6  2  0
  6  7  1  0
  7  8  1  0
  7 36  1  0
  8  9  2  0
  8 13  1  0
  9 10  1  0
  9 37  1  0
 10 11  2  0
 10 38  1  0
 11 12  1  0
 11 14  1  0
 12 13  2  0
 13 39  1  0
 14 15  1  0
 14 40  1  0
 14 41  1  0
 15 16  1  0
 15 19  1  0
 16 17  1  0
 16 42  1  0
 16 43  1  0
 17 18  1  0
 17 44  1  0
 17 45  1  0
 18 19  1  0
 18 46  1  0
 18 47  1  0
 19 20  2  0
 21 22  1  0
 22 23  1  0
 22 25  1  0
 22 48  1  1
 23 24  1  0
 23 49  1  0
 23 50  1  0
 24 25  1  0
 24 26  1  0
 24 51  1  6
 25 52  1  0
 25 53  1  0
 26 27  1  0
 26 54  1  0
 27 28  2  0
 27 31  1  0
 28 29  1  0
 29 30  1  0
 30 31  2  0
 30 32  1  0
 32 33  1  0
 33 55  1  0
 33 56  1  0
 33 57  1  0
M  END
"
test-53,"CC(=O)N(CCOc1ccncc1O)C1(c2cc3onc(N)c3cn2)CC1
     RDKit          3D

 46 49  0  0  1  0  0  0  0  0999 V2000
   17.2931    5.1581   -3.1899 O   0  0  0  0  0  0  0  0  0  0  0  0
   16.4218    4.6075   -4.1745 C   0  0  0  0  0  0  0  0  0  0  0  0
   15.0716    5.3302   -4.2365 C   0  0  0  0  0  0  0  0  0  0  0  0
   14.2132    5.1755   -3.0449 N   0  0  0  0  0  0  0  0  0  0  0  0
   13.6044    3.9771   -2.8114 C   0  0  0  0  0  0  0  0  0  0  0  0
   12.7581    3.7433   -1.5561 C   0  0  0  0  0  0  0  0  0  0  0  0
   13.6984    3.0299   -3.5895 O   0  0  0  0  0  0  0  0  0  0  0  0
   14.1167    6.3541   -2.1570 C   0  0  0  0  0  0  0  0  0  0  0  0
   13.8350    7.7118   -2.8166 C   0  0  0  0  0  0  0  0  0  0  0  0
   12.7407    7.0146   -2.0817 C   0  0  0  0  0  0  0  0  0  0  0  0
   15.0125    6.3226   -0.9134 C   0  0  0  0  0  0  0  0  0  0  0  0
   16.2330    7.0088   -0.9022 C   0  0  0  0  0  0  0  0  0  0  0  0
   16.9169    7.0079    0.3191 C   0  0  0  0  0  0  0  0  0  0  0  0
   18.0952    7.6286    0.6083 O   0  0  0  0  0  0  0  0  0  0  0  0
   18.3879    7.3818    1.9578 N   0  0  0  0  0  0  0  0  0  0  0  0
   17.4307    6.6223    2.4413 C   0  0  0  0  0  0  0  0  0  0  0  0
   16.4390    6.3408    1.4564 C   0  0  0  0  0  0  0  0  0  0  0  0
   15.2189    5.6621    1.3378 C   0  0  0  0  0  0  0  0  0  0  0  0
   14.5094    5.6768    0.1771 N   0  0  0  0  0  0  0  0  0  0  0  0
   17.4081    6.2083    3.7396 N   0  0  0  0  0  0  0  0  0  0  0  0
   18.5030    4.5098   -3.0672 C   0  0  0  0  0  0  0  0  0  0  0  0
   19.2760    4.1497   -4.1851 C   0  0  0  0  0  0  0  0  0  0  0  0
   20.4338    3.4010   -3.9926 C   0  0  0  0  0  0  0  0  0  0  0  0
   20.8505    3.0091   -2.7666 N   0  0  0  0  0  0  0  0  0  0  0  0
   20.1350    3.4089   -1.6871 C   0  0  0  0  0  0  0  0  0  0  0  0
   18.9698    4.1644   -1.7919 C   0  0  0  0  0  0  0  0  0  0  0  0
   18.2810    4.4966   -0.6581 O   0  0  0  0  0  0  0  0  0  0  0  0
   16.8653    4.6792   -5.1651 H   0  0  0  0  0  0  0  0  0  0  0  0
   16.2700    3.5424   -3.9889 H   0  0  0  0  0  0  0  0  0  0  0  0
   15.3130    6.3858   -4.3499 H   0  0  0  0  0  0  0  0  0  0  0  0
   14.5439    5.0424   -5.1476 H   0  0  0  0  0  0  0  0  0  0  0  0
   13.3830    3.3343   -0.7615 H   0  0  0  0  0  0  0  0  0  0  0  0
   12.2658    4.6378   -1.1833 H   0  0  0  0  0  0  0  0  0  0  0  0
   11.9788    3.0119   -1.7711 H   0  0  0  0  0  0  0  0  0  0  0  0
   14.2854    8.6049   -2.3882 H   0  0  0  0  0  0  0  0  0  0  0  0
   13.7461    7.8079   -3.8983 H   0  0  0  0  0  0  0  0  0  0  0  0
   12.4050    7.4089   -1.1293 H   0  0  0  0  0  0  0  0  0  0  0  0
   11.9174    6.5871   -2.6546 H   0  0  0  0  0  0  0  0  0  0  0  0
   16.6143    7.5297   -1.7679 H   0  0  0  0  0  0  0  0  0  0  0  0
   14.7902    5.1312    2.1745 H   0  0  0  0  0  0  0  0  0  0  0  0
   16.7279    5.5559    4.1155 H   0  0  0  0  0  0  0  0  0  0  0  0
   18.1298    6.4854    4.3889 H   0  0  0  0  0  0  0  0  0  0  0  0
   18.9864    4.4220   -5.1861 H   0  0  0  0  0  0  0  0  0  0  0  0
   21.0415    3.0912   -4.8293 H   0  0  0  0  0  0  0  0  0  0  0  0
   20.4935    3.0891   -0.7204 H   0  0  0  0  0  0  0  0  0  0  0  0
   17.4994    5.0191   -0.8560 H   0  0  0  0  0  0  0  0  0  0  0  0
  1  2  1  0
  1 21  1  0
  2  3  1  0
  2 28  1  0
  2 29  1  0
  3  4  1  0
  3 30  1  0
  3 31  1  0
  4  5  1  0
  4  8  1  0
  5  6  1  0
  5  7  2  0
  6 32  1  0
  6 33  1  0
  6 34  1  0
  8  9  1  0
  8 10  1  0
  8 11  1  0
  9 10  1  0
  9 35  1  0
  9 36  1  0
 10 37  1  0
 10 38  1  0
 11 12  2  0
 11 19  1  0
 12 13  1  0
 12 39  1  0
 13 14  1  0
 13 17  2  0
 14 15  1  0
 15 16  2  0
 16 17  1  0
 16 20  1  0
 17 18  1  0
 18 19  2  0
 18 40  1  0
 20 41  1  0
 20 42  1  0
 21 22  2  0
 21 26  1  0
 22 23  1  0
 22 43  1  0
 23 24  2  0
 23 44  1  0
 24 25  1  0
 25 26  2  0
 25 45  1  0
 26 27  1  0
 27 46  1  0
M  END
"
test-54,"Cc1cccc(-c2c(OC3CCCC3)oc3c(-c4nnc[n-]4)ccnc23)c1
     RDKit          3D

 46 50  0  0  1  0  0  0  0  0999 V2000
   19.2816   49.8289    5.9596 N   0  0  0  0  0  0  0  0  0  0  0  0
   19.8517   49.8289    4.7144 N   0  0  0  0  0  0  0  0  0  0  0  0
   21.0517   49.3821    4.9203 C   0  0  0  0  0  0  0  0  0  0  0  0
   21.3187   49.0289    6.1282 N   0  0  0  0  0  0  0  0  0  0  0  0
   20.2172   49.3700    6.7408 C   0  0  0  0  0  0  0  0  0  0  0  0
   19.9467   48.9600    8.1293 C   0  0  0  0  0  0  0  0  0  0  0  0
   19.2972   47.7361    8.2298 C   0  0  0  0  0  0  0  0  0  0  0  0
   19.0517   47.2052    9.4776 C   0  0  0  0  0  0  0  0  0  0  0  0
   19.3559   47.7856   10.6585 N   0  0  0  0  0  0  0  0  0  0  0  0
   20.0210   48.9342   10.5937 C   0  0  0  0  0  0  0  0  0  0  0  0
   20.6301   49.7052   11.6357 C   0  0  0  0  0  0  0  0  0  0  0  0
   21.2700   50.7071   10.9262 C   0  0  0  0  0  0  0  0  0  0  0  0
   21.0463   50.6853    9.5855 O   0  0  0  0  0  0  0  0  0  0  0  0
   20.3260   49.5545    9.3546 C   0  0  0  0  0  0  0  0  0  0  0  0
   22.1168   51.6964   11.3257 O   0  0  0  0  0  0  0  0  0  0  0  0
   23.4897   51.3684   11.1148 C   0  0  0  0  0  0  0  0  0  0  0  0
   24.2198   52.6781   10.8039 C   0  0  0  0  0  0  0  0  0  0  0  0
   24.8555   53.1678   12.1203 C   0  0  0  0  0  0  0  0  0  0  0  0
   24.2916   52.2630   13.2015 C   0  0  0  0  0  0  0  0  0  0  0  0
   24.0869   50.9366   12.4581 C   0  0  0  0  0  0  0  0  0  0  0  0
   20.6520   49.4418   13.1087 C   0  0  0  0  0  0  0  0  0  0  0  0
   21.0517   50.4496   13.9963 C   0  0  0  0  0  0  0  0  0  0  0  0
   21.0517   50.2289   15.3699 C   0  0  0  0  0  0  0  0  0  0  0  0
   20.6517   48.9932   15.8649 C   0  0  0  0  0  0  0  0  0  0  0  0
   20.2495   47.9753   15.0076 C   0  0  0  0  0  0  0  0  0  0  0  0
   20.2516   48.2041   13.6334 C   0  0  0  0  0  0  0  0  0  0  0  0
   19.7997   46.6422   15.5757 C   0  0  0  0  0  0  0  0  0  0  0  0
   21.7655   49.2704    4.1231 H   0  0  0  0  0  0  0  0  0  0  0  0
   19.0160   47.1851    7.3412 H   0  0  0  0  0  0  0  0  0  0  0  0
   18.6517   46.2288    9.5321 H   0  0  0  0  0  0  0  0  0  0  0  0
   23.6666   50.6289   10.3295 H   0  0  0  0  0  0  0  0  0  0  0  0
   24.9707   52.5413   10.0258 H   0  0  0  0  0  0  0  0  0  0  0  0
   23.5132   53.4289   10.4514 H   0  0  0  0  0  0  0  0  0  0  0  0
   25.9384   53.0531   12.0699 H   0  0  0  0  0  0  0  0  0  0  0  0
   24.6517   54.2174   12.3354 H   0  0  0  0  0  0  0  0  0  0  0  0
   24.9493   52.2289   14.0653 H   0  0  0  0  0  0  0  0  0  0  0  0
   23.3356   52.6536   13.5539 H   0  0  0  0  0  0  0  0  0  0  0  0
   25.0229   50.4115   12.2668 H   0  0  0  0  0  0  0  0  0  0  0  0
   23.4540   50.2434   13.0064 H   0  0  0  0  0  0  0  0  0  0  0  0
   21.3396   51.4228   13.6309 H   0  0  0  0  0  0  0  0  0  0  0  0
   21.3553   51.0145   16.0459 H   0  0  0  0  0  0  0  0  0  0  0  0
   20.6517   48.8149   16.9203 H   0  0  0  0  0  0  0  0  0  0  0  0
   19.9458   47.3985   12.9887 H   0  0  0  0  0  0  0  0  0  0  0  0
   19.1065   46.8081   16.4013 H   0  0  0  0  0  0  0  0  0  0  0  0
   19.2785   46.0368   14.8335 H   0  0  0  0  0  0  0  0  0  0  0  0
   20.6517   46.0869   15.9673 H   0  0  0  0  0  0  0  0  0  0  0  0
  1  2  1  0
  1  5  2  0
  2  3  2  0
  3  4  1  0
  3 28  1  0
  4  5  1  0
  5  6  1  0
  6  7  2  0
  6 14  1  0
  7  8  1  0
  7 29  1  0
  8  9  2  0
  8 30  1  0
  9 10  1  0
 10 11  1  0
 10 14  2  0
 11 12  2  0
 11 21  1  0
 12 13  1  0
 12 15  1  0
 13 14  1  0
 15 16  1  0
 16 17  1  0
 16 20  1  0
 16 31  1  0
 17 18  1  0
 17 32  1  0
 17 33  1  0
 18 19  1  0
 18 34  1  0
 18 35  1  0
 19 20  1  0
 19 36  1  0
 19 37  1  0
 20 38  1  0
 20 39  1  0
 21 22  2  0
 21 26  1  0
 22 23  1  0
 22 40  1  0
 23 24  2  0
 23 41  1  0
 24 25  1  0
 24 42  1  0
 25 26  2  0
 25 27  1  0
 26 43  1  0
 27 44  1  0
 27 45  1  0
 27 46  1  0
M  CHG  1   4  -1
M  END
"
test-55,"C[C@H](C(=O)N1CCC[C@H](NS(=O)(=O)C2CC2)O1)c1cccc(OC(F)(F)F)c1
     RDKit          3D

 49 51  0  0  1  0  0  0  0  0999 V2000
    9.5650   40.5808   30.1293 O   0  0  0  0  0  0  0  0  0  0  0  0
    9.0940   40.9614   31.2031 C   0  0  0  0  0  0  0  0  0  0  0  0
   10.0508   41.1607   32.4159 C   0  0  1  0  0  0  0  0  0  0  0  0
   11.2475   40.1875   32.3855 C   0  0  0  0  0  0  0  0  0  0  0  0
   10.5288   42.6172   32.5606 C   0  0  0  0  0  0  0  0  0  0  0  0
   10.7400   43.1320   33.8439 C   0  0  0  0  0  0  0  0  0  0  0  0
   11.1722   44.4428   34.0247 C   0  0  0  0  0  0  0  0  0  0  0  0
   11.3900   45.2597   32.9190 C   0  0  0  0  0  0  0  0  0  0  0  0
   11.2109   44.7744   31.6234 C   0  0  0  0  0  0  0  0  0  0  0  0
   10.8016   43.4400   31.4535 C   0  0  0  0  0  0  0  0  0  0  0  0
   11.4523   45.6687   30.5968 O   0  0  0  0  0  0  0  0  0  0  0  0
   11.2568   45.2832   29.2368 C   0  0  0  0  0  0  0  0  0  0  0  0
   12.1337   44.3514   28.8680 F   0  0  0  0  0  0  0  0  0  0  0  0
   11.4732   46.3556   28.4802 F   0  0  0  0  0  0  0  0  0  0  0  0
   10.0056   44.8788   29.0061 F   0  0  0  0  0  0  0  0  0  0  0  0
    7.7738   41.2515   31.3173 N   0  0  0  0  0  0  0  0  0  0  0  0
    6.7732   41.3140   30.2356 C   0  0  0  0  0  0  0  0  0  0  0  0
    6.5049   42.8153   29.9435 C   0  0  0  0  0  0  0  0  0  0  0  0
    6.8325   43.7489   31.1298 C   0  0  0  0  0  0  0  0  0  0  0  0
    6.6454   43.0003   32.4721 C   0  0  1  0  0  0  0  0  0  0  0  0
    7.2963   41.7143   32.5679 O   0  0  0  0  0  0  0  0  0  0  0  0
    7.1118   43.9187   33.5283 N   0  0  0  0  0  0  0  0  0  0  0  0
    6.6810   43.4901   35.1742 S   0  0  0  0  0  0  0  0  0  0  0  0
    5.2171   43.5595   35.2610 O   0  0  0  0  0  0  0  0  0  0  0  0
    7.3597   42.2368   35.5180 O   0  0  0  0  0  0  0  0  0  0  0  0
    7.4084   44.9000   36.2092 C   0  0  0  0  0  0  0  0  0  0  0  0
    8.8262   44.7652   36.7015 C   0  0  0  0  0  0  0  0  0  0  0  0
    7.6579   44.6302   37.6699 C   0  0  0  0  0  0  0  0  0  0  0  0
    9.4934   40.9068   33.3189 H   0  0  0  0  0  0  0  0  0  0  0  0
   11.8729   40.3097   33.2686 H   0  0  0  0  0  0  0  0  0  0  0  0
   10.9178   39.1491   32.3665 H   0  0  0  0  0  0  0  0  0  0  0  0
   11.8717   40.3486   31.5089 H   0  0  0  0  0  0  0  0  0  0  0  0
   10.5640   42.5178   34.7138 H   0  0  0  0  0  0  0  0  0  0  0  0
   11.3328   44.8274   35.0215 H   0  0  0  0  0  0  0  0  0  0  0  0
   11.7112   46.2801   33.0669 H   0  0  0  0  0  0  0  0  0  0  0  0
   10.6799   43.0352   30.4608 H   0  0  0  0  0  0  0  0  0  0  0  0
    7.1128   40.8006   29.3339 H   0  0  0  0  0  0  0  0  0  0  0  0
    5.8622   40.8084   30.5594 H   0  0  0  0  0  0  0  0  0  0  0  0
    7.1145   43.1274   29.0932 H   0  0  0  0  0  0  0  0  0  0  0  0
    5.4714   42.9430   29.6191 H   0  0  0  0  0  0  0  0  0  0  0  0
    7.8700   44.0793   31.0409 H   0  0  0  0  0  0  0  0  0  0  0  0
    6.2191   44.6501   31.0870 H   0  0  0  0  0  0  0  0  0  0  0  0
    5.5768   42.8184   32.6001 H   0  0  0  0  0  0  0  0  0  0  0  0
    6.8022   44.8660   33.3026 H   0  0  0  0  0  0  0  0  0  0  0  0
    7.0330   45.8716   35.8878 H   0  0  0  0  0  0  0  0  0  0  0  0
    9.3975   43.8724   36.4464 H   0  0  0  0  0  0  0  0  0  0  0  0
    9.4572   45.6528   36.7669 H   0  0  0  0  0  0  0  0  0  0  0  0
    7.4699   43.6423   38.0911 H   0  0  0  0  0  0  0  0  0  0  0  0
    7.4729   45.4299   38.3901 H   0  0  0  0  0  0  0  0  0  0  0  0
  1  2  2  0
  2  3  1  0
  2 16  1  0
  3  4  1  0
  3  5  1  0
  3 29  1  1
  4 30  1  0
  4 31  1  0
  4 32  1  0
  5  6  2  0
  5 10  1  0
  6  7  1  0
  6 33  1  0
  7  8  2  0
  7 34  1  0
  8  9  1  0
  8 35  1  0
  9 10  2  0
  9 11  1  0
 10 36  1  0
 11 12  1  0
 12 13  1  0
 12 14  1  0
 12 15  1  0
 16 17  1  0
 16 21  1  0
 17 18  1  0
 17 37  1  0
 17 38  1  0
 18 19  1  0
 18 39  1  0
 18 40  1  0
 19 20  1  0
 19 41  1  0
 19 42  1  0
 20 21  1  0
 20 22  1  0
 20 43  1  1
 22 23  1  0
 22 44  1  0
 23 24  2  0
 23 25  2  0
 23 26  1  0
 26 27  1  0
 26 28  1  0
 26 45  1  0
 27 28  1  0
 27 46  1  0
 27 47  1  0
 28 48  1  0
 28 49  1  0
M  END
"
test-56,"Cn1nncc(C2CCCCCC2)c1=O
     RDKit          3D

 32 33  0  0  1  0  0  0  0  0999 V2000
    1.0444    0.7896   48.6673 N   0  0  0  0  0  0  0  0  0  0  0  0
    1.7315    1.8964   49.1386 N   0  0  0  0  0  0  0  0  0  0  0  0
    2.7706    2.5170   48.4830 C   0  0  0  0  0  0  0  0  0  0  0  0
    3.3721    3.4874   48.9476 O   0  0  0  0  0  0  0  0  0  0  0  0
    3.0849    1.9020   47.1861 C   0  0  0  0  0  0  0  0  0  0  0  0
    2.3567    0.8389   46.7696 C   0  0  0  0  0  0  0  0  0  0  0  0
    1.3687    0.2924   47.5180 N   0  0  0  0  0  0  0  0  0  0  0  0
    4.2190    2.4815   46.3182 C   0  0  0  0  0  0  0  0  0  0  0  0
    5.6561    2.2074   46.8482 C   0  0  0  0  0  0  0  0  0  0  0  0
    6.2833    3.1790   47.8720 C   0  0  0  0  0  0  0  0  0  0  0  0
    6.1688    4.6883   47.5719 C   0  0  0  0  0  0  0  0  0  0  0  0
    6.2841    5.1030   46.0888 C   0  0  0  0  0  0  0  0  0  0  0  0
    5.1592    4.6176   45.1371 C   0  0  0  0  0  0  0  0  0  0  0  0
    3.9498    3.9172   45.7970 C   0  0  0  0  0  0  0  0  0  0  0  0
    1.3137    2.4275   50.4419 C   0  0  0  0  0  0  0  0  0  0  0  0
    2.5474    0.3700   45.8147 H   0  0  0  0  0  0  0  0  0  0  0  0
    4.1965    1.8843   45.4036 H   0  0  0  0  0  0  0  0  0  0  0  0
    5.7021    1.1948   47.2513 H   0  0  0  0  0  0  0  0  0  0  0  0
    6.3277    2.1811   45.9880 H   0  0  0  0  0  0  0  0  0  0  0  0
    5.8721    2.9897   48.8628 H   0  0  0  0  0  0  0  0  0  0  0  0
    7.3417    2.9279   47.9562 H   0  0  0  0  0  0  0  0  0  0  0  0
    5.2376    5.0778   47.9834 H   0  0  0  0  0  0  0  0  0  0  0  0
    6.9461    5.1995   48.1392 H   0  0  0  0  0  0  0  0  0  0  0  0
    6.3213    6.1928   46.0500 H   0  0  0  0  0  0  0  0  0  0  0  0
    7.2489    4.7743   45.7007 H   0  0  0  0  0  0  0  0  0  0  0  0
    4.7938    5.4759   44.5731 H   0  0  0  0  0  0  0  0  0  0  0  0
    5.5834    3.9536   44.3826 H   0  0  0  0  0  0  0  0  0  0  0  0
    3.5612    4.5565   46.5882 H   0  0  0  0  0  0  0  0  0  0  0  0
    3.1352    3.8711   45.0723 H   0  0  0  0  0  0  0  0  0  0  0  0
    0.9020    3.4312   50.3223 H   0  0  0  0  0  0  0  0  0  0  0  0
    0.5401    1.8146   50.9083 H   0  0  0  0  0  0  0  0  0  0  0  0
    2.1498    2.4858   51.1405 H   0  0  0  0  0  0  0  0  0  0  0  0
  1  2  1  0
  1  7  2  0
  2  3  1  0
  2 15  1  0
  3  4  2  0
  3  5  1  0
  5  6  2  0
  5  8  1  0
  6  7  1  0
  6 16  1  0
  8  9  1  0
  8 14  1  0
  8 17  1  0
  9 10  1  0
  9 18  1  0
  9 19  1  0
 10 11  1  0
 10 20  1  0
 10 21  1  0
 11 12  1  0
 11 22  1  0
 11 23  1  0
 12 13  1  0
 12 24  1  0
 12 25  1  0
 13 14  1  0
 13 26  1  0
 13 27  1  0
 14 28  1  0
 14 29  1  0
 15 30  1  0
 15 31  1  0
 15 32  1  0
M  END
"
test-57,"C[C@](N)(C(N)=O)[C@H](O)CSc1nnc([N+](=O)[O-])c(=O)[n-]1
     RDKit          3D

 31 31  0  0  1  0  0  0  0  0999 V2000
   10.5198   33.1657   62.0364 N   0  0  0  0  0  0  0  0  0  0  0  0
   11.2758   32.1582   62.6128 N   0  0  0  0  0  0  0  0  0  0  0  0
   12.5385   32.3768   62.8607 C   0  0  0  0  0  0  0  0  0  0  0  0
   13.1521   33.7066   62.5233 C   0  0  0  0  0  0  0  0  0  0  0  0
   14.3606   33.8714   62.6559 O   0  0  0  0  0  0  0  0  0  0  0  0
   12.2980   34.6360   62.0611 N   0  0  0  0  0  0  0  0  0  0  0  0
   11.0601   34.3443   61.8495 C   0  0  0  0  0  0  0  0  0  0  0  0
   10.0011   35.6933   61.3063 S   0  0  0  0  0  0  0  0  0  0  0  0
   10.5118   35.8157   59.5674 C   0  0  0  0  0  0  0  0  0  0  0  0
    9.5603   35.2480   58.4881 C   0  0  1  0  0  0  0  0  0  0  0  0
    9.4525   33.8497   58.6969 O   0  0  0  0  0  0  0  0  0  0  0  0
    8.1584   35.9590   58.2686 C   0  0  1  0  0  0  0  0  0  0  0  0
    7.0075   35.2763   59.0549 C   0  0  0  0  0  0  0  0  0  0  0  0
    8.1600   37.3337   58.7951 N   0  0  0  0  0  0  0  0  0  0  0  0
    7.7782   35.9742   56.7432 C   0  0  0  0  0  0  0  0  0  0  0  0
    7.3404   37.1029   56.1774 N   0  0  0  0  0  0  0  0  0  0  0  0
    7.8889   34.9580   56.0557 O   0  0  0  0  0  0  0  0  0  0  0  0
   13.3745   31.3021   63.5011 N   0  0  0  0  0  0  0  0  0  0  0  0
   13.0510   30.1420   63.2620 O   0  0  0  0  0  0  0  0  0  0  0  0
   14.2870   31.6375   64.2498 O   0  0  0  0  0  0  0  0  0  0  0  0
   10.6893   36.8717   59.3756 H   0  0  0  0  0  0  0  0  0  0  0  0
   11.4890   35.3504   59.4461 H   0  0  0  0  0  0  0  0  0  0  0  0
   10.1354   35.3354   57.5714 H   0  0  0  0  0  0  0  0  0  0  0  0
    9.2934   33.6976   59.6348 H   0  0  0  0  0  0  0  0  0  0  0  0
    7.2196   35.2268   60.1239 H   0  0  0  0  0  0  0  0  0  0  0  0
    6.0567   35.8005   58.9374 H   0  0  0  0  0  0  0  0  0  0  0  0
    6.8420   34.2510   58.7194 H   0  0  0  0  0  0  0  0  0  0  0  0
    7.7737   37.3299   59.7286 H   0  0  0  0  0  0  0  0  0  0  0  0
    9.1043   37.6846   58.8761 H   0  0  0  0  0  0  0  0  0  0  0  0
    7.0982   37.1389   55.2011 H   0  0  0  0  0  0  0  0  0  0  0  0
    7.2912   37.9285   56.7604 H   0  0  0  0  0  0  0  0  0  0  0  0
  1  2  1  0
  1  7  2  0
  2  3  2  0
  3  4  1  0
  3 18  1  0
  4  5  2  0
  4  6  1  0
  6  7  1  0
  7  8  1  0
  8  9  1  0
  9 10  1  0
  9 21  1  0
  9 22  1  0
 10 11  1  0
 10 12  1  0
 10 23  1  6
 11 24  1  0
 12 13  1  0
 12 14  1  1
 12 15  1  0
 13 25  1  0
 13 26  1  0
 13 27  1  0
 14 28  1  0
 14 29  1  0
 15 16  1  0
 15 17  2  0
 16 30  1  0
 16 31  1  0
 18 19  2  0
 18 20  1  0
M  CHG  3   6  -1  18   1  20  -1
M  END
"
test-58,"[NH3+][C@@H](Cn1cccc(CCC(=O)[O-])c1=O)C(=O)[O-]
     RDKit          3D

 31 31  0  0  1  0  0  0  0  0999 V2000
   40.8435    4.6781    2.6206 O   0  0  0  0  0  0  0  0  0  0  0  0
   39.9049    4.6643    3.4465 C   0  0  0  0  0  0  0  0  0  0  0  0
   38.7563    4.2781    3.1387 O   0  0  0  0  0  0  0  0  0  0  0  0
   40.1331    5.1329    4.9038 C   0  0  1  0  0  0  0  0  0  0  0  0
   41.6420    5.0781    5.2076 N   0  0  0  0  0  0  0  0  0  0  0  0
   39.6432    6.5905    5.0982 C   0  0  0  0  0  0  0  0  0  0  0  0
   39.7028    7.0506    6.4976 N   0  0  0  0  0  0  0  0  0  0  0  0
   40.6495    7.9586    6.9201 C   0  0  0  0  0  0  0  0  0  0  0  0
   40.7952    8.3852    8.1865 C   0  0  0  0  0  0  0  0  0  0  0  0
   39.8925    7.8154    9.1680 C   0  0  0  0  0  0  0  0  0  0  0  0
   38.9157    6.9511    8.7882 C   0  0  0  0  0  0  0  0  0  0  0  0
   38.7308    6.5836    7.3676 C   0  0  0  0  0  0  0  0  0  0  0  0
   37.7803    5.8879    6.9924 O   0  0  0  0  0  0  0  0  0  0  0  0
   38.0007    6.2727    9.8136 C   0  0  0  0  0  0  0  0  0  0  0  0
   38.3202    4.7639    9.9887 C   0  0  0  0  0  0  0  0  0  0  0  0
   37.6035    4.0431   11.1518 C   0  0  0  0  0  0  0  0  0  0  0  0
   36.6664    4.6079   11.7613 O   0  0  0  0  0  0  0  0  0  0  0  0
   38.0162    2.8914   11.4205 O   0  0  0  0  0  0  0  0  0  0  0  0
   39.6917    4.4272    5.6094 H   0  0  0  0  0  0  0  0  0  0  0  0
   42.0170    4.1666    4.9861 H   0  0  0  0  0  0  0  0  0  0  0  0
   42.1328    5.7764    4.6642 H   0  0  0  0  0  0  0  0  0  0  0  0
   41.8091    5.2552    6.1905 H   0  0  0  0  0  0  0  0  0  0  0  0
   40.2384    7.2633    4.4801 H   0  0  0  0  0  0  0  0  0  0  0  0
   38.6131    6.6783    4.7450 H   0  0  0  0  0  0  0  0  0  0  0  0
   41.2442    8.3540    6.1080 H   0  0  0  0  0  0  0  0  0  0  0  0
   41.5340    9.1266    8.4556 H   0  0  0  0  0  0  0  0  0  0  0  0
   40.0356    8.0469   10.2143 H   0  0  0  0  0  0  0  0  0  0  0  0
   36.9561    6.4134    9.5280 H   0  0  0  0  0  0  0  0  0  0  0  0
   38.1146    6.7797   10.7744 H   0  0  0  0  0  0  0  0  0  0  0  0
   38.0948    4.2228    9.0692 H   0  0  0  0  0  0  0  0  0  0  0  0
   39.3939    4.6783   10.1368 H   0  0  0  0  0  0  0  0  0  0  0  0
  1  2  2  0
  2  3  1  0
  2  4  1  0
  4  5  1  0
  4  6  1  0
  4 19  1  1
  5 20  1  0
  5 21  1  0
  5 22  1  0
  6  7  1  0
  6 23  1  0
  6 24  1  0
  7  8  1  0
  7 12  1  0
  8  9  2  0
  8 25  1  0
  9 10  1  0
  9 26  1  0
 10 11  2  0
 10 27  1  0
 11 12  1  0
 11 14  1  0
 12 13  2  0
 14 15  1  0
 14 28  1  0
 14 29  1  0
 15 16  1  0
 15 30  1  0
 15 31  1  0
 16 17  2  0
 16 18  1  0
M  CHG  3   3  -1   5   1  18  -1
M  END
"
test-59,"COc1ccc(Oc2ccc(O)c3nccnc23)c[nH+]1
     RDKit          3D

 32 34  0  0  1  0  0  0  0  0999 V2000
    3.9542   64.6202   62.5127 O   0  0  0  0  0  0  0  0  0  0  0  0
    4.0885   63.5601   63.4629 C   0  0  0  0  0  0  0  0  0  0  0  0
    3.9542   65.9094   62.9854 C   0  0  0  0  0  0  0  0  0  0  0  0
    4.5251   66.9594   62.2592 C   0  0  0  0  0  0  0  0  0  0  0  0
    4.4677   68.2555   62.7690 C   0  0  0  0  0  0  0  0  0  0  0  0
    3.8222   68.4772   63.9868 C   0  0  0  0  0  0  0  0  0  0  0  0
    3.2033   67.4141   64.6507 C   0  0  0  0  0  0  0  0  0  0  0  0
    3.2963   66.1795   64.1339 N   0  0  0  0  0  0  0  0  0  0  0  0
    3.8123   69.7282   64.5224 O   0  0  0  0  0  0  0  0  0  0  0  0
    4.4812   69.8876   65.7080 C   0  0  0  0  0  0  0  0  0  0  0  0
    5.8577   70.0571   65.6967 C   0  0  0  0  0  0  0  0  0  0  0  0
    6.5640   70.2876   66.8716 C   0  0  0  0  0  0  0  0  0  0  0  0
    5.9090   70.4305   68.0856 C   0  0  0  0  0  0  0  0  0  0  0  0
    4.4985   70.2876   68.1272 C   0  0  0  0  0  0  0  0  0  0  0  0
    3.8252   70.5107   69.2871 N   0  0  0  0  0  0  0  0  0  0  0  0
    2.4817   70.3839   69.2426 C   0  0  0  0  0  0  0  0  0  0  0  0
    1.7896   69.9773   68.1127 C   0  0  0  0  0  0  0  0  0  0  0  0
    2.4337   69.7528   66.9481 N   0  0  0  0  0  0  0  0  0  0  0  0
    3.7851   69.9484   66.9330 C   0  0  0  0  0  0  0  0  0  0  0  0
    6.6476   70.7191   69.2070 O   0  0  0  0  0  0  0  0  0  0  0  0
    3.1542   63.3794   63.9967 H   0  0  0  0  0  0  0  0  0  0  0  0
    4.3542   62.6395   62.9419 H   0  0  0  0  0  0  0  0  0  0  0  0
    4.8785   63.7564   64.1908 H   0  0  0  0  0  0  0  0  0  0  0  0
    5.0153   66.8014   61.3127 H   0  0  0  0  0  0  0  0  0  0  0  0
    4.9289   69.0757   62.2347 H   0  0  0  0  0  0  0  0  0  0  0  0
    2.6605   67.5090   65.5802 H   0  0  0  0  0  0  0  0  0  0  0  0
    2.8308   65.4216   64.6110 H   0  0  0  0  0  0  0  0  0  0  0  0
    6.3542   70.0274   64.7428 H   0  0  0  0  0  0  0  0  0  0  0  0
    7.6302   70.4043   66.8369 H   0  0  0  0  0  0  0  0  0  0  0  0
    1.9542   70.6876   70.1127 H   0  0  0  0  0  0  0  0  0  0  0  0
    0.7118   69.8897   68.1185 H   0  0  0  0  0  0  0  0  0  0  0  0
    6.1016   70.8398   69.9882 H   0  0  0  0  0  0  0  0  0  0  0  0
  1  2  1  0
  1  3  1  0
  2 21  1  0
  2 22  1  0
  2 23  1  0
  3  4  2  0
  3  8  1  0
  4  5  1  0
  4 24  1  0
  5  6  2  0
  5 25  1  0
  6  7  1  0
  6  9  1  0
  7  8  2  0
  7 26  1  0
  8 27  1  0
  9 10  1  0
 10 11  2  0
 10 19  1  0
 11 12  1  0
 11 28  1  0
 12 13  2  0
 12 29  1  0
 13 14  1  0
 13 20  1  0
 14 15  1  0
 14 19  2  0
 15 16  2  0
 16 17  1  0
 16 30  1  0
 17 18  2  0
 17 31  1  0
 18 19  1  0
 20 32  1  0
M  CHG  1   8   1
M  END
"
test-60,"Nc1cc(Br)c(OCC2=CC(=O)c3cnn(N)c32)c(F)n1
     RDKit          3D

 30 32  0  0  1  0  0  0  0  0999 V2000
   21.2295   48.4692   15.4867 N   0  0  0  0  0  0  0  0  0  0  0  0
   21.6572   48.9428   16.6366 C   0  0  0  0  0  0  0  0  0  0  0  0
   22.4869   50.0529   16.4570 C   0  0  0  0  0  0  0  0  0  0  0  0
   22.5393   50.2511   15.1115 C   0  0  0  0  0  0  0  0  0  0  0  0
   21.7805   49.2535   14.5494 N   0  0  0  0  0  0  0  0  0  0  0  0
   23.3734   51.3632   14.7400 C   0  0  0  0  0  0  0  0  0  0  0  0
   23.8011   51.8458   15.9273 C   0  0  0  0  0  0  0  0  0  0  0  0
   23.3220   51.0583   17.0589 C   0  0  0  0  0  0  0  0  0  0  0  0
   23.6292   51.2690   18.2301 O   0  0  0  0  0  0  0  0  0  0  0  0
   23.6652   51.8294   13.3241 C   0  0  0  0  0  0  0  0  0  0  0  0
   22.5683   51.6332   12.4328 O   0  0  0  0  0  0  0  0  0  0  0  0
   22.7046   52.3159   11.2444 C   0  0  0  0  0  0  0  0  0  0  0  0
   21.9688   53.4860   11.0213 C   0  0  0  0  0  0  0  0  0  0  0  0
   22.1870   54.2269    9.8575 C   0  0  0  0  0  0  0  0  0  0  0  0
   23.1132   53.7536    8.9318 C   0  0  0  0  0  0  0  0  0  0  0  0
   23.7820   52.5881    9.0935 N   0  0  0  0  0  0  0  0  0  0  0  0
   23.5868   51.8859   10.2394 C   0  0  0  0  0  0  0  0  0  0  0  0
   24.2961   50.7476   10.4185 F   0  0  0  0  0  0  0  0  0  0  0  0
   23.3788   54.4692    7.7738 N   0  0  0  0  0  0  0  0  0  0  0  0
   20.6702   54.0689   12.2880 Br  0  0  0  0  0  0  0  0  0  0  0  0
   21.6293   49.0069   13.2090 N   0  0  0  0  0  0  0  0  0  0  0  0
   21.3876   48.4865   17.5792 H   0  0  0  0  0  0  0  0  0  0  0  0
   24.4548   52.6906   16.0772 H   0  0  0  0  0  0  0  0  0  0  0  0
   24.5278   51.2685   12.9623 H   0  0  0  0  0  0  0  0  0  0  0  0
   23.9627   52.8800   13.3685 H   0  0  0  0  0  0  0  0  0  0  0  0
   21.6416   55.1384    9.6674 H   0  0  0  0  0  0  0  0  0  0  0  0
   24.0290   53.9986    7.1608 H   0  0  0  0  0  0  0  0  0  0  0  0
   23.5069   55.4780    7.8879 H   0  0  0  0  0  0  0  0  0  0  0  0
   20.6594   48.7795   13.0291 H   0  0  0  0  0  0  0  0  0  0  0  0
   21.8101   49.8705   12.7105 H   0  0  0  0  0  0  0  0  0  0  0  0
  1  2  2  0
  1  5  1  0
  2  3  1  0
  2 22  1  0
  3  4  2  0
  3  8  1  0
  4  5  1  0
  4  6  1  0
  5 21  1  0
  6  7  2  0
  6 10  1  0
  7  8  1  0
  7 23  1  0
  8  9  2  0
 10 11  1  0
 10 24  1  0
 10 25  1  0
 11 12  1  0
 12 13  2  0
 12 17  1  0
 13 14  1  0
 13 20  1  0
 14 15  2  0
 14 26  1  0
 15 16  1  0
 15 19  1  0
 16 17  2  0
 17 18  1  0
 19 27  1  0
 19 28  1  0
 21 29  1  0
 21 30  1  0
M  END
"
test-61,"Nc1nnc(I)c2cccc(OCC(=O)[O-])c12
     RDKit          3D

 24 25  0  0  1  0  0  0  0  0999 V2000
   46.4495   17.1218    5.5801 O   0  0  0  0  0  0  0  0  0  0  0  0
   45.6759   16.5828    4.7597 C   0  0  0  0  0  0  0  0  0  0  0  0
   44.6071   17.1202    4.3807 O   0  0  0  0  0  0  0  0  0  0  0  0
   46.0765   15.1764    4.2586 C   0  0  0  0  0  0  0  0  0  0  0  0
   45.2840   14.8197    3.1207 O   0  0  0  0  0  0  0  0  0  0  0  0
   45.5666   13.6591    2.4215 C   0  0  0  0  0  0  0  0  0  0  0  0
   46.2586   12.5855    2.9977 C   0  0  0  0  0  0  0  0  0  0  0  0
   46.4697   11.4037    2.3034 C   0  0  0  0  0  0  0  0  0  0  0  0
   46.0096   11.2544    1.0037 C   0  0  0  0  0  0  0  0  0  0  0  0
   45.3311   12.3167    0.3577 C   0  0  0  0  0  0  0  0  0  0  0  0
   44.8710   12.2494   -0.9871 C   0  0  0  0  0  0  0  0  0  0  0  0
   44.2683   13.2891   -1.6090 N   0  0  0  0  0  0  0  0  0  0  0  0
   44.0473   14.4305   -0.9484 N   0  0  0  0  0  0  0  0  0  0  0  0
   44.4164   14.5574    0.3451 C   0  0  0  0  0  0  0  0  0  0  0  0
   45.1005   13.5348    1.0721 C   0  0  0  0  0  0  0  0  0  0  0  0
   44.0519   15.7776    0.9070 N   0  0  0  0  0  0  0  0  0  0  0  0
   45.0969   10.5072   -2.1340 I   0  0  0  0  0  0  0  0  0  0  0  0
   47.1370   15.1510    3.9956 H   0  0  0  0  0  0  0  0  0  0  0  0
   45.8956   14.4679    5.0689 H   0  0  0  0  0  0  0  0  0  0  0  0
   46.6281   12.6421    4.0090 H   0  0  0  0  0  0  0  0  0  0  0  0
   47.0048   10.5935    2.7773 H   0  0  0  0  0  0  0  0  0  0  0  0
   46.1940   10.3290    0.4795 H   0  0  0  0  0  0  0  0  0  0  0  0
   44.2537   15.9241    1.8903 H   0  0  0  0  0  0  0  0  0  0  0  0
   43.4067   16.3486    0.3875 H   0  0  0  0  0  0  0  0  0  0  0  0
  1  2  2  0
  2  3  1  0
  2  4  1  0
  4  5  1  0
  4 18  1  0
  4 19  1  0
  5  6  1  0
  6  7  2  0
  6 15  1  0
  7  8  1  0
  7 20  1  0
  8  9  2  0
  8 21  1  0
  9 10  1  0
  9 22  1  0
 10 11  1  0
 10 15  2  0
 11 12  2  0
 11 17  1  0
 12 13  1  0
 13 14  2  0
 14 15  1  0
 14 16  1  0
 16 23  1  0
 16 24  1  0
M  CHG  1   3  -1
M  END
"
test-62,"[NH3+]CCCCCCCC=CCCCCCCNC(=O)CO
     RDKit          3D

 56 55  0  0  1  0  0  0  0  0999 V2000
   -0.2380    8.5749   35.4293 O   0  0  0  0  0  0  0  0  0  0  0  0
    0.9135    8.5410   34.9817 C   0  0  0  0  0  0  0  0  0  0  0  0
    1.8717    7.4222   35.4223 C   0  0  0  0  0  0  0  0  0  0  0  0
    1.1178    6.2772   35.8041 O   0  0  0  0  0  0  0  0  0  0  0  0
    1.3619    9.4395   34.0947 N   0  0  0  0  0  0  0  0  0  0  0  0
    0.5595   10.5107   33.5051 C   0  0  0  0  0  0  0  0  0  0  0  0
    1.1755   11.0205   32.1938 C   0  0  0  0  0  0  0  0  0  0  0  0
    0.3417   12.1049   31.4882 C   0  0  0  0  0  0  0  0  0  0  0  0
    1.1084   12.7760   30.3295 C   0  0  0  0  0  0  0  0  0  0  0  0
    0.2872   13.8188   29.5439 C   0  0  0  0  0  0  0  0  0  0  0  0
   -0.7560   13.1977   28.5968 C   0  0  0  0  0  0  0  0  0  0  0  0
   -1.5338   14.2276   27.7927 C   0  0  0  0  0  0  0  0  0  0  0  0
   -2.8586   14.4780   27.8207 C   0  0  0  0  0  0  0  0  0  0  0  0
   -3.9271   13.8138   28.6806 C   0  0  0  0  0  0  0  0  0  0  0  0
   -4.9906   13.0165   27.8960 C   0  0  0  0  0  0  0  0  0  0  0  0
   -5.8218   13.8673   26.9129 C   0  0  0  0  0  0  0  0  0  0  0  0
   -6.9992   13.1001   26.2801 C   0  0  0  0  0  0  0  0  0  0  0  0
   -7.7241   13.9055   25.1893 C   0  0  0  0  0  0  0  0  0  0  0  0
   -8.7401   13.0627   24.3983 C   0  0  0  0  0  0  0  0  0  0  0  0
   -9.4114   13.8852   23.2878 C   0  0  0  0  0  0  0  0  0  0  0  0
  -10.2378   12.9749   22.3711 N   0  0  0  0  0  0  0  0  0  0  0  0
    2.5678    7.1531   34.6295 H   0  0  0  0  0  0  0  0  0  0  0  0
    2.4580    7.7683   36.2744 H   0  0  0  0  0  0  0  0  0  0  0  0
    1.3629    5.5337   35.2341 H   0  0  0  0  0  0  0  0  0  0  0  0
    2.3417    9.4276   33.8304 H   0  0  0  0  0  0  0  0  0  0  0  0
   -0.4606   10.1759   33.3051 H   0  0  0  0  0  0  0  0  0  0  0  0
    0.4544   11.3345   34.2139 H   0  0  0  0  0  0  0  0  0  0  0  0
    2.1622   11.4205   32.4119 H   0  0  0  0  0  0  0  0  0  0  0  0
    1.3274   10.1849   31.5093 H   0  0  0  0  0  0  0  0  0  0  0  0
   -0.5830   11.6580   31.1217 H   0  0  0  0  0  0  0  0  0  0  0  0
    0.0477   12.8706   32.2077 H   0  0  0  0  0  0  0  0  0  0  0  0
    1.9936   13.2687   30.7359 H   0  0  0  0  0  0  0  0  0  0  0  0
    1.4857   12.0173   29.6410 H   0  0  0  0  0  0  0  0  0  0  0  0
   -0.1968   14.5094   30.2364 H   0  0  0  0  0  0  0  0  0  0  0  0
    0.9755   14.4276   28.9536 H   0  0  0  0  0  0  0  0  0  0  0  0
   -0.2365   12.5749   27.8693 H   0  0  0  0  0  0  0  0  0  0  0  0
   -1.4319   12.5487   29.1475 H   0  0  0  0  0  0  0  0  0  0  0  0
   -0.9269   14.8149   27.1177 H   0  0  0  0  0  0  0  0  0  0  0  0
   -3.2298   15.2528   27.1653 H   0  0  0  0  0  0  0  0  0  0  0  0
   -3.4637   13.1484   29.4061 H   0  0  0  0  0  0  0  0  0  0  0  0
   -4.4158   14.5817   29.2817 H   0  0  0  0  0  0  0  0  0  0  0  0
   -4.5064   12.2029   27.3540 H   0  0  0  0  0  0  0  0  0  0  0  0
   -5.6621   12.5421   28.6130 H   0  0  0  0  0  0  0  0  0  0  0  0
   -6.2058   14.7501   27.4264 H   0  0  0  0  0  0  0  0  0  0  0  0
   -5.1670   14.2355   26.1214 H   0  0  0  0  0  0  0  0  0  0  0  0
   -6.6380   12.1749   25.8377 H   0  0  0  0  0  0  0  0  0  0  0  0
   -7.7088   12.8074   27.0553 H   0  0  0  0  0  0  0  0  0  0  0  0
   -8.2184   14.7687   25.6383 H   0  0  0  0  0  0  0  0  0  0  0  0
   -6.9857   14.3071   24.4919 H   0  0  0  0  0  0  0  0  0  0  0  0
   -8.2261   12.2019   23.9640 H   0  0  0  0  0  0  0  0  0  0  0  0
   -9.4954   12.6655   25.0783 H   0  0  0  0  0  0  0  0  0  0  0  0
  -10.0957   14.6485   23.6615 H   0  0  0  0  0  0  0  0  0  0  0  0
   -8.6758   14.3432   22.6297 H   0  0  0  0  0  0  0  0  0  0  0  0
  -10.9850   12.5308   22.8845 H   0  0  0  0  0  0  0  0  0  0  0  0
  -10.6320   13.5097   21.6098 H   0  0  0  0  0  0  0  0  0  0  0  0
   -9.6385   12.2550   21.9811 H   0  0  0  0  0  0  0  0  0  0  0  0
  1  2  2  0
  2  3  1  0
  2  5  1  0
  3  4  1  0
  3 22  1  0
  3 23  1  0
  4 24  1  0
  5  6  1  0
  5 25  1  0
  6  7  1  0
  6 26  1  0
  6 27  1  0
  7  8  1  0
  7 28  1  0
  7 29  1  0
  8  9  1  0
  8 30  1  0
  8 31  1  0
  9 10  1  0
  9 32  1  0
  9 33  1  0
 10 11  1  0
 10 34  1  0
 10 35  1  0
 11 12  1  0
 11 36  1  0
 11 37  1  0
 12 13  2  3
 12 38  1  0
 13 14  1  0
 13 39  1  0
 14 15  1  0
 14 40  1  0
 14 41  1  0
 15 16  1  0
 15 42  1  0
 15 43  1  0
 16 17  1  0
 16 44  1  0
 16 45  1  0
 17 18  1  0
 17 46  1  0
 17 47  1  0
 18 19  1  0
 18 48  1  0
 18 49  1  0
 19 20  1  0
 19 50  1  0
 19 51  1  0
 20 21  1  0
 20 52  1  0
 20 53  1  0
 21 54  1  0
 21 55  1  0
 21 56  1  0
M  CHG  1  21   1
M  END
"
test-63,"CS[C@@H](N)CCCNC(=O)C(NC(=O)c1ncccc1C)C1COC1=O
     RDKit          3D

 50 51  0  0  1  0  0  0  0  0999 V2000
    8.8471   33.7996   57.7655 O   0  0  0  0  0  0  0  0  0  0  0  0
    8.4082   33.7210   58.9191 C   0  0  0  0  0  0  0  0  0  0  0  0
    8.8223   34.5203   59.9203 N   0  0  0  0  0  0  0  0  0  0  0  0
    9.9412   35.4598   59.8636 C   0  0  0  0  0  0  0  0  0  0  0  0
   10.8115   35.3557   61.1338 C   0  0  0  0  0  0  0  0  0  0  0  0
   11.4390   33.9556   61.3374 C   0  0  0  0  0  0  0  0  0  0  0  0
   12.2786   33.7857   62.6218 C   0  0  2  0  0  0  0  0  0  0  0  0
   13.4894   34.5517   62.4592 N   0  0  0  0  0  0  0  0  0  0  0  0
   12.6781   32.0727   63.0707 S   0  0  0  0  0  0  0  0  0  0  0  0
   11.0766   31.4538   63.6465 C   0  0  0  0  0  0  0  0  0  0  0  0
    7.3152   32.6549   59.2153 C   0  0  2  0  0  0  0  0  0  0  0  0
    6.7022   32.7691   60.5539 N   0  0  0  0  0  0  0  0  0  0  0  0
    5.4517   32.4547   60.9460 C   0  0  0  0  0  0  0  0  0  0  0  0
    4.8782   33.1375   61.7902 O   0  0  0  0  0  0  0  0  0  0  0  0
    4.7884   31.2040   60.4306 C   0  0  0  0  0  0  0  0  0  0  0  0
    4.8404   30.1497   61.2914 N   0  0  0  0  0  0  0  0  0  0  0  0
    4.2429   28.9870   60.9337 C   0  0  0  0  0  0  0  0  0  0  0  0
    3.5622   28.8289   59.7287 C   0  0  0  0  0  0  0  0  0  0  0  0
    3.4907   29.9171   58.8606 C   0  0  0  0  0  0  0  0  0  0  0  0
    4.1039   31.1301   59.1997 C   0  0  0  0  0  0  0  0  0  0  0  0
    3.9862   32.3050   58.2434 C   0  0  0  0  0  0  0  0  0  0  0  0
    7.7983   31.2207   58.8205 C   0  0  1  0  0  0  0  0  0  0  0  0
    7.7611   29.9160   59.6312 C   0  0  0  0  0  0  0  0  0  0  0  0
    6.8906   29.2818   58.6130 O   0  0  0  0  0  0  0  0  0  0  0  0
    6.9498   30.4115   57.8377 C   0  0  0  0  0  0  0  0  0  0  0  0
    6.3837   30.6016   56.7739 O   0  0  0  0  0  0  0  0  0  0  0  0
    8.3920   34.4454   60.8287 H   0  0  0  0  0  0  0  0  0  0  0  0
   10.5716   35.2470   58.9966 H   0  0  0  0  0  0  0  0  0  0  0  0
    9.5633   36.4744   59.7332 H   0  0  0  0  0  0  0  0  0  0  0  0
   11.6052   36.1028   61.0773 H   0  0  0  0  0  0  0  0  0  0  0  0
   10.2147   35.6266   62.0063 H   0  0  0  0  0  0  0  0  0  0  0  0
   10.6470   33.2075   61.3354 H   0  0  0  0  0  0  0  0  0  0  0  0
   12.0601   33.7495   60.4687 H   0  0  0  0  0  0  0  0  0  0  0  0
   11.7392   34.2170   63.4645 H   0  0  0  0  0  0  0  0  0  0  0  0
   14.0483   34.4768   63.2976 H   0  0  0  0  0  0  0  0  0  0  0  0
   14.0421   34.1599   61.7091 H   0  0  0  0  0  0  0  0  0  0  0  0
   10.6890   32.0737   64.4546 H   0  0  0  0  0  0  0  0  0  0  0  0
   10.3461   31.4394   62.8384 H   0  0  0  0  0  0  0  0  0  0  0  0
   11.1924   30.4375   64.0238 H   0  0  0  0  0  0  0  0  0  0  0  0
    6.5358   32.9724   58.5308 H   0  0  0  0  0  0  0  0  0  0  0  0
    7.0937   33.5083   61.1136 H   0  0  0  0  0  0  0  0  0  0  0  0
    4.3158   28.1720   61.6386 H   0  0  0  0  0  0  0  0  0  0  0  0
    3.0930   27.8898   59.4751 H   0  0  0  0  0  0  0  0  0  0  0  0
    2.9564   29.8126   57.9288 H   0  0  0  0  0  0  0  0  0  0  0  0
    3.9147   33.2365   58.7891 H   0  0  0  0  0  0  0  0  0  0  0  0
    4.7971   32.3607   57.5263 H   0  0  0  0  0  0  0  0  0  0  0  0
    3.0893   32.2399   57.6565 H   0  0  0  0  0  0  0  0  0  0  0  0
    8.7482   31.3235   58.2985 H   0  0  0  0  0  0  0  0  0  0  0  0
    8.6821   29.3511   59.6289 H   0  0  0  0  0  0  0  0  0  0  0  0
    7.2677   29.9290   60.6026 H   0  0  0  0  0  0  0  0  0  0  0  0
  1  2  2  0
  2  3  1  0
  2 11  1  0
  3  4  1  0
  3 27  1  0
  4  5  1  0
  4 28  1  0
  4 29  1  0
  5  6  1  0
  5 30  1  0
  5 31  1  0
  6  7  1  0
  6 32  1  0
  6 33  1  0
  7  8  1  0
  7  9  1  0
  7 34  1  1
  8 35  1  0
  8 36  1  0
  9 10  1  0
 10 37  1  0
 10 38  1  0
 10 39  1  0
 11 12  1  0
 11 22  1  0
 11 40  1  6
 12 13  1  0
 12 41  1  0
 13 14  2  0
 13 15  1  0
 15 16  2  0
 15 20  1  0
 16 17  1  0
 17 18  2  0
 17 42  1  0
 18 19  1  0
 18 43  1  0
 19 20  2  0
 19 44  1  0
 20 21  1  0
 21 45  1  0
 21 46  1  0
 21 47  1  0
 22 23  1  0
 22 25  1  0
 22 48  1  6
 23 24  1  0
 23 49  1  0
 23 50  1  0
 24 25  1  0
 25 26  2  0
M  END
"
test-64,"C#CCOc1cc(F)ccc1C(CC1CCSCC1)c1cccn2c(C)nc(OC)c12
     RDKit          3D

 58 61  0  0  1  0  0  0  0  0999 V2000
  -11.9508    0.2839   25.9121 C   0  0  0  0  0  0  0  0  0  0  0  0
  -10.9688   -0.1433   27.0686 C   0  0  1  0  0  0  0  0  0  0  0  0
  -10.1127   -1.4410   26.8027 C   0  0  0  0  0  0  0  0  0  0  0  0
  -10.8071   -2.6660   26.7754 C   0  0  0  0  0  0  0  0  0  0  0  0
  -10.2008   -3.8636   26.4000 C   0  0  0  0  0  0  0  0  0  0  0  0
   -8.8515   -3.9011   26.1248 C   0  0  0  0  0  0  0  0  0  0  0  0
   -8.1212   -2.7318   26.2158 C   0  0  0  0  0  0  0  0  0  0  0  0
   -8.7194   -1.5039   26.5452 C   0  0  0  0  0  0  0  0  0  0  0  0
   -7.9521   -0.3723   26.6263 O   0  0  0  0  0  0  0  0  0  0  0  0
   -6.5258   -0.3929   26.4552 C   0  0  0  0  0  0  0  0  0  0  0  0
   -5.7551   -0.8632   27.6171 C   0  0  0  0  0  0  0  0  0  0  0  0
   -5.0427   -1.1050   28.5777 C   0  0  0  0  0  0  0  0  0  0  0  0
   -8.2506   -5.0680   25.8007 F   0  0  0  0  0  0  0  0  0  0  0  0
  -10.7129    0.8005   28.2787 C   0  0  0  0  0  0  0  0  0  0  0  0
  -11.8018    1.0502   29.1404 C   0  0  0  0  0  0  0  0  0  0  0  0
  -11.6386    1.4920   30.4471 C   0  0  0  0  0  0  0  0  0  0  0  0
  -10.3576    1.5972   30.9614 C   0  0  0  0  0  0  0  0  0  0  0  0
   -9.3011    1.5508   30.0910 N   0  0  0  0  0  0  0  0  0  0  0  0
   -9.4655    1.3343   28.7077 C   0  0  0  0  0  0  0  0  0  0  0  0
   -8.2071    1.7992   28.2171 C   0  0  0  0  0  0  0  0  0  0  0  0
   -7.3075    1.7659   29.1684 N   0  0  0  0  0  0  0  0  0  0  0  0
   -7.9429    1.5925   30.2941 C   0  0  0  0  0  0  0  0  0  0  0  0
   -7.2689    1.4119   31.6326 C   0  0  0  0  0  0  0  0  0  0  0  0
   -7.8026    2.2414   26.9827 O   0  0  0  0  0  0  0  0  0  0  0  0
   -8.8052    2.4531   26.0161 C   0  0  0  0  0  0  0  0  0  0  0  0
  -12.0195    1.7121   25.2870 C   0  0  0  0  0  0  0  0  0  0  0  0
  -13.1332    1.7283   24.2146 C   0  0  0  0  0  0  0  0  0  0  0  0
  -13.0935    2.9930   23.3371 C   0  0  0  0  0  0  0  0  0  0  0  0
  -13.4886    4.4808   24.3066 S   0  0  0  0  0  0  0  0  0  0  0  0
  -12.2552    4.2500   25.6279 C   0  0  0  0  0  0  0  0  0  0  0  0
  -12.3378    2.8554   26.2826 C   0  0  0  0  0  0  0  0  0  0  0  0
  -11.7621   -0.4017   25.0844 H   0  0  0  0  0  0  0  0  0  0  0  0
  -12.9724    0.0381   26.2129 H   0  0  0  0  0  0  0  0  0  0  0  0
  -11.7175   -0.7017   27.6274 H   0  0  0  0  0  0  0  0  0  0  0  0
  -11.8676   -2.7059   26.9767 H   0  0  0  0  0  0  0  0  0  0  0  0
  -10.7741   -4.7776   26.3901 H   0  0  0  0  0  0  0  0  0  0  0  0
   -7.0680   -2.8021   26.0191 H   0  0  0  0  0  0  0  0  0  0  0  0
   -6.1994   -0.9004   25.5477 H   0  0  0  0  0  0  0  0  0  0  0  0
   -6.1977    0.6370   26.3912 H   0  0  0  0  0  0  0  0  0  0  0  0
   -4.4208   -1.2045   29.4370 H   0  0  0  0  0  0  0  0  0  0  0  0
  -12.8055    0.8069   28.8199 H   0  0  0  0  0  0  0  0  0  0  0  0
  -12.5006    1.6583   31.0742 H   0  0  0  0  0  0  0  0  0  0  0  0
  -10.1373    1.8398   31.9899 H   0  0  0  0  0  0  0  0  0  0  0  0
   -7.7661    1.9968   32.3913 H   0  0  0  0  0  0  0  0  0  0  0  0
   -7.3040    0.3792   31.9684 H   0  0  0  0  0  0  0  0  0  0  0  0
   -6.2167    1.6949   31.6153 H   0  0  0  0  0  0  0  0  0  0  0  0
   -9.5199    3.2037   26.3482 H   0  0  0  0  0  0  0  0  0  0  0  0
   -8.3591    2.7974   25.0855 H   0  0  0  0  0  0  0  0  0  0  0  0
   -9.3043    1.5165   25.7918 H   0  0  0  0  0  0  0  0  0  0  0  0
  -11.0873    1.9180   24.7665 H   0  0  0  0  0  0  0  0  0  0  0  0
  -13.0030    0.8640   23.5666 H   0  0  0  0  0  0  0  0  0  0  0  0
  -14.1163    1.5689   24.6614 H   0  0  0  0  0  0  0  0  0  0  0  0
  -12.1195    3.1396   22.8685 H   0  0  0  0  0  0  0  0  0  0  0  0
  -13.8327    2.9260   22.5383 H   0  0  0  0  0  0  0  0  0  0  0  0
  -11.2693    4.4363   25.2016 H   0  0  0  0  0  0  0  0  0  0  0  0
  -12.4379    5.0269   26.3719 H   0  0  0  0  0  0  0  0  0  0  0  0
  -11.6367    2.8515   27.1102 H   0  0  0  0  0  0  0  0  0  0  0  0
  -13.3062    2.6941   26.7598 H   0  0  0  0  0  0  0  0  0  0  0  0
  1  2  1  0
  1 26  1  0
  1 32  1  0
  1 33  1  0
  2  3  1  0
  2 14  1  0
  2 34  1  1
  3  4  2  0
  3  8  1  0
  4  5  1  0
  4 35  1  0
  5  6  2  0
  5 36  1  0
  6  7  1  0
  6 13  1  0
  7  8  2  0
  7 37  1  0
  8  9  1  0
  9 10  1  0
 10 11  1  0
 10 38  1  0
 10 39  1  0
 11 12  3  0
 12 40  1  0
 14 15  2  0
 14 19  1  0
 15 16  1  0
 15 41  1  0
 16 17  2  0
 16 42  1  0
 17 18  1  0
 17 43  1  0
 18 19  1  0
 18 22  1  0
 19 20  2  0
 20 21  1  0
 20 24  1  0
 21 22  2  0
 22 23  1  0
 23 44  1  0
 23 45  1  0
 23 46  1  0
 24 25  1  0
 25 47  1  0
 25 48  1  0
 25 49  1  0
 26 27  1  0
 26 31  1  0
 26 50  1  0
 27 28  1  0
 27 51  1  0
 27 52  1  0
 28 29  1  0
 28 53  1  0
 28 54  1  0
 29 30  1  0
 30 31  1  0
 30 55  1  0
 30 56  1  0
 31 57  1  0
 31 58  1  0
M  END
"
test-65,"CSc1nc(SC)c(-c2ccc(O)c(O)c2)c(C(F)(F)F)n1
     RDKit          3D

 33 34  0  0  1  0  0  0  0  0999 V2000
   91.6502   24.8153   -6.7479 O   0  0  0  0  0  0  0  0  0  0  0  0
   92.0188   23.5988   -6.2170 C   0  0  0  0  0  0  0  0  0  0  0  0
   93.1386   22.9374   -6.7220 C   0  0  0  0  0  0  0  0  0  0  0  0
   93.5443   21.7193   -6.1688 C   0  0  0  0  0  0  0  0  0  0  0  0
   92.8616   21.1557   -5.0817 C   0  0  0  0  0  0  0  0  0  0  0  0
   91.7273   21.8185   -4.5975 C   0  0  0  0  0  0  0  0  0  0  0  0
   91.2944   23.0167   -5.1653 C   0  0  0  0  0  0  0  0  0  0  0  0
   90.1670   23.6127   -4.6631 O   0  0  0  0  0  0  0  0  0  0  0  0
   93.3477   19.8984   -4.4305 C   0  0  0  0  0  0  0  0  0  0  0  0
   92.5492   18.7349   -4.3357 C   0  0  0  0  0  0  0  0  0  0  0  0
   92.9951   17.5878   -3.7689 N   0  0  0  0  0  0  0  0  0  0  0  0
   94.2487   17.5786   -3.2798 C   0  0  0  0  0  0  0  0  0  0  0  0
   95.0942   18.6293   -3.3034 N   0  0  0  0  0  0  0  0  0  0  0  0
   94.6453   19.7830   -3.8670 C   0  0  0  0  0  0  0  0  0  0  0  0
   95.6506   20.9345   -3.7664 C   0  0  0  0  0  0  0  0  0  0  0  0
   96.4846   20.8104   -2.7315 F   0  0  0  0  0  0  0  0  0  0  0  0
   96.3834   20.9147   -4.8779 F   0  0  0  0  0  0  0  0  0  0  0  0
   95.0533   22.1169   -3.6339 F   0  0  0  0  0  0  0  0  0  0  0  0
   94.8467   16.0849   -2.5550 S   0  0  0  0  0  0  0  0  0  0  0  0
   93.5518   14.8318   -2.6195 C   0  0  0  0  0  0  0  0  0  0  0  0
   90.8888   18.6573   -4.9554 S   0  0  0  0  0  0  0  0  0  0  0  0
   90.3013   16.9852   -4.5576 C   0  0  0  0  0  0  0  0  0  0  0  0
   92.3542   25.2774   -7.2316 H   0  0  0  0  0  0  0  0  0  0  0  0
   93.7032   23.3694   -7.5370 H   0  0  0  0  0  0  0  0  0  0  0  0
   94.4199   21.2289   -6.5689 H   0  0  0  0  0  0  0  0  0  0  0  0
   91.1790   21.4049   -3.7636 H   0  0  0  0  0  0  0  0  0  0  0  0
   90.0051   24.4486   -5.1131 H   0  0  0  0  0  0  0  0  0  0  0  0
   93.0776   14.7275   -1.6419 H   0  0  0  0  0  0  0  0  0  0  0  0
   92.7884   15.0792   -3.3543 H   0  0  0  0  0  0  0  0  0  0  0  0
   94.0026   13.8843   -2.9039 H   0  0  0  0  0  0  0  0  0  0  0  0
   90.4566   16.7606   -3.5053 H   0  0  0  0  0  0  0  0  0  0  0  0
   89.2443   16.8977   -4.7817 H   0  0  0  0  0  0  0  0  0  0  0  0
   90.8459   16.2440   -5.1445 H   0  0  0  0  0  0  0  0  0  0  0  0
  1  2  1  0
  1 23  1  0
  2  3  2  0
  2  7  1  0
  3  4  1  0
  3 24  1  0
  4  5  2  0
  4 25  1  0
  5  6  1  0
  5  9  1  0
  6  7  2  0
  6 26  1  0
  7  8  1  0
  8 27  1  0
  9 10  2  0
  9 14  1  0
 10 11  1  0
 10 21  1  0
 11 12  2  0
 12 13  1  0
 12 19  1  0
 13 14  2  0
 14 15  1  0
 15 16  1  0
 15 17  1  0
 15 18  1  0
 19 20  1  0
 20 28  1  0
 20 29  1  0
 20 30  1  0
 21 22  1  0
 22 31  1  0
 22 32  1  0
 22 33  1  0
M  END
"
test-66,"CCNNC1=C(c2ccccc2Br)[C@H](Cc2cc(O)c(OCC)c(CC)c2)Oc2c(-n3cnnn3)c[nH+]n21
     RDKit          3D

 68 72  0  0  1  0  0  0  0  0999 V2000
  -10.4132    0.3711   24.9495 O   0  0  0  0  0  0  0  0  0  0  0  0
  -10.9065   -0.0782   26.1496 C   0  0  0  0  0  0  0  0  0  0  0  0
  -10.6842   -1.2941   26.7982 C   0  0  0  0  0  0  0  0  0  0  0  0
  -11.4009   -1.2077   27.9910 C   0  0  0  0  0  0  0  0  0  0  0  0
  -12.0320    0.0161   28.0173 N   0  0  0  0  0  0  0  0  0  0  0  0
  -11.7490    0.7121   26.9116 N   0  0  0  0  0  0  0  0  0  0  0  0
  -12.1539    2.0004   26.5077 C   0  0  0  0  0  0  0  0  0  0  0  0
  -11.4552    2.5580   25.4876 C   0  0  0  0  0  0  0  0  0  0  0  0
  -10.2807    1.8068   24.8268 C   0  0  1  0  0  0  0  0  0  0  0  0
   -8.9186    2.3303   25.3461 C   0  0  0  0  0  0  0  0  0  0  0  0
   -8.3554    1.6072   26.5641 C   0  0  0  0  0  0  0  0  0  0  0  0
   -8.7084    1.9962   27.8561 C   0  0  0  0  0  0  0  0  0  0  0  0
   -8.1677    1.3251   28.9512 C   0  0  0  0  0  0  0  0  0  0  0  0
   -7.2124    0.3178   28.7726 C   0  0  0  0  0  0  0  0  0  0  0  0
   -6.9586   -0.1676   27.4814 C   0  0  0  0  0  0  0  0  0  0  0  0
   -7.5213    0.5016   26.3914 C   0  0  0  0  0  0  0  0  0  0  0  0
   -6.1723   -1.4565   27.2299 C   0  0  0  0  0  0  0  0  0  0  0  0
   -4.7731   -1.5191   27.8529 C   0  0  0  0  0  0  0  0  0  0  0  0
   -6.6001   -0.2413   29.8696 O   0  0  0  0  0  0  0  0  0  0  0  0
   -5.6791    0.6042   30.5592 C   0  0  0  0  0  0  0  0  0  0  0  0
   -5.6987    0.2416   32.0453 C   0  0  0  0  0  0  0  0  0  0  0  0
   -8.6154    1.5973   30.2137 O   0  0  0  0  0  0  0  0  0  0  0  0
  -11.8049    3.8975   24.9713 C   0  0  0  0  0  0  0  0  0  0  0  0
  -11.2594    5.0313   25.5861 C   0  0  0  0  0  0  0  0  0  0  0  0
  -11.5733    6.3087   25.1224 C   0  0  0  0  0  0  0  0  0  0  0  0
  -12.4393    6.4632   24.0424 C   0  0  0  0  0  0  0  0  0  0  0  0
  -12.9731    5.3423   23.4117 C   0  0  0  0  0  0  0  0  0  0  0  0
  -12.6569    4.0618   23.8658 C   0  0  0  0  0  0  0  0  0  0  0  0
  -13.4020    2.5676   22.9432 Br  0  0  0  0  0  0  0  0  0  0  0  0
  -13.2198    2.5961   27.2039 N   0  0  0  0  0  0  0  0  0  0  0  0
  -14.3288    1.8405   27.7786 N   0  0  0  0  0  0  0  0  0  0  0  0
  -15.3983    1.5497   26.8291 C   0  0  0  0  0  0  0  0  0  0  0  0
  -14.9859    0.4967   25.7892 C   0  0  0  0  0  0  0  0  0  0  0  0
   -9.9466   -2.3660   26.3555 N   0  0  0  0  0  0  0  0  0  0  0  0
   -8.9710   -2.4303   25.3956 C   0  0  0  0  0  0  0  0  0  0  0  0
   -8.6009   -3.6711   25.1946 N   0  0  0  0  0  0  0  0  0  0  0  0
   -9.3537   -4.4274   26.0813 N   0  0  0  0  0  0  0  0  0  0  0  0
  -10.2008   -3.6008   26.7908 N   0  0  0  0  0  0  0  0  0  0  0  0
  -11.5286   -1.9216   28.7926 H   0  0  0  0  0  0  0  0  0  0  0  0
  -12.6649    0.4276   28.6900 H   0  0  0  0  0  0  0  0  0  0  0  0
  -10.3324    2.0135   23.7572 H   0  0  0  0  0  0  0  0  0  0  0  0
   -8.2010    2.2327   24.5353 H   0  0  0  0  0  0  0  0  0  0  0  0
   -8.9467    3.4027   25.5410 H   0  0  0  0  0  0  0  0  0  0  0  0
   -9.4183    2.7957   28.0136 H   0  0  0  0  0  0  0  0  0  0  0  0
   -7.3388    0.1465   25.3896 H   0  0  0  0  0  0  0  0  0  0  0  0
   -6.0702   -1.6036   26.1545 H   0  0  0  0  0  0  0  0  0  0  0  0
   -6.7667   -2.2981   27.5881 H   0  0  0  0  0  0  0  0  0  0  0  0
   -4.8016   -1.6024   28.9373 H   0  0  0  0  0  0  0  0  0  0  0  0
   -4.2242   -2.3861   27.4937 H   0  0  0  0  0  0  0  0  0  0  0  0
   -4.2009   -0.6381   27.5907 H   0  0  0  0  0  0  0  0  0  0  0  0
   -4.6802    0.4496   30.1515 H   0  0  0  0  0  0  0  0  0  0  0  0
   -5.9010    1.6675   30.4463 H   0  0  0  0  0  0  0  0  0  0  0  0
   -5.4019   -0.7962   32.1975 H   0  0  0  0  0  0  0  0  0  0  0  0
   -5.0065    0.8691   32.6074 H   0  0  0  0  0  0  0  0  0  0  0  0
   -6.6926    0.3719   32.4720 H   0  0  0  0  0  0  0  0  0  0  0  0
   -8.1353    1.0755   30.8599 H   0  0  0  0  0  0  0  0  0  0  0  0
  -10.5978    4.9265   26.4350 H   0  0  0  0  0  0  0  0  0  0  0  0
  -11.1511    7.1803   25.6005 H   0  0  0  0  0  0  0  0  0  0  0  0
  -12.6893    7.4528   23.6894 H   0  0  0  0  0  0  0  0  0  0  0  0
  -13.6334    5.4672   22.5675 H   0  0  0  0  0  0  0  0  0  0  0  0
  -13.5739    3.4762   26.8490 H   0  0  0  0  0  0  0  0  0  0  0  0
  -14.6349    2.3108   28.6232 H   0  0  0  0  0  0  0  0  0  0  0  0
  -16.2493    1.1653   27.3948 H   0  0  0  0  0  0  0  0  0  0  0  0
  -15.7410    2.4647   26.3427 H   0  0  0  0  0  0  0  0  0  0  0  0
  -14.5937   -0.4012   26.2667 H   0  0  0  0  0  0  0  0  0  0  0  0
  -15.8387    0.1985   25.1801 H   0  0  0  0  0  0  0  0  0  0  0  0
  -14.2196    0.8687   25.1134 H   0  0  0  0  0  0  0  0  0  0  0  0
   -8.6486   -1.5524   24.8589 H   0  0  0  0  0  0  0  0  0  0  0  0
  1  2  1  0
  1  9  1  0
  2  3  2  0
  2  6  1  0
  3  4  1  0
  3 34  1  0
  4  5  2  0
  4 39  1  0
  5  6  1  0
  5 40  1  0
  6  7  1  0
  7  8  2  0
  7 30  1  0
  8  9  1  0
  8 23  1  0
  9 10  1  0
  9 41  1  6
 10 11  1  0
 10 42  1  0
 10 43  1  0
 11 12  2  0
 11 16  1  0
 12 13  1  0
 12 44  1  0
 13 14  2  0
 13 22  1  0
 14 15  1  0
 14 19  1  0
 15 16  2  0
 15 17  1  0
 16 45  1  0
 17 18  1  0
 17 46  1  0
 17 47  1  0
 18 48  1  0
 18 49  1  0
 18 50  1  0
 19 20  1  0
 20 21  1  0
 20 51  1  0
 20 52  1  0
 21 53  1  0
 21 54  1  0
 21 55  1  0
 22 56  1  0
 23 24  2  0
 23 28  1  0
 24 25  1  0
 24 57  1  0
 25 26  2  0
 25 58  1  0
 26 27  1  0
 26 59  1  0
 27 28  2  0
 27 60  1  0
 28 29  1  0
 30 31  1  0
 30 61  1  0
 31 32  1  0
 31 62  1  0
 32 33  1  0
 32 63  1  0
 32 64  1  0
 33 65  1  0
 33 66  1  0
 33 67  1  0
 34 35  1  0
 34 38  1  0
 35 36  2  0
 35 68  1  0
 36 37  1  0
 37 38  2  0
M  CHG  1   5   1
M  END
"
test-67,"C[C@H]([NH3+])C(=O)N[C@H](CCCN([O-])C(N)=[NH2+])OC#N
     RDKit          3D

 37 36  0  0  1  0  0  0  0  0999 V2000
   -7.0982    3.1055  -21.2591 N   0  0  0  0  0  0  0  0  0  0  0  0
   -6.7216    2.0157  -20.5576 C   0  0  0  0  0  0  0  0  0  0  0  0
   -6.5259    2.0210  -19.3357 O   0  0  0  0  0  0  0  0  0  0  0  0
   -6.5408    0.7252  -21.4078 C   0  0  1  0  0  0  0  0  0  0  0  0
   -5.2505    0.7604  -22.2566 C   0  0  0  0  0  0  0  0  0  0  0  0
   -6.5259   -0.4570  -20.4698 N   0  0  0  0  0  0  0  0  0  0  0  0
   -7.4150    4.4100  -20.7169 C   0  0  2  0  0  0  0  0  0  0  0  0
   -6.2084    5.0996  -20.0408 C   0  0  0  0  0  0  0  0  0  0  0  0
   -6.5284    6.3684  -19.2138 C   0  0  0  0  0  0  0  0  0  0  0  0
   -7.3526    7.4451  -19.9528 C   0  0  0  0  0  0  0  0  0  0  0  0
   -7.0198    8.8410  -19.4476 N   0  0  0  0  0  0  0  0  0  0  0  0
   -6.3122    9.4848  -20.2784 O   0  0  0  0  0  0  0  0  0  0  0  0
   -7.4880    9.3075  -18.2695 C   0  0  0  0  0  0  0  0  0  0  0  0
   -8.1261    8.5642  -17.3785 N   0  0  0  0  0  0  0  0  0  0  0  0
   -7.3245   10.5793  -17.9341 N   0  0  0  0  0  0  0  0  0  0  0  0
   -8.4783    4.3049  -19.8122 O   0  0  0  0  0  0  0  0  0  0  0  0
   -9.5790    3.7940  -20.2986 C   0  0  0  0  0  0  0  0  0  0  0  0
  -10.5257    3.2625  -20.6994 N   0  0  0  0  0  0  0  0  0  0  0  0
   -7.2411    3.0016  -22.2540 H   0  0  0  0  0  0  0  0  0  0  0  0
   -7.4295    0.5882  -22.0294 H   0  0  0  0  0  0  0  0  0  0  0  0
   -4.3557    0.9037  -21.6465 H   0  0  0  0  0  0  0  0  0  0  0  0
   -5.1119   -0.1563  -22.8325 H   0  0  0  0  0  0  0  0  0  0  0  0
   -5.2752    1.5796  -22.9775 H   0  0  0  0  0  0  0  0  0  0  0  0
   -6.2278   -0.1181  -19.5639 H   0  0  0  0  0  0  0  0  0  0  0  0
   -7.4586   -0.8684  -20.3497 H   0  0  0  0  0  0  0  0  0  0  0  0
   -5.8877   -1.1681  -20.7929 H   0  0  0  0  0  0  0  0  0  0  0  0
   -7.7259    5.0603  -21.5391 H   0  0  0  0  0  0  0  0  0  0  0  0
   -5.7045    4.3944  -19.3812 H   0  0  0  0  0  0  0  0  0  0  0  0
   -5.4868    5.3453  -20.8222 H   0  0  0  0  0  0  0  0  0  0  0  0
   -7.0348    6.0797  -18.2922 H   0  0  0  0  0  0  0  0  0  0  0  0
   -5.5762    6.7990  -18.8981 H   0  0  0  0  0  0  0  0  0  0  0  0
   -7.1304    7.4375  -21.0219 H   0  0  0  0  0  0  0  0  0  0  0  0
   -8.4273    7.2967  -19.8467 H   0  0  0  0  0  0  0  0  0  0  0  0
   -8.6732    9.0022  -16.6512 H   0  0  0  0  0  0  0  0  0  0  0  0
   -8.2355    7.5771  -17.5488 H   0  0  0  0  0  0  0  0  0  0  0  0
   -7.6550   10.9349  -17.0533 H   0  0  0  0  0  0  0  0  0  0  0  0
   -6.8209   11.1716  -18.5860 H   0  0  0  0  0  0  0  0  0  0  0  0
  1  2  1  0
  1  7  1  0
  1 19  1  0
  2  3  2  0
  2  4  1  0
  4  5  1  0
  4  6  1  0
  4 20  1  6
  5 21  1  0
  5 22  1  0
  5 23  1  0
  6 24  1  0
  6 25  1  0
  6 26  1  0
  7  8  1  0
  7 16  1  0
  7 27  1  6
  8  9  1  0
  8 28  1  0
  8 29  1  0
  9 10  1  0
  9 30  1  0
  9 31  1  0
 10 11  1  0
 10 32  1  0
 10 33  1  0
 11 12  1  0
 11 13  2  0
 13 14  1  0
 13 15  1  0
 14 34  1  0
 14 35  1  0
 15 36  1  0
 15 37  1  0
 16 17  1  0
 17 18  3  0
M  CHG  3   6   1  11   1  12  -1
M  END
"
test-68,"NC(=O)CCCNC(N)=O
     RDKit          3D

 21 20  0  0  1  0  0  0  0  0999 V2000
    2.9688    3.6260   47.3544 N   0  0  0  0  0  0  0  0  0  0  0  0
    2.7074    2.5050   48.0370 C   0  0  0  0  0  0  0  0  0  0  0  0
    1.6169    1.8907   47.5945 N   0  0  0  0  0  0  0  0  0  0  0  0
    3.3688    2.0720   48.9768 O   0  0  0  0  0  0  0  0  0  0  0  0
    4.0274    4.5870   47.6399 C   0  0  0  0  0  0  0  0  0  0  0  0
    5.3161    4.3223   46.8378 C   0  0  0  0  0  0  0  0  0  0  0  0
    6.4263    5.3788   47.0388 C   0  0  0  0  0  0  0  0  0  0  0  0
    6.1160    6.7627   46.4445 C   0  0  0  0  0  0  0  0  0  0  0  0
    6.7188    7.0914   45.3037 N   0  0  0  0  0  0  0  0  0  0  0  0
    5.3689    7.5493   47.0185 O   0  0  0  0  0  0  0  0  0  0  0  0
    2.3173    3.8880   46.6260 H   0  0  0  0  0  0  0  0  0  0  0  0
    1.2838    1.0722   48.0784 H   0  0  0  0  0  0  0  0  0  0  0  0
    1.0768    2.2711   46.8296 H   0  0  0  0  0  0  0  0  0  0  0  0
    3.6383    5.5717   47.3847 H   0  0  0  0  0  0  0  0  0  0  0  0
    4.2440    4.6489   48.7092 H   0  0  0  0  0  0  0  0  0  0  0  0
    5.7080    3.3488   47.1370 H   0  0  0  0  0  0  0  0  0  0  0  0
    5.0837    4.2285   45.7754 H   0  0  0  0  0  0  0  0  0  0  0  0
    6.6401    5.4922   48.1003 H   0  0  0  0  0  0  0  0  0  0  0  0
    7.3494    5.0076   46.5926 H   0  0  0  0  0  0  0  0  0  0  0  0
    6.5703    8.0153   44.9113 H   0  0  0  0  0  0  0  0  0  0  0  0
    7.3254    6.4403   44.8321 H   0  0  0  0  0  0  0  0  0  0  0  0
  1  2  1  0
  1  5  1  0
  1 11  1  0
  2  3  1  0
  2  4  2  0
  3 12  1  0
  3 13  1  0
  5  6  1  0
  5 14  1  0
  5 15  1  0
  6  7  1  0
  6 16  1  0
  6 17  1  0
  7  8  1  0
  7 18  1  0
  7 19  1  0
  8  9  1  0
  8 10  2  0
  9 20  1  0
  9 21  1  0
M  END
"
test-69,"CCCN(CC)Cc1cc(-c2nc3c([nH]2)c(=O)n(C)c(=O)n3CCC(C)C)n(-c2cccnc2)n1
     RDKit          3D

 69 72  0  0  1  0  0  0  0  0999 V2000
    0.0764   64.0395   88.0553 O   0  0  0  0  0  0  0  0  0  0  0  0
   -0.1446   63.8040   86.8633 C   0  0  0  0  0  0  0  0  0  0  0  0
    0.4066   64.5353   85.7544 C   0  0  0  0  0  0  0  0  0  0  0  0
    1.2066   65.6425   85.7246 N   0  0  0  0  0  0  0  0  0  0  0  0
    1.4875   65.8912   84.4056 C   0  0  0  0  0  0  0  0  0  0  0  0
    0.8542   65.0524   83.6126 N   0  0  0  0  0  0  0  0  0  0  0  0
    0.1994   64.2335   84.4246 C   0  0  0  0  0  0  0  0  0  0  0  0
   -0.6409   63.1787   84.1007 N   0  0  0  0  0  0  0  0  0  0  0  0
   -1.3115   62.4728   85.0739 C   0  0  0  0  0  0  0  0  0  0  0  0
   -2.1858   61.6458   84.7873 O   0  0  0  0  0  0  0  0  0  0  0  0
   -0.9522   62.7846   86.3822 N   0  0  0  0  0  0  0  0  0  0  0  0
   -1.5755   61.9180   87.4081 C   0  0  0  0  0  0  0  0  0  0  0  0
   -0.9212   62.9032   82.6777 C   0  0  0  0  0  0  0  0  0  0  0  0
    0.0822   61.9151   82.0432 C   0  0  0  0  0  0  0  0  0  0  0  0
   -0.2165   61.5346   80.5737 C   0  0  0  0  0  0  0  0  0  0  0  0
   -0.1544   62.7429   79.6207 C   0  0  0  0  0  0  0  0  0  0  0  0
   -1.5458   60.7732   80.4233 C   0  0  0  0  0  0  0  0  0  0  0  0
    2.2351   67.0411   83.9187 C   0  0  0  0  0  0  0  0  0  0  0  0
    1.7313   67.9984   83.0561 C   0  0  0  0  0  0  0  0  0  0  0  0
    2.7774   68.8442   82.6993 C   0  0  0  0  0  0  0  0  0  0  0  0
    3.8357   68.5398   83.4070 N   0  0  0  0  0  0  0  0  0  0  0  0
    3.5583   67.4214   84.1118 N   0  0  0  0  0  0  0  0  0  0  0  0
    4.6409   66.7881   84.7937 C   0  0  0  0  0  0  0  0  0  0  0  0
    4.4635   65.9486   85.9032 C   0  0  0  0  0  0  0  0  0  0  0  0
    5.5629   65.3654   86.5321 C   0  0  0  0  0  0  0  0  0  0  0  0
    6.8300   65.6427   86.0286 C   0  0  0  0  0  0  0  0  0  0  0  0
    7.0480   66.4428   84.9621 N   0  0  0  0  0  0  0  0  0  0  0  0
    5.9670   67.0010   84.3710 C   0  0  0  0  0  0  0  0  0  0  0  0
    2.8727   69.9460   81.6497 C   0  0  0  0  0  0  0  0  0  0  0  0
    1.5759   70.3941   81.1003 N   0  0  0  0  0  0  0  0  0  0  0  0
    1.2217   69.7056   79.8420 C   0  0  0  0  0  0  0  0  0  0  0  0
    0.9792   68.1938   79.9710 C   0  0  0  0  0  0  0  0  0  0  0  0
    1.6417   71.8434   80.8425 C   0  0  0  0  0  0  0  0  0  0  0  0
    0.2633   72.5329   80.8038 C   0  0  0  0  0  0  0  0  0  0  0  0
   -0.4761   72.4527   82.1373 C   0  0  0  0  0  0  0  0  0  0  0  0
    1.5303   66.2023   86.5190 H   0  0  0  0  0  0  0  0  0  0  0  0
   -1.2555   62.1252   88.4303 H   0  0  0  0  0  0  0  0  0  0  0  0
   -2.6635   62.0142   87.3821 H   0  0  0  0  0  0  0  0  0  0  0  0
   -1.3331   60.8703   87.2164 H   0  0  0  0  0  0  0  0  0  0  0  0
   -0.9107   63.8357   82.1130 H   0  0  0  0  0  0  0  0  0  0  0  0
   -1.9365   62.5240   82.5503 H   0  0  0  0  0  0  0  0  0  0  0  0
    1.0860   62.3415   82.0999 H   0  0  0  0  0  0  0  0  0  0  0  0
    0.1145   61.0014   82.6373 H   0  0  0  0  0  0  0  0  0  0  0  0
    0.5735   60.8475   80.2615 H   0  0  0  0  0  0  0  0  0  0  0  0
    0.8010   63.2624   79.6993 H   0  0  0  0  0  0  0  0  0  0  0  0
   -0.2645   62.4306   78.5814 H   0  0  0  0  0  0  0  0  0  0  0  0
   -0.9440   63.4676   79.8292 H   0  0  0  0  0  0  0  0  0  0  0  0
   -1.5923   59.9234   81.1041 H   0  0  0  0  0  0  0  0  0  0  0  0
   -2.4062   61.4117   80.6285 H   0  0  0  0  0  0  0  0  0  0  0  0
   -1.6590   60.3865   79.4102 H   0  0  0  0  0  0  0  0  0  0  0  0
    0.7261   68.0325   82.6738 H   0  0  0  0  0  0  0  0  0  0  0  0
    3.5032   65.7413   86.3221 H   0  0  0  0  0  0  0  0  0  0  0  0
    5.4347   64.7231   87.3922 H   0  0  0  0  0  0  0  0  0  0  0  0
    7.7161   65.2428   86.4910 H   0  0  0  0  0  0  0  0  0  0  0  0
    6.2018   67.6476   83.5379 H   0  0  0  0  0  0  0  0  0  0  0  0
    3.5313   69.6438   80.8331 H   0  0  0  0  0  0  0  0  0  0  0  0
    3.4039   70.7725   82.1245 H   0  0  0  0  0  0  0  0  0  0  0  0
    0.3036   70.1309   79.4383 H   0  0  0  0  0  0  0  0  0  0  0  0
    1.9949   69.8824   79.0905 H   0  0  0  0  0  0  0  0  0  0  0  0
    0.1350   67.9842   80.6262 H   0  0  0  0  0  0  0  0  0  0  0  0
    0.7275   67.7605   79.0073 H   0  0  0  0  0  0  0  0  0  0  0  0
    1.8575   67.6592   80.3318 H   0  0  0  0  0  0  0  0  0  0  0  0
    2.1839   72.3319   81.6547 H   0  0  0  0  0  0  0  0  0  0  0  0
    2.2141   72.0615   79.9379 H   0  0  0  0  0  0  0  0  0  0  0  0
    0.4284   73.5825   80.5571 H   0  0  0  0  0  0  0  0  0  0  0  0
   -0.3906   72.1539   80.0184 H   0  0  0  0  0  0  0  0  0  0  0  0
    0.1980   72.5339   82.9907 H   0  0  0  0  0  0  0  0  0  0  0  0
   -1.1932   73.2646   82.2083 H   0  0  0  0  0  0  0  0  0  0  0  0
   -1.0083   71.5050   82.2069 H   0  0  0  0  0  0  0  0  0  0  0  0
  1  2  2  0
  2  3  1  0
  2 11  1  0
  3  4  1  0
  3  7  2  0
  4  5  1  0
  4 36  1  0
  5  6  2  0
  5 18  1  0
  6  7  1  0
  7  8  1  0
  8  9  1  0
  8 13  1  0
  9 10  2  0
  9 11  1  0
 11 12  1  0
 12 37  1  0
 12 38  1  0
 12 39  1  0
 13 14  1  0
 13 40  1  0
 13 41  1  0
 14 15  1  0
 14 42  1  0
 14 43  1  0
 15 16  1  0
 15 17  1  0
 15 44  1  0
 16 45  1  0
 16 46  1  0
 16 47  1  0
 17 48  1  0
 17 49  1  0
 17 50  1  0
 18 19  2  0
 18 22  1  0
 19 20  1  0
 19 51  1  0
 20 21  2  0
 20 29  1  0
 21 22  1  0
 22 23  1  0
 23 24  2  0
 23 28  1  0
 24 25  1  0
 24 52  1  0
 25 26  2  0
 25 53  1  0
 26 27  1  0
 26 54  1  0
 27 28  2  0
 28 55  1  0
 29 30  1  0
 29 56  1  0
 29 57  1  0
 30 31  1  0
 30 33  1  0
 31 32  1  0
 31 58  1  0
 31 59  1  0
 32 60  1  0
 32 61  1  0
 32 62  1  0
 33 34  1  0
 33 63  1  0
 33 64  1  0
 34 35  1  0
 34 65  1  0
 34 66  1  0
 35 67  1  0
 35 68  1  0
 35 69  1  0
M  END
"
test-70,"O=S(=O)([O-])c1cn[nH]c1
     RDKit          3D

 12 12  0  0  1  0  0  0  0  0999 V2000
   -4.7127    1.3853   17.3614 O   0  0  0  0  0  0  0  0  0  0  0  0
   -5.5832    0.9732   16.2602 S   0  0  0  0  0  0  0  0  0  0  0  0
   -5.1312   -0.1663   15.4520 O   0  0  0  0  0  0  0  0  0  0  0  0
   -7.0090    0.8243   16.5614 O   0  0  0  0  0  0  0  0  0  0  0  0
   -5.5260    2.3682   15.1241 C   0  0  0  0  0  0  0  0  0  0  0  0
   -5.0415    2.3848   13.8094 C   0  0  0  0  0  0  0  0  0  0  0  0
   -5.1312    3.5706   13.2505 N   0  0  0  0  0  0  0  0  0  0  0  0
   -5.6571    4.3459   14.2049 N   0  0  0  0  0  0  0  0  0  0  0  0
   -5.9312    3.6685   15.3614 C   0  0  0  0  0  0  0  0  0  0  0  0
   -4.6262    1.5380   13.2815 H   0  0  0  0  0  0  0  0  0  0  0  0
   -5.8195    5.3329   14.0632 H   0  0  0  0  0  0  0  0  0  0  0  0
   -6.3632    4.1591   16.2217 H   0  0  0  0  0  0  0  0  0  0  0  0
  1  2  2  0
  2  3  2  0
  2  4  1  0
  2  5  1  0
  5  6  1  0
  5  9  2  0
  6  7  2  0
  6 10  1  0
  7  8  1  0
  8  9  1  0
  8 11  1  0
  9 12  1  0
M  CHG  1   4  -1
M  END
"
test-71,"CO[P@](=O)(OC[C@H](N)CCCCN1CCCC[C@@H]1F)O[P@@](=O)([O-])OP(=O)([O-])[O-]
     RDKit          3D

 53 53  0  0  1  0  0  0  0  0999 V2000
  -30.3902   83.6812   45.0390 N   0  0  0  0  0  0  0  0  0  0  0  0
  -31.7387   83.4300   45.5299 C   0  0  2  0  0  0  0  0  0  0  0  0
  -32.5234   84.7642   45.5526 C   0  0  0  0  0  0  0  0  0  0  0  0
  -34.0036   84.6306   45.9732 C   0  0  0  0  0  0  0  0  0  0  0  0
  -34.6880   85.9857   46.2514 C   0  0  0  0  0  0  0  0  0  0  0  0
  -36.1962   85.8762   46.5675 C   0  0  0  0  0  0  0  0  0  0  0  0
  -31.6853   82.7441   46.9138 C   0  0  0  0  0  0  0  0  0  0  0  0
  -32.7879   81.8483   47.0679 O   0  0  0  0  0  0  0  0  0  0  0  0
  -32.7531   80.6290   48.1598 P   0  0  2  0  0  0  0  0  0  0  0  0
  -34.0878   80.0718   48.5139 O   0  0  0  0  0  0  0  0  0  0  0  0
  -31.9102   81.2720   49.3936 O   0  0  0  0  0  0  0  0  0  0  0  0
  -32.4768   82.2937   50.1907 C   0  0  0  0  0  0  0  0  0  0  0  0
  -31.7264   79.5483   47.5326 O   0  0  0  0  0  0  0  0  0  0  0  0
  -30.3104   79.6252   46.6150 P   0  0  2  0  0  0  0  0  0  0  0  0
  -29.2450   80.2339   47.4951 O   0  0  0  0  0  0  0  0  0  0  0  0
  -30.7748   80.2440   45.3150 O   0  0  0  0  0  0  0  0  0  0  0  0
  -29.8922   78.0103   46.3492 O   0  0  0  0  0  0  0  0  0  0  0  0
  -29.9009   77.0588   44.9149 P   0  0  0  0  0  0  0  0  0  0  0  0
  -28.6104   76.2195   44.9159 O   0  0  0  0  0  0  0  0  0  0  0  0
  -29.9488   78.0686   43.7500 O   0  0  0  0  0  0  0  0  0  0  0  0
  -31.1753   76.1972   44.9741 O   0  0  0  0  0  0  0  0  0  0  0  0
  -36.4747   85.0745   47.7685 N   0  0  0  0  0  0  0  0  0  0  0  0
  -37.6958   84.2794   47.5627 C   0  0  0  0  0  0  0  0  0  0  0  0
  -38.0569   83.4260   48.7907 C   0  0  0  0  0  0  0  0  0  0  0  0
  -38.1979   84.2920   50.0450 C   0  0  0  0  0  0  0  0  0  0  0  0
  -36.9237   85.1248   50.2426 C   0  0  0  0  0  0  0  0  0  0  0  0
  -36.5356   85.9192   48.9754 C   0  0  1  0  0  0  0  0  0  0  0  0
  -35.3550   86.4684   49.2418 F   0  0  0  0  0  0  0  0  0  0  0  0
  -29.8732   84.1839   45.7490 H   0  0  0  0  0  0  0  0  0  0  0  0
  -29.8671   82.8103   44.9230 H   0  0  0  0  0  0  0  0  0  0  0  0
  -32.2028   82.7480   44.8172 H   0  0  0  0  0  0  0  0  0  0  0  0
  -32.0212   85.4582   46.2289 H   0  0  0  0  0  0  0  0  0  0  0  0
  -32.4795   85.2306   44.5669 H   0  0  0  0  0  0  0  0  0  0  0  0
  -34.5500   84.0871   45.2010 H   0  0  0  0  0  0  0  0  0  0  0  0
  -34.0802   84.0264   46.8775 H   0  0  0  0  0  0  0  0  0  0  0  0
  -34.1732   86.5179   47.0517 H   0  0  0  0  0  0  0  0  0  0  0  0
  -34.5740   86.6200   45.3721 H   0  0  0  0  0  0  0  0  0  0  0  0
  -36.6540   86.8653   46.6307 H   0  0  0  0  0  0  0  0  0  0  0  0
  -36.6641   85.3985   45.7122 H   0  0  0  0  0  0  0  0  0  0  0  0
  -30.7381   82.2301   47.0506 H   0  0  0  0  0  0  0  0  0  0  0  0
  -31.6880   83.4886   47.7085 H   0  0  0  0  0  0  0  0  0  0  0  0
  -32.3755   82.0193   51.2406 H   0  0  0  0  0  0  0  0  0  0  0  0
  -31.9755   83.2444   50.0703 H   0  0  0  0  0  0  0  0  0  0  0  0
  -33.5215   82.4797   49.9447 H   0  0  0  0  0  0  0  0  0  0  0  0
  -38.5210   84.9483   47.3158 H   0  0  0  0  0  0  0  0  0  0  0  0
  -37.5589   83.6256   46.6996 H   0  0  0  0  0  0  0  0  0  0  0  0
  -38.9944   82.9019   48.6038 H   0  0  0  0  0  0  0  0  0  0  0  0
  -37.3090   82.6435   48.9302 H   0  0  0  0  0  0  0  0  0  0  0  0
  -39.0613   84.9478   49.9395 H   0  0  0  0  0  0  0  0  0  0  0  0
  -38.3946   83.6705   50.9148 H   0  0  0  0  0  0  0  0  0  0  0  0
  -37.0544   85.8098   51.0805 H   0  0  0  0  0  0  0  0  0  0  0  0
  -36.0987   84.4685   50.5215 H   0  0  0  0  0  0  0  0  0  0  0  0
  -37.2589   86.7222   48.8244 H   0  0  0  0  0  0  0  0  0  0  0  0
  1  2  1  0
  1 29  1  0
  1 30  1  0
  2  3  1  0
  2  7  1  0
  2 31  1  6
  3  4  1  0
  3 32  1  0
  3 33  1  0
  4  5  1  0
  4 34  1  0
  4 35  1  0
  5  6  1  0
  5 36  1  0
  5 37  1  0
  6 22  1  0
  6 38  1  0
  6 39  1  0
  7  8  1  0
  7 40  1  0
  7 41  1  0
  9  8  1  6
  9 10  2  0
  9 11  1  0
  9 13  1  0
 11 12  1  0
 12 42  1  0
 12 43  1  0
 12 44  1  0
 13 14  1  0
 14 15  2  0
 14 16  1  6
 14 17  1  0
 17 18  1  0
 18 19  2  0
 18 20  1  0
 18 21  1  0
 22 23  1  0
 22 27  1  0
 23 24  1  0
 23 45  1  0
 23 46  1  0
 24 25  1  0
 24 47  1  0
 24 48  1  0
 25 26  1  0
 25 49  1  0
 25 50  1  0
 26 27  1  0
 26 51  1  0
 26 52  1  0
 27 28  1  0
 27 53  1  6
M  CHG  3  16  -1  20  -1  21  -1
M  END
"
test-72,"OCC1(COC[C@@H](O)c2cnc(F)nc2NCc2csc(NC3CC3)n2)CC1
     RDKit          3D

 52 55  0  0  1  0  0  0  0  0999 V2000
   -3.9534   58.6544   34.9255 O   0  0  0  0  0  0  0  0  0  0  0  0
   -3.8365   57.6288   33.9749 C   0  0  2  0  0  0  0  0  0  0  0  0
   -5.2463   56.9945   33.8210 C   0  0  0  0  0  0  0  0  0  0  0  0
   -5.3792   55.9131   32.9101 O   0  0  0  0  0  0  0  0  0  0  0  0
   -4.9557   56.1519   31.5719 C   0  0  0  0  0  0  0  0  0  0  0  0
   -5.0009   54.8217   30.7962 C   0  0  0  0  0  0  0  0  0  0  0  0
   -6.1299   54.6190   29.8115 C   0  0  0  0  0  0  0  0  0  0  0  0
   -4.7204   54.8855   29.3236 C   0  0  0  0  0  0  0  0  0  0  0  0
   -4.4516   53.5870   31.5163 C   0  0  0  0  0  0  0  0  0  0  0  0
   -5.2907   53.2314   32.5927 O   0  0  0  0  0  0  0  0  0  0  0  0
   -2.5878   56.7413   34.1523 C   0  0  0  0  0  0  0  0  0  0  0  0
   -2.6005   55.3655   33.9045 C   0  0  0  0  0  0  0  0  0  0  0  0
   -1.4701   54.6404   33.7170 N   0  0  0  0  0  0  0  0  0  0  0  0
   -0.2962   55.3136   33.7661 C   0  0  0  0  0  0  0  0  0  0  0  0
   -0.1715   56.6032   34.1482 N   0  0  0  0  0  0  0  0  0  0  0  0
   -1.3171   57.2856   34.4179 C   0  0  0  0  0  0  0  0  0  0  0  0
   -1.2382   58.5125   35.0912 N   0  0  0  0  0  0  0  0  0  0  0  0
   -0.0113   59.0467   35.6510 C   0  0  0  0  0  0  0  0  0  0  0  0
    0.7586   59.7952   34.5998 C   0  0  0  0  0  0  0  0  0  0  0  0
    1.4535   59.2770   33.5120 C   0  0  0  0  0  0  0  0  0  0  0  0
    2.0456   60.5695   32.5459 S   0  0  0  0  0  0  0  0  0  0  0  0
    1.3735   61.6730   33.7037 C   0  0  0  0  0  0  0  0  0  0  0  0
    0.7194   61.1104   34.6791 N   0  0  0  0  0  0  0  0  0  0  0  0
    1.5394   63.0242   33.6100 N   0  0  0  0  0  0  0  0  0  0  0  0
    2.4183   63.7425   32.7105 C   0  0  0  0  0  0  0  0  0  0  0  0
    3.4396   64.6093   33.3935 C   0  0  0  0  0  0  0  0  0  0  0  0
    3.8917   63.3600   32.7141 C   0  0  0  0  0  0  0  0  0  0  0  0
    0.8388   54.6491   33.4617 F   0  0  0  0  0  0  0  0  0  0  0  0
   -3.5529   59.4390   34.5163 H   0  0  0  0  0  0  0  0  0  0  0  0
   -3.6202   58.1464   33.0419 H   0  0  0  0  0  0  0  0  0  0  0  0
   -5.5915   56.6414   34.7884 H   0  0  0  0  0  0  0  0  0  0  0  0
   -5.9633   57.7645   33.5308 H   0  0  0  0  0  0  0  0  0  0  0  0
   -5.5712   56.9217   31.1021 H   0  0  0  0  0  0  0  0  0  0  0  0
   -3.9243   56.5030   31.5512 H   0  0  0  0  0  0  0  0  0  0  0  0
   -6.5547   53.6213   29.7005 H   0  0  0  0  0  0  0  0  0  0  0  0
   -6.8889   55.3971   29.7258 H   0  0  0  0  0  0  0  0  0  0  0  0
   -4.1314   54.0724   28.9072 H   0  0  0  0  0  0  0  0  0  0  0  0
   -4.4172   55.8539   28.9254 H   0  0  0  0  0  0  0  0  0  0  0  0
   -3.4583   53.8543   31.8703 H   0  0  0  0  0  0  0  0  0  0  0  0
   -4.3606   52.7242   30.8553 H   0  0  0  0  0  0  0  0  0  0  0  0
   -5.5262   54.0518   33.0443 H   0  0  0  0  0  0  0  0  0  0  0  0
   -3.5206   54.8137   33.8198 H   0  0  0  0  0  0  0  0  0  0  0  0
   -2.1091   58.8223   35.4966 H   0  0  0  0  0  0  0  0  0  0  0  0
   -0.2935   59.7045   36.4822 H   0  0  0  0  0  0  0  0  0  0  0  0
    0.5901   58.2475   36.0853 H   0  0  0  0  0  0  0  0  0  0  0  0
    1.6044   58.2540   33.2110 H   0  0  0  0  0  0  0  0  0  0  0  0
    0.9631   63.6339   34.1741 H   0  0  0  0  0  0  0  0  0  0  0  0
    1.9724   64.0603   31.7669 H   0  0  0  0  0  0  0  0  0  0  0  0
    3.6466   65.5556   32.9251 H   0  0  0  0  0  0  0  0  0  0  0  0
    3.4924   64.6592   34.4805 H   0  0  0  0  0  0  0  0  0  0  0  0
    4.4552   63.4453   31.7851 H   0  0  0  0  0  0  0  0  0  0  0  0
    4.2311   62.5269   33.3266 H   0  0  0  0  0  0  0  0  0  0  0  0
  1  2  1  0
  1 29  1  0
  2  3  1  0
  2 11  1  0
  2 30  1  6
  3  4  1  0
  3 31  1  0
  3 32  1  0
  4  5  1  0
  5  6  1  0
  5 33  1  0
  5 34  1  0
  6  7  1  0
  6  8  1  0
  6  9  1  0
  7  8  1  0
  7 35  1  0
  7 36  1  0
  8 37  1  0
  8 38  1  0
  9 10  1  0
  9 39  1  0
  9 40  1  0
 10 41  1  0
 11 12  2  0
 11 16  1  0
 12 13  1  0
 12 42  1  0
 13 14  2  0
 14 15  1  0
 14 28  1  0
 15 16  2  0
 16 17  1  0
 17 18  1  0
 17 43  1  0
 18 19  1  0
 18 44  1  0
 18 45  1  0
 19 20  2  0
 19 23  1  0
 20 21  1  0
 20 46  1  0
 21 22  1  0
 22 23  2  0
 22 24  1  0
 24 25  1  0
 24 47  1  0
 25 26  1  0
 25 27  1  0
 25 48  1  0
 26 27  1  0
 26 49  1  0
 26 50  1  0
 27 51  1  0
 27 52  1  0
M  END
"
test-73,"Nc1nc(Nc2ccc(C3CC3)c3c2C(=O)NC3)ccc1[NH2+]Cc1cccc(F)c1
     RDKit          3D

 53 57  0  0  1  0  0  0  0  0999 V2000
   14.1778   33.3957   87.5911 N   0  0  0  0  0  0  0  0  0  0  0  0
   15.4555   33.2016   86.9273 C   0  0  0  0  0  0  0  0  0  0  0  0
   16.4283   33.4821   88.0317 C   0  0  0  0  0  0  0  0  0  0  0  0
   17.8270   33.4488   88.0379 C   0  0  0  0  0  0  0  0  0  0  0  0
   18.5023   33.8048   89.2068 C   0  0  0  0  0  0  0  0  0  0  0  0
   17.7940   34.1526   90.3577 C   0  0  0  0  0  0  0  0  0  0  0  0
   16.3929   34.1348   90.3765 C   0  0  0  0  0  0  0  0  0  0  0  0
   15.7235   33.8123   89.1824 C   0  0  0  0  0  0  0  0  0  0  0  0
   14.2531   33.7380   88.8846 C   0  0  0  0  0  0  0  0  0  0  0  0
   13.2963   33.9522   89.6260 O   0  0  0  0  0  0  0  0  0  0  0  0
   15.6885   34.3385   91.5747 N   0  0  0  0  0  0  0  0  0  0  0  0
   16.1564   34.6304   92.8615 C   0  0  0  0  0  0  0  0  0  0  0  0
   17.0265   35.6989   93.1019 C   0  0  0  0  0  0  0  0  0  0  0  0
   17.3986   35.9887   94.4137 C   0  0  0  0  0  0  0  0  0  0  0  0
   16.8719   35.2074   95.4513 C   0  0  0  0  0  0  0  0  0  0  0  0
   16.0108   34.1463   95.1387 C   0  0  0  0  0  0  0  0  0  0  0  0
   15.6618   33.8620   93.8624 N   0  0  0  0  0  0  0  0  0  0  0  0
   15.4155   33.3386   96.1037 N   0  0  0  0  0  0  0  0  0  0  0  0
   17.2347   35.4920   96.8764 N   0  0  0  0  0  0  0  0  0  0  0  0
   17.5982   36.9297   97.3065 C   0  0  0  0  0  0  0  0  0  0  0  0
   16.5398   38.0274   97.2260 C   0  0  0  0  0  0  0  0  0  0  0  0
   16.8855   39.2933   97.7086 C   0  0  0  0  0  0  0  0  0  0  0  0
   15.9625   40.3370   97.7029 C   0  0  0  0  0  0  0  0  0  0  0  0
   14.6859   40.1279   97.1870 C   0  0  0  0  0  0  0  0  0  0  0  0
   14.3345   38.8786   96.6806 C   0  0  0  0  0  0  0  0  0  0  0  0
   15.2529   37.8264   96.7063 C   0  0  0  0  0  0  0  0  0  0  0  0
   13.1050   38.6795   96.1594 F   0  0  0  0  0  0  0  0  0  0  0  0
   18.6403   32.9867   86.8375 C   0  0  0  0  0  0  0  0  0  0  0  0
   19.7538   33.8272   86.2536 C   0  0  0  0  0  0  0  0  0  0  0  0
   18.4841   33.5937   85.4635 C   0  0  0  0  0  0  0  0  0  0  0  0
   13.2978   33.2975   87.1025 H   0  0  0  0  0  0  0  0  0  0  0  0
   15.5377   32.1930   86.5179 H   0  0  0  0  0  0  0  0  0  0  0  0
   15.5712   33.9078   86.1071 H   0  0  0  0  0  0  0  0  0  0  0  0
   19.5813   33.7868   89.2332 H   0  0  0  0  0  0  0  0  0  0  0  0
   18.3594   34.3774   91.2466 H   0  0  0  0  0  0  0  0  0  0  0  0
   14.7311   34.0163   91.5467 H   0  0  0  0  0  0  0  0  0  0  0  0
   17.3903   36.3084   92.2877 H   0  0  0  0  0  0  0  0  0  0  0  0
   18.0608   36.8225   94.5947 H   0  0  0  0  0  0  0  0  0  0  0  0
   14.7526   32.6444   95.7822 H   0  0  0  0  0  0  0  0  0  0  0  0
   15.5833   33.4574   97.0887 H   0  0  0  0  0  0  0  0  0  0  0  0
   18.0182   34.9131   97.1444 H   0  0  0  0  0  0  0  0  0  0  0  0
   16.4754   35.2182   97.4839 H   0  0  0  0  0  0  0  0  0  0  0  0
   17.9273   36.8100   98.3404 H   0  0  0  0  0  0  0  0  0  0  0  0
   18.4640   37.1988   96.7120 H   0  0  0  0  0  0  0  0  0  0  0  0
   17.8718   39.4763   98.1187 H   0  0  0  0  0  0  0  0  0  0  0  0
   16.2417   41.3040   98.0961 H   0  0  0  0  0  0  0  0  0  0  0  0
   13.9701   40.9367   97.1825 H   0  0  0  0  0  0  0  0  0  0  0  0
   14.9439   36.8706   96.3120 H   0  0  0  0  0  0  0  0  0  0  0  0
   18.8255   31.9101   86.8537 H   0  0  0  0  0  0  0  0  0  0  0  0
   19.9466   34.8102   86.6866 H   0  0  0  0  0  0  0  0  0  0  0  0
   20.6712   33.3336   85.9332 H   0  0  0  0  0  0  0  0  0  0  0  0
   17.7706   34.4052   85.3381 H   0  0  0  0  0  0  0  0  0  0  0  0
   18.5188   32.9373   84.5928 H   0  0  0  0  0  0  0  0  0  0  0  0
  1  2  1  0
  1  9  1  0
  1 31  1  0
  2  3  1  0
  2 32  1  0
  2 33  1  0
  3  4  2  0
  3  8  1  0
  4  5  1  0
  4 28  1  0
  5  6  2  0
  5 34  1  0
  6  7  1  0
  6 35  1  0
  7  8  2  0
  7 11  1  0
  8  9  1  0
  9 10  2  0
 11 12  1  0
 11 36  1  0
 12 13  2  0
 12 17  1  0
 13 14  1  0
 13 37  1  0
 14 15  2  0
 14 38  1  0
 15 16  1  0
 15 19  1  0
 16 17  2  0
 16 18  1  0
 18 39  1  0
 18 40  1  0
 19 20  1  0
 19 41  1  0
 19 42  1  0
 20 21  1  0
 20 43  1  0
 20 44  1  0
 21 22  2  0
 21 26  1  0
 22 23  1  0
 22 45  1  0
 23 24  2  0
 23 46  1  0
 24 25  1  0
 24 47  1  0
 25 26  2  0
 25 27  1  0
 26 48  1  0
 28 29  1  0
 28 30  1  0
 28 49  1  0
 29 30  1  0
 29 50  1  0
 29 51  1  0
 30 52  1  0
 30 53  1  0
M  CHG  1  19   1
M  END
"
test-74,"C[NH+](C)C[C@@H]1OC(n2c(-c3c(NC4CCC4)[nH]c4ccccc34)nc3c(N)ncnc32)[C@@H](O)[C@H]1O
     RDKit          3D

 66 71  0  0  1  0  0  0  0  0999 V2000
    5.6013   36.7540    2.4498 N   0  0  0  0  0  0  0  0  0  0  0  0
    4.6000   37.4638    1.8212 C   0  0  0  0  0  0  0  0  0  0  0  0
    3.5398   36.7886    1.3148 N   0  0  0  0  0  0  0  0  0  0  0  0
    2.5580   37.5084    0.7356 C   0  0  0  0  0  0  0  0  0  0  0  0
    2.4730   38.8387    0.6018 N   0  0  0  0  0  0  0  0  0  0  0  0
    3.5439   39.4823    1.1142 C   0  0  0  0  0  0  0  0  0  0  0  0
    4.6147   38.8649    1.7207 C   0  0  0  0  0  0  0  0  0  0  0  0
    5.5287   39.7626    2.0896 N   0  0  0  0  0  0  0  0  0  0  0  0
    5.0561   40.9454    1.7525 C   0  0  0  0  0  0  0  0  0  0  0  0
    3.7966   40.8325    1.1780 N   0  0  0  0  0  0  0  0  0  0  0  0
    2.7380   41.8198    0.6059 C   0  0  1  0  0  0  0  0  0  0  0  0
    1.8652   42.3407    1.6015 O   0  0  0  0  0  0  0  0  0  0  0  0
    0.9925   43.3422    1.0141 C   0  0  2  0  0  0  0  0  0  0  0  0
    1.8541   43.8766   -0.1396 C   0  0  1  0  0  0  0  0  0  0  0  0
    3.1560   43.0062   -0.2312 C   0  0  2  0  0  0  0  0  0  0  0  0
    3.5583   42.5864   -1.5123 O   0  0  0  0  0  0  0  0  0  0  0  0
    1.1050   43.9804   -1.3630 O   0  0  0  0  0  0  0  0  0  0  0  0
    0.5110   44.3919    2.0648 C   0  0  0  0  0  0  0  0  0  0  0  0
   -0.1516   45.6726    1.4309 N   0  0  0  0  0  0  0  0  0  0  0  0
   -1.7022   45.7529    1.5269 C   0  0  0  0  0  0  0  0  0  0  0  0
    0.4003   46.9851    2.0273 C   0  0  0  0  0  0  0  0  0  0  0  0
    5.8861   42.1442    2.0409 C   0  0  0  0  0  0  0  0  0  0  0  0
    7.3192   42.1850    2.3309 C   0  0  0  0  0  0  0  0  0  0  0  0
    8.3923   41.2613    2.2989 C   0  0  0  0  0  0  0  0  0  0  0  0
    9.6373   41.6622    2.7913 C   0  0  0  0  0  0  0  0  0  0  0  0
    9.8494   42.9206    3.3280 C   0  0  0  0  0  0  0  0  0  0  0  0
    8.8672   43.8966    3.2400 C   0  0  0  0  0  0  0  0  0  0  0  0
    7.6398   43.5138    2.6997 C   0  0  0  0  0  0  0  0  0  0  0  0
    6.5196   44.2457    2.4697 N   0  0  0  0  0  0  0  0  0  0  0  0
    5.4425   43.4299    2.3278 C   0  0  0  0  0  0  0  0  0  0  0  0
    4.2243   43.9238    2.6594 N   0  0  0  0  0  0  0  0  0  0  0  0
    4.1798   44.7701    3.8388 C   0  0  0  0  0  0  0  0  0  0  0  0
    3.6389   46.1685    3.7366 C   0  0  0  0  0  0  0  0  0  0  0  0
    3.4105   45.9925    5.2342 C   0  0  0  0  0  0  0  0  0  0  0  0
    3.1573   44.5083    4.8983 C   0  0  0  0  0  0  0  0  0  0  0  0
    6.2440   37.2963    2.9936 H   0  0  0  0  0  0  0  0  0  0  0  0
    5.4373   35.8092    2.7038 H   0  0  0  0  0  0  0  0  0  0  0  0
    1.7249   36.9420    0.3133 H   0  0  0  0  0  0  0  0  0  0  0  0
    2.0788   41.2214   -0.0067 H   0  0  0  0  0  0  0  0  0  0  0  0
    0.1160   42.8079    0.6569 H   0  0  0  0  0  0  0  0  0  0  0  0
    2.1866   44.8839    0.1137 H   0  0  0  0  0  0  0  0  0  0  0  0
    3.9949   43.5374    0.2323 H   0  0  0  0  0  0  0  0  0  0  0  0
    4.3070   41.9880   -1.4112 H   0  0  0  0  0  0  0  0  0  0  0  0
    0.2416   44.3678   -1.1876 H   0  0  0  0  0  0  0  0  0  0  0  0
    1.3948   44.7427    2.6075 H   0  0  0  0  0  0  0  0  0  0  0  0
   -0.1739   43.9830    2.8120 H   0  0  0  0  0  0  0  0  0  0  0  0
    0.1112   45.6718    0.4603 H   0  0  0  0  0  0  0  0  0  0  0  0
   -2.0280   46.4132    2.3539 H   0  0  0  0  0  0  0  0  0  0  0  0
   -2.0319   46.2203    0.5966 H   0  0  0  0  0  0  0  0  0  0  0  0
   -2.0871   44.7236    1.5773 H   0  0  0  0  0  0  0  0  0  0  0  0
    0.1908   46.9296    3.1053 H   0  0  0  0  0  0  0  0  0  0  0  0
    1.4483   46.9585    1.7942 H   0  0  0  0  0  0  0  0  0  0  0  0
   -0.0883   47.8237    1.5255 H   0  0  0  0  0  0  0  0  0  0  0  0
    8.2528   40.2558    1.9273 H   0  0  0  0  0  0  0  0  0  0  0  0
   10.4760   40.9773    2.7946 H   0  0  0  0  0  0  0  0  0  0  0  0
   10.8069   43.2081    3.7822 H   0  0  0  0  0  0  0  0  0  0  0  0
    9.0231   44.8909    3.6065 H   0  0  0  0  0  0  0  0  0  0  0  0
    6.4208   45.2645    2.5798 H   0  0  0  0  0  0  0  0  0  0  0  0
    3.3443   43.4772    2.4488 H   0  0  0  0  0  0  0  0  0  0  0  0
    5.1646   44.7717    4.3428 H   0  0  0  0  0  0  0  0  0  0  0  0
    4.2664   46.9470    3.3311 H   0  0  0  0  0  0  0  0  0  0  0  0
    2.7449   46.2910    3.1908 H   0  0  0  0  0  0  0  0  0  0  0  0
    4.2160   45.9716    5.9520 H   0  0  0  0  0  0  0  0  0  0  0  0
    2.5792   46.6045    5.5883 H   0  0  0  0  0  0  0  0  0  0  0  0
    3.5038   43.7661    5.6302 H   0  0  0  0  0  0  0  0  0  0  0  0
    2.1630   44.2245    4.5772 H   0  0  0  0  0  0  0  0  0  0  0  0
  1  2  1  0
  1 36  1  0
  1 37  1  0
  2  3  2  0
  2  7  1  0
  3  4  1  0
  4  5  2  0
  4 38  1  0
  5  6  1  0
  6  7  2  0
  6 10  1  0
  7  8  1  0
  8  9  2  0
  9 10  1  0
  9 22  1  0
 10 11  1  0
 11 12  1  0
 11 15  1  0
 11 39  1  6
 12 13  1  0
 13 14  1  0
 13 18  1  0
 13 40  1  6
 14 15  1  0
 14 17  1  0
 14 41  1  1
 15 16  1  0
 15 42  1  1
 16 43  1  0
 17 44  1  0
 18 19  1  0
 18 45  1  0
 18 46  1  0
 19 20  1  0
 19 21  1  0
 19 47  1  0
 20 48  1  0
 20 49  1  0
 20 50  1  0
 21 51  1  0
 21 52  1  0
 21 53  1  0
 22 23  1  0
 22 30  2  0
 23 24  2  0
 23 28  1  0
 24 25  1  0
 24 54  1  0
 25 26  2  0
 25 55  1  0
 26 27  1  0
 26 56  1  0
 27 28  2  0
 27 57  1  0
 28 29  1  0
 29 30  1  0
 29 58  1  0
 30 31  1  0
 31 32  1  0
 31 59  1  0
 32 33  1  0
 32 35  1  0
 32 60  1  0
 33 34  1  0
 33 61  1  0
 33 62  1  0
 34 35  1  0
 34 63  1  0
 34 64  1  0
 35 65  1  0
 35 66  1  0
M  CHG  1  19   1
M  END
"
test-75,"COc1ccc2c(c1)C(C#CCNC(=O)Nc1c[nH]cn1)CC2
     RDKit          3D

 41 43  0  0  1  0  0  0  0  0999 V2000
    2.3193    2.3011   46.9420 N   0  0  0  0  0  0  0  0  0  0  0  0
    2.6167    2.2628   45.5096 C   0  0  0  0  0  0  0  0  0  0  0  0
    3.8099    3.0587   45.2021 C   0  0  0  0  0  0  0  0  0  0  0  0
    4.8040    3.7313   44.9834 C   0  0  0  0  0  0  0  0  0  0  0  0
    1.7642    1.2876   47.6136 C   0  0  0  0  0  0  0  0  0  0  0  0
    1.3691    0.2669   47.0589 O   0  0  0  0  0  0  0  0  0  0  0  0
    1.7422    1.4960   48.9416 N   0  0  0  0  0  0  0  0  0  0  0  0
    1.3702    0.5131   49.8324 C   0  0  0  0  0  0  0  0  0  0  0  0
    2.1601   -0.5102   50.1402 N   0  0  0  0  0  0  0  0  0  0  0  0
    1.4904   -1.2032   51.0304 C   0  0  0  0  0  0  0  0  0  0  0  0
    0.2784   -0.6434   51.3341 N   0  0  0  0  0  0  0  0  0  0  0  0
    0.1798    0.4698   50.5479 C   0  0  0  0  0  0  0  0  0  0  0  0
    6.0173    4.5450   44.7780 C   0  0  2  0  0  0  0  0  0  0  0  0
    7.1920    4.0984   45.6325 C   0  0  0  0  0  0  0  0  0  0  0  0
    7.6745    2.8125   45.9007 C   0  0  0  0  0  0  0  0  0  0  0  0
    8.8392    2.6260   46.6473 C   0  0  0  0  0  0  0  0  0  0  0  0
    9.5299    3.7555   47.1166 C   0  0  0  0  0  0  0  0  0  0  0  0
    9.0510    5.0403   46.8565 C   0  0  0  0  0  0  0  0  0  0  0  0
    7.8659    5.2114   46.1405 C   0  0  0  0  0  0  0  0  0  0  0  0
    7.1679    6.4929   45.7350 C   0  0  0  0  0  0  0  0  0  0  0  0
    5.8334    6.0225   45.1527 C   0  0  0  0  0  0  0  0  0  0  0  0
    9.2352    1.3206   46.8596 O   0  0  0  0  0  0  0  0  0  0  0  0
   10.4287    1.0647   47.5919 C   0  0  0  0  0  0  0  0  0  0  0  0
    2.2672    3.2233   47.3480 H   0  0  0  0  0  0  0  0  0  0  0  0
    2.7932    1.2473   45.1489 H   0  0  0  0  0  0  0  0  0  0  0  0
    1.7779    2.6574   44.9360 H   0  0  0  0  0  0  0  0  0  0  0  0
    2.0529    2.3761   49.3225 H   0  0  0  0  0  0  0  0  0  0  0  0
    1.8156   -2.1011   51.5320 H   0  0  0  0  0  0  0  0  0  0  0  0
   -0.3933   -0.9707   52.0143 H   0  0  0  0  0  0  0  0  0  0  0  0
   -0.6810    1.1207   50.5839 H   0  0  0  0  0  0  0  0  0  0  0  0
    6.2880    4.4679   43.7245 H   0  0  0  0  0  0  0  0  0  0  0  0
    7.1602    1.9448   45.5152 H   0  0  0  0  0  0  0  0  0  0  0  0
   10.4432    3.6542   47.6829 H   0  0  0  0  0  0  0  0  0  0  0  0
    9.6022    5.8915   47.2226 H   0  0  0  0  0  0  0  0  0  0  0  0
    6.9839    7.1628   46.5748 H   0  0  0  0  0  0  0  0  0  0  0  0
    7.7413    7.0311   44.9794 H   0  0  0  0  0  0  0  0  0  0  0  0
    5.0634    6.1494   45.9177 H   0  0  0  0  0  0  0  0  0  0  0  0
    5.5223    6.6280   44.3004 H   0  0  0  0  0  0  0  0  0  0  0  0
   10.3775    1.4757   48.6011 H   0  0  0  0  0  0  0  0  0  0  0  0
   10.5696   -0.0120   47.6849 H   0  0  0  0  0  0  0  0  0  0  0  0
   11.3043    1.4706   47.0840 H   0  0  0  0  0  0  0  0  0  0  0  0
  1  2  1  0
  1  5  1  0
  1 24  1  0
  2  3  1  0
  2 25  1  0
  2 26  1  0
  3  4  3  0
  4 13  1  0
  5  6  2  0
  5  7  1  0
  7  8  1  0
  7 27  1  0
  8  9  1  0
  8 12  2  0
  9 10  2  0
 10 11  1  0
 10 28  1  0
 11 12  1  0
 11 29  1  0
 12 30  1  0
 13 14  1  0
 13 21  1  0
 13 31  1  6
 14 15  2  0
 14 19  1  0
 15 16  1  0
 15 32  1  0
 16 17  2  0
 16 22  1  0
 17 18  1  0
 17 33  1  0
 18 19  2  0
 18 34  1  0
 19 20  1  0
 20 21  1  0
 20 35  1  0
 20 36  1  0
 21 37  1  0
 21 38  1  0
 22 23  1  0
 23 39  1  0
 23 40  1  0
 23 41  1  0
M  END
"
test-76,"CCc1csc(C(=[NH2+])NCCS)c1
     RDKit          3D

 28 28  0  0  1  0  0  0  0  0999 V2000
   23.5195   17.1601   61.3959 C   0  0  0  0  0  0  0  0  0  0  0  0
   23.5376   18.3849   60.4686 C   0  0  0  0  0  0  0  0  0  0  0  0
   21.9924   18.3391   59.5196 S   0  0  0  0  0  0  0  0  0  0  0  0
   24.7900   16.7352   62.0148 N   0  0  0  0  0  0  0  0  0  0  0  0
   25.8391   17.4230   62.4855 C   0  0  0  0  0  0  0  0  0  0  0  0
   26.0070   18.7404   62.4150 N   0  0  0  0  0  0  0  0  0  0  0  0
   26.8540   16.6996   63.0992 C   0  0  0  0  0  0  0  0  0  0  0  0
   28.2339   16.7677   62.8600 C   0  0  0  0  0  0  0  0  0  0  0  0
   29.0215   15.9099   63.6458 C   0  0  0  0  0  0  0  0  0  0  0  0
   28.2200   15.1834   64.5183 C   0  0  0  0  0  0  0  0  0  0  0  0
   26.5348   15.5431   64.3757 S   0  0  0  0  0  0  0  0  0  0  0  0
   30.5310   15.7955   63.5615 C   0  0  0  0  0  0  0  0  0  0  0  0
   31.0075   15.2689   62.1987 C   0  0  0  0  0  0  0  0  0  0  0  0
   22.7941   17.2779   62.2023 H   0  0  0  0  0  0  0  0  0  0  0  0
   23.2050   16.2934   60.8149 H   0  0  0  0  0  0  0  0  0  0  0  0
   23.5853   19.3199   61.0271 H   0  0  0  0  0  0  0  0  0  0  0  0
   24.3740   18.3594   59.7692 H   0  0  0  0  0  0  0  0  0  0  0  0
   22.2112   19.4673   58.8376 H   0  0  0  0  0  0  0  0  0  0  0  0
   24.8355   15.7433   62.2112 H   0  0  0  0  0  0  0  0  0  0  0  0
   26.8438   19.1482   62.8046 H   0  0  0  0  0  0  0  0  0  0  0  0
   25.2167   19.3393   62.2197 H   0  0  0  0  0  0  0  0  0  0  0  0
   28.6634   17.4229   62.1161 H   0  0  0  0  0  0  0  0  0  0  0  0
   28.5436   14.4489   65.2408 H   0  0  0  0  0  0  0  0  0  0  0  0
   30.9127   15.1378   64.3441 H   0  0  0  0  0  0  0  0  0  0  0  0
   30.9921   16.7657   63.7529 H   0  0  0  0  0  0  0  0  0  0  0  0
   32.0928   15.1660   62.1787 H   0  0  0  0  0  0  0  0  0  0  0  0
   30.5775   14.2909   61.9772 H   0  0  0  0  0  0  0  0  0  0  0  0
   30.7284   15.9439   61.3884 H   0  0  0  0  0  0  0  0  0  0  0  0
  1  2  1  0
  1  4  1  0
  1 14  1  0
  1 15  1  0
  2  3  1  0
  2 16  1  0
  2 17  1  0
  3 18  1  0
  4  5  1  0
  4 19  1  0
  5  6  2  0
  5  7  1  0
  6 20  1  0
  6 21  1  0
  7  8  2  0
  7 11  1  0
  8  9  1  0
  8 22  1  0
  9 10  2  0
  9 12  1  0
 10 11  1  0
 10 23  1  0
 12 13  1  0
 12 24  1  0
 12 25  1  0
 13 26  1  0
 13 27  1  0
 13 28  1  0
M  CHG  1   6   1
M  END
"
test-77,"Cc1cc(F)ccc1O[C@@H]1CC(CO)[C@H](O)N(S(=O)(=O)C2CC2(C)C)C1
     RDKit          3D

 52 54  0  0  1  0  0  0  0  0999 V2000
   43.0408   18.0137   54.3454 O   0  0  0  0  0  0  0  0  0  0  0  0
   43.7392   17.4339   53.2597 C   0  0  0  0  0  0  0  0  0  0  0  0
   42.7858   16.6329   52.3437 C   0  0  2  0  0  0  0  0  0  0  0  0
   42.0627   15.4564   53.0817 C   0  0  0  0  0  0  0  0  0  0  0  0
   41.1560   14.6391   52.1231 C   0  0  2  0  0  0  0  0  0  0  0  0
   42.0566   14.1016   51.0143 C   0  0  0  0  0  0  0  0  0  0  0  0
   42.5677   15.2617   50.2604 N   0  0  0  0  0  0  0  0  0  0  0  0
   43.4693   16.1692   51.0100 C   0  0  2  0  0  0  0  0  0  0  0  0
   44.7349   15.5683   51.1981 O   0  0  0  0  0  0  0  0  0  0  0  0
   41.7385   15.8046   48.8000 S   0  0  0  0  0  0  0  0  0  0  0  0
   42.7931   15.9587   47.8072 O   0  0  0  0  0  0  0  0  0  0  0  0
   40.6183   14.8946   48.5335 O   0  0  0  0  0  0  0  0  0  0  0  0
   41.1413   17.5807   49.1420 C   0  0  2  0  0  0  0  0  0  0  0  0
   39.7757   17.7945   49.7429 C   0  0  0  0  0  0  0  0  0  0  0  0
   40.0120   18.1542   48.2979 C   0  0  0  0  0  0  0  0  0  0  0  0
   40.1408   19.6255   47.8875 C   0  0  0  0  0  0  0  0  0  0  0  0
   39.3375   17.2540   47.2454 C   0  0  0  0  0  0  0  0  0  0  0  0
   40.0995   15.3747   51.4918 O   0  0  0  0  0  0  0  0  0  0  0  0
   38.9846   15.7522   52.2052 C   0  0  0  0  0  0  0  0  0  0  0  0
   39.0632   16.7561   53.1799 C   0  0  0  0  0  0  0  0  0  0  0  0
   37.9197   17.1783   53.8547 C   0  0  0  0  0  0  0  0  0  0  0  0
   36.6887   16.6018   53.5558 C   0  0  0  0  0  0  0  0  0  0  0  0
   36.5917   15.6313   52.5641 C   0  0  0  0  0  0  0  0  0  0  0  0
   37.7266   15.2264   51.8559 C   0  0  0  0  0  0  0  0  0  0  0  0
   37.5544   14.2652   50.6873 C   0  0  0  0  0  0  0  0  0  0  0  0
   35.5790   17.0012   54.2072 F   0  0  0  0  0  0  0  0  0  0  0  0
   43.6560   18.5435   54.8592 H   0  0  0  0  0  0  0  0  0  0  0  0
   44.2215   18.2349   52.6972 H   0  0  0  0  0  0  0  0  0  0  0  0
   44.5363   16.7980   53.6478 H   0  0  0  0  0  0  0  0  0  0  0  0
   41.9974   17.3174   52.0247 H   0  0  0  0  0  0  0  0  0  0  0  0
   42.8281   14.7930   53.4869 H   0  0  0  0  0  0  0  0  0  0  0  0
   41.5215   15.7759   53.9706 H   0  0  0  0  0  0  0  0  0  0  0  0
   40.7734   13.7519   52.6071 H   0  0  0  0  0  0  0  0  0  0  0  0
   42.8996   13.5456   51.4261 H   0  0  0  0  0  0  0  0  0  0  0  0
   41.5163   13.4330   50.3423 H   0  0  0  0  0  0  0  0  0  0  0  0
   43.6681   17.0360   50.3786 H   0  0  0  0  0  0  0  0  0  0  0  0
   44.6459   14.8716   51.8517 H   0  0  0  0  0  0  0  0  0  0  0  0
   41.9693   18.2310   49.4181 H   0  0  0  0  0  0  0  0  0  0  0  0
   39.1463   16.9352   49.9364 H   0  0  0  0  0  0  0  0  0  0  0  0
   39.6619   18.5705   50.4964 H   0  0  0  0  0  0  0  0  0  0  0  0
   40.5779   20.2350   48.6792 H   0  0  0  0  0  0  0  0  0  0  0  0
   40.7739   19.7343   47.0072 H   0  0  0  0  0  0  0  0  0  0  0  0
   39.1639   20.0462   47.6534 H   0  0  0  0  0  0  0  0  0  0  0  0
   40.0892   16.8018   46.6067 H   0  0  0  0  0  0  0  0  0  0  0  0
   38.7734   16.4368   47.6950 H   0  0  0  0  0  0  0  0  0  0  0  0
   38.6473   17.8089   46.6089 H   0  0  0  0  0  0  0  0  0  0  0  0
   40.0060   17.2247   53.4077 H   0  0  0  0  0  0  0  0  0  0  0  0
   37.9859   17.9480   54.6089 H   0  0  0  0  0  0  0  0  0  0  0  0
   35.6223   15.2182   52.3269 H   0  0  0  0  0  0  0  0  0  0  0  0
   37.5731   13.2280   51.0072 H   0  0  0  0  0  0  0  0  0  0  0  0
   36.5899   14.4263   50.2075 H   0  0  0  0  0  0  0  0  0  0  0  0
   38.3175   14.4170   49.9235 H   0  0  0  0  0  0  0  0  0  0  0  0
  1  2  1  0
  1 27  1  0
  2  3  1  0
  2 28  1  0
  2 29  1  0
  3  4  1  0
  3  8  1  0
  3 30  1  6
  4  5  1  0
  4 31  1  0
  4 32  1  0
  5  6  1  0
  5 18  1  0
  5 33  1  1
  6  7  1  0
  6 34  1  0
  6 35  1  0
  7  8  1  0
  7 10  1  0
  8  9  1  0
  8 36  1  6
  9 37  1  0
 10 11  2  0
 10 12  2  0
 10 13  1  0
 13 14  1  0
 13 15  1  0
 13 38  1  1
 14 15  1  0
 14 39  1  0
 14 40  1  0
 15 16  1  0
 15 17  1  0
 16 41  1  0
 16 42  1  0
 16 43  1  0
 17 44  1  0
 17 45  1  0
 17 46  1  0
 18 19  1  0
 19 20  2  0
 19 24  1  0
 20 21  1  0
 20 47  1  0
 21 22  2  0
 21 48  1  0
 22 23  1  0
 22 26  1  0
 23 24  2  0
 23 49  1  0
 24 25  1  0
 25 50  1  0
 25 51  1  0
 25 52  1  0
M  END
"
test-78,"Cc1cc(CCC(=O)[O-])ccc1CCCOc1ccc(F)cc1
     RDKit          3D

 43 44  0  0  1  0  0  0  0  0999 V2000
   54.0986   46.2552   29.8889 O   0  0  0  0  0  0  0  0  0  0  0  0
   54.7883   45.3224   30.3633 C   0  0  0  0  0  0  0  0  0  0  0  0
   54.3083   44.2195   30.6891 O   0  0  0  0  0  0  0  0  0  0  0  0
   56.2899   45.5521   30.6448 C   0  0  0  0  0  0  0  0  0  0  0  0
   57.1101   45.7422   29.3462 C   0  0  0  0  0  0  0  0  0  0  0  0
   58.5768   46.1566   29.5129 C   0  0  0  0  0  0  0  0  0  0  0  0
   59.2296   46.6842   28.4047 C   0  0  0  0  0  0  0  0  0  0  0  0
   60.5407   47.1479   28.4528 C   0  0  0  0  0  0  0  0  0  0  0  0
   61.2554   47.0555   29.6576 C   0  0  0  0  0  0  0  0  0  0  0  0
   60.6109   46.5114   30.7805 C   0  0  0  0  0  0  0  0  0  0  0  0
   59.2906   46.0546   30.7104 C   0  0  0  0  0  0  0  0  0  0  0  0
   62.7002   47.5555   29.7788 C   0  0  0  0  0  0  0  0  0  0  0  0
   63.7453   46.8212   28.8940 C   0  0  0  0  0  0  0  0  0  0  0  0
   63.7886   45.2757   28.9903 C   0  0  0  0  0  0  0  0  0  0  0  0
   64.7816   44.7893   29.8945 O   0  0  0  0  0  0  0  0  0  0  0  0
   64.7282   45.2161   31.1996 C   0  0  0  0  0  0  0  0  0  0  0  0
   65.9078   45.6452   31.7910 C   0  0  0  0  0  0  0  0  0  0  0  0
   65.9130   46.1078   33.1051 C   0  0  0  0  0  0  0  0  0  0  0  0
   64.7215   46.1296   33.8267 C   0  0  0  0  0  0  0  0  0  0  0  0
   63.5383   45.6799   33.2504 C   0  0  0  0  0  0  0  0  0  0  0  0
   63.5474   45.2140   31.9382 C   0  0  0  0  0  0  0  0  0  0  0  0
   64.7071   46.5847   35.0974 F   0  0  0  0  0  0  0  0  0  0  0  0
   61.1151   47.7805   27.1935 C   0  0  0  0  0  0  0  0  0  0  0  0
   56.3893   46.4267   31.2881 H   0  0  0  0  0  0  0  0  0  0  0  0
   56.7065   44.7164   31.2084 H   0  0  0  0  0  0  0  0  0  0  0  0
   57.0816   44.8258   28.7550 H   0  0  0  0  0  0  0  0  0  0  0  0
   56.6230   46.5034   28.7331 H   0  0  0  0  0  0  0  0  0  0  0  0
   58.6883   46.7699   27.4889 H   0  0  0  0  0  0  0  0  0  0  0  0
   61.1205   46.4617   31.7298 H   0  0  0  0  0  0  0  0  0  0  0  0
   58.8263   45.6537   31.5986 H   0  0  0  0  0  0  0  0  0  0  0  0
   63.0130   47.5347   30.8214 H   0  0  0  0  0  0  0  0  0  0  0  0
   62.7060   48.6165   29.5306 H   0  0  0  0  0  0  0  0  0  0  0  0
   63.6029   47.0978   27.8537 H   0  0  0  0  0  0  0  0  0  0  0  0
   64.7380   47.2072   29.1235 H   0  0  0  0  0  0  0  0  0  0  0  0
   62.8104   44.8456   29.2068 H   0  0  0  0  0  0  0  0  0  0  0  0
   64.0639   44.8769   28.0135 H   0  0  0  0  0  0  0  0  0  0  0  0
   66.8009   45.6262   31.1951 H   0  0  0  0  0  0  0  0  0  0  0  0
   66.8303   46.4487   33.5602 H   0  0  0  0  0  0  0  0  0  0  0  0
   62.6224   45.6855   33.8222 H   0  0  0  0  0  0  0  0  0  0  0  0
   62.6454   44.8328   31.4894 H   0  0  0  0  0  0  0  0  0  0  0  0
   61.6570   48.6974   27.4262 H   0  0  0  0  0  0  0  0  0  0  0  0
   61.7885   47.0907   26.6898 H   0  0  0  0  0  0  0  0  0  0  0  0
   60.3289   48.0485   26.4879 H   0  0  0  0  0  0  0  0  0  0  0  0
  1  2  2  0
  2  3  1  0
  2  4  1  0
  4  5  1  0
  4 24  1  0
  4 25  1  0
  5  6  1  0
  5 26  1  0
  5 27  1  0
  6  7  2  0
  6 11  1  0
  7  8  1  0
  7 28  1  0
  8  9  2  0
  8 23  1  0
  9 10  1  0
  9 12  1  0
 10 11  2  0
 10 29  1  0
 11 30  1  0
 12 13  1  0
 12 31  1  0
 12 32  1  0
 13 14  1  0
 13 33  1  0
 13 34  1  0
 14 15  1  0
 14 35  1  0
 14 36  1  0
 15 16  1  0
 16 17  2  0
 16 21  1  0
 17 18  1  0
 17 37  1  0
 18 19  2  0
 18 38  1  0
 19 20  1  0
 19 22  1  0
 20 21  2  0
 20 39  1  0
 21 40  1  0
 23 41  1  0
 23 42  1  0
 23 43  1  0
M  CHG  1   3  -1
M  END
"
test-79,"C[C@H]1OC[C@]2(O)C(O)CC[C@H]2/C1=C/CCC(=O)O
     RDKit          3D

 38 39  0  0  1  0  0  0  0  0999 V2000
   30.2934   -1.7684    4.1718 O   0  0  0  0  0  0  0  0  0  0  0  0
   29.0576   -1.3838    3.5869 C   0  0  1  0  0  0  0  0  0  0  0  0
   27.8959   -2.3241    3.9971 C   0  0  0  0  0  0  0  0  0  0  0  0
   26.8890   -1.4891    4.8166 C   0  0  0  0  0  0  0  0  0  0  0  0
   27.6672   -0.2207    5.2100 C   0  0  2  0  0  0  0  0  0  0  0  0
   26.9638    1.1042    5.5532 C   0  0  0  0  0  0  0  0  0  0  0  0
   25.6193    1.2450    5.4450 C   0  0  0  0  0  0  0  0  0  0  0  0
   24.7178    2.4382    5.6985 C   0  0  0  0  0  0  0  0  0  0  0  0
   24.3438    3.1741    4.4002 C   0  0  0  0  0  0  0  0  0  0  0  0
   23.5168    4.4316    4.6497 C   0  0  0  0  0  0  0  0  0  0  0  0
   22.2951    4.4575    4.5719 O   0  0  0  0  0  0  0  0  0  0  0  0
   24.2860    5.5023    4.9727 O   0  0  0  0  0  0  0  0  0  0  0  0
   28.0557    2.1558    5.8953 C   0  0  1  0  0  0  0  0  0  0  0  0
   28.9549    2.2915    4.7874 O   0  0  0  0  0  0  0  0  0  0  0  0
   29.6298    1.0984    4.3719 C   0  0  0  0  0  0  0  0  0  0  0  0
   28.5776    0.0275    4.0036 C   0  0  1  0  0  0  0  0  0  0  0  0
   27.8455    0.6217    2.9411 O   0  0  0  0  0  0  0  0  0  0  0  0
   27.6017    3.5725    6.2745 C   0  0  0  0  0  0  0  0  0  0  0  0
   30.9825   -1.1525    3.8832 H   0  0  0  0  0  0  0  0  0  0  0  0
   29.1757   -1.3981    2.5091 H   0  0  0  0  0  0  0  0  0  0  0  0
   27.3951   -2.7148    3.1099 H   0  0  0  0  0  0  0  0  0  0  0  0
   28.2501   -3.1797    4.5708 H   0  0  0  0  0  0  0  0  0  0  0  0
   26.0496   -1.2449    4.1648 H   0  0  0  0  0  0  0  0  0  0  0  0
   26.4853   -2.0202    5.6797 H   0  0  0  0  0  0  0  0  0  0  0  0
   28.2742   -0.5021    6.0746 H   0  0  0  0  0  0  0  0  0  0  0  0
   25.0485    0.3811    5.1426 H   0  0  0  0  0  0  0  0  0  0  0  0
   23.8159    2.0448    6.1686 H   0  0  0  0  0  0  0  0  0  0  0  0
   25.1233    3.1120    6.4455 H   0  0  0  0  0  0  0  0  0  0  0  0
   25.2337    3.4431    3.8298 H   0  0  0  0  0  0  0  0  0  0  0  0
   23.7653    2.4983    3.7717 H   0  0  0  0  0  0  0  0  0  0  0  0
   23.7153    6.2497    5.1593 H   0  0  0  0  0  0  0  0  0  0  0  0
   28.6388    1.7680    6.7295 H   0  0  0  0  0  0  0  0  0  0  0  0
   30.2865    1.3128    3.5278 H   0  0  0  0  0  0  0  0  0  0  0  0
   30.2775    0.7529    5.1798 H   0  0  0  0  0  0  0  0  0  0  0  0
   27.5806    1.4945    3.2466 H   0  0  0  0  0  0  0  0  0  0  0  0
   27.0619    3.5862    7.2198 H   0  0  0  0  0  0  0  0  0  0  0  0
   28.4633    4.2241    6.4076 H   0  0  0  0  0  0  0  0  0  0  0  0
   26.9883    4.0270    5.4978 H   0  0  0  0  0  0  0  0  0  0  0  0
  1  2  1  0
  1 19  1  0
  2  3  1  0
  2 16  1  0
  2 20  1  6
  3  4  1  0
  3 21  1  0
  3 22  1  0
  4  5  1  0
  4 23  1  0
  4 24  1  0
  5  6  1  0
  5 16  1  0
  5 25  1  1
  6  7  2  0
  6 13  1  0
  7  8  1  0
  7 26  1  0
  8  9  1  0
  8 27  1  0
  8 28  1  0
  9 10  1  0
  9 29  1  0
  9 30  1  0
 10 11  2  0
 10 12  1  0
 12 31  1  0
 13 14  1  0
 13 18  1  0
 13 32  1  1
 14 15  1  0
 15 16  1  0
 15 33  1  0
 15 34  1  0
 16 17  1  6
 17 35  1  0
 18 36  1  0
 18 37  1  0
 18 38  1  0
M  END
"
test-80,"CC(=O)N(C)c1cc(C(=O)N2CCCN(C(=O)C(C)Cn3cnc4[nH+]cc(N(C)C)nc43)CC2)cc([N+](=O)[O-])c1
     RDKit          3D

 74 77  0  0  1  0  0  0  0  0999 V2000
   16.4841  -71.5567   -0.5072 N   0  0  0  0  0  0  0  0  0  0  0  0
   15.7532  -70.4956   -0.7725 C   0  0  0  0  0  0  0  0  0  0  0  0
   16.1508  -69.3404   -0.1214 N   0  0  0  0  0  0  0  0  0  0  0  0
   17.2235  -69.7084    0.6603 C   0  0  0  0  0  0  0  0  0  0  0  0
   17.9595  -68.9819    1.5092 N   0  0  0  0  0  0  0  0  0  0  0  0
   18.9498  -69.6608    2.1733 C   0  0  0  0  0  0  0  0  0  0  0  0
   19.1808  -71.0325    1.9439 C   0  0  0  0  0  0  0  0  0  0  0  0
   18.4020  -71.6987    1.0638 N   0  0  0  0  0  0  0  0  0  0  0  0
   17.3978  -71.0828    0.3950 C   0  0  0  0  0  0  0  0  0  0  0  0
   19.7121  -68.9460    3.1364 N   0  0  0  0  0  0  0  0  0  0  0  0
   19.5230  -67.5034    3.3132 C   0  0  0  0  0  0  0  0  0  0  0  0
   20.9248  -69.5348    3.7069 C   0  0  0  0  0  0  0  0  0  0  0  0
   15.5176  -68.0298   -0.2200 C   0  0  0  0  0  0  0  0  0  0  0  0
   14.3021  -67.8884    0.7391 C   0  0  2  0  0  0  0  0  0  0  0  0
   13.3970  -66.7313    0.2560 C   0  0  0  0  0  0  0  0  0  0  0  0
   14.7070  -67.6500    2.2214 C   0  0  0  0  0  0  0  0  0  0  0  0
   15.3227  -66.6137    2.4866 O   0  0  0  0  0  0  0  0  0  0  0  0
   14.3155  -68.5353    3.1811 N   0  0  0  0  0  0  0  0  0  0  0  0
   14.4560  -68.1774    4.6072 C   0  0  0  0  0  0  0  0  0  0  0  0
   15.8273  -68.4873    5.2352 C   0  0  0  0  0  0  0  0  0  0  0  0
   16.5176  -69.7876    4.7686 C   0  0  0  0  0  0  0  0  0  0  0  0
   15.6841  -71.0140    4.7911 N   0  0  0  0  0  0  0  0  0  0  0  0
   14.3916  -70.9830    4.0563 C   0  0  0  0  0  0  0  0  0  0  0  0
   14.2549  -69.9845    2.8764 C   0  0  0  0  0  0  0  0  0  0  0  0
   16.2386  -72.1738    5.2705 C   0  0  0  0  0  0  0  0  0  0  0  0
   17.4447  -72.2562    5.5205 O   0  0  0  0  0  0  0  0  0  0  0  0
   15.3807  -73.3991    5.5655 C   0  0  0  0  0  0  0  0  0  0  0  0
   14.0261  -73.2944    5.9011 C   0  0  0  0  0  0  0  0  0  0  0  0
   13.2384  -74.4184    6.1559 C   0  0  0  0  0  0  0  0  0  0  0  0
   13.8376  -75.6799    6.1496 C   0  0  0  0  0  0  0  0  0  0  0  0
   15.2131  -75.8295    5.9168 C   0  0  0  0  0  0  0  0  0  0  0  0
   15.9618  -74.6799    5.6012 C   0  0  0  0  0  0  0  0  0  0  0  0
   15.8466  -77.1067    5.9632 N   0  0  0  0  0  0  0  0  0  0  0  0
   16.8894  -77.3778    4.9603 C   0  0  0  0  0  0  0  0  0  0  0  0
   15.4630  -78.1367    6.7793 C   0  0  0  0  0  0  0  0  0  0  0  0
   14.7178  -77.8544    8.0918 C   0  0  0  0  0  0  0  0  0  0  0  0
   15.7660  -79.3110    6.5617 O   0  0  0  0  0  0  0  0  0  0  0  0
   11.7998  -74.2609    6.4461 N   0  0  0  0  0  0  0  0  0  0  0  0
   11.2758  -73.1932    6.1541 O   0  0  0  0  0  0  0  0  0  0  0  0
   11.1992  -75.1971    6.9586 O   0  0  0  0  0  0  0  0  0  0  0  0
   14.8952  -70.4542   -1.4315 H   0  0  0  0  0  0  0  0  0  0  0  0
   19.9354  -71.6276    2.4376 H   0  0  0  0  0  0  0  0  0  0  0  0
   18.5707  -72.6872    0.9299 H   0  0  0  0  0  0  0  0  0  0  0  0
   19.9325  -67.1618    4.2644 H   0  0  0  0  0  0  0  0  0  0  0  0
   20.0158  -66.9530    2.5109 H   0  0  0  0  0  0  0  0  0  0  0  0
   18.4684  -67.2264    3.2981 H   0  0  0  0  0  0  0  0  0  0  0  0
   20.7057  -70.4749    4.2154 H   0  0  0  0  0  0  0  0  0  0  0  0
   21.6515  -69.7383    2.9200 H   0  0  0  0  0  0  0  0  0  0  0  0
   21.4028  -68.8702    4.4280 H   0  0  0  0  0  0  0  0  0  0  0  0
   15.2129  -67.8979   -1.2586 H   0  0  0  0  0  0  0  0  0  0  0  0
   16.2732  -67.2643   -0.0297 H   0  0  0  0  0  0  0  0  0  0  0  0
   13.6854  -68.7812    0.6528 H   0  0  0  0  0  0  0  0  0  0  0  0
   12.5138  -66.6231    0.8856 H   0  0  0  0  0  0  0  0  0  0  0  0
   13.9214  -65.7744    0.2660 H   0  0  0  0  0  0  0  0  0  0  0  0
   13.0467  -66.9017   -0.7616 H   0  0  0  0  0  0  0  0  0  0  0  0
   14.2759  -67.1041    4.7196 H   0  0  0  0  0  0  0  0  0  0  0  0
   13.6305  -68.6098    5.1726 H   0  0  0  0  0  0  0  0  0  0  0  0
   16.5017  -67.6558    5.0236 H   0  0  0  0  0  0  0  0  0  0  0  0
   15.7275  -68.4830    6.3209 H   0  0  0  0  0  0  0  0  0  0  0  0
   16.8067  -69.6421    3.7318 H   0  0  0  0  0  0  0  0  0  0  0  0
   17.4357  -69.8951    5.3484 H   0  0  0  0  0  0  0  0  0  0  0  0
   14.0478  -71.9647    3.7258 H   0  0  0  0  0  0  0  0  0  0  0  0
   13.6415  -70.6465    4.7711 H   0  0  0  0  0  0  0  0  0  0  0  0
   15.1080  -70.2059    2.2368 H   0  0  0  0  0  0  0  0  0  0  0  0
   13.4187  -70.2447    2.2300 H   0  0  0  0  0  0  0  0  0  0  0  0
   13.5528  -72.3302    5.9874 H   0  0  0  0  0  0  0  0  0  0  0  0
   13.2189  -76.5479    6.3253 H   0  0  0  0  0  0  0  0  0  0  0  0
   17.0199  -74.7795    5.4034 H   0  0  0  0  0  0  0  0  0  0  0  0
   16.8901  -78.4135    4.6160 H   0  0  0  0  0  0  0  0  0  0  0  0
   16.7422  -76.7553    4.0789 H   0  0  0  0  0  0  0  0  0  0  0  0
   17.8744  -77.1596    5.3737 H   0  0  0  0  0  0  0  0  0  0  0  0
   15.1153  -78.4942    8.8794 H   0  0  0  0  0  0  0  0  0  0  0  0
   14.8344  -76.8239    8.4244 H   0  0  0  0  0  0  0  0  0  0  0  0
   13.6580  -78.0841    7.9893 H   0  0  0  0  0  0  0  0  0  0  0  0
  1  2  2  0
  1  9  1  0
  2  3  1  0
  2 41  1  0
  3  4  1  0
  3 13  1  0
  4  5  1  0
  4  9  2  0
  5  6  2  0
  6  7  1  0
  6 10  1  0
  7  8  2  0
  7 42  1  0
  8  9  1  0
  8 43  1  0
 10 11  1  0
 10 12  1  0
 11 44  1  0
 11 45  1  0
 11 46  1  0
 12 47  1  0
 12 48  1  0
 12 49  1  0
 13 14  1  0
 13 50  1  0
 13 51  1  0
 14 15  1  0
 14 16  1  0
 14 52  1  1
 15 53  1  0
 15 54  1  0
 15 55  1  0
 16 17  2  0
 16 18  1  0
 18 19  1  0
 18 24  1  0
 19 20  1  0
 19 56  1  0
 19 57  1  0
 20 21  1  0
 20 58  1  0
 20 59  1  0
 21 22  1  0
 21 60  1  0
 21 61  1  0
 22 23  1  0
 22 25  1  0
 23 24  1  0
 23 62  1  0
 23 63  1  0
 24 64  1  0
 24 65  1  0
 25 26  2  0
 25 27  1  0
 27 28  2  0
 27 32  1  0
 28 29  1  0
 28 66  1  0
 29 30  2  0
 29 38  1  0
 30 31  1  0
 30 67  1  0
 31 32  2  0
 31 33  1  0
 32 68  1  0
 33 34  1  0
 33 35  1  0
 34 69  1  0
 34 70  1  0
 34 71  1  0
 35 36  1  0
 35 37  2  0
 36 72  1  0
 36 73  1  0
 36 74  1  0
 38 39  2  0
 38 40  1  0
M  CHG  3   8   1  38   1  40  -1
M  END
"
test-81,"CCOCCCOCCO[S@](=O)Cc1cc(-c2cncc(-c3cc[nH+]cc3)c2)n[nH]1
     RDKit          3D

 57 59  0  0  1  0  0  0  0  0999 V2000
    9.0388   27.9276   10.8146 N   0  0  0  0  0  0  0  0  0  0  0  0
    8.4004   29.1121   10.8083 C   0  0  0  0  0  0  0  0  0  0  0  0
    7.7153   29.5994    9.6974 C   0  0  0  0  0  0  0  0  0  0  0  0
    7.7061   28.8012    8.5376 C   0  0  0  0  0  0  0  0  0  0  0  0
    8.3457   27.5424    8.5169 C   0  0  0  0  0  0  0  0  0  0  0  0
    9.0038   27.1721    9.6977 C   0  0  0  0  0  0  0  0  0  0  0  0
    8.3650   26.6413    7.3166 C   0  0  0  0  0  0  0  0  0  0  0  0
    9.2737   25.5656    7.2229 C   0  0  0  0  0  0  0  0  0  0  0  0
    9.2006   24.6559    6.1678 C   0  0  0  0  0  0  0  0  0  0  0  0
    8.2741   24.8367    5.2103 N   0  0  0  0  0  0  0  0  0  0  0  0
    7.4383   25.8878    5.1988 C   0  0  0  0  0  0  0  0  0  0  0  0
    7.4568   26.8029    6.2555 C   0  0  0  0  0  0  0  0  0  0  0  0
    7.0567   30.9351    9.8083 C   0  0  0  0  0  0  0  0  0  0  0  0
    6.7653   31.6580   10.9831 C   0  0  0  0  0  0  0  0  0  0  0  0
    6.2534   32.8755   10.5858 C   0  0  0  0  0  0  0  0  0  0  0  0
    6.2070   32.7663    9.2247 N   0  0  0  0  0  0  0  0  0  0  0  0
    6.6898   31.6158    8.7475 N   0  0  0  0  0  0  0  0  0  0  0  0
    5.8052   34.1086   11.3312 C   0  0  0  0  0  0  0  0  0  0  0  0
    4.0563   33.9552   11.9226 S   0  0  0  0  0  0  0  0  0  0  0  0
    3.7122   35.2360   12.6854 O   0  0  0  0  0  0  0  0  0  0  0  0
    3.4739   34.0579   10.3101 O   0  0  0  0  0  0  0  0  0  0  0  0
    2.1786   33.5086   10.1252 C   0  0  0  0  0  0  0  0  0  0  0  0
    2.1057   32.7383    8.7983 C   0  0  0  0  0  0  0  0  0  0  0  0
    2.3209   33.5544    7.6451 O   0  0  0  0  0  0  0  0  0  0  0  0
    3.6473   33.6569    7.1277 C   0  0  0  0  0  0  0  0  0  0  0  0
    4.1766   32.3173    6.5712 C   0  0  0  0  0  0  0  0  0  0  0  0
    5.4353   32.4039    5.7096 C   0  0  0  0  0  0  0  0  0  0  0  0
    5.7267   31.0712    5.2927 O   0  0  0  0  0  0  0  0  0  0  0  0
    6.5761   30.9491    4.1607 C   0  0  0  0  0  0  0  0  0  0  0  0
    7.9992   31.4209    4.4604 C   0  0  0  0  0  0  0  0  0  0  0  0
    8.4673   29.6793   11.7253 H   0  0  0  0  0  0  0  0  0  0  0  0
    7.1956   29.1771    7.6647 H   0  0  0  0  0  0  0  0  0  0  0  0
    9.5212   26.2336    9.8091 H   0  0  0  0  0  0  0  0  0  0  0  0
   10.0307   25.3958    7.9738 H   0  0  0  0  0  0  0  0  0  0  0  0
    9.8415   23.7902    6.0660 H   0  0  0  0  0  0  0  0  0  0  0  0
    8.2231   24.1679    4.4555 H   0  0  0  0  0  0  0  0  0  0  0  0
    6.7461   25.9303    4.3702 H   0  0  0  0  0  0  0  0  0  0  0  0
    6.7381   27.6086    6.2582 H   0  0  0  0  0  0  0  0  0  0  0  0
    6.9477   31.3522   12.0043 H   0  0  0  0  0  0  0  0  0  0  0  0
    5.8537   33.4856    8.6112 H   0  0  0  0  0  0  0  0  0  0  0  0
    5.8911   35.0136   10.7286 H   0  0  0  0  0  0  0  0  0  0  0  0
    6.4276   34.2682   12.2105 H   0  0  0  0  0  0  0  0  0  0  0  0
    1.9559   32.7907   10.9203 H   0  0  0  0  0  0  0  0  0  0  0  0
    1.4194   34.2968   10.1696 H   0  0  0  0  0  0  0  0  0  0  0  0
    2.7682   31.8711    8.8301 H   0  0  0  0  0  0  0  0  0  0  0  0
    1.1003   32.3232    8.7090 H   0  0  0  0  0  0  0  0  0  0  0  0
    3.6017   34.3843    6.3145 H   0  0  0  0  0  0  0  0  0  0  0  0
    4.3166   34.0855    7.8705 H   0  0  0  0  0  0  0  0  0  0  0  0
    4.3384   31.5996    7.3719 H   0  0  0  0  0  0  0  0  0  0  0  0
    3.4216   31.8843    5.9309 H   0  0  0  0  0  0  0  0  0  0  0  0
    5.2375   33.0465    4.8513 H   0  0  0  0  0  0  0  0  0  0  0  0
    6.2695   32.8282    6.2671 H   0  0  0  0  0  0  0  0  0  0  0  0
    6.6132   29.8994    3.8734 H   0  0  0  0  0  0  0  0  0  0  0  0
    6.1499   31.4822    3.3123 H   0  0  0  0  0  0  0  0  0  0  0  0
    8.0172   32.4497    4.8144 H   0  0  0  0  0  0  0  0  0  0  0  0
    8.4413   30.8016    5.2307 H   0  0  0  0  0  0  0  0  0  0  0  0
    8.6211   31.3569    3.5748 H   0  0  0  0  0  0  0  0  0  0  0  0
  1  2  2  0
  1  6  1  0
  2  3  1  0
  2 31  1  0
  3  4  2  0
  3 13  1  0
  4  5  1  0
  4 32  1  0
  5  6  2  0
  5  7  1  0
  6 33  1  0
  7  8  2  0
  7 12  1  0
  8  9  1  0
  8 34  1  0
  9 10  2  0
  9 35  1  0
 10 11  1  0
 10 36  1  0
 11 12  2  0
 11 37  1  0
 12 38  1  0
 13 14  1  0
 13 17  2  0
 14 15  2  0
 14 39  1  0
 15 16  1  0
 15 18  1  0
 16 17  1  0
 16 40  1  0
 18 19  1  0
 18 41  1  0
 18 42  1  0
 19 20  2  0
 19 21  1  6
 21 22  1  0
 22 23  1  0
 22 43  1  0
 22 44  1  0
 23 24  1  0
 23 45  1  0
 23 46  1  0
 24 25  1  0
 25 26  1  0
 25 47  1  0
 25 48  1  0
 26 27  1  0
 26 49  1  0
 26 50  1  0
 27 28  1  0
 27 51  1  0
 27 52  1  0
 28 29  1  0
 29 30  1  0
 29 53  1  0
 29 54  1  0
 30 55  1  0
 30 56  1  0
 30 57  1  0
M  CHG  1  10   1
M  END
"
test-82,"CC(=[NH2+])N1CCC(n2cnc3c(N)nc(Cl)nc32)C1
     RDKit          3D

 34 36  0  0  1  0  0  0  0  0999 V2000
   -2.5993   12.3186   23.3718 N   0  0  0  0  0  0  0  0  0  0  0  0
   -1.5913   11.7451   24.1379 C   0  0  0  0  0  0  0  0  0  0  0  0
   -1.9450   11.1714   25.3174 N   0  0  0  0  0  0  0  0  0  0  0  0
   -1.0000   10.6042   26.0779 C   0  0  0  0  0  0  0  0  0  0  0  0
    0.3059   10.4839   25.7947 N   0  0  0  0  0  0  0  0  0  0  0  0
    0.6335   11.0648   24.6167 C   0  0  0  0  0  0  0  0  0  0  0  0
   -0.2307   11.7216   23.7623 C   0  0  0  0  0  0  0  0  0  0  0  0
    0.4204   12.2044   22.6865 N   0  0  0  0  0  0  0  0  0  0  0  0
    1.6596   11.8104   22.8569 C   0  0  0  0  0  0  0  0  0  0  0  0
    1.8472   11.1160   23.9973 N   0  0  0  0  0  0  0  0  0  0  0  0
    3.0842   10.4659   24.4784 C   0  0  1  0  0  0  0  0  0  0  0  0
    3.2167    9.0386   23.9790 C   0  0  0  0  0  0  0  0  0  0  0  0
    4.3670    9.0349   22.9775 C   0  0  0  0  0  0  0  0  0  0  0  0
    5.1972   10.2196   23.3032 N   0  0  0  0  0  0  0  0  0  0  0  0
    4.3896   11.1752   24.0936 C   0  0  0  0  0  0  0  0  0  0  0  0
    6.4583   10.4699   22.8897 C   0  0  0  0  0  0  0  0  0  0  0  0
    7.1410   11.7613   23.2739 C   0  0  0  0  0  0  0  0  0  0  0  0
    7.1678    9.5956   22.1717 N   0  0  0  0  0  0  0  0  0  0  0  0
   -1.5082    9.9876   27.6071 Cl  0  0  0  0  0  0  0  0  0  0  0  0
   -2.4226   12.6421   22.4337 H   0  0  0  0  0  0  0  0  0  0  0  0
   -3.5619   12.2160   23.7545 H   0  0  0  0  0  0  0  0  0  0  0  0
    2.4717   11.9845   22.1715 H   0  0  0  0  0  0  0  0  0  0  0  0
    3.0023   10.4609   25.5699 H   0  0  0  0  0  0  0  0  0  0  0  0
    3.4704    8.3882   24.8194 H   0  0  0  0  0  0  0  0  0  0  0  0
    2.2985    8.6306   23.5488 H   0  0  0  0  0  0  0  0  0  0  0  0
    4.9505    8.1143   23.0298 H   0  0  0  0  0  0  0  0  0  0  0  0
    4.0018    9.1620   21.9565 H   0  0  0  0  0  0  0  0  0  0  0  0
    4.9697   11.4374   24.9715 H   0  0  0  0  0  0  0  0  0  0  0  0
    4.2409   12.0846   23.5121 H   0  0  0  0  0  0  0  0  0  0  0  0
    7.2815   11.7992   24.3548 H   0  0  0  0  0  0  0  0  0  0  0  0
    8.1235   11.8682   22.8083 H   0  0  0  0  0  0  0  0  0  0  0  0
    6.5372   12.6179   22.9707 H   0  0  0  0  0  0  0  0  0  0  0  0
    6.7766    8.7009   21.9019 H   0  0  0  0  0  0  0  0  0  0  0  0
    8.1211    9.8127   21.9183 H   0  0  0  0  0  0  0  0  0  0  0  0
  1  2  1  0
  1 20  1  0
  1 21  1  0
  2  3  2  0
  2  7  1  0
  3  4  1  0
  4  5  2  0
  4 19  1  0
  5  6  1  0
  6  7  2  0
  6 10  1  0
  7  8  1  0
  8  9  2  0
  9 10  1  0
  9 22  1  0
 10 11  1  0
 11 12  1  0
 11 15  1  0
 11 23  1  1
 12 13  1  0
 12 24  1  0
 12 25  1  0
 13 14  1  0
 13 26  1  0
 13 27  1  0
 14 15  1  0
 14 16  1  0
 15 28  1  0
 15 29  1  0
 16 17  1  0
 16 18  2  0
 17 30  1  0
 17 31  1  0
 17 32  1  0
 18 33  1  0
 18 34  1  0
M  CHG  1  18   1
M  END
"
test-83,"CSc1nc(-c2ccc([N+](=O)[O-])cc2)c([N-]S(=O)(=O)[O-])[nH]1
     RDKit          3D

 29 30  0  0  1  0  0  0  0  0999 V2000
   39.5477    2.4266    3.4204 O   0  0  0  0  0  0  0  0  0  0  0  0
   39.8352    3.8506    3.5982 S   0  0  0  0  0  0  0  0  0  0  0  0
   40.8435    4.2781    2.6206 O   0  0  0  0  0  0  0  0  0  0  0  0
   38.6132    4.6473    3.4606 O   0  0  0  0  0  0  0  0  0  0  0  0
   40.4381    4.0194    5.0114 N   0  0  0  0  0  0  0  0  0  0  0  0
   40.1185    5.0461    5.8055 C   0  0  0  0  0  0  0  0  0  0  0  0
   40.7755    6.2399    5.6914 N   0  0  0  0  0  0  0  0  0  0  0  0
   40.2870    7.0667    6.6689 C   0  0  0  0  0  0  0  0  0  0  0  0
   39.3351    6.4837    7.3497 N   0  0  0  0  0  0  0  0  0  0  0  0
   39.2386    5.2491    6.8735 C   0  0  0  0  0  0  0  0  0  0  0  0
   38.3106    4.2753    7.5150 C   0  0  0  0  0  0  0  0  0  0  0  0
   37.0428    4.6783    7.9408 C   0  0  0  0  0  0  0  0  0  0  0  0
   36.2012    3.7801    8.5907 C   0  0  0  0  0  0  0  0  0  0  0  0
   36.6205    2.4663    8.8444 C   0  0  0  0  0  0  0  0  0  0  0  0
   37.8983    2.0734    8.4221 C   0  0  0  0  0  0  0  0  0  0  0  0
   38.7258    2.9638    7.7430 C   0  0  0  0  0  0  0  0  0  0  0  0
   35.7262    1.5148    9.5478 N   0  0  0  0  0  0  0  0  0  0  0  0
   34.5865    1.8785    9.8203 O   0  0  0  0  0  0  0  0  0  0  0  0
   36.1483    0.3922    9.8204 O   0  0  0  0  0  0  0  0  0  0  0  0
   40.8796    8.6781    7.0207 S   0  0  0  0  0  0  0  0  0  0  0  0
   42.2486    8.1868    8.1101 C   0  0  0  0  0  0  0  0  0  0  0  0
   41.5211    6.4390    5.0399 H   0  0  0  0  0  0  0  0  0  0  0  0
   36.7135    5.6934    7.7713 H   0  0  0  0  0  0  0  0  0  0  0  0
   35.2254    4.1199    8.9072 H   0  0  0  0  0  0  0  0  0  0  0  0
   38.2668    1.0782    8.6203 H   0  0  0  0  0  0  0  0  0  0  0  0
   39.7087    2.6489    7.4202 H   0  0  0  0  0  0  0  0  0  0  0  0
   42.0169    8.4499    9.1426 H   0  0  0  0  0  0  0  0  0  0  0  0
   42.4431    7.1149    8.0686 H   0  0  0  0  0  0  0  0  0  0  0  0
   43.1619    8.7064    7.8208 H   0  0  0  0  0  0  0  0  0  0  0  0
  1  2  2  0
  2  3  2  0
  2  4  1  0
  2  5  1  0
  5  6  1  0
  6  7  1  0
  6 10  2  0
  7  8  1  0
  7 22  1  0
  8  9  2  0
  8 20  1  0
  9 10  1  0
 10 11  1  0
 11 12  2  0
 11 16  1  0
 12 13  1  0
 12 23  1  0
 13 14  2  0
 13 24  1  0
 14 15  1  0
 14 17  1  0
 15 16  2  0
 15 25  1  0
 16 26  1  0
 17 18  2  0
 17 19  1  0
 20 21  1  0
 21 27  1  0
 21 28  1  0
 21 29  1  0
M  CHG  4   4  -1   5  -1  17   1  19  -1
M  END
"
test-84,"NC(=[NH2+])C1CCC(NS(=O)(=O)C2CCN2C(=O)[C@@H](CO)c2cccc(Br)c2)CC1
     RDKit          3D

 57 59  0  0  1  0  0  0  0  0999 V2000
   11.0479   -9.7859   24.2366 N   0  0  0  0  0  0  0  0  0  0  0  0
   11.2783  -10.9033   23.5618 C   0  0  0  0  0  0  0  0  0  0  0  0
   10.6435  -11.9722   24.0221 N   0  0  0  0  0  0  0  0  0  0  0  0
   12.1743  -10.9341   22.3132 C   0  0  1  0  0  0  0  0  0  0  0  0
   13.2382   -9.7874   22.2602 C   0  0  0  0  0  0  0  0  0  0  0  0
   14.1630   -9.8659   21.0297 C   0  0  0  0  0  0  0  0  0  0  0  0
   14.8382  -11.2486   20.9094 C   0  0  1  0  0  0  0  0  0  0  0  0
   13.7193  -12.3007   20.7496 C   0  0  0  0  0  0  0  0  0  0  0  0
   12.8212  -12.3258   22.0087 C   0  0  0  0  0  0  0  0  0  0  0  0
   15.6213  -11.2178   19.6546 N   0  0  0  0  0  0  0  0  0  0  0  0
   16.9114  -12.3593   19.2989 S   0  0  0  0  0  0  0  0  0  0  0  0
   17.3628  -12.0429   17.9400 O   0  0  0  0  0  0  0  0  0  0  0  0
   16.4258  -13.7091   19.6112 O   0  0  0  0  0  0  0  0  0  0  0  0
   18.3383  -11.9051   20.5017 C   0  0  2  0  0  0  0  0  0  0  0  0
   19.7549  -12.0620   19.9127 C   0  0  0  0  0  0  0  0  0  0  0  0
   19.8340  -13.4944   20.4819 C   0  0  0  0  0  0  0  0  0  0  0  0
   18.6926  -13.0809   21.3419 N   0  0  0  0  0  0  0  0  0  0  0  0
   18.1583  -13.5723   22.4780 C   0  0  0  0  0  0  0  0  0  0  0  0
   17.0098  -13.2809   22.8161 O   0  0  0  0  0  0  0  0  0  0  0  0
   18.9037  -14.7245   23.2061 C   0  0  2  0  0  0  0  0  0  0  0  0
   17.9822  -15.6082   24.0953 C   0  0  0  0  0  0  0  0  0  0  0  0
   17.0349  -16.3175   23.3224 O   0  0  0  0  0  0  0  0  0  0  0  0
   20.1153  -14.2203   24.0027 C   0  0  0  0  0  0  0  0  0  0  0  0
   19.9444  -13.5215   25.2072 C   0  0  0  0  0  0  0  0  0  0  0  0
   21.0491  -13.1189   25.9560 C   0  0  0  0  0  0  0  0  0  0  0  0
   22.3363  -13.4004   25.4973 C   0  0  0  0  0  0  0  0  0  0  0  0
   22.5203  -14.0716   24.2920 C   0  0  0  0  0  0  0  0  0  0  0  0
   21.4151  -14.4889   23.5520 C   0  0  0  0  0  0  0  0  0  0  0  0
   24.2847  -14.4038   23.6551 Br  0  0  0  0  0  0  0  0  0  0  0  0
   11.4917   -8.9261   23.9574 H   0  0  0  0  0  0  0  0  0  0  0  0
   10.3406   -9.7788   24.9659 H   0  0  0  0  0  0  0  0  0  0  0  0
   10.7438  -12.8857   23.5892 H   0  0  0  0  0  0  0  0  0  0  0  0
    9.9518  -11.8648   24.7606 H   0  0  0  0  0  0  0  0  0  0  0  0
   11.4916  -10.7406   21.4830 H   0  0  0  0  0  0  0  0  0  0  0  0
   12.7404   -8.8160   22.2490 H   0  0  0  0  0  0  0  0  0  0  0  0
   13.8429   -9.7956   23.1621 H   0  0  0  0  0  0  0  0  0  0  0  0
   13.5742   -9.6536   20.1344 H   0  0  0  0  0  0  0  0  0  0  0  0
   14.9201   -9.0813   21.0833 H   0  0  0  0  0  0  0  0  0  0  0  0
   15.4354  -11.5690   21.7623 H   0  0  0  0  0  0  0  0  0  0  0  0
   13.1085  -12.0857   19.8700 H   0  0  0  0  0  0  0  0  0  0  0  0
   14.1389  -13.2922   20.5828 H   0  0  0  0  0  0  0  0  0  0  0  0
   12.0448  -13.0808   21.8693 H   0  0  0  0  0  0  0  0  0  0  0  0
   13.4142  -12.6537   22.8627 H   0  0  0  0  0  0  0  0  0  0  0  0
   15.7857  -10.2882   19.2647 H   0  0  0  0  0  0  0  0  0  0  0  0
   18.0889  -10.9793   21.0273 H   0  0  0  0  0  0  0  0  0  0  0  0
   19.7587  -11.9835   18.8253 H   0  0  0  0  0  0  0  0  0  0  0  0
   20.4577  -11.3549   20.3579 H   0  0  0  0  0  0  0  0  0  0  0  0
   19.5617  -14.3510   19.8617 H   0  0  0  0  0  0  0  0  0  0  0  0
   20.7282  -13.6375   21.0858 H   0  0  0  0  0  0  0  0  0  0  0  0
   19.2730  -15.3889   22.4246 H   0  0  0  0  0  0  0  0  0  0  0  0
   18.5777  -16.3372   24.6459 H   0  0  0  0  0  0  0  0  0  0  0  0
   17.4451  -15.0143   24.8374 H   0  0  0  0  0  0  0  0  0  0  0  0
   16.3130  -15.7103   23.1269 H   0  0  0  0  0  0  0  0  0  0  0  0
   18.9554  -13.2945   25.5726 H   0  0  0  0  0  0  0  0  0  0  0  0
   20.9081  -12.5776   26.8808 H   0  0  0  0  0  0  0  0  0  0  0  0
   23.2010  -13.0793   26.0553 H   0  0  0  0  0  0  0  0  0  0  0  0
   21.5791  -15.0323   22.6320 H   0  0  0  0  0  0  0  0  0  0  0  0
  1  2  1  0
  1 30  1  0
  1 31  1  0
  2  3  2  0
  2  4  1  0
  3 32  1  0
  3 33  1  0
  4  5  1  0
  4  9  1  0
  4 34  1  6
  5  6  1  0
  5 35  1  0
  5 36  1  0
  6  7  1  0
  6 37  1  0
  6 38  1  0
  7  8  1  0
  7 10  1  0
  7 39  1  1
  8  9  1  0
  8 40  1  0
  8 41  1  0
  9 42  1  0
  9 43  1  0
 10 11  1  0
 10 44  1  0
 11 12  2  0
 11 13  2  0
 11 14  1  0
 14 15  1  0
 14 17  1  0
 14 45  1  1
 15 16  1  0
 15 46  1  0
 15 47  1  0
 16 17  1  0
 16 48  1  0
 16 49  1  0
 17 18  1  0
 18 19  2  0
 18 20  1  0
 20 21  1  0
 20 23  1  0
 20 50  1  6
 21 22  1  0
 21 51  1  0
 21 52  1  0
 22 53  1  0
 23 24  2  0
 23 28  1  0
 24 25  1  0
 24 54  1  0
 25 26  2  0
 25 55  1  0
 26 27  1  0
 26 56  1  0
 27 28  2  0
 27 29  1  0
 28 57  1  0
M  CHG  1   3   1
M  END
"
test-85,"COc1cccc(NS(=O)(=O)c2ccc(=O)oc2-c2cccs2)c1C(=O)NO
     RDKit          3D

 42 44  0  0  1  0  0  0  0  0999 V2000
   41.2392   14.7730   51.4805 N   0  0  0  0  0  0  0  0  0  0  0  0
   42.4871   15.2509   50.3324 S   0  0  0  0  0  0  0  0  0  0  0  0
   43.5701   15.8795   51.0981 O   0  0  0  0  0  0  0  0  0  0  0  0
   42.7735   14.0551   49.5464 O   0  0  0  0  0  0  0  0  0  0  0  0
   41.6707   16.5415   49.3448 C   0  0  0  0  0  0  0  0  0  0  0  0
   41.7114   17.8757   49.9443 C   0  0  0  0  0  0  0  0  0  0  0  0
   41.0591   18.9384   49.4284 C   0  0  0  0  0  0  0  0  0  0  0  0
   40.2732   18.7949   48.2068 C   0  0  0  0  0  0  0  0  0  0  0  0
   39.5782   19.6258   47.6322 O   0  0  0  0  0  0  0  0  0  0  0  0
   40.3257   17.5307   47.6541 O   0  0  0  0  0  0  0  0  0  0  0  0
   40.9639   16.4226   48.1753 C   0  0  0  0  0  0  0  0  0  0  0  0
   40.6239   15.3304   47.2262 C   0  0  0  0  0  0  0  0  0  0  0  0
   39.6036   15.3986   46.2644 C   0  0  0  0  0  0  0  0  0  0  0  0
   39.5738   14.3308   45.3689 C   0  0  0  0  0  0  0  0  0  0  0  0
   40.5155   13.3696   45.6563 C   0  0  0  0  0  0  0  0  0  0  0  0
   41.4438   13.7985   47.0398 S   0  0  0  0  0  0  0  0  0  0  0  0
   40.7741   15.6502   52.4706 C   0  0  0  0  0  0  0  0  0  0  0  0
   41.6887   16.0389   53.4501 C   0  0  0  0  0  0  0  0  0  0  0  0
   41.2939   16.8283   54.5170 C   0  0  0  0  0  0  0  0  0  0  0  0
   39.9699   17.2261   54.6185 C   0  0  0  0  0  0  0  0  0  0  0  0
   39.0180   16.8652   53.6524 C   0  0  0  0  0  0  0  0  0  0  0  0
   39.4220   16.0713   52.5519 C   0  0  0  0  0  0  0  0  0  0  0  0
   38.4064   15.6081   51.5250 C   0  0  0  0  0  0  0  0  0  0  0  0
   38.6738   15.6176   50.3217 O   0  0  0  0  0  0  0  0  0  0  0  0
   37.2567   15.1266   52.0354 N   0  0  0  0  0  0  0  0  0  0  0  0
   36.3768   14.4262   51.1957 O   0  0  0  0  0  0  0  0  0  0  0  0
   37.6954   17.2753   53.7430 O   0  0  0  0  0  0  0  0  0  0  0  0
   37.2128   17.8939   54.9349 C   0  0  0  0  0  0  0  0  0  0  0  0
   40.6062   14.0589   51.1562 H   0  0  0  0  0  0  0  0  0  0  0  0
   42.2875   18.0318   50.8460 H   0  0  0  0  0  0  0  0  0  0  0  0
   41.1181   19.8973   49.9213 H   0  0  0  0  0  0  0  0  0  0  0  0
   38.9234   16.2342   46.1810 H   0  0  0  0  0  0  0  0  0  0  0  0
   38.8713   14.2543   44.5539 H   0  0  0  0  0  0  0  0  0  0  0  0
   40.6998   12.4388   45.1442 H   0  0  0  0  0  0  0  0  0  0  0  0
   42.7126   15.6981   53.4085 H   0  0  0  0  0  0  0  0  0  0  0  0
   42.0121   17.1184   55.2697 H   0  0  0  0  0  0  0  0  0  0  0  0
   39.6975   17.8277   55.4696 H   0  0  0  0  0  0  0  0  0  0  0  0
   37.0236   15.0579   53.0181 H   0  0  0  0  0  0  0  0  0  0  0  0
   36.4975   13.5088   51.4565 H   0  0  0  0  0  0  0  0  0  0  0  0
   37.2887   17.2291   55.7972 H   0  0  0  0  0  0  0  0  0  0  0  0
   37.7363   18.8220   55.1618 H   0  0  0  0  0  0  0  0  0  0  0  0
   36.1597   18.1400   54.8033 H   0  0  0  0  0  0  0  0  0  0  0  0
  1  2  1  0
  1 17  1  0
  1 29  1  0
  2  3  2  0
  2  4  2  0
  2  5  1  0
  5  6  1  0
  5 11  2  0
  6  7  2  0
  6 30  1  0
  7  8  1  0
  7 31  1  0
  8  9  2  0
  8 10  1  0
 10 11  1  0
 11 12  1  0
 12 13  2  0
 12 16  1  0
 13 14  1  0
 13 32  1  0
 14 15  2  0
 14 33  1  0
 15 16  1  0
 15 34  1  0
 17 18  2  0
 17 22  1  0
 18 19  1  0
 18 35  1  0
 19 20  2  0
 19 36  1  0
 20 21  1  0
 20 37  1  0
 21 22  2  0
 21 27  1  0
 22 23  1  0
 23 24  2  0
 23 25  1  0
 25 26  1  0
 25 38  1  0
 26 39  1  0
 27 28  1  0
 28 40  1  0
 28 41  1  0
 28 42  1  0
M  END
"
test-86,"CN[C@@H](C(=O)N1CCC[C@@]12OC(=O)[C@H](C)C(=O)[C@H]2[NH2+]C)N(C)C(C)=O
     RDKit          3D

 52 53  0  0  1  0  0  0  0  0999 V2000
  -35.5225   40.9912   32.1876 O   0  0  0  0  0  0  0  0  0  0  0  0
  -35.9757   39.8938   32.4980 C   0  0  0  0  0  0  0  0  0  0  0  0
  -35.1246   39.1200   33.2281 O   0  0  0  0  0  0  0  0  0  0  0  0
  -35.3882   37.7931   33.6489 C   0  0  2  0  0  0  0  0  0  0  0  0
  -34.6285   37.6444   34.9822 C   0  0  0  0  0  0  0  0  0  0  0  0
  -33.2090   37.3841   34.5179 C   0  0  0  0  0  0  0  0  0  0  0  0
  -33.3793   36.4870   33.3096 C   0  0  0  0  0  0  0  0  0  0  0  0
  -34.6827   36.8708   32.7443 N   0  0  0  0  0  0  0  0  0  0  0  0
  -36.9172   37.5234   33.9301 C   0  0  1  0  0  0  0  0  0  0  0  0
  -37.9313   38.2389   33.0179 C   0  0  0  0  0  0  0  0  0  0  0  0
  -39.1230   37.9245   32.9805 O   0  0  0  0  0  0  0  0  0  0  0  0
  -37.3808   39.3763   32.1552 C   0  0  1  0  0  0  0  0  0  0  0  0
  -38.4013   40.5368   32.0469 C   0  0  0  0  0  0  0  0  0  0  0  0
  -37.3332   36.0280   33.8191 N   0  0  0  0  0  0  0  0  0  0  0  0
  -36.8454   35.0627   34.9107 C   0  0  0  0  0  0  0  0  0  0  0  0
  -35.0988   36.4293   31.5238 C   0  0  0  0  0  0  0  0  0  0  0  0
  -36.1294   36.8435   30.9926 O   0  0  0  0  0  0  0  0  0  0  0  0
  -34.3110   35.3101   30.7673 C   0  0  2  0  0  0  0  0  0  0  0  0
  -33.8304   35.8744   29.4789 N   0  0  0  0  0  0  0  0  0  0  0  0
  -32.5340   36.5318   29.5825 C   0  0  0  0  0  0  0  0  0  0  0  0
  -35.1538   34.0899   30.6689 N   0  0  0  0  0  0  0  0  0  0  0  0
  -36.1178   34.0525   29.5573 C   0  0  0  0  0  0  0  0  0  0  0  0
  -35.1322   33.1264   31.6342 C   0  0  0  0  0  0  0  0  0  0  0  0
  -35.9156   31.8235   31.4473 C   0  0  0  0  0  0  0  0  0  0  0  0
  -34.4849   33.2445   32.6758 O   0  0  0  0  0  0  0  0  0  0  0  0
  -34.7175   38.5468   35.5918 H   0  0  0  0  0  0  0  0  0  0  0  0
  -34.9967   36.8098   35.5730 H   0  0  0  0  0  0  0  0  0  0  0  0
  -32.7335   38.3221   34.2234 H   0  0  0  0  0  0  0  0  0  0  0  0
  -32.5753   36.9369   35.2851 H   0  0  0  0  0  0  0  0  0  0  0  0
  -32.5636   36.6242   32.5975 H   0  0  0  0  0  0  0  0  0  0  0  0
  -33.4001   35.4361   33.6033 H   0  0  0  0  0  0  0  0  0  0  0  0
  -37.1560   37.8374   34.9462 H   0  0  0  0  0  0  0  0  0  0  0  0
  -37.2754   38.9546   31.1572 H   0  0  0  0  0  0  0  0  0  0  0  0
  -38.6398   40.9720   33.0191 H   0  0  0  0  0  0  0  0  0  0  0  0
  -38.0530   41.3426   31.3983 H   0  0  0  0  0  0  0  0  0  0  0  0
  -39.3334   40.1784   31.6106 H   0  0  0  0  0  0  0  0  0  0  0  0
  -37.0385   35.6863   32.9126 H   0  0  0  0  0  0  0  0  0  0  0  0
  -38.3483   36.0074   33.8073 H   0  0  0  0  0  0  0  0  0  0  0  0
  -37.0708   35.5126   35.8782 H   0  0  0  0  0  0  0  0  0  0  0  0
  -37.3982   34.1330   34.7654 H   0  0  0  0  0  0  0  0  0  0  0  0
  -35.7777   34.8984   34.7570 H   0  0  0  0  0  0  0  0  0  0  0  0
  -33.4185   35.0109   31.3187 H   0  0  0  0  0  0  0  0  0  0  0  0
  -33.7333   35.1248   28.8088 H   0  0  0  0  0  0  0  0  0  0  0  0
  -31.7650   35.8222   29.8903 H   0  0  0  0  0  0  0  0  0  0  0  0
  -32.2425   36.9491   28.6195 H   0  0  0  0  0  0  0  0  0  0  0  0
  -32.5587   37.3505   30.3035 H   0  0  0  0  0  0  0  0  0  0  0  0
  -36.9342   33.3648   29.7350 H   0  0  0  0  0  0  0  0  0  0  0  0
  -36.5781   35.0286   29.4152 H   0  0  0  0  0  0  0  0  0  0  0  0
  -35.6405   33.7797   28.6206 H   0  0  0  0  0  0  0  0  0  0  0  0
  -36.9335   31.9364   31.8192 H   0  0  0  0  0  0  0  0  0  0  0  0
  -35.9514   31.5077   30.4045 H   0  0  0  0  0  0  0  0  0  0  0  0
  -35.4429   31.0177   32.0099 H   0  0  0  0  0  0  0  0  0  0  0  0
  1  2  2  0
  2  3  1  0
  2 12  1  0
  4  3  1  6
  4  5  1  0
  4  9  1  0
  4  8  1  0
  5  6  1  0
  5 26  1  0
  5 27  1  0
  6  7  1  0
  6 28  1  0
  6 29  1  0
  7  8  1  0
  7 30  1  0
  7 31  1  0
  8 16  1  0
  9 10  1  0
  9 14  1  0
  9 32  1  1
 10 11  2  0
 10 12  1  0
 12 13  1  0
 12 33  1  6
 13 34  1  0
 13 35  1  0
 13 36  1  0
 14 15  1  0
 14 37  1  0
 14 38  1  0
 15 39  1  0
 15 40  1  0
 15 41  1  0
 16 17  2  0
 16 18  1  0
 18 19  1  0
 18 21  1  0
 18 42  1  1
 19 20  1  0
 19 43  1  0
 20 44  1  0
 20 45  1  0
 20 46  1  0
 21 22  1  0
 21 23  1  0
 22 47  1  0
 22 48  1  0
 22 49  1  0
 23 24  1  0
 23 25  2  0
 24 50  1  0
 24 51  1  0
 24 52  1  0
M  CHG  1  14   1
M  END
"
test-87,"CC(O)[C@H](CNC(=[NH2+])N(C)N)NC[C@](O)(CCC1CC(=O)N1)N[NH2+]CCCCCN(C)C(N)=[NH2+]
     RDKit          3D

 82 82  0  0  1  0  0  0  0  0999 V2000
   11.7039  -10.9489   23.1860 N   0  0  0  0  0  0  0  0  0  0  0  0
   12.1441   -9.6356   23.7005 C   0  0  0  0  0  0  0  0  0  0  0  0
   10.6437  -11.5732   23.8734 N   0  0  0  0  0  0  0  0  0  0  0  0
   12.1809  -11.5280   22.0311 C   0  0  0  0  0  0  0  0  0  0  0  0
   11.8431  -12.7728   21.6604 N   0  0  0  0  0  0  0  0  0  0  0  0
   13.0250  -10.8596   21.2242 N   0  0  0  0  0  0  0  0  0  0  0  0
   13.5301  -11.2427   19.8853 C   0  0  0  0  0  0  0  0  0  0  0  0
   14.7271  -12.2441   19.8663 C   0  0  2  0  0  0  0  0  0  0  0  0
   15.8065  -11.5938   20.6278 N   0  0  0  0  0  0  0  0  0  0  0  0
   17.1275  -12.2094   20.6193 C   0  0  0  0  0  0  0  0  0  0  0  0
   17.3697  -13.5950   21.3073 C   0  0  1  0  0  0  0  0  0  0  0  0
   16.5231  -14.5871   20.7575 O   0  0  0  0  0  0  0  0  0  0  0  0
   18.8105  -14.0680   20.9264 C   0  0  0  0  0  0  0  0  0  0  0  0
   19.9604  -13.1013   21.3231 C   0  0  0  0  0  0  0  0  0  0  0  0
   17.2292  -13.3939   22.7482 N   0  0  0  0  0  0  0  0  0  0  0  0
   17.5563  -14.5959   23.5507 N   0  0  0  0  0  0  0  0  0  0  0  0
   18.7166  -14.2740   24.5045 C   0  0  0  0  0  0  0  0  0  0  0  0
   19.2621  -15.5583   25.1360 C   0  0  0  0  0  0  0  0  0  0  0  0
   20.5787  -15.3356   25.9025 C   0  0  0  0  0  0  0  0  0  0  0  0
   21.7703  -14.9664   24.9924 C   0  0  0  0  0  0  0  0  0  0  0  0
   23.1255  -14.9237   25.7239 C   0  0  0  0  0  0  0  0  0  0  0  0
   24.2714  -14.7111   24.8018 N   0  0  0  0  0  0  0  0  0  0  0  0
   24.5600  -13.2994   24.4516 C   0  0  0  0  0  0  0  0  0  0  0  0
   24.9156  -15.7445   24.1853 C   0  0  0  0  0  0  0  0  0  0  0  0
   25.8514  -15.5719   23.2583 N   0  0  0  0  0  0  0  0  0  0  0  0
   24.6695  -17.0234   24.4359 N   0  0  0  0  0  0  0  0  0  0  0  0
   15.0953  -12.6327   18.3801 C   0  0  2  0  0  0  0  0  0  0  0  0
   13.9596  -13.3596   17.6535 C   0  0  0  0  0  0  0  0  0  0  0  0
   16.1501  -13.5669   18.2525 O   0  0  0  0  0  0  0  0  0  0  0  0
   20.6249  -12.2401   20.2188 C   0  0  1  0  0  0  0  0  0  0  0  0
   21.2095  -13.0045   19.0161 C   0  0  0  0  0  0  0  0  0  0  0  0
   20.2951  -12.1319   18.1418 C   0  0  0  0  0  0  0  0  0  0  0  0
   20.1192  -11.9724   16.9377 O   0  0  0  0  0  0  0  0  0  0  0  0
   19.7257  -11.5728   19.2684 N   0  0  0  0  0  0  0  0  0  0  0  0
   12.1577   -9.6662   24.7894 H   0  0  0  0  0  0  0  0  0  0  0  0
   13.1441   -9.3896   23.3595 H   0  0  0  0  0  0  0  0  0  0  0  0
   11.4436   -8.8818   23.3570 H   0  0  0  0  0  0  0  0  0  0  0  0
   10.8902  -11.6121   24.8549 H   0  0  0  0  0  0  0  0  0  0  0  0
    9.8171  -10.9810   23.7973 H   0  0  0  0  0  0  0  0  0  0  0  0
   11.9412  -13.0736   20.7010 H   0  0  0  0  0  0  0  0  0  0  0  0
   11.3900  -13.3759   22.3471 H   0  0  0  0  0  0  0  0  0  0  0  0
   13.6277  -10.2153   21.7164 H   0  0  0  0  0  0  0  0  0  0  0  0
   12.6644  -11.6275   19.3560 H   0  0  0  0  0  0  0  0  0  0  0  0
   13.7963  -10.3103   19.3872 H   0  0  0  0  0  0  0  0  0  0  0  0
   14.4279  -13.1494   20.4002 H   0  0  0  0  0  0  0  0  0  0  0  0
   15.8939  -10.6253   20.3447 H   0  0  0  0  0  0  0  0  0  0  0  0
   17.4705  -12.2243   19.5974 H   0  0  0  0  0  0  0  0  0  0  0  0
   17.7684  -11.4706   21.1006 H   0  0  0  0  0  0  0  0  0  0  0  0
   16.9251  -15.4507   20.8865 H   0  0  0  0  0  0  0  0  0  0  0  0
   19.0216  -15.0451   21.3690 H   0  0  0  0  0  0  0  0  0  0  0  0
   18.8670  -14.2590   19.8547 H   0  0  0  0  0  0  0  0  0  0  0  0
   19.5790  -12.3958   22.0555 H   0  0  0  0  0  0  0  0  0  0  0  0
   20.7430  -13.6638   21.8337 H   0  0  0  0  0  0  0  0  0  0  0  0
   17.8913  -12.6952   23.0494 H   0  0  0  0  0  0  0  0  0  0  0  0
   16.7405  -14.8921   24.0766 H   0  0  0  0  0  0  0  0  0  0  0  0
   17.8155  -15.3552   22.9345 H   0  0  0  0  0  0  0  0  0  0  0  0
   19.4740  -13.7829   23.8903 H   0  0  0  0  0  0  0  0  0  0  0  0
   18.3376  -13.5812   25.2582 H   0  0  0  0  0  0  0  0  0  0  0  0
   18.5138  -15.9492   25.8278 H   0  0  0  0  0  0  0  0  0  0  0  0
   19.4047  -16.3296   24.3793 H   0  0  0  0  0  0  0  0  0  0  0  0
   20.4388  -14.5644   26.6593 H   0  0  0  0  0  0  0  0  0  0  0  0
   20.8158  -16.2491   26.4500 H   0  0  0  0  0  0  0  0  0  0  0  0
   21.8131  -15.6927   24.1785 H   0  0  0  0  0  0  0  0  0  0  0  0
   21.5922  -13.9982   24.5259 H   0  0  0  0  0  0  0  0  0  0  0  0
   23.1478  -14.1164   26.4568 H   0  0  0  0  0  0  0  0  0  0  0  0
   23.3078  -15.8355   26.2934 H   0  0  0  0  0  0  0  0  0  0  0  0
   23.9656  -12.6197   25.0645 H   0  0  0  0  0  0  0  0  0  0  0  0
   25.6173  -13.1039   24.6317 H   0  0  0  0  0  0  0  0  0  0  0  0
   24.3176  -13.1334   23.4034 H   0  0  0  0  0  0  0  0  0  0  0  0
   26.4353  -16.3536   23.0171 H   0  0  0  0  0  0  0  0  0  0  0  0
   26.2331  -14.6482   23.1242 H   0  0  0  0  0  0  0  0  0  0  0  0
   24.8742  -17.7191   23.7344 H   0  0  0  0  0  0  0  0  0  0  0  0
   24.2775  -17.3039   25.3196 H   0  0  0  0  0  0  0  0  0  0  0  0
   15.3671  -11.7315   17.8279 H   0  0  0  0  0  0  0  0  0  0  0  0
   13.7252  -14.3220   18.1075 H   0  0  0  0  0  0  0  0  0  0  0  0
   13.0475  -12.7744   17.6620 H   0  0  0  0  0  0  0  0  0  0  0  0
   14.2167  -13.5449   16.6045 H   0  0  0  0  0  0  0  0  0  0  0  0
   16.2455  -13.9982   19.1143 H   0  0  0  0  0  0  0  0  0  0  0  0
   21.3224  -11.5338   20.6851 H   0  0  0  0  0  0  0  0  0  0  0  0
   22.2429  -12.7736   18.8635 H   0  0  0  0  0  0  0  0  0  0  0  0
   21.0286  -14.0764   18.9596 H   0  0  0  0  0  0  0  0  0  0  0  0
   19.1586  -10.7337   19.3716 H   0  0  0  0  0  0  0  0  0  0  0  0
  1  2  1  0
  1  3  1  0
  1  4  1  0
  2 35  1  0
  2 36  1  0
  2 37  1  0
  3 38  1  0
  3 39  1  0
  4  5  2  0
  4  6  1  0
  5 40  1  0
  5 41  1  0
  6  7  1  0
  6 42  1  0
  7  8  1  0
  7 43  1  0
  7 44  1  0
  8  9  1  0
  8 27  1  0
  8 45  1  1
  9 10  1  0
  9 46  1  0
 10 11  1  0
 10 47  1  0
 10 48  1  0
 11 12  1  6
 11 13  1  0
 11 15  1  0
 12 49  1  0
 13 14  1  0
 13 50  1  0
 13 51  1  0
 14 30  1  0
 14 52  1  0
 14 53  1  0
 15 16  1  0
 15 54  1  0
 16 17  1  0
 16 55  1  0
 16 56  1  0
 17 18  1  0
 17 57  1  0
 17 58  1  0
 18 19  1  0
 18 59  1  0
 18 60  1  0
 19 20  1  0
 19 61  1  0
 19 62  1  0
 20 21  1  0
 20 63  1  0
 20 64  1  0
 21 22  1  0
 21 65  1  0
 21 66  1  0
 22 23  1  0
 22 24  1  0
 23 67  1  0
 23 68  1  0
 23 69  1  0
 24 25  1  0
 24 26  2  0
 25 70  1  0
 25 71  1  0
 26 72  1  0
 26 73  1  0
 27 28  1  0
 27 29  1  0
 27 74  1  6
 28 75  1  0
 28 76  1  0
 28 77  1  0
 29 78  1  0
 30 31  1  0
 30 34  1  0
 30 79  1  1
 31 32  1  0
 31 80  1  0
 31 81  1  0
 32 33  2  0
 32 34  1  0
 34 82  1  0
M  CHG  3   5   1  16   1  26   1
M  END
"
test-88,"CO[C@H]1C(=O)[N-]c2cnc(Nc3cccc(F)c3O)nc2N1CCSC
     RDKit          3D

 43 45  0  0  1  0  0  0  0  0999 V2000
    1.2597   28.1592   68.1888 N   0  0  0  0  0  0  0  0  0  0  0  0
    1.3057   29.2146   67.3327 C   0  0  0  0  0  0  0  0  0  0  0  0
    0.6211   29.2310   66.1121 C   0  0  0  0  0  0  0  0  0  0  0  0
   -0.1069   28.0636   65.7932 C   0  0  0  0  0  0  0  0  0  0  0  0
   -0.1758   27.0036   66.6440 N   0  0  0  0  0  0  0  0  0  0  0  0
    0.4931   27.1022   67.8203 C   0  0  0  0  0  0  0  0  0  0  0  0
   -0.8397   28.0777   64.5987 N   0  0  0  0  0  0  0  0  0  0  0  0
   -0.2906   28.9530   63.5271 C   0  0  1  0  0  0  0  0  0  0  0  0
    0.1072   30.3689   64.1368 C   0  0  0  0  0  0  0  0  0  0  0  0
   -0.0842   31.3698   63.4414 O   0  0  0  0  0  0  0  0  0  0  0  0
    0.6626   30.3690   65.3338 N   0  0  0  0  0  0  0  0  0  0  0  0
    0.9307   28.4589   63.0378 O   0  0  0  0  0  0  0  0  0  0  0  0
    0.9006   27.2207   62.3441 C   0  0  0  0  0  0  0  0  0  0  0  0
   -1.8348   27.0402   64.2616 C   0  0  0  0  0  0  0  0  0  0  0  0
   -2.9356   27.4044   63.2350 C   0  0  0  0  0  0  0  0  0  0  0  0
   -2.5527   27.3013   61.4544 S   0  0  0  0  0  0  0  0  0  0  0  0
   -2.1847   25.5360   61.2677 C   0  0  0  0  0  0  0  0  0  0  0  0
    0.4174   26.0630   68.7590 N   0  0  0  0  0  0  0  0  0  0  0  0
   -0.4038   24.9222   68.8965 C   0  0  0  0  0  0  0  0  0  0  0  0
   -1.5438   24.7123   68.1041 C   0  0  0  0  0  0  0  0  0  0  0  0
   -2.3242   23.5676   68.2568 C   0  0  0  0  0  0  0  0  0  0  0  0
   -1.9823   22.6152   69.2112 C   0  0  0  0  0  0  0  0  0  0  0  0
   -0.8694   22.8132   70.0234 C   0  0  0  0  0  0  0  0  0  0  0  0
   -0.0819   23.9619   69.8766 C   0  0  0  0  0  0  0  0  0  0  0  0
    0.9954   24.1314   70.7179 O   0  0  0  0  0  0  0  0  0  0  0  0
   -0.5559   21.8781   70.9512 F   0  0  0  0  0  0  0  0  0  0  0  0
    1.8951   30.0629   67.6542 H   0  0  0  0  0  0  0  0  0  0  0  0
   -0.9964   29.1400   62.7217 H   0  0  0  0  0  0  0  0  0  0  0  0
    0.4691   26.4174   62.9331 H   0  0  0  0  0  0  0  0  0  0  0  0
    0.3699   27.3076   61.3971 H   0  0  0  0  0  0  0  0  0  0  0  0
    1.9155   26.9053   62.1339 H   0  0  0  0  0  0  0  0  0  0  0  0
   -2.3485   26.7908   65.1910 H   0  0  0  0  0  0  0  0  0  0  0  0
   -1.3365   26.1186   63.9695 H   0  0  0  0  0  0  0  0  0  0  0  0
   -3.8002   26.7629   63.4095 H   0  0  0  0  0  0  0  0  0  0  0  0
   -3.2913   28.4172   63.4286 H   0  0  0  0  0  0  0  0  0  0  0  0
   -1.2318   25.2896   61.7314 H   0  0  0  0  0  0  0  0  0  0  0  0
   -2.9599   24.9312   61.7363 H   0  0  0  0  0  0  0  0  0  0  0  0
   -2.1275   25.2761   60.2109 H   0  0  0  0  0  0  0  0  0  0  0  0
    1.0778   26.1799   69.5106 H   0  0  0  0  0  0  0  0  0  0  0  0
   -1.8577   25.4307   67.3659 H   0  0  0  0  0  0  0  0  0  0  0  0
   -3.1914   23.4190   67.6302 H   0  0  0  0  0  0  0  0  0  0  0  0
   -2.5737   21.7185   69.3176 H   0  0  0  0  0  0  0  0  0  0  0  0
    0.9974   24.9900   71.1664 H   0  0  0  0  0  0  0  0  0  0  0  0
  1  2  2  0
  1  6  1  0
  2  3  1  0
  2 27  1  0
  3  4  2  0
  3 11  1  0
  4  5  1  0
  4  7  1  0
  5  6  2  0
  6 18  1  0
  7  8  1  0
  7 14  1  0
  8  9  1  0
  8 12  1  0
  8 28  1  6
  9 10  2  0
  9 11  1  0
 12 13  1  0
 13 29  1  0
 13 30  1  0
 13 31  1  0
 14 15  1  0
 14 32  1  0
 14 33  1  0
 15 16  1  0
 15 34  1  0
 15 35  1  0
 16 17  1  0
 17 36  1  0
 17 37  1  0
 17 38  1  0
 18 19  1  0
 18 39  1  0
 19 20  2  0
 19 24  1  0
 20 21  1  0
 20 40  1  0
 21 22  2  0
 21 41  1  0
 22 23  1  0
 22 42  1  0
 23 24  2  0
 23 26  1  0
 24 25  1  0
 25 43  1  0
M  CHG  1  11  -1
M  END
"
test-89,"C[P@@](=O)(O)O[C@@H]1CN(c2ncc(Br)cn2)c2ccc(F)cc2N1
     RDKit          3D

 36 38  0  0  1  0  0  0  0  0999 V2000
   14.9069  -52.7883   54.1218 C   0  0  0  0  0  0  0  0  0  0  0  0
   16.1892  -52.5068   54.4772 N   0  0  0  0  0  0  0  0  0  0  0  0
   17.1717  -52.9554   53.6451 C   0  0  0  0  0  0  0  0  0  0  0  0
   16.9500  -53.7024   52.5218 N   0  0  0  0  0  0  0  0  0  0  0  0
   15.6590  -53.9759   52.2023 C   0  0  0  0  0  0  0  0  0  0  0  0
   14.5936  -53.5292   52.9821 C   0  0  0  0  0  0  0  0  0  0  0  0
   12.7936  -53.9251   52.5203 Br  0  0  0  0  0  0  0  0  0  0  0  0
   18.4993  -52.6277   53.9346 N   0  0  0  0  0  0  0  0  0  0  0  0
   19.4590  -53.7473   53.9598 C   0  0  0  0  0  0  0  0  0  0  0  0
   20.9070  -53.2858   53.7211 C   0  0  1  0  0  0  0  0  0  0  0  0
   21.2610  -52.3322   54.7640 N   0  0  0  0  0  0  0  0  0  0  0  0
   20.3175  -51.3051   54.9593 C   0  0  0  0  0  0  0  0  0  0  0  0
   20.7842  -50.1081   55.5080 C   0  0  0  0  0  0  0  0  0  0  0  0
   19.9516  -48.9973   55.5878 C   0  0  0  0  0  0  0  0  0  0  0  0
   18.6588  -49.0654   55.0822 C   0  0  0  0  0  0  0  0  0  0  0  0
   18.1885  -50.2538   54.5251 C   0  0  0  0  0  0  0  0  0  0  0  0
   18.9817  -51.4134   54.4793 C   0  0  0  0  0  0  0  0  0  0  0  0
   20.4103  -47.8439   56.1239 F   0  0  0  0  0  0  0  0  0  0  0  0
   21.8078  -54.3763   53.7216 O   0  0  0  0  0  0  0  0  0  0  0  0
   22.2067  -55.1197   52.3289 P   0  0  2  0  0  0  0  0  0  0  0  0
   22.8354  -56.7263   52.9221 C   0  0  0  0  0  0  0  0  0  0  0  0
   23.0504  -54.3290   51.3981 O   0  0  0  0  0  0  0  0  0  0  0  0
   20.7691  -55.5288   51.7092 O   0  0  0  0  0  0  0  0  0  0  0  0
   14.1313  -52.4411   54.7895 H   0  0  0  0  0  0  0  0  0  0  0  0
   15.4907  -54.5769   51.3202 H   0  0  0  0  0  0  0  0  0  0  0  0
   19.3873  -54.2473   54.9271 H   0  0  0  0  0  0  0  0  0  0  0  0
   19.1972  -54.4960   53.2162 H   0  0  0  0  0  0  0  0  0  0  0  0
   20.9807  -52.7919   52.7569 H   0  0  0  0  0  0  0  0  0  0  0  0
   22.2501  -52.1817   54.8955 H   0  0  0  0  0  0  0  0  0  0  0  0
   21.8019  -50.0258   55.8618 H   0  0  0  0  0  0  0  0  0  0  0  0
   18.0232  -48.1923   55.1151 H   0  0  0  0  0  0  0  0  0  0  0  0
   17.1893  -50.2470   54.1215 H   0  0  0  0  0  0  0  0  0  0  0  0
   22.1605  -57.1422   53.6686 H   0  0  0  0  0  0  0  0  0  0  0  0
   22.9343  -57.4326   52.0982 H   0  0  0  0  0  0  0  0  0  0  0  0
   23.8137  -56.5982   53.3833 H   0  0  0  0  0  0  0  0  0  0  0  0
   20.1642  -55.9697   52.3360 H   0  0  0  0  0  0  0  0  0  0  0  0
  1  2  2  0
  1  6  1  0
  1 24  1  0
  2  3  1  0
  3  4  2  0
  3  8  1  0
  4  5  1  0
  5  6  2  0
  5 25  1  0
  6  7  1  0
  8  9  1  0
  8 17  1  0
  9 10  1  0
  9 26  1  0
  9 27  1  0
 10 11  1  0
 10 19  1  0
 10 28  1  6
 11 12  1  0
 11 29  1  0
 12 13  2  0
 12 17  1  0
 13 14  1  0
 13 30  1  0
 14 15  2  0
 14 18  1  0
 15 16  1  0
 15 31  1  0
 16 17  2  0
 16 32  1  0
 20 19  1  1
 20 21  1  0
 20 22  2  0
 20 23  1  0
 21 33  1  0
 21 34  1  0
 21 35  1  0
 23 36  1  0
M  END
"
test-90,"CO[C@H]1C(=O)NC(=O)CC1n1c([O-])cc2cn[nH+]cc21
     RDKit          3D

 32 34  0  0  1  0  0  0  0  0999 V2000
   17.5868    6.3435    3.5208 N   0  0  0  0  0  0  0  0  0  0  0  0
   17.9941    7.0396    2.4326 C   0  0  0  0  0  0  0  0  0  0  0  0
   17.4686    6.8164    1.1516 C   0  0  0  0  0  0  0  0  0  0  0  0
   17.6851    7.3803   -0.1342 C   0  0  0  0  0  0  0  0  0  0  0  0
   16.8344    6.7415   -1.0046 C   0  0  0  0  0  0  0  0  0  0  0  0
   16.1083    5.7481   -0.3388 N   0  0  0  0  0  0  0  0  0  0  0  0
   16.4683    5.8063    1.0084 C   0  0  0  0  0  0  0  0  0  0  0  0
   16.0422    5.0849    2.1370 C   0  0  0  0  0  0  0  0  0  0  0  0
   16.6343    5.4085    3.3058 N   0  0  0  0  0  0  0  0  0  0  0  0
   15.1025    4.7919   -0.8825 C   0  0  2  0  0  0  0  0  0  0  0  0
   15.5831    4.0622   -2.1662 C   0  0  0  0  0  0  0  0  0  0  0  0
   14.5332    3.0346   -2.6287 C   0  0  0  0  0  0  0  0  0  0  0  0
   14.8211    1.9920   -3.2061 O   0  0  0  0  0  0  0  0  0  0  0  0
   13.2526    3.3764   -2.3708 N   0  0  0  0  0  0  0  0  0  0  0  0
   12.7019    4.4131   -1.6977 C   0  0  0  0  0  0  0  0  0  0  0  0
   11.4816    4.5143   -1.5907 O   0  0  0  0  0  0  0  0  0  0  0  0
   13.7060    5.4400   -1.0826 C   0  0  2  0  0  0  0  0  0  0  0  0
   13.7829    6.5678   -1.9619 O   0  0  0  0  0  0  0  0  0  0  0  0
   12.6319    7.3894   -2.1001 C   0  0  0  0  0  0  0  0  0  0  0  0
   16.7266    7.0069   -2.2402 O   0  0  0  0  0  0  0  0  0  0  0  0
   18.7512    7.7903    2.5974 H   0  0  0  0  0  0  0  0  0  0  0  0
   18.3659    8.1731   -0.4042 H   0  0  0  0  0  0  0  0  0  0  0  0
   15.2972    4.3048    2.1576 H   0  0  0  0  0  0  0  0  0  0  0  0
   16.3871    4.9167    4.1718 H   0  0  0  0  0  0  0  0  0  0  0  0
   14.9816    4.0094   -0.1277 H   0  0  0  0  0  0  0  0  0  0  0  0
   15.7091    4.7372   -3.0109 H   0  0  0  0  0  0  0  0  0  0  0  0
   16.5342    3.5608   -2.0122 H   0  0  0  0  0  0  0  0  0  0  0  0
   12.5800    2.7140   -2.7279 H   0  0  0  0  0  0  0  0  0  0  0  0
   13.3219    5.7807   -0.1188 H   0  0  0  0  0  0  0  0  0  0  0  0
   12.0378    7.4367   -1.1902 H   0  0  0  0  0  0  0  0  0  0  0  0
   12.9417    8.3932   -2.3724 H   0  0  0  0  0  0  0  0  0  0  0  0
   11.9889    7.0079   -2.8911 H   0  0  0  0  0  0  0  0  0  0  0  0
  1  2  2  0
  1  9  1  0
  2  3  1  0
  2 21  1  0
  3  4  1  0
  3  7  2  0
  4  5  2  0
  4 22  1  0
  5  6  1  0
  5 20  1  0
  6  7  1  0
  6 10  1  0
  7  8  1  0
  8  9  2  0
  8 23  1  0
  9 24  1  0
 10 11  1  0
 10 17  1  0
 10 25  1  1
 11 12  1  0
 11 26  1  0
 11 27  1  0
 12 13  2  0
 12 14  1  0
 14 15  1  0
 14 28  1  0
 15 16  2  0
 15 17  1  0
 17 18  1  0
 17 29  1  1
 18 19  1  0
 19 30  1  0
 19 31  1  0
 19 32  1  0
M  CHG  2   9   1  20  -1
M  END
"
test-91,"C[C@@H]1CCCN1C(=O)CN1C(=O)[C@@](F)(CC=O)[C@]2(C[C@@H]2c2ccccc2)N=C1N
     RDKit          3D

 54 57  0  0  1  0  0  0  0  0999 V2000
   20.9988   35.7698   59.3646 N   0  0  0  0  0  0  0  0  0  0  0  0
   21.1328   34.7799   58.3694 C   0  0  0  0  0  0  0  0  0  0  0  0
   20.7220   35.0927   57.2009 N   0  0  0  0  0  0  0  0  0  0  0  0
   21.0214   34.1977   56.0985 C   0  0  2  0  0  0  0  0  0  0  0  0
   20.5614   34.6918   54.7410 C   0  0  0  0  0  0  0  0  0  0  0  0
   19.7769   33.6058   55.4275 C   0  0  1  0  0  0  0  0  0  0  0  0
   22.4177   33.4898   56.2632 C   0  0  2  0  0  0  0  0  0  0  0  0
   22.4469   32.8478   57.6983 C   0  0  0  0  0  0  0  0  0  0  0  0
   23.0971   31.8253   57.9422 O   0  0  0  0  0  0  0  0  0  0  0  0
   21.7357   33.5615   58.6488 N   0  0  0  0  0  0  0  0  0  0  0  0
   21.8758   33.1162   60.0724 C   0  0  0  0  0  0  0  0  0  0  0  0
   21.1880   31.8201   60.5975 C   0  0  0  0  0  0  0  0  0  0  0  0
   21.5669   31.5017   61.7280 O   0  0  0  0  0  0  0  0  0  0  0  0
   20.2624   31.0442   59.9582 N   0  0  0  0  0  0  0  0  0  0  0  0
   19.8575   29.7578   60.5543 C   0  0  0  0  0  0  0  0  0  0  0  0
   19.6176   28.8918   59.3263 C   0  0  0  0  0  0  0  0  0  0  0  0
   18.9616   29.8526   58.3625 C   0  0  0  0  0  0  0  0  0  0  0  0
   19.6212   31.2161   58.6419 C   0  0  1  0  0  0  0  0  0  0  0  0
   18.5867   32.3488   58.5648 C   0  0  0  0  0  0  0  0  0  0  0  0
   23.7087   34.3640   56.1881 C   0  0  0  0  0  0  0  0  0  0  0  0
   23.7730   35.3206   54.9979 C   0  0  0  0  0  0  0  0  0  0  0  0
   24.6621   35.2207   54.1546 O   0  0  0  0  0  0  0  0  0  0  0  0
   22.5908   32.5118   55.3707 F   0  0  0  0  0  0  0  0  0  0  0  0
   19.5855   32.2836   54.6986 C   0  0  0  0  0  0  0  0  0  0  0  0
   20.1189   31.0856   55.1768 C   0  0  0  0  0  0  0  0  0  0  0  0
   19.7990   29.8825   54.5600 C   0  0  0  0  0  0  0  0  0  0  0  0
   18.9642   29.8816   53.4464 C   0  0  0  0  0  0  0  0  0  0  0  0
   18.4500   31.0733   52.9421 C   0  0  0  0  0  0  0  0  0  0  0  0
   18.7579   32.2742   53.5724 C   0  0  0  0  0  0  0  0  0  0  0  0
   20.5954   35.4938   60.2592 H   0  0  0  0  0  0  0  0  0  0  0  0
   20.5427   36.6279   59.0679 H   0  0  0  0  0  0  0  0  0  0  0  0
   20.0806   35.6639   54.6558 H   0  0  0  0  0  0  0  0  0  0  0  0
   21.1288   34.4296   53.8478 H   0  0  0  0  0  0  0  0  0  0  0  0
   18.8387   33.9481   55.8690 H   0  0  0  0  0  0  0  0  0  0  0  0
   21.5880   33.8979   60.7750 H   0  0  0  0  0  0  0  0  0  0  0  0
   22.9429   32.9716   60.2478 H   0  0  0  0  0  0  0  0  0  0  0  0
   20.6163   29.3048   61.1950 H   0  0  0  0  0  0  0  0  0  0  0  0
   18.9216   29.8986   61.0971 H   0  0  0  0  0  0  0  0  0  0  0  0
   20.5689   28.5376   58.9244 H   0  0  0  0  0  0  0  0  0  0  0  0
   19.0107   28.0129   59.5464 H   0  0  0  0  0  0  0  0  0  0  0  0
   19.0432   29.5472   57.3203 H   0  0  0  0  0  0  0  0  0  0  0  0
   17.8947   29.8797   58.5933 H   0  0  0  0  0  0  0  0  0  0  0  0
   20.4097   31.4004   57.9308 H   0  0  0  0  0  0  0  0  0  0  0  0
   17.7304   32.1216   59.1974 H   0  0  0  0  0  0  0  0  0  0  0  0
   18.9682   33.3080   58.9010 H   0  0  0  0  0  0  0  0  0  0  0  0
   18.1981   32.4627   57.5539 H   0  0  0  0  0  0  0  0  0  0  0  0
   24.5918   33.7241   56.1668 H   0  0  0  0  0  0  0  0  0  0  0  0
   23.8012   34.9895   57.0769 H   0  0  0  0  0  0  0  0  0  0  0  0
   22.9980   36.0872   54.9669 H   0  0  0  0  0  0  0  0  0  0  0  0
   20.7814   31.0662   56.0218 H   0  0  0  0  0  0  0  0  0  0  0  0
   20.2060   28.9555   54.9363 H   0  0  0  0  0  0  0  0  0  0  0  0
   18.7188   28.9466   52.9654 H   0  0  0  0  0  0  0  0  0  0  0  0
   17.8096   31.0629   52.0714 H   0  0  0  0  0  0  0  0  0  0  0  0
   18.3349   33.1955   53.1982 H   0  0  0  0  0  0  0  0  0  0  0  0
  1  2  1  0
  1 30  1  0
  1 31  1  0
  2  3  2  0
  2 10  1  0
  3  4  1  0
  4  5  1  6
  4  7  1  0
  4  6  1  0
  5  6  1  0
  5 32  1  0
  5 33  1  0
  6 24  1  0
  6 34  1  1
  7  8  1  0
  7 20  1  0
  7 23  1  6
  8  9  2  0
  8 10  1  0
 10 11  1  0
 11 12  1  0
 11 35  1  0
 11 36  1  0
 12 13  2  0
 12 14  1  0
 14 15  1  0
 14 18  1  0
 15 16  1  0
 15 37  1  0
 15 38  1  0
 16 17  1  0
 16 39  1  0
 16 40  1  0
 17 18  1  0
 17 41  1  0
 17 42  1  0
 18 19  1  0
 18 43  1  6
 19 44  1  0
 19 45  1  0
 19 46  1  0
 20 21  1  0
 20 47  1  0
 20 48  1  0
 21 22  2  0
 21 49  1  0
 24 25  2  0
 24 29  1  0
 25 26  1  0
 25 50  1  0
 26 27  2  0
 26 51  1  0
 27 28  1  0
 27 52  1  0
 28 29  2  0
 28 53  1  0
 29 54  1  0
M  END
"
test-92,"COC1=N[C@H](C2CC2)N(C(=O)C2CC[NH+](CCCc3ccc(F)cc3)CC2)[C@H](c2ccccc2Cl)N1
     RDKit          3D

 71 75  0  0  1  0  0  0  0  0999 V2000
   22.4321  -28.0656  -21.1723 C   0  0  0  0  0  0  0  0  0  0  0  0
   22.1907  -29.4556  -21.4238 O   0  0  0  0  0  0  0  0  0  0  0  0
   22.3890  -30.3422  -20.3902 C   0  0  0  0  0  0  0  0  0  0  0  0
   22.2916  -29.9564  -19.1734 N   0  0  0  0  0  0  0  0  0  0  0  0
   22.6436  -30.8804  -18.0773 C   0  0  1  0  0  0  0  0  0  0  0  0
   23.5242  -31.9921  -18.5657 N   0  0  0  0  0  0  0  0  0  0  0  0
   23.0259  -32.6686  -19.7869 C   0  0  2  0  0  0  0  0  0  0  0  0
   22.7735  -31.6098  -20.7793 N   0  0  0  0  0  0  0  0  0  0  0  0
   21.8637  -33.6506  -19.5416 C   0  0  0  0  0  0  0  0  0  0  0  0
   20.5305  -33.2205  -19.6489 C   0  0  0  0  0  0  0  0  0  0  0  0
   19.4728  -34.1003  -19.4235 C   0  0  0  0  0  0  0  0  0  0  0  0
   19.7286  -35.4340  -19.1156 C   0  0  0  0  0  0  0  0  0  0  0  0
   21.0456  -35.8815  -19.0183 C   0  0  0  0  0  0  0  0  0  0  0  0
   22.1093  -34.9999  -19.2251 C   0  0  0  0  0  0  0  0  0  0  0  0
   23.7187  -35.6130  -19.0765 Cl  0  0  0  0  0  0  0  0  0  0  0  0
   24.7029  -32.3134  -17.9867 C   0  0  0  0  0  0  0  0  0  0  0  0
   24.7921  -33.2698  -17.2206 O   0  0  0  0  0  0  0  0  0  0  0  0
   25.9181  -31.3671  -18.1851 C   0  0  2  0  0  0  0  0  0  0  0  0
   25.9458  -30.6746  -19.5681 C   0  0  0  0  0  0  0  0  0  0  0  0
   26.9428  -29.5129  -19.4795 C   0  0  0  0  0  0  0  0  0  0  0  0
   28.3455  -30.0380  -19.0588 N   0  0  2  0  0  0  0  0  0  0  0  0
   28.3422  -30.9645  -17.8078 C   0  0  0  0  0  0  0  0  0  0  0  0
   27.2742  -32.0703  -17.9590 C   0  0  0  0  0  0  0  0  0  0  0  0
   29.3586  -28.8704  -18.8841 C   0  0  0  0  0  0  0  0  0  0  0  0
   28.8217  -27.7365  -17.9726 C   0  0  0  0  0  0  0  0  0  0  0  0
   29.8871  -26.7109  -17.5475 C   0  0  0  0  0  0  0  0  0  0  0  0
   29.4058  -25.5610  -16.6594 C   0  0  0  0  0  0  0  0  0  0  0  0
   28.0682  -25.4216  -16.2583 C   0  0  0  0  0  0  0  0  0  0  0  0
   27.6881  -24.3596  -15.4414 C   0  0  0  0  0  0  0  0  0  0  0  0
   28.6397  -23.4344  -15.0271 C   0  0  0  0  0  0  0  0  0  0  0  0
   29.9668  -23.5610  -15.4237 C   0  0  0  0  0  0  0  0  0  0  0  0
   30.3513  -24.6262  -16.2304 C   0  0  0  0  0  0  0  0  0  0  0  0
   28.2728  -22.4053  -14.2339 F   0  0  0  0  0  0  0  0  0  0  0  0
   23.1093  -30.0207  -16.8748 C   0  0  0  0  0  0  0  0  0  0  0  0
   22.0885  -29.4685  -15.9064 C   0  0  0  0  0  0  0  0  0  0  0  0
   23.0364  -30.5737  -15.4713 C   0  0  0  0  0  0  0  0  0  0  0  0
   23.4927  -27.8778  -20.9981 H   0  0  0  0  0  0  0  0  0  0  0  0
   22.1415  -27.4880  -22.0492 H   0  0  0  0  0  0  0  0  0  0  0  0
   21.8691  -27.6668  -20.3263 H   0  0  0  0  0  0  0  0  0  0  0  0
   21.7145  -31.3625  -17.7611 H   0  0  0  0  0  0  0  0  0  0  0  0
   23.8155  -33.2539  -20.2637 H   0  0  0  0  0  0  0  0  0  0  0  0
   23.0447  -31.7936  -21.7336 H   0  0  0  0  0  0  0  0  0  0  0  0
   20.3009  -32.1929  -19.8911 H   0  0  0  0  0  0  0  0  0  0  0  0
   18.4532  -33.7485  -19.4986 H   0  0  0  0  0  0  0  0  0  0  0  0
   18.9078  -36.1201  -18.9606 H   0  0  0  0  0  0  0  0  0  0  0  0
   21.2434  -36.9172  -18.7823 H   0  0  0  0  0  0  0  0  0  0  0  0
   25.7426  -30.6571  -17.3757 H   0  0  0  0  0  0  0  0  0  0  0  0
   26.2514  -31.3410  -20.3777 H   0  0  0  0  0  0  0  0  0  0  0  0
   25.0108  -30.1696  -19.7987 H   0  0  0  0  0  0  0  0  0  0  0  0
   27.0673  -29.0039  -20.4372 H   0  0  0  0  0  0  0  0  0  0  0  0
   26.5979  -28.7977  -18.7329 H   0  0  0  0  0  0  0  0  0  0  0  0
   28.6617  -30.6191  -19.8261 H   0  0  0  0  0  0  0  0  0  0  0  0
   29.3433  -31.3920  -17.7367 H   0  0  0  0  0  0  0  0  0  0  0  0
   28.1572  -30.3467  -16.9283 H   0  0  0  0  0  0  0  0  0  0  0  0
   27.5573  -32.7165  -18.7931 H   0  0  0  0  0  0  0  0  0  0  0  0
   27.2940  -32.6191  -17.0149 H   0  0  0  0  0  0  0  0  0  0  0  0
   29.5659  -28.5135  -19.8954 H   0  0  0  0  0  0  0  0  0  0  0  0
   30.2712  -29.3252  -18.4955 H   0  0  0  0  0  0  0  0  0  0  0  0
   28.0484  -27.1872  -18.5104 H   0  0  0  0  0  0  0  0  0  0  0  0
   28.3564  -28.1512  -17.0790 H   0  0  0  0  0  0  0  0  0  0  0  0
   30.6690  -27.2265  -16.9937 H   0  0  0  0  0  0  0  0  0  0  0  0
   30.3559  -26.2827  -18.4357 H   0  0  0  0  0  0  0  0  0  0  0  0
   27.3105  -26.1255  -16.5642 H   0  0  0  0  0  0  0  0  0  0  0  0
   26.6609  -24.2537  -15.1260 H   0  0  0  0  0  0  0  0  0  0  0  0
   30.6986  -22.8400  -15.0900 H   0  0  0  0  0  0  0  0  0  0  0  0
   31.3881  -24.7255  -16.5181 H   0  0  0  0  0  0  0  0  0  0  0  0
   23.9359  -29.3579  -17.1277 H   0  0  0  0  0  0  0  0  0  0  0  0
   22.2337  -28.4578  -15.5220 H   0  0  0  0  0  0  0  0  0  0  0  0
   21.0348  -29.6947  -16.0787 H   0  0  0  0  0  0  0  0  0  0  0  0
   23.8450  -30.3408  -14.7781 H   0  0  0  0  0  0  0  0  0  0  0  0
   22.6499  -31.5833  -15.3255 H   0  0  0  0  0  0  0  0  0  0  0  0
  1  2  1  0
  1 37  1  0
  1 38  1  0
  1 39  1  0
  2  3  1  0
  3  4  2  0
  3  8  1  0
  4  5  1  0
  5  6  1  0
  5 34  1  0
  5 40  1  1
  6  7  1  0
  6 16  1  0
  7  8  1  0
  7  9  1  0
  7 41  1  6
  8 42  1  0
  9 10  2  0
  9 14  1  0
 10 11  1  0
 10 43  1  0
 11 12  2  0
 11 44  1  0
 12 13  1  0
 12 45  1  0
 13 14  2  0
 13 46  1  0
 14 15  1  0
 16 17  2  0
 16 18  1  0
 18 19  1  0
 18 23  1  0
 18 47  1  1
 19 20  1  0
 19 48  1  0
 19 49  1  0
 20 21  1  0
 20 50  1  0
 20 51  1  0
 21 22  1  0
 21 24  1  0
 21 52  1  6
 22 23  1  0
 22 53  1  0
 22 54  1  0
 23 55  1  0
 23 56  1  0
 24 25  1  0
 24 57  1  0
 24 58  1  0
 25 26  1  0
 25 59  1  0
 25 60  1  0
 26 27  1  0
 26 61  1  0
 26 62  1  0
 27 28  2  0
 27 32  1  0
 28 29  1  0
 28 63  1  0
 29 30  2  0
 29 64  1  0
 30 31  1  0
 30 33  1  0
 31 32  2  0
 31 65  1  0
 32 66  1  0
 34 35  1  0
 34 36  1  0
 34 67  1  0
 35 36  1  0
 35 68  1  0
 35 69  1  0
 36 70  1  0
 36 71  1  0
M  CHG  1  21   1
M  END
"
test-93,"COc1c(C=NO)ccc(CS(C)(=O)=O)c1Br
     RDKit          3D

 29 29  0  0  1  0  0  0  0  0999 V2000
   29.4944   -2.9621    3.3717 O   0  0  0  0  0  0  0  0  0  0  0  0
   28.5777   -1.9406    3.5981 N   0  0  0  0  0  0  0  0  0  0  0  0
   29.1600   -0.8648    3.9308 C   0  0  0  0  0  0  0  0  0  0  0  0
   28.4676    0.3559    4.3787 C   0  0  0  0  0  0  0  0  0  0  0  0
   29.2512    1.4956    4.5712 C   0  0  0  0  0  0  0  0  0  0  0  0
   28.6942    2.6820    5.0301 C   0  0  0  0  0  0  0  0  0  0  0  0
   27.3301    2.7723    5.2979 C   0  0  0  0  0  0  0  0  0  0  0  0
   26.5149    1.6518    5.0874 C   0  0  0  0  0  0  0  0  0  0  0  0
   27.0832    0.4427    4.6569 C   0  0  0  0  0  0  0  0  0  0  0  0
   26.2637   -0.6552    4.5493 O   0  0  0  0  0  0  0  0  0  0  0  0
   26.3299   -1.5202    5.6763 C   0  0  0  0  0  0  0  0  0  0  0  0
   24.6265    1.7470    5.3761 Br  0  0  0  0  0  0  0  0  0  0  0  0
   26.7840    4.0993    5.8050 C   0  0  0  0  0  0  0  0  0  0  0  0
   26.2415    5.2213    4.3937 S   0  0  0  0  0  0  0  0  0  0  0  0
   26.5088    6.9476    5.0807 C   0  0  0  0  0  0  0  0  0  0  0  0
   24.8021    5.0409    4.1819 O   0  0  0  0  0  0  0  0  0  0  0  0
   27.1727    5.0380    3.2781 O   0  0  0  0  0  0  0  0  0  0  0  0
   28.9352   -3.6623    3.0260 H   0  0  0  0  0  0  0  0  0  0  0  0
   30.2467   -0.7856    3.9239 H   0  0  0  0  0  0  0  0  0  0  0  0
   30.3119    1.4771    4.3678 H   0  0  0  0  0  0  0  0  0  0  0  0
   29.3342    3.5421    5.1570 H   0  0  0  0  0  0  0  0  0  0  0  0
   27.3536   -1.7620    5.9513 H   0  0  0  0  0  0  0  0  0  0  0  0
   25.8944   -1.0582    6.5553 H   0  0  0  0  0  0  0  0  0  0  0  0
   25.8205   -2.4566    5.4517 H   0  0  0  0  0  0  0  0  0  0  0  0
   27.5555    4.6364    6.3558 H   0  0  0  0  0  0  0  0  0  0  0  0
   25.9393    3.9800    6.4817 H   0  0  0  0  0  0  0  0  0  0  0  0
   27.5631    7.0615    5.3322 H   0  0  0  0  0  0  0  0  0  0  0  0
   26.2243    7.6674    4.3151 H   0  0  0  0  0  0  0  0  0  0  0  0
   25.8976    7.0701    5.9728 H   0  0  0  0  0  0  0  0  0  0  0  0
  1  2  1  0
  1 18  1  0
  2  3  2  0
  3  4  1  0
  3 19  1  0
  4  5  2  0
  4  9  1  0
  5  6  1  0
  5 20  1  0
  6  7  2  0
  6 21  1  0
  7  8  1  0
  7 13  1  0
  8  9  2  0
  8 12  1  0
  9 10  1  0
 10 11  1  0
 11 22  1  0
 11 23  1  0
 11 24  1  0
 13 14  1  0
 13 25  1  0
 13 26  1  0
 14 15  1  0
 14 16  2  0
 14 17  2  0
 15 27  1  0
 15 28  1  0
 15 29  1  0
M  END
"
test-94,"C[C@@H]1C(=O)C([NH+]=Cc2cncc(=O)o2)[C@H](CF)n2ccnc21
     RDKit          3D

 36 38  0  0  1  0  0  0  0  0999 V2000
   13.1740   33.8875   62.5786 C   0  0  0  0  0  0  0  0  0  0  0  0
   14.2708   33.3467   63.1972 N   0  0  0  0  0  0  0  0  0  0  0  0
   14.2001   32.1445   63.6607 C   0  0  0  0  0  0  0  0  0  0  0  0
   12.9900   31.3075   63.5746 C   0  0  0  0  0  0  0  0  0  0  0  0
   12.8780   30.1504   63.9737 O   0  0  0  0  0  0  0  0  0  0  0  0
   11.9029   31.9415   62.9655 O   0  0  0  0  0  0  0  0  0  0  0  0
   11.9915   33.2162   62.4609 C   0  0  0  0  0  0  0  0  0  0  0  0
   10.8290   33.6361   61.8517 C   0  0  0  0  0  0  0  0  0  0  0  0
   10.7619   34.6419   60.9898 N   0  0  0  0  0  0  0  0  0  0  0  0
    9.5000   35.1093   60.3252 C   0  0  1  0  0  0  0  0  0  0  0  0
    9.6758   36.6437   60.1491 C   0  0  0  0  0  0  0  0  0  0  0  0
   10.4297   37.3115   60.8606 O   0  0  0  0  0  0  0  0  0  0  0  0
    8.8035   37.3235   59.0760 C   0  0  1  0  0  0  0  0  0  0  0  0
    8.1271   36.3838   58.0909 C   0  0  0  0  0  0  0  0  0  0  0  0
    7.3052   36.7633   57.1354 N   0  0  0  0  0  0  0  0  0  0  0  0
    6.9393   35.6564   56.5234 C   0  0  0  0  0  0  0  0  0  0  0  0
    7.5502   34.5480   57.0786 C   0  0  0  0  0  0  0  0  0  0  0  0
    8.3162   35.0170   58.1218 N   0  0  0  0  0  0  0  0  0  0  0  0
    9.2438   34.2913   59.0048 C   0  0  2  0  0  0  0  0  0  0  0  0
    8.7556   32.8466   59.2917 C   0  0  0  0  0  0  0  0  0  0  0  0
    7.6319   32.7981   60.0064 F   0  0  0  0  0  0  0  0  0  0  0  0
    7.7968   38.2774   59.7588 C   0  0  0  0  0  0  0  0  0  0  0  0
   13.2950   34.8899   62.1908 H   0  0  0  0  0  0  0  0  0  0  0  0
   15.0890   31.7509   64.1399 H   0  0  0  0  0  0  0  0  0  0  0  0
    9.9147   33.0992   62.0610 H   0  0  0  0  0  0  0  0  0  0  0  0
   11.6084   35.1594   60.7626 H   0  0  0  0  0  0  0  0  0  0  0  0
    8.6658   34.9809   61.0187 H   0  0  0  0  0  0  0  0  0  0  0  0
    9.4970   37.9464   58.5108 H   0  0  0  0  0  0  0  0  0  0  0  0
    6.2447   35.6697   55.6953 H   0  0  0  0  0  0  0  0  0  0  0  0
    7.4942   33.4980   56.8353 H   0  0  0  0  0  0  0  0  0  0  0  0
   10.1845   34.2268   58.4556 H   0  0  0  0  0  0  0  0  0  0  0  0
    9.4886   32.2715   59.8533 H   0  0  0  0  0  0  0  0  0  0  0  0
    8.5755   32.2819   58.3774 H   0  0  0  0  0  0  0  0  0  0  0  0
    7.0245   37.7321   60.3042 H   0  0  0  0  0  0  0  0  0  0  0  0
    8.2884   38.9520   60.4583 H   0  0  0  0  0  0  0  0  0  0  0  0
    7.2956   38.9078   59.0235 H   0  0  0  0  0  0  0  0  0  0  0  0
  1  2  1  0
  1  7  2  0
  1 23  1  0
  2  3  2  0
  3  4  1  0
  3 24  1  0
  4  5  2  0
  4  6  1  0
  6  7  1  0
  7  8  1  0
  8  9  2  3
  8 25  1  0
  9 10  1  0
  9 26  1  0
 10 11  1  0
 10 19  1  0
 10 27  1  1
 11 12  2  0
 11 13  1  0
 13 14  1  0
 13 22  1  0
 13 28  1  6
 14 15  2  0
 14 18  1  0
 15 16  1  0
 16 17  2  0
 16 29  1  0
 17 18  1  0
 17 30  1  0
 18 19  1  0
 19 20  1  0
 19 31  1  6
 20 21  1  0
 20 32  1  0
 20 33  1  0
 22 34  1  0
 22 35  1  0
 22 36  1  0
M  CHG  1   9   1
M  END
"
test-95,"CC(=C(C#N)CCl)c1ccc(-c2c([O-])[nH]c(=O)n2CC(CO)CC[NH3+])c(Br)c1
     RDKit          3D

 50 51  0  0  1  0  0  0  0  0999 V2000
   43.1763   18.3816   54.5844 O   0  0  0  0  0  0  0  0  0  0  0  0
   43.6740   17.0858   54.8404 C   0  0  0  0  0  0  0  0  0  0  0  0
   43.1852   16.0178   53.8253 C   0  0  1  0  0  0  0  0  0  0  0  0
   44.1367   14.7915   53.9200 C   0  0  0  0  0  0  0  0  0  0  0  0
   43.8305   13.5895   53.0065 C   0  0  0  0  0  0  0  0  0  0  0  0
   43.7668   14.0274   51.5417 N   0  0  0  0  0  0  0  0  0  0  0  0
   41.7007   15.5553   53.9673 C   0  0  0  0  0  0  0  0  0  0  0  0
   40.6462   16.5711   53.8727 N   0  0  0  0  0  0  0  0  0  0  0  0
   40.2148   17.2251   54.9779 C   0  0  0  0  0  0  0  0  0  0  0  0
   40.7780   17.3878   56.0689 O   0  0  0  0  0  0  0  0  0  0  0  0
   38.9749   17.6263   54.6467 N   0  0  0  0  0  0  0  0  0  0  0  0
   38.6687   17.3035   53.3997 C   0  0  0  0  0  0  0  0  0  0  0  0
   39.7104   16.6551   52.8818 C   0  0  0  0  0  0  0  0  0  0  0  0
   39.8963   16.0538   51.5311 C   0  0  0  0  0  0  0  0  0  0  0  0
   41.0789   16.3455   50.8348 C   0  0  0  0  0  0  0  0  0  0  0  0
   41.4033   15.6894   49.6453 C   0  0  0  0  0  0  0  0  0  0  0  0
   40.5350   14.7342   49.1160 C   0  0  0  0  0  0  0  0  0  0  0  0
   39.3276   14.4824   49.7675 C   0  0  0  0  0  0  0  0  0  0  0  0
   38.9981   15.1293   50.9580 C   0  0  0  0  0  0  0  0  0  0  0  0
   37.3560   14.5883   51.7743 Br  0  0  0  0  0  0  0  0  0  0  0  0
   40.8931   13.8984   47.9544 C   0  0  0  0  0  0  0  0  0  0  0  0
   41.9442   12.8428   48.2147 C   0  0  0  0  0  0  0  0  0  0  0  0
   40.2939   14.0320   46.7514 C   0  0  0  0  0  0  0  0  0  0  0  0
   39.4295   15.1170   46.4769 C   0  0  0  0  0  0  0  0  0  0  0  0
   38.7740   16.0201   46.2122 N   0  0  0  0  0  0  0  0  0  0  0  0
   40.4396   13.0538   45.6028 C   0  0  0  0  0  0  0  0  0  0  0  0
   41.5688   13.6285   44.3573 Cl  0  0  0  0  0  0  0  0  0  0  0  0
   37.5346   17.6310   52.8917 O   0  0  0  0  0  0  0  0  0  0  0  0
   42.4936   18.5752   55.2366 H   0  0  0  0  0  0  0  0  0  0  0  0
   44.7622   17.1468   54.8453 H   0  0  0  0  0  0  0  0  0  0  0  0
   43.4100   16.7927   55.8591 H   0  0  0  0  0  0  0  0  0  0  0  0
   43.3088   16.4557   52.8349 H   0  0  0  0  0  0  0  0  0  0  0  0
   45.1628   15.1125   53.7296 H   0  0  0  0  0  0  0  0  0  0  0  0
   44.1429   14.4302   54.9493 H   0  0  0  0  0  0  0  0  0  0  0  0
   44.6144   12.8319   53.0427 H   0  0  0  0  0  0  0  0  0  0  0  0
   42.8713   13.1093   53.2087 H   0  0  0  0  0  0  0  0  0  0  0  0
   44.6262   14.4764   51.2644 H   0  0  0  0  0  0  0  0  0  0  0  0
   43.6228   13.1943   50.9830 H   0  0  0  0  0  0  0  0  0  0  0  0
   42.9917   14.6585   51.3925 H   0  0  0  0  0  0  0  0  0  0  0  0
   41.4662   14.7899   53.2290 H   0  0  0  0  0  0  0  0  0  0  0  0
   41.5854   15.0429   54.9236 H   0  0  0  0  0  0  0  0  0  0  0  0
   38.3194   18.0715   55.2683 H   0  0  0  0  0  0  0  0  0  0  0  0
   41.7661   17.0728   51.2391 H   0  0  0  0  0  0  0  0  0  0  0  0
   42.3397   15.9070   49.1535 H   0  0  0  0  0  0  0  0  0  0  0  0
   38.6492   13.7385   49.3758 H   0  0  0  0  0  0  0  0  0  0  0  0
   42.2997   12.8560   49.2431 H   0  0  0  0  0  0  0  0  0  0  0  0
   41.5753   11.8446   47.9994 H   0  0  0  0  0  0  0  0  0  0  0  0
   42.7738   13.0485   47.5502 H   0  0  0  0  0  0  0  0  0  0  0  0
   40.7731   12.0879   45.9660 H   0  0  0  0  0  0  0  0  0  0  0  0
   39.4771   12.8888   45.1173 H   0  0  0  0  0  0  0  0  0  0  0  0
  1  2  1  0
  1 29  1  0
  2  3  1  0
  2 30  1  0
  2 31  1  0
  3  4  1  0
  3  7  1  0
  3 32  1  6
  4  5  1  0
  4 33  1  0
  4 34  1  0
  5  6  1  0
  5 35  1  0
  5 36  1  0
  6 37  1  0
  6 38  1  0
  6 39  1  0
  7  8  1  0
  7 40  1  0
  7 41  1  0
  8  9  1  0
  8 13  1  0
  9 10  2  0
  9 11  1  0
 11 12  1  0
 11 42  1  0
 12 13  2  0
 12 28  1  0
 13 14  1  0
 14 15  2  0
 14 19  1  0
 15 16  1  0
 15 43  1  0
 16 17  2  0
 16 44  1  0
 17 18  1  0
 17 21  1  0
 18 19  2  0
 18 45  1  0
 19 20  1  0
 21 22  1  0
 21 23  2  3
 22 46  1  0
 22 47  1  0
 22 48  1  0
 23 24  1  0
 23 26  1  0
 24 25  3  0
 26 27  1  0
 26 49  1  0
 26 50  1  0
M  CHG  2   6   1  28  -1
M  END
"
test-96,"CCOC(=O)/C=C/OCC=CCC(O)F
     RDKit          3D

 30 29  0  0  1  0  0  0  0  0999 V2000
    6.2992    9.4754   13.6876 O   0  0  0  0  0  0  0  0  0  0  0  0
    6.3436    9.9021   14.8401 C   0  0  0  0  0  0  0  0  0  0  0  0
    6.9099   11.2121   15.1590 C   0  0  0  0  0  0  0  0  0  0  0  0
    7.6577   11.8761   14.2621 C   0  0  0  0  0  0  0  0  0  0  0  0
    8.2406   13.0666   14.5165 O   0  0  0  0  0  0  0  0  0  0  0  0
    9.3690   13.3860   13.7080 C   0  0  0  0  0  0  0  0  0  0  0  0
   10.6661   12.7797   14.1882 C   0  0  0  0  0  0  0  0  0  0  0  0
   10.8230   11.8062   15.1054 C   0  0  0  0  0  0  0  0  0  0  0  0
   12.1525   11.2119   15.5515 C   0  0  0  0  0  0  0  0  0  0  0  0
   13.4312   11.9148   15.0565 C   0  0  2  0  0  0  0  0  0  0  0  0
   13.5530   13.1741   15.6789 O   0  0  0  0  0  0  0  0  0  0  0  0
   13.4985   12.0976   13.7416 F   0  0  0  0  0  0  0  0  0  0  0  0
    5.8984    9.1406   15.8778 O   0  0  0  0  0  0  0  0  0  0  0  0
    5.9005    9.5304   17.2436 C   0  0  0  0  0  0  0  0  0  0  0  0
    5.4992    8.3148   18.0770 C   0  0  0  0  0  0  0  0  0  0  0  0
    6.7350   11.6407   16.1329 H   0  0  0  0  0  0  0  0  0  0  0  0
    7.8479   11.4984   13.2640 H   0  0  0  0  0  0  0  0  0  0  0  0
    9.2307   13.1009   12.6686 H   0  0  0  0  0  0  0  0  0  0  0  0
    9.5055   14.4609   13.7142 H   0  0  0  0  0  0  0  0  0  0  0  0
   11.5235   13.2173   13.7076 H   0  0  0  0  0  0  0  0  0  0  0  0
    9.9536   11.3837   15.5872 H   0  0  0  0  0  0  0  0  0  0  0  0
   12.1579   11.1882   16.6403 H   0  0  0  0  0  0  0  0  0  0  0  0
   12.1742   10.1687   15.2372 H   0  0  0  0  0  0  0  0  0  0  0  0
   14.2989   11.3011   15.2777 H   0  0  0  0  0  0  0  0  0  0  0  0
   14.4856   13.4109   15.6809 H   0  0  0  0  0  0  0  0  0  0  0  0
    6.8940    9.8649   17.5451 H   0  0  0  0  0  0  0  0  0  0  0  0
    5.1975   10.3518   17.3982 H   0  0  0  0  0  0  0  0  0  0  0  0
    5.4994    8.5582   19.1384 H   0  0  0  0  0  0  0  0  0  0  0  0
    4.5082    7.9458   17.8107 H   0  0  0  0  0  0  0  0  0  0  0  0
    6.2098    7.5020   17.9321 H   0  0  0  0  0  0  0  0  0  0  0  0
  1  2  2  0
  2  3  1  0
  2 13  1  0
  3  4  2  0
  3 16  1  0
  4  5  1  0
  4 17  1  0
  5  6  1  0
  6  7  1  0
  6 18  1  0
  6 19  1  0
  7  8  2  3
  7 20  1  0
  8  9  1  0
  8 21  1  0
  9 10  1  0
  9 22  1  0
  9 23  1  0
 10 11  1  0
 10 12  1  0
 10 24  1  1
 11 25  1  0
 13 14  1  0
 14 15  1  0
 14 26  1  0
 14 27  1  0
 15 28  1  0
 15 29  1  0
 15 30  1  0
M  END
"
test-97,"CCN(C)S(=O)(=O)c1cccc(N2C[C@H]3[C@@H](CNO)C(=O)N3C2c2nnc(Cl)o2)c1
     RDKit          3D

 51 54  0  0  1  0  0  0  0  0999 V2000
   37.9284   18.0360   55.8066 Cl  0  0  0  0  0  0  0  0  0  0  0  0
   37.8005   17.5858   54.1717 C   0  0  0  0  0  0  0  0  0  0  0  0
   36.7069   17.5685   53.4616 N   0  0  0  0  0  0  0  0  0  0  0  0
   37.1074   17.1836   52.1959 N   0  0  0  0  0  0  0  0  0  0  0  0
   38.4092   17.0446   52.2279 C   0  0  0  0  0  0  0  0  0  0  0  0
   38.9136   17.2365   53.4733 O   0  0  0  0  0  0  0  0  0  0  0  0
   39.2988   16.6022   51.0694 C   0  0  2  0  0  0  0  0  0  0  0  0
   39.4948   15.1721   51.0176 N   0  0  0  0  0  0  0  0  0  0  0  0
   39.5809   14.4615   49.8197 C   0  0  0  0  0  0  0  0  0  0  0  0
   38.8422   14.4134   48.8362 O   0  0  0  0  0  0  0  0  0  0  0  0
   41.0001   13.9408   50.1958 C   0  0  2  0  0  0  0  0  0  0  0  0
   40.8208   14.7672   51.5064 C   0  0  1  0  0  0  0  0  0  0  0  0
   41.4425   16.1590   51.7409 C   0  0  0  0  0  0  0  0  0  0  0  0
   40.6517   17.1963   51.0574 N   0  0  0  0  0  0  0  0  0  0  0  0
   41.1273   18.0049   49.9989 C   0  0  0  0  0  0  0  0  0  0  0  0
   40.2397   18.7224   49.1805 C   0  0  0  0  0  0  0  0  0  0  0  0
   40.6868   19.5097   48.1244 C   0  0  0  0  0  0  0  0  0  0  0  0
   42.0482   19.6294   47.8782 C   0  0  0  0  0  0  0  0  0  0  0  0
   42.9612   18.9698   48.6993 C   0  0  0  0  0  0  0  0  0  0  0  0
   42.5019   18.1882   49.7665 C   0  0  0  0  0  0  0  0  0  0  0  0
   44.7136   19.1661   48.3938 S   0  0  0  0  0  0  0  0  0  0  0  0
   45.4084   18.1096   49.1372 O   0  0  0  0  0  0  0  0  0  0  0  0
   44.8801   19.2715   46.9392 O   0  0  0  0  0  0  0  0  0  0  0  0
   45.1148   20.7470   49.1168 N   0  0  0  0  0  0  0  0  0  0  0  0
   44.7539   21.9330   48.3060 C   0  0  0  0  0  0  0  0  0  0  0  0
   44.9409   20.9347   50.5849 C   0  0  0  0  0  0  0  0  0  0  0  0
   45.7404   19.9530   51.4541 C   0  0  0  0  0  0  0  0  0  0  0  0
   42.0978   14.4068   49.1946 C   0  0  0  0  0  0  0  0  0  0  0  0
   41.8245   14.1614   47.7795 N   0  0  0  0  0  0  0  0  0  0  0  0
   41.5738   12.8243   47.6109 O   0  0  0  0  0  0  0  0  0  0  0  0
   38.7739   16.8528   50.1601 H   0  0  0  0  0  0  0  0  0  0  0  0
   41.0633   12.8604   50.3434 H   0  0  0  0  0  0  0  0  0  0  0  0
   40.7760   14.1970   52.4371 H   0  0  0  0  0  0  0  0  0  0  0  0
   41.3763   16.3837   52.8072 H   0  0  0  0  0  0  0  0  0  0  0  0
   42.5128   16.1831   51.5464 H   0  0  0  0  0  0  0  0  0  0  0  0
   39.1747   18.6964   49.3436 H   0  0  0  0  0  0  0  0  0  0  0  0
   39.9727   20.0249   47.4977 H   0  0  0  0  0  0  0  0  0  0  0  0
   42.3895   20.2389   47.0522 H   0  0  0  0  0  0  0  0  0  0  0  0
   43.2347   17.7130   50.3983 H   0  0  0  0  0  0  0  0  0  0  0  0
   43.6825   22.1250   48.3772 H   0  0  0  0  0  0  0  0  0  0  0  0
   45.3116   22.8058   48.6455 H   0  0  0  0  0  0  0  0  0  0  0  0
   44.9978   21.7611   47.2581 H   0  0  0  0  0  0  0  0  0  0  0  0
   45.2570   21.9482   50.8345 H   0  0  0  0  0  0  0  0  0  0  0  0
   43.8779   20.8727   50.8218 H   0  0  0  0  0  0  0  0  0  0  0  0
   45.7384   20.2816   52.4929 H   0  0  0  0  0  0  0  0  0  0  0  0
   45.3072   18.9541   51.4481 H   0  0  0  0  0  0  0  0  0  0  0  0
   46.7803   19.8846   51.1312 H   0  0  0  0  0  0  0  0  0  0  0  0
   43.0647   13.9761   49.4600 H   0  0  0  0  0  0  0  0  0  0  0  0
   42.2293   15.4833   49.2801 H   0  0  0  0  0  0  0  0  0  0  0  0
   40.9848   14.6227   47.4503 H   0  0  0  0  0  0  0  0  0  0  0  0
   40.8411   12.6624   48.2174 H   0  0  0  0  0  0  0  0  0  0  0  0
  1  2  1  0
  2  3  2  0
  2  6  1  0
  3  4  1  0
  4  5  2  0
  5  6  1  0
  5  7  1  0
  7  8  1  0
  7 14  1  0
  7 31  1  6
  8  9  1  0
  8 12  1  0
  9 10  2  0
  9 11  1  0
 11 12  1  0
 11 28  1  0
 11 32  1  1
 12 13  1  0
 12 33  1  1
 13 14  1  0
 13 34  1  0
 13 35  1  0
 14 15  1  0
 15 16  2  0
 15 20  1  0
 16 17  1  0
 16 36  1  0
 17 18  2  0
 17 37  1  0
 18 19  1  0
 18 38  1  0
 19 20  2  0
 19 21  1  0
 20 39  1  0
 21 22  2  0
 21 23  2  0
 21 24  1  0
 24 25  1  0
 24 26  1  0
 25 40  1  0
 25 41  1  0
 25 42  1  0
 26 27  1  0
 26 43  1  0
 26 44  1  0
 27 45  1  0
 27 46  1  0
 27 47  1  0
 28 29  1  0
 28 48  1  0
 28 49  1  0
 29 30  1  0
 29 50  1  0
 30 51  1  0
M  END
"
test-98,"Fc1ncnc2sc(N3CNc4[nH]ncc4C3)nc12
     RDKit          3D

 27 30  0  0  1  0  0  0  0  0999 V2000
   36.1047   34.7604   33.7500 F   0  0  0  0  0  0  0  0  0  0  0  0
   36.9566   35.7707   33.4610 C   0  0  0  0  0  0  0  0  0  0  0  0
   37.3043   36.6531   34.4346 N   0  0  0  0  0  0  0  0  0  0  0  0
   38.1887   37.6286   34.0949 C   0  0  0  0  0  0  0  0  0  0  0  0
   38.7516   37.8546   32.8764 N   0  0  0  0  0  0  0  0  0  0  0  0
   38.3954   36.9652   31.9461 C   0  0  0  0  0  0  0  0  0  0  0  0
   38.9518   36.9227   30.2810 S   0  0  0  0  0  0  0  0  0  0  0  0
   38.0157   35.4433   30.0743 C   0  0  0  0  0  0  0  0  0  0  0  0
   37.3091   35.0682   31.1112 N   0  0  0  0  0  0  0  0  0  0  0  0
   37.5065   35.8855   32.1731 C   0  0  0  0  0  0  0  0  0  0  0  0
   38.0807   34.7323   28.9010 N   0  0  0  0  0  0  0  0  0  0  0  0
   38.5452   35.3028   27.6083 C   0  0  0  0  0  0  0  0  0  0  0  0
   38.5053   34.2801   26.4730 C   0  0  0  0  0  0  0  0  0  0  0  0
   38.5949   34.3247   25.0768 C   0  0  0  0  0  0  0  0  0  0  0  0
   38.4658   33.1395   24.5065 N   0  0  0  0  0  0  0  0  0  0  0  0
   38.3185   32.2912   25.5310 N   0  0  0  0  0  0  0  0  0  0  0  0
   38.3096   32.9388   26.7305 C   0  0  0  0  0  0  0  0  0  0  0  0
   38.1046   32.4380   27.9913 N   0  0  0  0  0  0  0  0  0  0  0  0
   37.3546   33.4532   28.7430 C   0  0  0  0  0  0  0  0  0  0  0  0
   38.4714   38.3152   34.8803 H   0  0  0  0  0  0  0  0  0  0  0  0
   37.8923   36.1420   27.3704 H   0  0  0  0  0  0  0  0  0  0  0  0
   39.5531   35.7055   27.7122 H   0  0  0  0  0  0  0  0  0  0  0  0
   38.7338   35.2279   24.5044 H   0  0  0  0  0  0  0  0  0  0  0  0
   38.2005   31.2973   25.4055 H   0  0  0  0  0  0  0  0  0  0  0  0
   37.8661   31.4714   28.1712 H   0  0  0  0  0  0  0  0  0  0  0  0
   36.3957   33.6548   28.2610 H   0  0  0  0  0  0  0  0  0  0  0  0
   37.1121   33.0133   29.7072 H   0  0  0  0  0  0  0  0  0  0  0  0
  1  2  1  0
  2  3  2  0
  2 10  1  0
  3  4  1  0
  4  5  2  0
  4 20  1  0
  5  6  1  0
  6  7  1  0
  6 10  2  0
  7  8  1  0
  8  9  2  0
  8 11  1  0
  9 10  1  0
 11 12  1  0
 11 19  1  0
 12 13  1  0
 12 21  1  0
 12 22  1  0
 13 14  1  0
 13 17  2  0
 14 15  2  0
 14 23  1  0
 15 16  1  0
 16 17  1  0
 16 24  1  0
 17 18  1  0
 18 19  1  0
 18 25  1  0
 19 26  1  0
 19 27  1  0
M  END
"
test-99,"N[C@@H](F)NC(=O)c1ccc2nsc(-c3ccccc3)c2n1
     RDKit          3D

 32 34  0  0  1  0  0  0  0  0999 V2000
   36.4928   33.8536   33.2906 F   0  0  0  0  0  0  0  0  0  0  0  0
   36.1463   34.3557   32.1096 C   0  0  2  0  0  0  0  0  0  0  0  0
   35.5501   33.3590   31.2589 N   0  0  0  0  0  0  0  0  0  0  0  0
   37.2544   35.0503   31.4927 N   0  0  0  0  0  0  0  0  0  0  0  0
   37.7044   36.2722   31.8399 C   0  0  0  0  0  0  0  0  0  0  0  0
   37.3069   36.8706   32.8419 O   0  0  0  0  0  0  0  0  0  0  0  0
   38.6677   36.9187   30.8704 C   0  0  0  0  0  0  0  0  0  0  0  0
   39.4082   38.0529   31.2165 C   0  0  0  0  0  0  0  0  0  0  0  0
   40.2228   38.6597   30.2570 C   0  0  0  0  0  0  0  0  0  0  0  0
   40.2586   38.1074   28.9629 C   0  0  0  0  0  0  0  0  0  0  0  0
   40.9838   38.5929   27.9142 N   0  0  0  0  0  0  0  0  0  0  0  0
   40.6893   37.6038   26.5420 S   0  0  0  0  0  0  0  0  0  0  0  0
   39.6050   36.4966   27.3489 C   0  0  0  0  0  0  0  0  0  0  0  0
   39.4768   36.9420   28.6949 C   0  0  0  0  0  0  0  0  0  0  0  0
   38.7137   36.3768   29.6262 N   0  0  0  0  0  0  0  0  0  0  0  0
   38.9905   35.3124   26.6708 C   0  0  0  0  0  0  0  0  0  0  0  0
   38.7068   34.1666   27.4249 C   0  0  0  0  0  0  0  0  0  0  0  0
   38.1067   33.0595   26.8371 C   0  0  0  0  0  0  0  0  0  0  0  0
   37.7625   33.1091   25.4927 C   0  0  0  0  0  0  0  0  0  0  0  0
   37.9966   34.2536   24.7404 C   0  0  0  0  0  0  0  0  0  0  0  0
   38.6161   35.3550   25.3243 C   0  0  0  0  0  0  0  0  0  0  0  0
   35.3432   35.0537   32.2980 H   0  0  0  0  0  0  0  0  0  0  0  0
   35.0790   33.7912   30.4776 H   0  0  0  0  0  0  0  0  0  0  0  0
   36.2437   32.7311   30.8820 H   0  0  0  0  0  0  0  0  0  0  0  0
   37.8855   34.4853   30.9475 H   0  0  0  0  0  0  0  0  0  0  0  0
   39.3465   38.4711   32.2117 H   0  0  0  0  0  0  0  0  0  0  0  0
   40.8001   39.5396   30.5003 H   0  0  0  0  0  0  0  0  0  0  0  0
   38.9788   34.1075   28.4671 H   0  0  0  0  0  0  0  0  0  0  0  0
   37.9142   32.1686   27.4172 H   0  0  0  0  0  0  0  0  0  0  0  0
   37.3061   32.2537   25.0297 H   0  0  0  0  0  0  0  0  0  0  0  0
   37.6983   34.2819   23.7043 H   0  0  0  0  0  0  0  0  0  0  0  0
   38.7775   36.2469   24.7354 H   0  0  0  0  0  0  0  0  0  0  0  0
  1  2  1  0
  2  3  1  0
  2  4  1  0
  2 22  1  1
  3 23  1  0
  3 24  1  0
  4  5  1  0
  4 25  1  0
  5  6  2  0
  5  7  1  0
  7  8  1  0
  7 15  2  0
  8  9  2  0
  8 26  1  0
  9 10  1  0
  9 27  1  0
 10 11  2  0
 10 14  1  0
 11 12  1  0
 12 13  1  0
 13 14  2  0
 13 16  1  0
 14 15  1  0
 16 17  2  0
 16 21  1  0
 17 18  1  0
 17 28  1  0
 18 19  2  0
 18 29  1  0
 19 20  1  0
 19 30  1  0
 20 21  2  0
 20 31  1  0
 21 32  1  0
M  END
"
