mol_id,protein_id,raw_sdf
3lpb_Lingo3DMolv2_889445,3lpb,"3lpb_Lingo3DMolv2_889445
     RDKit          3D

 54 57  0  0  0  0  0  0  0  0999 V2000
   74.9185  113.2937   18.8136 N   0  0  0  0  0  0  0  0  0  0  0  0
   73.6185  113.0937   19.2136 C   0  0  0  0  0  0  0  0  0  0  0  0
   73.5185  111.8937   20.2136 C   0  0  0  0  0  0  0  0  0  0  0  0
   74.6185  111.8937   21.2136 C   0  0  0  0  0  0  0  0  0  0  0  0
   76.0185  112.0937   20.5136 C   0  0  0  0  0  0  0  0  0  0  0  0
   76.0185  112.8937   19.3136 C   0  0  0  0  0  0  0  0  0  0  0  0
   77.2185  113.1937   18.7136 N   0  0  0  0  0  0  0  0  0  0  0  0
   78.4185  113.0937   19.3136 C   0  0  0  0  0  0  0  0  0  0  0  0
   79.6185  113.9937   18.6136 S   0  0  0  0  0  0  0  0  0  0  0  0
   81.0185  113.7937   19.6136 C   0  0  0  0  0  0  0  0  0  0  0  0
   81.6185  112.4937   19.7136 C   0  0  0  0  0  0  0  0  0  0  0  0
   78.4185  112.1937   20.5136 C   0  0  0  0  0  0  0  0  0  0  0  0
   79.6185  111.7937   21.1136 C   0  0  0  0  0  0  0  0  0  0  0  0
   79.6185  110.8937   22.2136 C   0  0  0  0  0  0  0  0  0  0  0  0
   78.4185  110.3937   22.7136 C   0  0  0  0  0  0  0  0  0  0  0  0
   77.2185  110.7937   22.1136 C   0  0  0  0  0  0  0  0  0  0  0  0
   77.2185  111.6937   21.0136 C   0  0  0  0  0  0  0  0  0  0  0  0
   78.4185  109.4937   23.8136 N   0  0  0  0  0  0  0  0  0  0  0  0
   79.6185  108.6937   24.1136 C   0  0  1  0  0  0  0  0  0  0  0  0
   79.4185  108.0937   25.5136 C   0  0  0  0  0  0  0  0  0  0  0  0
   80.5185  107.1937   25.9136 C   0  0  0  0  0  0  0  0  0  0  0  0
   80.7185  106.0937   24.9136 N   0  0  2  0  0  4  0  0  0  0  0  0
   80.9185  106.5937   23.5136 C   0  0  0  0  0  0  0  0  0  0  0  0
   79.7185  107.4937   23.1136 C   0  0  0  0  0  0  0  0  0  0  0  0
   79.6185  105.0937   25.0136 O   0  0  0  0  0  0  0  0  0  0  0  0
   75.0197  113.8656   17.9630 H   0  0  0  0  0  0  0  0  0  0  0  0
   73.2495  114.0050   19.7070 H   0  0  0  0  0  0  0  0  0  0  0  0
   73.0101  112.8629   18.3267 H   0  0  0  0  0  0  0  0  0  0  0  0
   72.5578  111.9569   20.7457 H   0  0  0  0  0  0  0  0  0  0  0  0
   73.5968  110.9645   19.6301 H   0  0  0  0  0  0  0  0  0  0  0  0
   74.4539  112.7125   21.9295 H   0  0  0  0  0  0  0  0  0  0  0  0
   74.6211  110.9235   21.7320 H   0  0  0  0  0  0  0  0  0  0  0  0
   77.1973  113.5177   17.7361 H   0  0  0  0  0  0  0  0  0  0  0  0
   79.5234  114.7457   17.4724 H   0  0  0  0  0  0  0  0  0  0  0  0
   81.7902  114.4769   19.2293 H   0  0  0  0  0  0  0  0  0  0  0  0
   80.6492  113.9944   20.6301 H   0  0  0  0  0  0  0  0  0  0  0  0
   81.7415  112.2272   20.7737 H   0  0  0  0  0  0  0  0  0  0  0  0
   80.9714  111.7524   19.2218 H   0  0  0  0  0  0  0  0  0  0  0  0
   82.6024  112.5051   19.2218 H   0  0  0  0  0  0  0  0  0  0  0  0
   80.5735  112.1809   20.7288 H   0  0  0  0  0  0  0  0  0  0  0  0
   80.5711  110.5904   22.6724 H   0  0  0  0  0  0  0  0  0  0  0  0
   76.2635  110.4065   22.4984 H   0  0  0  0  0  0  0  0  0  0  0  0
   77.5781  109.4007   24.4019 H   0  0  0  0  0  0  0  0  0  0  0  0
   80.5190  109.3215   24.0433 H   0  0  0  0  0  0  0  0  0  0  0  0
   79.3543  108.9154   26.2421 H   0  0  0  0  0  0  0  0  0  0  0  0
   78.4949  107.4967   25.4889 H   0  0  0  0  0  0  0  0  0  0  0  0
   81.4473  107.7776   25.9935 H   0  0  0  0  0  0  0  0  0  0  0  0
   80.2584  106.7386   26.8806 H   0  0  0  0  0  0  0  0  0  0  0  0
   81.6017  105.6205   25.1523 H   0  0  0  0  0  0  0  0  0  0  0  0
   81.8492  107.1777   23.4615 H   0  0  0  0  0  0  0  0  0  0  0  0
   80.9846  105.7397   22.8234 H   0  0  0  0  0  0  0  0  0  0  0  0
   79.8699  107.8766   22.0935 H   0  0  0  0  0  0  0  0  0  0  0  0
   78.7890  106.9064   23.1474 H   0  0  0  0  0  0  0  0  0  0  0  0
   79.4212  104.9143   25.9670 H   0  0  0  0  0  0  0  0  0  0  0  0
  1  2  1  0
  2  3  1  0
  3  4  1  0
  4  5  1  0
  5  6  2  0
  6  7  1  0
  7  8  1  0
  8  9  2  3
  9 10  1  0
 10 11  1  0
  8 12  1  0
 12 13  2  0
 13 14  1  0
 14 15  2  0
 15 16  1  0
 16 17  2  0
  6  1  1  0
 17 12  1  0
 17  5  1  0
 15 18  1  0
 19 20  1  0
 20 21  1  0
 21 22  1  0
 22 23  1  0
 23 24  1  0
 24 19  1  0
 18 19  1  0
 22 25  1  0
  1 26  1  0
  2 27  1  0
  2 28  1  0
  3 29  1  0
  3 30  1  0
  4 31  1  0
  4 32  1  0
  7 33  1  0
  9 34  1  0
 10 35  1  0
 10 36  1  0
 11 37  1  0
 11 38  1  0
 11 39  1  0
 13 40  1  0
 14 41  1  0
 16 42  1  0
 18 43  1  0
 19 44  1  1
 20 45  1  0
 20 46  1  0
 21 47  1  0
 21 48  1  0
 22 49  1  1
 23 50  1  0
 23 51  1  0
 24 52  1  0
 24 53  1  0
 25 54  1  0
M  CHG  1  22   1
M  END
"
3kba_Lingo3DMolv2_153578,3kba,"3kba_Lingo3DMolv2_153578
     RDKit          3D

 52 55  0  0  0  0  0  0  0  0999 V2000
   14.1825   16.7853    3.6560 O   0  0  0  0  0  0  0  0  0  0  0  0
   13.2825   16.2853    4.3560 C   0  0  0  0  0  0  0  0  0  0  0  0
   13.5825   15.6853    5.6560 C   0  0  0  0  0  0  0  0  0  0  0  0
   12.6825   15.1853    6.4560 C   0  0  0  0  0  0  0  0  0  0  0  0
   13.1825   14.4853    7.7560 C   0  0  0  0  0  0  0  0  0  0  0  0
   12.4825   14.9853    8.9560 C   0  0  2  0  0  0  0  0  0  0  0  0
   10.9825   14.7853    8.8560 C   0  0  1  0  0  0  0  0  0  0  0  0
   10.1825   15.1853   10.1560 C   0  0  2  0  0  0  0  0  0  0  0  0
   10.5825   14.5853   11.5560 C   0  0  1  0  0  0  0  0  0  0  0  0
    9.2825   14.7853   12.3560 C   0  0  0  0  0  0  0  0  0  0  0  0
    8.1825   15.3853   11.4560 C   0  0  2  0  0  0  0  0  0  0  0  0
    8.6825   15.0853    9.9560 C   0  0  1  0  0  0  0  0  0  0  0  0
    8.2825   16.0853    8.9560 C   0  0  0  0  0  0  0  0  0  0  0  0
    8.8825   15.6853    7.7560 O   0  0  0  0  0  0  0  0  0  0  0  0
   10.3825   15.5853    7.7560 C   0  0  2  0  0  0  0  0  0  0  0  0
   10.8825   15.1853    6.3560 C   0  0  1  0  0  0  0  0  0  0  0  0
   10.5825   16.2853    5.3560 C   0  0  0  0  0  0  0  0  0  0  0  0
   11.3825   16.0853    4.0560 C   0  0  0  0  0  0  0  0  0  0  0  0
   10.2825   14.0853    5.9560 O   0  0  0  0  0  0  0  0  0  0  0  0
    8.1825   13.5853    9.5560 C   0  0  0  0  0  0  0  0  0  0  0  0
    7.2825   16.1853   12.0560 O   0  0  0  0  0  0  0  0  0  0  0  0
   11.4825   13.2853   11.6560 C   0  0  0  0  0  0  0  0  0  0  0  0
   12.7825   16.3853    9.2560 O   0  0  0  0  0  0  0  0  0  0  0  0
   12.2825   16.9853   10.4560 C   0  0  0  0  0  0  0  0  0  0  0  0
   14.6335   15.6540    5.9789 H   0  0  0  0  0  0  0  0  0  0  0  0
   13.0067   13.4031    7.6670 H   0  0  0  0  0  0  0  0  0  0  0  0
   14.2541   14.7055    7.8705 H   0  0  0  0  0  0  0  0  0  0  0  0
   12.8669   14.3819    9.7915 H   0  0  0  0  0  0  0  0  0  0  0  0
   10.8905   13.7033    8.6804 H   0  0  0  0  0  0  0  0  0  0  0  0
   10.5217   16.2270   10.2552 H   0  0  0  0  0  0  0  0  0  0  0  0
   11.4326   15.0816   12.0468 H   0  0  0  0  0  0  0  0  0  0  0  0
    8.9429   13.8137   12.7441 H   0  0  0  0  0  0  0  0  0  0  0  0
    9.4791   15.4776   13.1879 H   0  0  0  0  0  0  0  0  0  0  0  0
    7.1231   15.3277   11.1654 H   0  0  0  0  0  0  0  0  0  0  0  0
    7.1878   16.1039    8.8494 H   0  0  0  0  0  0  0  0  0  0  0  0
    8.5967   17.0982    9.2479 H   0  0  0  0  0  0  0  0  0  0  0  0
   10.7540   16.5940    7.9896 H   0  0  0  0  0  0  0  0  0  0  0  0
    9.5078   16.2747    5.1217 H   0  0  0  0  0  0  0  0  0  0  0  0
   10.8718   17.2494    5.7996 H   0  0  0  0  0  0  0  0  0  0  0  0
   11.1863   15.0752    3.6672 H   0  0  0  0  0  0  0  0  0  0  0  0
   11.0644   16.8513    3.3334 H   0  0  0  0  0  0  0  0  0  0  0  0
    9.9960   13.5601    6.7448 H   0  0  0  0  0  0  0  0  0  0  0  0
    7.9896   13.0068   10.4714 H   0  0  0  0  0  0  0  0  0  0  0  0
    7.2582   13.6527    8.9633 H   0  0  0  0  0  0  0  0  0  0  0  0
    8.9623   13.0847    8.9633 H   0  0  0  0  0  0  0  0  0  0  0  0
    7.3728   16.1050   13.0385 H   0  0  0  0  0  0  0  0  0  0  0  0
   11.6535   13.0383   12.7141 H   0  0  0  0  0  0  0  0  0  0  0  0
   10.9710   12.4463   11.1616 H   0  0  0  0  0  0  0  0  0  0  0  0
   12.4479   13.4687   11.1616 H   0  0  0  0  0  0  0  0  0  0  0  0
   12.7109   16.4712   11.3290 H   0  0  0  0  0  0  0  0  0  0  0  0
   12.5662   18.0478   10.4804 H   0  0  0  0  0  0  0  0  0  0  0  0
   11.1862   16.8978   10.4804 H   0  0  0  0  0  0  0  0  0  0  0  0
  1  2  2  0
  2  3  1  0
  3  4  2  0
  4  5  1  0
  5  6  1  0
  7  6  1  0
  7  8  1  0
  8  9  1  0
  9 10  1  0
 10 11  1  0
 11 12  1  0
 12 13  1  0
 13 14  1  0
 15 14  1  0
 15 16  1  0
 16 17  1  0
 17 18  1  0
 18  2  1  0
 16  4  1  0
 15  7  1  0
 12  8  1  0
 16 19  1  6
 12 20  1  6
 11 21  1  0
  9 22  1  0
 23 24  1  0
  6 23  1  0
  3 25  1  0
  5 26  1  0
  5 27  1  0
  6 28  1  1
  7 29  1  6
  8 30  1  1
  9 31  1  1
 10 32  1  0
 10 33  1  0
 11 34  1  1
 13 35  1  0
 13 36  1  0
 15 37  1  1
 17 38  1  0
 17 39  1  0
 18 40  1  0
 18 41  1  0
 19 42  1  0
 20 43  1  0
 20 44  1  0
 20 45  1  0
 21 46  1  0
 22 47  1  0
 22 48  1  0
 22 49  1  0
 24 50  1  0
 24 51  1  0
 24 52  1  0
M  END
"
1uyg_Lingo3DMolv2_547775,1uyg,"1uyg_Lingo3DMolv2_547775
     RDKit          3D

 38 40  0  0  0  0  0  0  0  0999 V2000
   -1.9718   11.6461   23.5280 N   0  0  0  0  0  0  0  0  0  0  0  0
   -1.0718   11.1461   24.4279 C   0  0  0  0  0  0  0  0  0  0  0  0
   -1.5718   10.6461   25.6279 N   0  0  0  0  0  0  0  0  0  0  0  0
   -0.5718   10.1461   26.4279 C   0  0  0  0  0  0  0  0  0  0  0  0
   -0.8718    9.6461   27.6279 O   0  0  0  0  0  0  0  0  0  0  0  0
    0.3282    9.0460   28.1279 N   0  0  0  0  0  0  0  0  0  0  0  0
    1.2282    9.2461   27.1279 C   0  0  0  0  0  0  0  0  0  0  0  0
    0.7282    9.9460   26.0280 C   0  0  0  0  0  0  0  0  0  0  0  0
    1.2282   10.4460   24.8280 C   0  0  0  0  0  0  0  0  0  0  0  0
    0.3282   11.0460   24.0280 N   0  0  0  0  0  0  0  0  0  0  0  0
    2.5282   10.3460   24.4279 N   0  0  0  0  0  0  0  0  0  0  0  0
    3.1282   10.9460   23.1279 C   0  0  0  0  0  0  0  0  0  0  0  0
    4.4282   11.7461   23.4279 C   0  0  0  0  0  0  0  0  0  0  0  0
    5.4282   10.9460   24.1279 N   0  0  0  0  0  0  0  0  0  0  0  0
    5.2282    9.4460   23.8280 C   0  0  0  0  0  0  0  0  0  0  0  0
    3.9282    8.9460   24.1279 C   0  0  0  0  0  0  0  0  0  0  0  0
    6.4282   11.7461   24.8280 C   0  0  0  0  0  0  0  0  0  0  0  0
    7.6282   11.3460   24.8280 O   0  0  0  0  0  0  0  0  0  0  0  0
    6.4282   13.0460   24.6279 O   0  0  0  0  0  0  0  0  0  0  0  0
    7.3282   13.9460   25.3280 C   0  0  0  0  0  0  0  0  0  0  0  0
    6.5282   15.2461   25.6279 C   0  0  0  0  0  0  0  0  0  0  0  0
    5.2282   15.4460   25.4279 C   0  0  0  0  0  0  0  0  0  0  0  0
   -1.6438   12.0255   22.6283 H   0  0  0  0  0  0  0  0  0  0  0  0
   -2.9776   11.6432   23.7497 H   0  0  0  0  0  0  0  0  0  0  0  0
    2.2661    8.8855   27.1814 H   0  0  0  0  0  0  0  0  0  0  0  0
    3.3624   10.1288   22.4299 H   0  0  0  0  0  0  0  0  0  0  0  0
    2.3900   11.6320   22.6868 H   0  0  0  0  0  0  0  0  0  0  0  0
    4.8569   12.0923   22.4759 H   0  0  0  0  0  0  0  0  0  0  0  0
    4.1584   12.5893   24.0807 H   0  0  0  0  0  0  0  0  0  0  0  0
    5.4193    9.2826   22.7571 H   0  0  0  0  0  0  0  0  0  0  0  0
    5.9276    8.9032   24.4807 H   0  0  0  0  0  0  0  0  0  0  0  0
    3.6039    8.3142   23.2879 H   0  0  0  0  0  0  0  0  0  0  0  0
    4.0222    8.3983   25.0772 H   0  0  0  0  0  0  0  0  0  0  0  0
    7.6674   13.4858   26.2677 H   0  0  0  0  0  0  0  0  0  0  0  0
    8.2178   14.1641   24.7188 H   0  0  0  0  0  0  0  0  0  0  0  0
    7.0969   16.0880   26.0495 H   0  0  0  0  0  0  0  0  0  0  0  0
    4.7755   16.4159   25.6819 H   0  0  0  0  0  0  0  0  0  0  0  0
    4.6061   14.6416   25.0086 H   0  0  0  0  0  0  0  0  0  0  0  0
  2  3  2  0
  3  4  1  0
  4  5  1  0
  5  6  1  0
  6  7  2  0
  7  8  1  0
  8  9  1  0
  9 10  2  0
 10  2  1  0
  8  4  2  0
  1  2  1  0
 11 12  1  0
 12 13  1  0
 13 14  1  0
 14 15  1  0
 15 16  1  0
 16 11  1  0
  9 11  1  0
 17 18  2  0
 17 19  1  0
 19 20  1  0
 20 21  1  0
 21 22  2  0
 14 17  1  0
  1 23  1  0
  1 24  1  0
  7 25  1  0
 12 26  1  0
 12 27  1  0
 13 28  1  0
 13 29  1  0
 15 30  1  0
 15 31  1  0
 16 32  1  0
 16 33  1  0
 20 34  1  0
 20 35  1  0
 21 36  1  0
 22 37  1  0
 22 38  1  0
M  END
"
3ny8_Lingo3DMolv2_1151352,3ny8,"3ny8_Lingo3DMolv2_1151352
     RDKit          3D

 37 38  0  0  0  0  0  0  0  0999 V2000
    3.7167    7.7095   50.8810 O   0  0  0  0  0  0  0  0  0  0  0  0
    3.4167    6.5095   51.4810 C   0  0  1  0  0  0  0  0  0  0  0  0
    2.5167    6.7095   52.7810 C   0  0  0  0  0  0  0  0  0  0  0  0
    2.9167    8.0095   53.5810 N   0  0  0  0  0  4  0  0  0  0  0  0
    2.1167    8.3095   54.7810 C   0  0  0  0  0  0  0  0  0  0  0  0
    0.6167    8.6095   54.2810 C   0  0  0  0  0  0  0  0  0  0  0  0
    2.7167    9.6095   55.4810 C   0  0  0  0  0  0  0  0  0  0  0  0
    2.7167    5.6095   50.4810 C   0  0  0  0  0  0  0  0  0  0  0  0
    2.5167    4.3095   51.0810 O   0  0  0  0  0  0  0  0  0  0  0  0
    1.8167    3.4095   50.3810 C   0  0  0  0  0  0  0  0  0  0  0  0
    1.3167    3.6095   49.1810 N   0  0  0  0  0  0  0  0  0  0  0  0
    0.5167    2.2095   48.5810 S   0  0  0  0  0  0  0  0  0  0  0  0
    0.8167    1.3095   49.9810 C   0  0  0  0  0  0  0  0  0  0  0  0
    0.5167    0.0095   50.2810 C   0  0  0  0  0  0  0  0  0  0  0  0
    0.9167   -0.4905   51.4810 C   0  0  0  0  0  0  0  0  0  0  0  0
    1.6167    0.2095   52.3810 C   0  0  0  0  0  0  0  0  0  0  0  0
    1.9167    1.5095   52.1810 C   0  0  0  0  0  0  0  0  0  0  0  0
    1.5167    2.1095   50.9810 C   0  0  0  0  0  0  0  0  0  0  0  0
    2.6167    2.2095   53.0810 F   0  0  0  0  0  0  0  0  0  0  0  0
    3.8876    8.3928   51.5767 H   0  0  0  0  0  0  0  0  0  0  0  0
    4.3561    6.0388   51.8066 H   0  0  0  0  0  0  0  0  0  0  0  0
    1.4633    6.7907   52.4748 H   0  0  0  0  0  0  0  0  0  0  0  0
    2.6733    5.8428   53.4399 H   0  0  0  0  0  0  0  0  0  0  0  0
    3.8983    7.9070   53.8758 H   0  0  0  0  0  0  0  0  0  0  0  0
    2.7465    8.7931   52.9345 H   0  0  0  0  0  0  0  0  0  0  0  0
    2.1298    7.4753   55.4978 H   0  0  0  0  0  0  0  0  0  0  0  0
   -0.0410    8.7411   55.1528 H   0  0  0  0  0  0  0  0  0  0  0  0
    0.6091    9.5270   53.6742 H   0  0  0  0  0  0  0  0  0  0  0  0
    0.2568    7.7656   53.6742 H   0  0  0  0  0  0  0  0  0  0  0  0
    2.6639    9.4950   56.5737 H   0  0  0  0  0  0  0  0  0  0  0  0
    3.7657    9.7390   55.1762 H   0  0  0  0  0  0  0  0  0  0  0  0
    2.1347   10.4918   55.1762 H   0  0  0  0  0  0  0  0  0  0  0  0
    1.7435    6.0450   50.2103 H   0  0  0  0  0  0  0  0  0  0  0  0
    3.3315    5.5109   49.5741 H   0  0  0  0  0  0  0  0  0  0  0  0
   -0.0363   -0.6185   49.5670 H   0  0  0  0  0  0  0  0  0  0  0  0
    0.6496   -1.5292   51.7253 H   0  0  0  0  0  0  0  0  0  0  0  0
    1.9548   -0.2853   53.3034 H   0  0  0  0  0  0  0  0  0  0  0  0
  2  1  1  0
  2  3  1  0
  3  4  1  0
  4  5  1  0
  5  6  1  0
  5  7  1  0
  2  8  1  0
  8  9  1  0
 10 11  2  0
 11 12  1  0
 12 13  1  0
 13 14  2  0
 14 15  1  0
 15 16  2  0
 16 17  1  0
 17 18  2  0
 18 10  1  0
 18 13  1  0
  9 10  1  0
 17 19  1  0
  1 20  1  0
  2 21  1  1
  3 22  1  0
  3 23  1  0
  4 24  1  0
  4 25  1  0
  5 26  1  0
  6 27  1  0
  6 28  1  0
  6 29  1  0
  7 30  1  0
  7 31  1  0
  7 32  1  0
  8 33  1  0
  8 34  1  0
 14 35  1  0
 15 36  1  0
 16 37  1  0
M  CHG  1   4   1
M  END
"
1c8k_Lingo3DMolv2_615741,1c8k,"1c8k_Lingo3DMolv2_615741
     RDKit          3D

 30 32  0  0  0  0  0  0  0  0999 V2000
   37.1534   34.6413   33.6511 N   0  0  0  0  0  0  0  0  0  0  0  0
   37.4534   34.5413   32.3511 C   0  0  0  0  0  0  0  0  0  0  0  0
   37.8534   35.7413   31.8511 C   0  0  0  0  0  0  0  0  0  0  0  0
   38.2534   36.2413   30.6511 C   0  0  0  0  0  0  0  0  0  0  0  0
   38.6534   37.5413   30.5511 C   0  0  0  0  0  0  0  0  0  0  0  0
   38.7534   38.4413   31.6511 O   0  0  0  0  0  0  0  0  0  0  0  0
   38.4534   37.9413   32.8511 C   0  0  0  0  0  0  0  0  0  0  0  0
   37.9534   36.6413   32.9511 C   0  0  0  0  0  0  0  0  0  0  0  0
   37.4534   35.9413   34.0511 N   0  0  0  0  0  0  0  0  0  0  0  0
   38.3534   35.4413   29.4511 C   0  0  0  0  0  0  0  0  0  0  0  0
   39.2534   35.7413   28.3511 C   0  0  0  0  0  0  0  0  0  0  0  0
   39.3534   34.9413   27.2511 C   0  0  0  0  0  0  0  0  0  0  0  0
   38.5534   33.8413   27.1511 C   0  0  0  0  0  0  0  0  0  0  0  0
   37.6534   33.4413   28.1511 N   0  0  0  0  0  0  0  0  0  0  0  0
   37.6534   34.1413   29.2511 C   0  0  0  0  0  0  0  0  0  0  0  0
   38.6534   33.0413   25.9511 N   0  0  0  0  0  0  0  0  0  0  0  0
   38.0534   31.6413   25.9511 C   0  0  0  0  0  0  0  0  0  0  0  0
   38.6534   33.6413   24.7511 C   0  0  0  0  0  0  0  0  0  0  0  0
   37.3856   33.6128   31.7650 H   0  0  0  0  0  0  0  0  0  0  0  0
   38.9169   37.9209   29.5528 H   0  0  0  0  0  0  0  0  0  0  0  0
   38.5990   38.5493   33.7561 H   0  0  0  0  0  0  0  0  0  0  0  0
   39.8765   36.6460   28.4073 H   0  0  0  0  0  0  0  0  0  0  0  0
   40.0716   35.1807   26.4530 H   0  0  0  0  0  0  0  0  0  0  0  0
   37.0884   33.7376   30.1042 H   0  0  0  0  0  0  0  0  0  0  0  0
   37.9090   31.3042   26.9882 H   0  0  0  0  0  0  0  0  0  0  0  0
   37.0834   31.6580   25.4325 H   0  0  0  0  0  0  0  0  0  0  0  0
   38.7345   30.9504   25.4325 H   0  0  0  0  0  0  0  0  0  0  0  0
   39.6905   33.8052   24.4231 H   0  0  0  0  0  0  0  0  0  0  0  0
   38.1349   33.0019   24.0214 H   0  0  0  0  0  0  0  0  0  0  0  0
   38.1349   34.6086   24.8248 H   0  0  0  0  0  0  0  0  0  0  0  0
  1  2  1  0
  2  3  2  0
  3  4  1  0
  4  5  2  0
  5  6  1  0
  6  7  1  0
  7  8  2  0
  8  9  1  0
  9  1  2  0
  8  3  1  0
 10 11  2  0
 11 12  1  0
 12 13  2  0
 13 14  1  0
 14 15  2  0
 15 10  1  0
  4 10  1  0
 16 17  1  0
 16 18  1  0
 13 16  1  0
  2 19  1  0
  5 20  1  0
  7 21  1  0
 11 22  1  0
 12 23  1  0
 15 24  1  0
 17 25  1  0
 17 26  1  0
 17 27  1  0
 18 28  1  0
 18 29  1  0
 18 30  1  0
M  END
"
3nxo_Lingo3DMolv2_38905,3nxo,"3nxo_Lingo3DMolv2_38905
     RDKit          3D

 42 43  0  0  0  0  0  0  0  0999 V2000
   18.8229    7.8015    4.9424 N   0  0  0  0  0  0  0  0  0  0  0  0
   18.1229    7.1015    3.9424 C   0  0  0  0  0  0  0  0  0  0  0  0
   18.3229    7.5015    2.6424 N   0  0  0  0  0  0  0  0  0  0  0  0
   17.7229    6.8015    1.7424 C   0  0  0  0  0  0  0  0  0  0  0  0
   16.8229    5.7015    1.9424 C   0  0  0  0  0  0  0  0  0  0  0  0
   16.6229    5.4015    3.3424 C   0  0  0  0  0  0  0  0  0  0  0  0
   17.2229    6.2015    4.2424 N   0  0  0  0  0  4  0  0  0  0  0  0
   16.1229    4.9015    0.9424 C   0  0  0  0  0  0  0  0  0  0  0  0
   14.7229    5.5015    0.6424 C   0  0  0  0  0  0  0  0  0  0  0  0
   13.9229    4.7015   -0.5576 C   0  0  0  0  0  0  0  0  0  0  0  0
   13.2229    3.8015   -0.2576 O   0  0  0  0  0  0  0  0  0  0  0  0
   14.0229    5.2015   -1.8576 N   0  0  0  0  0  0  0  0  0  0  0  0
   14.8229    6.5015   -2.2576 C   0  0  0  0  0  0  0  0  0  0  0  0
   14.0229    7.7015   -2.0576 C   0  0  0  0  0  0  0  0  0  0  0  0
   16.3229    6.4015   -1.8576 C   0  0  0  0  0  0  0  0  0  0  0  0
   15.1229    6.4015   -3.7576 C   0  0  0  0  0  0  0  0  0  0  0  0
   15.4229    6.3015   -4.8576 N   0  0  0  0  0  0  0  0  0  0  0  0
   13.3229    4.5015   -2.8576 C   0  0  0  0  0  0  0  0  0  0  0  0
   13.6229    3.1015   -3.0576 C   0  0  0  0  0  0  0  0  0  0  0  0
   12.3229    3.5015   -2.4576 C   0  0  0  0  0  0  0  0  0  0  0  0
   18.0229    7.2015    0.4424 N   0  0  0  0  0  0  0  0  0  0  0  0
   18.7067    7.5396    5.9317 H   0  0  0  0  0  0  0  0  0  0  0  0
   19.4515    8.5758    4.6850 H   0  0  0  0  0  0  0  0  0  0  0  0
   16.0028    4.5503    3.6601 H   0  0  0  0  0  0  0  0  0  0  0  0
   16.9561    6.0984    5.2318 H   0  0  0  0  0  0  0  0  0  0  0  0
   16.0027    3.8755    1.3202 H   0  0  0  0  0  0  0  0  0  0  0  0
   16.7133    4.8995    0.0142 H   0  0  0  0  0  0  0  0  0  0  0  0
   14.1173    5.4542    1.5595 H   0  0  0  0  0  0  0  0  0  0  0  0
   14.8743    6.5370    0.3034 H   0  0  0  0  0  0  0  0  0  0  0  0
   13.9005    7.8852   -0.9800 H   0  0  0  0  0  0  0  0  0  0  0  0
   14.5292    8.5612   -2.5209 H   0  0  0  0  0  0  0  0  0  0  0  0
   13.0346    7.5648   -2.5209 H   0  0  0  0  0  0  0  0  0  0  0  0
   16.4104    6.3957   -0.7611 H   0  0  0  0  0  0  0  0  0  0  0  0
   16.7497    5.4729   -2.2645 H   0  0  0  0  0  0  0  0  0  0  0  0
   16.8692    7.2653   -2.2645 H   0  0  0  0  0  0  0  0  0  0  0  0
   13.3040    5.3884   -3.5081 H   0  0  0  0  0  0  0  0  0  0  0  0
   13.6537    2.6860   -4.0757 H   0  0  0  0  0  0  0  0  0  0  0  0
   14.4433    2.4324   -2.7591 H   0  0  0  0  0  0  0  0  0  0  0  0
   11.3906    3.3903   -3.0308 H   0  0  0  0  0  0  0  0  0  0  0  0
   11.7766    3.2620   -1.5334 H   0  0  0  0  0  0  0  0  0  0  0  0
   17.5987    6.7114   -0.3581 H   0  0  0  0  0  0  0  0  0  0  0  0
   18.6689    7.9875    0.2815 H   0  0  0  0  0  0  0  0  0  0  0  0
  2  3  2  0
  3  4  1  0
  4  5  2  0
  5  6  1  0
  6  7  2  0
  7  2  1  0
  1  2  1  0
  8  9  1  0
  9 10  1  0
 10 11  2  0
 10 12  1  0
 12 13  1  0
 13 14  1  0
 13 15  1  0
  5  8  1  0
 16 17  3  0
 13 16  1  0
 18 19  1  0
 19 20  1  0
 20 18  1  0
 12 18  1  0
  4 21  1  0
  1 22  1  0
  1 23  1  0
  6 24  1  0
  7 25  1  0
  8 26  1  0
  8 27  1  0
  9 28  1  0
  9 29  1  0
 14 30  1  0
 14 31  1  0
 14 32  1  0
 15 33  1  0
 15 34  1  0
 15 35  1  0
 18 36  1  0
 19 37  1  0
 19 38  1  0
 20 39  1  0
 20 40  1  0
 21 41  1  0
 21 42  1  0
M  CHG  1   7   1
M  END
"
3lq8_Lingo3DMolv2_423460,3lq8,"3lq8_Lingo3DMolv2_423460
     RDKit          3D

 88 93  0  0  0  0  0  0  0  0999 V2000
    6.2430    3.8971   30.4394 O   0  0  0  0  0  0  0  0  0  0  0  0
    7.3430    4.0971   29.4394 C   0  0  0  0  0  0  0  0  0  0  0  0
    8.6430    3.7971   30.1394 C   0  0  0  0  0  0  0  0  0  0  0  0
    7.1430    4.4971   28.1394 C   0  0  0  0  0  0  0  0  0  0  0  0
    8.1430    4.5971   27.1394 C   0  0  0  0  0  0  0  0  0  0  0  0
    9.2430    4.5971   27.3394 O   0  0  0  0  0  0  0  0  0  0  0  0
    7.5430    4.8971   25.9394 O   0  0  0  0  0  0  0  0  0  0  0  0
    8.3430    5.1971   24.8394 C   0  0  0  0  0  0  0  0  0  0  0  0
    9.0430    3.8971   24.2394 C   0  0  0  0  0  0  0  0  0  0  0  0
   10.4430    3.9971   23.5394 C   0  0  0  0  0  0  0  0  0  0  0  0
    9.1430    3.6971   22.7394 C   0  0  0  0  0  0  0  0  0  0  0  0
    4.9430    3.8971   30.1394 C   0  0  0  0  0  0  0  0  0  0  0  0
    4.3430    3.7971   28.8394 C   0  0  0  0  0  0  0  0  0  0  0  0
    2.9430    3.6971   28.7394 C   0  0  0  0  0  0  0  0  0  0  0  0
    2.1430    3.6971   29.8394 C   0  0  0  0  0  0  0  0  0  0  0  0
    2.7430    3.7971   31.1394 C   0  0  0  0  0  0  0  0  0  0  0  0
    4.1430    3.8971   31.2394 N   0  0  0  0  0  0  0  0  0  0  0  0
    2.0430    3.8971   32.2394 O   0  0  0  0  0  0  0  0  0  0  0  0
    2.5430    4.6971   33.3394 C   0  0  0  0  0  0  0  0  0  0  0  0
    0.7430    3.5971   29.7394 O   0  0  0  0  0  0  0  0  0  0  0  0
   -0.0570    4.6971   29.9394 C   0  0  0  0  0  0  0  0  0  0  0  0
    0.4430    5.9971   29.8394 C   0  0  0  0  0  0  0  0  0  0  0  0
   -0.4570    7.0971   29.9394 C   0  0  0  0  0  0  0  0  0  0  0  0
   -1.7570    6.8971   30.2394 N   0  0  0  0  0  4  0  0  0  0  0  0
   -2.2570    5.6971   30.4394 C   0  0  0  0  0  0  0  0  0  0  0  0
   -3.6570    5.4971   30.6394 C   0  0  0  0  0  0  0  0  0  0  0  0
   -4.2570    4.1971   30.7394 C   0  0  0  0  0  0  0  0  0  0  0  0
   -3.4570    3.0971   30.6394 N   0  0  0  0  0  4  0  0  0  0  0  0
   -2.0570    3.1971   30.5394 C   0  0  0  0  0  0  0  0  0  0  0  0
   -1.4570    4.4971   30.3394 C   0  0  0  0  0  0  0  0  0  0  0  0
   -4.0570    1.7971   30.6394 C   0  0  0  0  0  0  0  0  0  0  0  0
   -3.4570    0.6971   31.3394 C   0  0  0  0  0  0  0  0  0  0  0  0
   -4.0570   -0.5029   31.3394 C   0  0  0  0  0  0  0  0  0  0  0  0
   -5.2570   -0.7029   30.6394 C   0  0  0  0  0  0  0  0  0  0  0  0
   -5.7570    0.2971   29.9394 C   0  0  0  0  0  0  0  0  0  0  0  0
   -5.1570    1.5971   29.9394 C   0  0  0  0  0  0  0  0  0  0  0  0
   -7.0570    0.0971   29.1394 C   0  0  0  0  0  0  0  0  0  0  0  0
   -8.2570    0.3971   29.9394 N   0  0  0  0  0  4  0  0  0  0  0  0
   -8.4570   -0.6029   31.0394 C   0  0  0  0  0  0  0  0  0  0  0  0
   -9.0570   -0.0029   32.2394 C   0  0  0  0  0  0  0  0  0  0  0  0
   -8.1570    1.0971   32.7394 N   0  0  0  0  0  0  0  0  0  0  0  0
   -8.0570    2.2971   31.7394 C   0  0  0  0  0  0  0  0  0  0  0  0
   -7.5570    1.7971   30.3394 C   0  0  0  0  0  0  0  0  0  0  0  0
   -8.6570    1.6971   33.9394 C   0  0  0  0  0  0  0  0  0  0  0  0
   -7.9570    2.8971   34.3394 C   0  0  0  0  0  0  0  0  0  0  0  0
   -8.4570    3.3971   35.5394 O   0  0  0  0  0  0  0  0  0  0  0  0
    8.4899    3.8324   31.2281 H   0  0  0  0  0  0  0  0  0  0  0  0
    8.9922    2.7948   29.8506 H   0  0  0  0  0  0  0  0  0  0  0  0
    9.3961    4.5450   29.8506 H   0  0  0  0  0  0  0  0  0  0  0  0
    6.1158    4.7632   27.8493 H   0  0  0  0  0  0  0  0  0  0  0  0
    7.7174    5.6558   24.0595 H   0  0  0  0  0  0  0  0  0  0  0  0
    9.1333    5.8865   25.1714 H   0  0  0  0  0  0  0  0  0  0  0  0
    8.6339    3.3082   25.0736 H   0  0  0  0  0  0  0  0  0  0  0  0
   10.9450    4.9706   23.4383 H   0  0  0  0  0  0  0  0  0  0  0  0
   11.4230    3.5129   23.6626 H   0  0  0  0  0  0  0  0  0  0  0  0
    8.7330    4.4575   22.0585 H   0  0  0  0  0  0  0  0  0  0  0  0
    8.8320    2.9012   22.0467 H   0  0  0  0  0  0  0  0  0  0  0  0
    4.9684    3.7986   27.9345 H   0  0  0  0  0  0  0  0  0  0  0  0
    2.4826    3.6167   27.7436 H   0  0  0  0  0  0  0  0  0  0  0  0
    2.2523    4.2319   34.2929 H   0  0  0  0  0  0  0  0  0  0  0  0
    3.6398    4.7573   33.2802 H   0  0  0  0  0  0  0  0  0  0  0  0
    2.1165    5.7093   33.2802 H   0  0  0  0  0  0  0  0  0  0  0  0
    1.5184    6.1697   29.6853 H   0  0  0  0  0  0  0  0  0  0  0  0
   -0.0882    8.1195   29.7703 H   0  0  0  0  0  0  0  0  0  0  0  0
   -2.3804    7.7135   30.3145 H   0  0  0  0  0  0  0  0  0  0  0  0
   -4.3062    6.3814   30.7207 H   0  0  0  0  0  0  0  0  0  0  0  0
   -5.3409    4.0901   30.8937 H   0  0  0  0  0  0  0  0  0  0  0  0
   -1.4274    2.2980   30.6124 H   0  0  0  0  0  0  0  0  0  0  0  0
   -2.5066    0.8377   31.8751 H   0  0  0  0  0  0  0  0  0  0  0  0
   -3.6040   -1.3383   31.8935 H   0  0  0  0  0  0  0  0  0  0  0  0
   -5.7707   -1.6750   30.6739 H   0  0  0  0  0  0  0  0  0  0  0  0
   -5.6076    2.4185   29.3630 H   0  0  0  0  0  0  0  0  0  0  0  0
   -7.0398    0.7630   28.2640 H   0  0  0  0  0  0  0  0  0  0  0  0
   -7.1082   -0.9598   28.8389 H   0  0  0  0  0  0  0  0  0  0  0  0
   -9.2157    0.4003   29.5628 H   0  0  0  0  0  0  0  0  0  0  0  0
   -9.1197   -1.4015   30.6747 H   0  0  0  0  0  0  0  0  0  0  0  0
   -7.4685   -0.9960   31.3193 H   0  0  0  0  0  0  0  0  0  0  0  0
  -10.0442    0.4130   31.9896 H   0  0  0  0  0  0  0  0  0  0  0  0
   -9.1755   -0.7698   33.0191 H   0  0  0  0  0  0  0  0  0  0  0  0
   -9.0487    2.7596   31.6269 H   0  0  0  0  0  0  0  0  0  0  0  0
   -7.3411    3.0333   32.1336 H   0  0  0  0  0  0  0  0  0  0  0  0
   -7.8035    2.5525   29.5788 H   0  0  0  0  0  0  0  0  0  0  0  0
   -6.4692    1.6422   30.3912 H   0  0  0  0  0  0  0  0  0  0  0  0
   -8.5735    0.9617   34.7532 H   0  0  0  0  0  0  0  0  0  0  0  0
   -9.6970    1.9916   33.7354 H   0  0  0  0  0  0  0  0  0  0  0  0
   -6.8893    2.6643   34.4651 H   0  0  0  0  0  0  0  0  0  0  0  0
   -8.0993    3.6591   33.5590 H   0  0  0  0  0  0  0  0  0  0  0  0
   -8.0068    2.9469   36.2976 H   0  0  0  0  0  0  0  0  0  0  0  0
  1  2  1  0
  2  3  1  0
  2  4  2  3
  4  5  1  0
  5  6  2  0
  5  7  1  0
  7  8  1  0
  9 10  1  0
 10 11  1  0
 11  9  1  0
  8  9  1  0
 12 13  2  0
 13 14  1  0
 14 15  2  0
 15 16  1  0
 16 17  2  0
 17 12  1  0
  1 12  1  0
 18 19  1  0
 16 18  1  0
 15 20  1  0
 21 22  2  0
 22 23  1  0
 23 24  2  0
 24 25  1  0
 25 26  2  0
 26 27  1  0
 27 28  2  0
 28 29  1  0
 29 30  2  0
 30 21  1  0
 30 25  1  0
 20 21  1  0
 31 32  2  0
 32 33  1  0
 33 34  2  0
 34 35  1  0
 35 36  2  0
 36 31  1  0
 28 31  1  0
 35 37  1  0
 38 39  1  0
 39 40  1  0
 40 41  1  0
 41 42  1  0
 42 43  1  0
 43 38  1  0
 37 38  1  0
 44 45  1  0
 45 46  1  0
 41 44  1  0
  3 47  1  0
  3 48  1  0
  3 49  1  0
  4 50  1  0
  8 51  1  0
  8 52  1  0
  9 53  1  0
 10 54  1  0
 10 55  1  0
 11 56  1  0
 11 57  1  0
 13 58  1  0
 14 59  1  0
 19 60  1  0
 19 61  1  0
 19 62  1  0
 22 63  1  0
 23 64  1  0
 24 65  1  0
 26 66  1  0
 27 67  1  0
 29 68  1  0
 32 69  1  0
 33 70  1  0
 34 71  1  0
 36 72  1  0
 37 73  1  0
 37 74  1  0
 38 75  1  0
 39 76  1  0
 39 77  1  0
 40 78  1  0
 40 79  1  0
 42 80  1  0
 42 81  1  0
 43 82  1  0
 43 83  1  0
 44 84  1  0
 44 85  1  0
 45 86  1  0
 45 87  1  0
 46 88  1  0
M  CHG  3  24   1  28   1  38   1
M  END
"
3nxu_Lingo3DMolv2_72558,3nxu,"3nxu_Lingo3DMolv2_72558
     RDKit          3D

 77 81  0  0  0  0  0  0  0  0999 V2000
   21.2366  -36.4693  -19.1177 C   0  0  0  0  0  0  0  0  0  0  0  0
   19.9366  -36.3693  -20.0177 C   0  0  0  0  0  0  0  0  0  0  0  0
   19.3366  -35.2693  -19.6177 O   0  0  0  0  0  0  0  0  0  0  0  0
   20.0366  -34.5693  -18.5177 C   0  0  0  0  0  0  0  0  0  0  0  0
   19.6366  -33.4693  -18.0177 O   0  0  0  0  0  0  0  0  0  0  0  0
   21.2366  -35.2693  -18.2177 C   0  0  2  0  0  0  0  0  0  0  0  0
   22.4366  -34.4693  -18.1177 N   0  0  0  0  0  0  0  0  0  0  0  0
   23.1366  -33.7693  -19.1177 C   0  0  0  0  0  0  0  0  0  0  0  0
   22.7366  -33.7693  -20.2177 O   0  0  0  0  0  0  0  0  0  0  0  0
   24.4366  -32.9693  -18.7177 C   0  0  0  0  0  0  0  0  0  0  0  0
   25.7366  -33.5693  -19.3177 C   0  0  0  0  0  0  0  0  0  0  0  0
   27.0366  -32.8693  -18.9177 C   0  0  0  0  0  0  0  0  0  0  0  0
   27.2366  -32.9693  -17.6177 O   0  0  0  0  0  0  0  0  0  0  0  0
   26.7366  -31.9693  -16.7177 C   0  0  0  0  0  0  0  0  0  0  0  0
   27.1366  -30.6693  -17.0177 N   0  0  0  0  0  0  0  0  0  0  0  0
   26.6366  -29.6693  -16.2177 C   0  0  0  0  0  0  0  0  0  0  0  0
   26.8366  -28.2693  -16.3177 C   0  0  0  0  0  0  0  0  0  0  0  0
   26.0366  -27.6693  -15.2177 C   0  0  0  0  0  0  0  0  0  0  0  0
   25.4366  -28.6693  -14.5177 N   0  0  0  0  0  0  0  0  0  0  0  0
   25.8366  -29.9693  -15.1177 C   0  0  0  0  0  0  0  0  0  0  0  0
   25.5366  -31.2693  -14.8177 C   0  0  0  0  0  0  0  0  0  0  0  0
   26.0366  -32.2693  -15.6177 C   0  0  0  0  0  0  0  0  0  0  0  0
   25.7366  -33.5693  -15.4177 F   0  0  0  0  0  0  0  0  0  0  0  0
   27.6366  -27.4693  -17.3177 C   0  0  1  0  0  0  0  0  0  0  0  0
   27.6366  -25.9693  -16.9177 C   0  0  0  0  0  0  0  0  0  0  0  0
   26.5366  -25.3693  -16.6177 O   0  0  0  0  0  0  0  0  0  0  0  0
   28.9366  -25.1693  -17.0177 C   0  0  1  0  0  0  0  0  0  0  0  0
   29.9366  -25.6693  -18.0177 C   0  0  0  0  0  0  0  0  0  0  0  0
   29.8366  -26.9693  -18.5177 C   0  0  0  0  0  0  0  0  0  0  0  0
   28.8366  -27.9693  -18.1177 C   0  0  2  0  0  0  0  0  0  0  0  0
   28.3366  -28.5693  -19.2177 O   0  0  0  0  0  0  0  0  0  0  0  0
   31.0366  -24.9693  -18.1177 F   0  0  0  0  0  0  0  0  0  0  0  0
   28.7366  -23.6693  -16.7177 C   0  0  0  0  0  0  0  0  0  0  0  0
   28.3366  -23.4693  -15.3177 C   0  0  0  0  0  0  0  0  0  0  0  0
   27.8366  -22.9693  -17.8177 C   0  0  0  0  0  0  0  0  0  0  0  0
   27.0366  -27.5693  -18.6177 O   0  0  0  0  0  0  0  0  0  0  0  0
   25.9366  -26.7693  -19.0177 C   0  0  0  0  0  0  0  0  0  0  0  0
   25.4366  -25.8693  -18.2177 C   0  0  0  0  0  0  0  0  0  0  0  0
   24.2366  -25.0693  -18.6177 C   0  0  0  0  0  0  0  0  0  0  0  0
   23.7366  -25.3693  -19.9177 C   0  0  0  0  0  0  0  0  0  0  0  0
   24.2366  -26.2693  -20.7177 C   0  0  0  0  0  0  0  0  0  0  0  0
   25.4366  -27.0693  -20.3177 C   0  0  0  0  0  0  0  0  0  0  0  0
   25.9366  -28.0693  -21.1177 O   0  0  0  0  0  0  0  0  0  0  0  0
   27.0366  -27.7693  -21.9177 C   0  0  0  0  0  0  0  0  0  0  0  0
   21.2119  -37.3915  -18.5186 H   0  0  0  0  0  0  0  0  0  0  0  0
   22.1442  -36.4959  -19.7386 H   0  0  0  0  0  0  0  0  0  0  0  0
   20.2061  -36.2990  -21.0819 H   0  0  0  0  0  0  0  0  0  0  0  0
   19.2919  -37.2548  -19.9170 H   0  0  0  0  0  0  0  0  0  0  0  0
   21.2566  -35.6153  -17.1738 H   0  0  0  0  0  0  0  0  0  0  0  0
   22.8397  -34.4015  -17.1724 H   0  0  0  0  0  0  0  0  0  0  0  0
   24.3329  -31.9339  -19.0746 H   0  0  0  0  0  0  0  0  0  0  0  0
   24.5281  -33.0234  -17.6229 H   0  0  0  0  0  0  0  0  0  0  0  0
   25.8047  -34.6187  -18.9951 H   0  0  0  0  0  0  0  0  0  0  0  0
   25.6505  -33.4421  -20.4070 H   0  0  0  0  0  0  0  0  0  0  0  0
   27.8778  -33.3373  -19.4500 H   0  0  0  0  0  0  0  0  0  0  0  0
   26.9627  -31.8046  -19.1844 H   0  0  0  0  0  0  0  0  0  0  0  0
   25.9450  -26.5939  -15.0050 H   0  0  0  0  0  0  0  0  0  0  0  0
   24.8109  -28.5466  -13.7088 H   0  0  0  0  0  0  0  0  0  0  0  0
   24.9052  -31.5110  -13.9500 H   0  0  0  0  0  0  0  0  0  0  0  0
   29.5906  -25.4118  -16.1672 H   0  0  0  0  0  0  0  0  0  0  0  0
   30.5714  -27.2717  -19.2784 H   0  0  0  0  0  0  0  0  0  0  0  0
   29.4011  -28.6367  -17.4500 H   0  0  0  0  0  0  0  0  0  0  0  0
   27.7270  -29.3007  -18.9464 H   0  0  0  0  0  0  0  0  0  0  0  0
   29.6954  -23.1371  -16.8038 H   0  0  0  0  0  0  0  0  0  0  0  0
   29.1204  -23.8612  -14.6529 H   0  0  0  0  0  0  0  0  0  0  0  0
   28.1966  -22.3951  -15.1262 H   0  0  0  0  0  0  0  0  0  0  0  0
   27.3933  -24.0018  -15.1262 H   0  0  0  0  0  0  0  0  0  0  0  0
   27.0599  -22.3652  -17.3260 H   0  0  0  0  0  0  0  0  0  0  0  0
   28.4639  -22.3193  -18.4455 H   0  0  0  0  0  0  0  0  0  0  0  0
   27.3610  -23.7372  -18.4455 H   0  0  0  0  0  0  0  0  0  0  0  0
   25.9025  -25.6958  -17.2365 H   0  0  0  0  0  0  0  0  0  0  0  0
   23.7790  -24.3131  -17.9629 H   0  0  0  0  0  0  0  0  0  0  0  0
   22.8648  -24.7998  -20.2725 H   0  0  0  0  0  0  0  0  0  0  0  0
   23.7706  -26.4428  -21.6990 H   0  0  0  0  0  0  0  0  0  0  0  0
   27.9008  -27.5336  -21.2794 H   0  0  0  0  0  0  0  0  0  0  0  0
   27.2751  -28.6351  -22.5528 H   0  0  0  0  0  0  0  0  0  0  0  0
   26.8025  -26.9022  -22.5528 H   0  0  0  0  0  0  0  0  0  0  0  0
  1  2  1  0
  2  3  1  0
  3  4  1  0
  4  5  2  0
  4  6  1  0
  6  1  1  0
  7  8  1  0
  8  9  2  0
  8 10  1  0
 10 11  1  0
 11 12  1  0
 12 13  1  0
  6  7  1  0
 14 15  2  0
 15 16  1  0
 16 17  1  0
 17 18  2  0
 18 19  1  0
 19 20  1  0
 20 21  1  0
 21 22  2  0
 22 14  1  0
 20 16  2  0
 13 14  1  0
 22 23  1  0
 24 25  1  0
 25 26  2  0
 25 27  1  0
 27 28  1  0
 28 29  2  0
 29 30  1  0
 30 24  1  0
 17 24  1  0
 30 31  1  0
 28 32  1  0
 33 34  1  0
 33 35  1  0
 27 33  1  0
 24 36  1  6
 37 38  2  0
 38 39  1  0
 39 40  2  0
 40 41  1  0
 41 42  2  0
 42 37  1  0
 36 37  1  0
 43 44  1  0
 42 43  1  0
  1 45  1  0
  1 46  1  0
  2 47  1  0
  2 48  1  0
  6 49  1  1
  7 50  1  0
 10 51  1  0
 10 52  1  0
 11 53  1  0
 11 54  1  0
 12 55  1  0
 12 56  1  0
 18 57  1  0
 19 58  1  0
 21 59  1  0
 27 60  1  1
 29 61  1  0
 30 62  1  1
 31 63  1  0
 33 64  1  0
 34 65  1  0
 34 66  1  0
 34 67  1  0
 35 68  1  0
 35 69  1  0
 35 70  1  0
 38 71  1  0
 39 72  1  0
 40 73  1  0
 41 74  1  0
 44 75  1  0
 44 76  1  0
 44 77  1  0
M  END
"
3nf7_Lingo3DMolv2_935465,3nf7,"3nf7_Lingo3DMolv2_935465
     RDKit          3D

 40 42  0  0  0  0  0  0  0  0999 V2000
   16.9398  -26.0941   21.8109 C   0  0  0  0  0  0  0  0  0  0  0  0
   16.5398  -26.7941   22.9109 C   0  0  0  0  0  0  0  0  0  0  0  0
   15.9398  -26.0941   24.0109 C   0  0  0  0  0  0  0  0  0  0  0  0
   15.8398  -24.7941   24.0109 N   0  0  0  0  0  0  0  0  0  0  0  0
   16.3398  -24.0941   23.0109 C   0  0  0  0  0  0  0  0  0  0  0  0
   16.1398  -22.6941   23.1109 O   0  0  0  0  0  0  0  0  0  0  0  0
   16.7398  -21.8941   22.2109 C   0  0  0  0  0  0  0  0  0  0  0  0
   17.4398  -22.3941   21.1109 C   0  0  0  0  0  0  0  0  0  0  0  0
   17.5398  -23.7941   20.8109 C   0  0  0  0  0  0  0  0  0  0  0  0
   18.1398  -24.1941   19.8109 O   0  0  0  0  0  0  0  0  0  0  0  0
   16.9398  -24.6941   21.9109 C   0  0  0  0  0  0  0  0  0  0  0  0
   16.5398  -20.4941   22.5109 C   0  0  2  0  0  0  0  0  0  0  0  0
   15.0398  -19.9941   22.3109 C   0  0  0  0  0  0  0  0  0  0  0  0
   14.8398  -18.4941   22.7109 C   0  0  1  0  0  0  0  0  0  0  0  0
   15.8398  -17.5941   21.9109 C   0  0  0  0  0  0  0  0  0  0  0  0
   17.2398  -18.0941   22.0109 N   0  0  0  0  0  0  0  0  0  0  0  0
   17.3398  -19.4941   21.7109 C   0  0  0  0  0  0  0  0  0  0  0  0
   18.2398  -17.1941   21.8109 C   0  0  0  0  0  0  0  0  0  0  0  0
   19.5398  -17.5941   21.8109 N   0  0  0  0  0  0  0  0  0  0  0  0
   18.0398  -15.9941   21.6109 O   0  0  0  0  0  0  0  0  0  0  0  0
   13.4398  -18.0941   22.3109 C   0  0  0  0  0  0  0  0  0  0  0  0
   15.0398  -18.2941   24.2109 C   0  0  0  0  0  0  0  0  0  0  0  0
   16.0398  -17.4941   24.7109 O   0  0  0  0  0  0  0  0  0  0  0  0
   14.2398  -18.8941   25.0109 O   0  0  0  0  0  1  0  0  0  0  0  0
   17.2486  -26.6040   20.8864 H   0  0  0  0  0  0  0  0  0  0  0  0
   16.6757  -27.8848   22.9546 H   0  0  0  0  0  0  0  0  0  0  0  0
   15.5572  -26.6649   24.8698 H   0  0  0  0  0  0  0  0  0  0  0  0
   17.9396  -21.6792   20.4407 H   0  0  0  0  0  0  0  0  0  0  0  0
   16.8716  -20.5033   23.5596 H   0  0  0  0  0  0  0  0  0  0  0  0
   14.7679  -20.1143   21.2518 H   0  0  0  0  0  0  0  0  0  0  0  0
   14.3992  -20.5996   22.9689 H   0  0  0  0  0  0  0  0  0  0  0  0
   15.5405  -17.5840   20.8524 H   0  0  0  0  0  0  0  0  0  0  0  0
   15.8075  -16.5825   22.3418 H   0  0  0  0  0  0  0  0  0  0  0  0
   17.0411  -19.6162   20.6592 H   0  0  0  0  0  0  0  0  0  0  0  0
   18.3810  -19.7358   21.9705 H   0  0  0  0  0  0  0  0  0  0  0  0
   19.7740  -18.5841   21.9721 H   0  0  0  0  0  0  0  0  0  0  0  0
   20.2900  -16.9070   21.6496 H   0  0  0  0  0  0  0  0  0  0  0  0
   12.8356  -17.9215   23.2138 H   0  0  0  0  0  0  0  0  0  0  0  0
   13.4786  -17.1711   21.7137 H   0  0  0  0  0  0  0  0  0  0  0  0
   12.9851  -18.8983   21.7137 H   0  0  0  0  0  0  0  0  0  0  0  0
  1  2  2  0
  2  3  1  0
  3  4  2  0
  4  5  1  0
  5  6  1  0
  6  7  1  0
  7  8  2  0
  8  9  1  0
  9 10  2  0
  9 11  1  0
 11  1  1  0
 11  5  2  0
 12 13  1  0
 13 14  1  0
 14 15  1  0
 15 16  1  0
 16 17  1  0
 17 12  1  0
  7 12  1  0
 18 19  1  0
 18 20  2  0
 16 18  1  0
 14 21  1  6
 22 23  2  0
 22 24  1  0
 14 22  1  0
  1 25  1  0
  2 26  1  0
  3 27  1  0
  8 28  1  0
 12 29  1  1
 13 30  1  0
 13 31  1  0
 15 32  1  0
 15 33  1  0
 17 34  1  0
 17 35  1  0
 19 36  1  0
 19 37  1  0
 21 38  1  0
 21 39  1  0
 21 40  1  0
M  CHG  1  24  -1
M  END
"
2owb_Lingo3DMolv2_1229058,2owb,"2owb_Lingo3DMolv2_1229058
     RDKit          3D

 46 50  0  0  0  0  0  0  0  0999 V2000
    1.4114   27.4945   68.9810 N   0  0  0  0  0  0  0  0  0  0  0  0
    1.5114   28.4945   68.0810 C   0  0  0  0  0  0  0  0  0  0  0  0
    0.7114   28.4945   66.8810 C   0  0  0  0  0  0  0  0  0  0  0  0
    0.5114   29.3945   65.7810 C   0  0  0  0  0  0  0  0  0  0  0  0
   -0.2886   28.7945   64.8810 N   0  0  0  0  0  0  0  0  0  0  0  0
   -0.5886   27.5945   65.2810 N   0  0  0  0  0  0  0  0  0  0  0  0
    0.0114   27.3945   66.5810 C   0  0  0  0  0  0  0  0  0  0  0  0
    0.0114   26.2945   67.2810 N   0  0  0  0  0  0  0  0  0  0  0  0
    0.7114   26.3945   68.4810 C   0  0  0  0  0  0  0  0  0  0  0  0
    0.7114   25.2945   69.3810 N   0  0  0  0  0  0  0  0  0  0  0  0
   -0.0886   24.0945   69.4810 C   0  0  0  0  0  0  0  0  0  0  0  0
   -1.2886   23.8945   68.6810 C   0  0  0  0  0  0  0  0  0  0  0  0
   -1.9886   22.6945   68.7810 C   0  0  0  0  0  0  0  0  0  0  0  0
   -1.5886   21.6945   69.7810 C   0  0  0  0  0  0  0  0  0  0  0  0
   -0.4886   21.9945   70.5810 C   0  0  0  0  0  0  0  0  0  0  0  0
    0.3114   23.1945   70.4810 C   0  0  0  0  0  0  0  0  0  0  0  0
    1.5114   23.2945   71.3810 C   0  0  0  0  0  0  0  0  0  0  0  0
    2.4114   22.1945   71.7810 C   0  0  0  0  0  0  0  0  0  0  0  0
    1.4114   22.7945   72.7810 C   0  0  0  0  0  0  0  0  0  0  0  0
   -1.3886   26.7945   64.5810 C   0  0  0  0  0  0  0  0  0  0  0  0
   -2.2886   25.7945   65.1810 C   0  0  0  0  0  0  0  0  0  0  0  0
   -3.0886   24.9945   64.3810 C   0  0  0  0  0  0  0  0  0  0  0  0
   -2.9886   24.9945   63.0810 N   0  0  0  0  0  0  0  0  0  0  0  0
   -2.0886   25.8945   62.4810 C   0  0  0  0  0  0  0  0  0  0  0  0
   -1.2886   26.7945   63.1810 N   0  0  0  0  0  0  0  0  0  0  0  0
   -1.8886   25.8945   60.9810 C   0  0  0  0  0  0  0  0  0  0  0  0
   -0.5886   25.4945   60.5810 C   0  0  0  0  0  0  0  0  0  0  0  0
    2.2130   29.3215   68.2650 H   0  0  0  0  0  0  0  0  0  0  0  0
    0.9396   30.4036   65.6893 H   0  0  0  0  0  0  0  0  0  0  0  0
    1.4309   25.3674   70.1144 H   0  0  0  0  0  0  0  0  0  0  0  0
   -1.6399   24.6857   68.0023 H   0  0  0  0  0  0  0  0  0  0  0  0
   -2.8393   22.4956   68.1126 H   0  0  0  0  0  0  0  0  0  0  0  0
   -2.1360   20.7470   69.8931 H   0  0  0  0  0  0  0  0  0  0  0  0
   -0.2062   21.2602   71.3498 H   0  0  0  0  0  0  0  0  0  0  0  0
    1.7237   24.2468   70.8730 H   0  0  0  0  0  0  0  0  0  0  0  0
    2.2544   21.1807   71.3841 H   0  0  0  0  0  0  0  0  0  0  0  0
    3.4987   22.0287   71.7660 H   0  0  0  0  0  0  0  0  0  0  0  0
    0.5328   22.2155   73.1015 H   0  0  0  0  0  0  0  0  0  0  0  0
    1.4737   23.2431   73.7834 H   0  0  0  0  0  0  0  0  0  0  0  0
   -2.3259   25.6818   66.2745 H   0  0  0  0  0  0  0  0  0  0  0  0
   -3.8317   24.3385   64.8578 H   0  0  0  0  0  0  0  0  0  0  0  0
   -2.0697   26.9127   60.6061 H   0  0  0  0  0  0  0  0  0  0  0  0
   -2.5943   25.1622   60.5618 H   0  0  0  0  0  0  0  0  0  0  0  0
    0.0273   25.3050   61.4725 H   0  0  0  0  0  0  0  0  0  0  0  0
   -0.6563   24.5756   59.9800 H   0  0  0  0  0  0  0  0  0  0  0  0
   -0.1281   26.2925   59.9800 H   0  0  0  0  0  0  0  0  0  0  0  0
  1  2  2  0
  2  3  1  0
  3  4  1  0
  4  5  2  0
  5  6  1  0
  6  7  1  0
  7  8  1  0
  8  9  2  0
  9  1  1  0
  7  3  2  0
  9 10  1  0
 11 12  2  0
 12 13  1  0
 13 14  2  0
 14 15  1  0
 15 16  2  0
 16 11  1  0
 10 11  1  0
 17 18  1  0
 18 19  1  0
 19 17  1  0
 16 17  1  0
 20 21  2  0
 21 22  1  0
 22 23  2  0
 23 24  1  0
 24 25  2  0
 25 20  1  0
  6 20  1  0
 26 27  1  0
 24 26  1  0
  2 28  1  0
  4 29  1  0
 10 30  1  0
 12 31  1  0
 13 32  1  0
 14 33  1  0
 15 34  1  0
 17 35  1  0
 18 36  1  0
 18 37  1  0
 19 38  1  0
 19 39  1  0
 21 40  1  0
 22 41  1  0
 26 42  1  0
 26 43  1  0
 27 44  1  0
 27 45  1  0
 27 46  1  0
M  END
"
3lpb_Lingo3DMolv2_980138,3lpb,"3lpb_Lingo3DMolv2_980138
     RDKit          3D

 42 46  0  0  0  0  0  0  0  0999 V2000
   80.5185  109.5937   22.2136 F   0  0  0  0  0  0  0  0  0  0  0  0
   79.5185  108.8937   22.9136 C   0  0  1  0  0  0  0  0  0  0  0  0
   79.2185  107.5937   22.1136 C   0  0  0  0  0  0  0  0  0  0  0  0
   78.8185  106.6937   23.1136 N   0  0  0  0  0  0  0  0  0  0  0  0
   79.3185  106.9937   24.3136 C   0  0  0  0  0  0  0  0  0  0  0  0
   79.1185  106.3937   25.3136 O   0  0  0  0  0  0  0  0  0  0  0  0
   80.1185  108.2937   24.1136 C   0  0  2  0  0  0  0  0  0  0  0  0
   79.8185  109.2937   25.3136 C   0  0  0  0  0  0  0  0  0  0  0  0
   80.5185  109.4937   26.3136 O   0  0  0  0  0  0  0  0  0  0  0  0
   78.7185  110.0937   24.8136 N   0  0  0  0  0  0  0  0  0  0  0  0
   78.3185  109.6937   23.5136 C   0  0  1  0  0  0  0  0  0  0  0  0
   77.9185  110.7937   22.7136 N   0  0  0  0  0  0  0  0  0  0  0  0
   76.6185  110.7937   22.1136 C   0  0  0  0  0  0  0  0  0  0  0  0
   76.6185  111.8937   21.0136 C   0  0  0  0  0  0  0  0  0  0  0  0
   78.1185  112.1937   20.8136 C   0  0  0  0  0  0  0  0  0  0  0  0
   78.8185  111.4937   21.8136 C   0  0  0  0  0  0  0  0  0  0  0  0
   80.1185  111.5937   21.9136 N   0  0  0  0  0  0  0  0  0  0  0  0
   80.8185  112.2937   21.0136 C   0  0  0  0  0  0  0  0  0  0  0  0
   80.1185  112.9937   20.0136 N   0  0  0  0  0  0  0  0  0  0  0  0
   80.5185  113.7937   19.0136 C   0  0  0  0  0  0  0  0  0  0  0  0
   79.3185  114.1937   18.3136 C   0  0  0  0  0  0  0  0  0  0  0  0
   78.2185  113.6937   18.9136 C   0  0  0  0  0  0  0  0  0  0  0  0
   78.7185  112.9937   20.0136 N   0  0  0  0  0  4  0  0  0  0  0  0
   81.9185  114.2937   18.8136 C   0  0  0  0  0  0  0  0  0  0  0  0
   81.5185  107.9937   24.2136 N   0  0  0  0  0  0  0  0  0  0  0  0
   78.4128  107.7562   21.3825 H   0  0  0  0  0  0  0  0  0  0  0  0
   80.0782  107.2369   21.5275 H   0  0  0  0  0  0  0  0  0  0  0  0
   78.2033  105.8862   22.9393 H   0  0  0  0  0  0  0  0  0  0  0  0
   78.2792  110.8621   25.3404 H   0  0  0  0  0  0  0  0  0  0  0  0
   77.4223  109.0569   23.5503 H   0  0  0  0  0  0  0  0  0  0  0  0
   76.4111  109.8114   21.6640 H   0  0  0  0  0  0  0  0  0  0  0  0
   75.8416  110.9944   22.8660 H   0  0  0  0  0  0  0  0  0  0  0  0
   76.1634  111.5215   20.0838 H   0  0  0  0  0  0  0  0  0  0  0  0
   76.0347  112.7830   21.2934 H   0  0  0  0  0  0  0  0  0  0  0  0
   81.9174  112.3214   21.0545 H   0  0  0  0  0  0  0  0  0  0  0  0
   79.3042  114.8225   17.4112 H   0  0  0  0  0  0  0  0  0  0  0  0
   77.1686  113.8106   18.6067 H   0  0  0  0  0  0  0  0  0  0  0  0
   82.3909  114.4624   19.7925 H   0  0  0  0  0  0  0  0  0  0  0  0
   82.4977  113.5468   18.2508 H   0  0  0  0  0  0  0  0  0  0  0  0
   81.8935  115.2385   18.2508 H   0  0  0  0  0  0  0  0  0  0  0  0
   81.7872  107.9361   25.2062 H   0  0  0  0  0  0  0  0  0  0  0  0
   81.7102  107.0925   23.7531 H   0  0  0  0  0  0  0  0  0  0  0  0
  2  3  1  0
  3  4  1  0
  4  5  1  0
  5  6  2  0
  5  7  1  0
  7  8  1  0
  8  9  2  0
  8 10  1  0
 10 11  1  0
  7  2  1  0
 11  2  1  0
  2  1  1  6
 12 13  1  0
 13 14  1  0
 14 15  1  0
 15 16  2  0
 16 17  1  0
 17 18  2  0
 18 19  1  0
 19 20  1  0
 20 21  2  0
 21 22  1  0
 22 23  2  0
 16 12  1  0
 23 19  1  0
 23 15  1  0
 11 12  1  0
 20 24  1  0
  7 25  1  6
  3 26  1  0
  3 27  1  0
  4 28  1  0
 10 29  1  0
 11 30  1  1
 13 31  1  0
 13 32  1  0
 14 33  1  0
 14 34  1  0
 18 35  1  0
 21 36  1  0
 22 37  1  0
 24 38  1  0
 24 39  1  0
 24 40  1  0
 25 41  1  0
 25 42  1  0
M  CHG  1  23   1
M  END
"
2v3f_Lingo3DMolv2_851885,2v3f,"2v3f_Lingo3DMolv2_851885
     RDKit          3D

 20 21  0  0  0  0  0  0  0  0999 V2000
   31.2001   36.2688  -21.5795 O   0  0  0  0  0  0  0  0  0  0  0  0
   32.2001   35.7688  -20.6795 C   0  0  0  0  0  0  0  0  0  0  0  0
   33.5001   36.1688  -20.6795 C   0  0  0  0  0  0  0  0  0  0  0  0
   34.4001   35.5688  -19.7795 N   0  0  0  0  0  0  0  0  0  0  0  0
   35.4001   36.2688  -18.9795 C   0  0  0  0  0  0  0  0  0  0  0  0
   35.1001   35.2688  -17.8795 C   0  0  0  0  0  0  0  0  0  0  0  0
   34.0001   34.6688  -18.7795 C   0  0  1  0  0  0  0  0  0  0  0  0
   32.5001   34.7688  -18.3795 C   0  0  1  0  0  0  0  0  0  0  0  0
   31.8001   35.0688  -19.5795 N   0  0  0  0  0  0  0  0  0  0  0  0
   32.1001   33.5688  -17.5795 O   0  0  0  0  0  0  0  0  0  0  0  0
   34.0001   37.1688  -21.3795 O   0  0  0  0  0  1  0  0  0  0  0  0
   30.2708   35.9323  -21.5232 H   0  0  0  0  0  0  0  0  0  0  0  0
   36.4244   36.2224  -19.3780 H   0  0  0  0  0  0  0  0  0  0  0  0
   35.3559   37.3547  -18.8093 H   0  0  0  0  0  0  0  0  0  0  0  0
   35.9277   34.5806  -17.6525 H   0  0  0  0  0  0  0  0  0  0  0  0
   34.8796   35.5994  -16.8538 H   0  0  0  0  0  0  0  0  0  0  0  0
   33.9664   33.5768  -18.9073 H   0  0  0  0  0  0  0  0  0  0  0  0
   32.2475   35.5783  -17.6789 H   0  0  0  0  0  0  0  0  0  0  0  0
   30.8397   34.6995  -19.6257 H   0  0  0  0  0  0  0  0  0  0  0  0
   32.1697   33.7775  -16.6143 H   0  0  0  0  0  0  0  0  0  0  0  0
  2  3  2  0
  3  4  1  0
  4  5  1  0
  5  6  1  0
  7  6  1  0
  7  8  1  0
  8  9  1  0
  9  2  1  0
  7  4  1  0
  1  2  1  0
  8 10  1  0
  3 11  1  0
  1 12  1  0
  5 13  1  0
  5 14  1  0
  6 15  1  0
  6 16  1  0
  7 17  1  6
  8 18  1  1
  9 19  1  0
 10 20  1  0
M  CHG  1  11  -1
M  END
"
3g6z_Lingo3DMolv2_649113,3g6z,"3g6z_Lingo3DMolv2_649113
     RDKit          3D

 78 82  0  0  0  0  0  0  0  0999 V2000
    4.3964    5.1241    3.4904 O   0  0  0  0  0  0  0  0  0  0  0  0
    5.2964    6.3241    2.9904 S   0  0  2  0  0  0  0  0  0  0  0  0
    6.6964    6.5241    4.0904 C   0  0  0  0  0  0  0  0  0  0  0  0
    6.7964    5.6241    5.3904 C   0  0  0  0  0  0  0  0  0  0  0  0
    7.3964    6.0241    6.3904 C   0  0  0  0  0  0  0  0  0  0  0  0
    8.0964    7.3241    6.3904 N   0  0  0  0  0  0  0  0  0  0  0  0
    8.0964    8.0241    5.1904 C   0  0  0  0  0  0  0  0  0  0  0  0
    7.3964    7.5241    4.0904 N   0  0  0  0  0  4  0  0  0  0  0  0
    4.1964    7.4241    1.9904 C   0  0  0  0  0  0  0  0  0  0  0  0
    4.6964    7.7241    0.7904 C   0  0  0  0  0  0  0  0  0  0  0  0
    3.7964    7.9241   -0.3096 C   0  0  0  0  0  0  0  0  0  0  0  0
    2.3964    7.6241   -0.1096 C   0  0  0  0  0  0  0  0  0  0  0  0
    1.9964    7.1241    1.0904 C   0  0  0  0  0  0  0  0  0  0  0  0
    2.8964    7.0241    2.1904 C   0  0  0  0  0  0  0  0  0  0  0  0
    2.3964    6.7241    3.4904 O   0  0  0  0  0  0  0  0  0  0  0  0
    1.0964    6.4241    3.7904 C   0  0  0  0  0  0  0  0  0  0  0  0
    0.3964    5.4241    3.1904 C   0  0  0  0  0  0  0  0  0  0  0  0
   -0.9036    5.1241    3.5904 C   0  0  0  0  0  0  0  0  0  0  0  0
   -1.5036    5.8241    4.6904 C   0  0  0  0  0  0  0  0  0  0  0  0
   -0.8036    6.8241    5.2904 C   0  0  0  0  0  0  0  0  0  0  0  0
    0.4964    7.1241    4.8904 C   0  0  0  0  0  0  0  0  0  0  0  0
    1.1964    8.3241    5.5904 C   0  0  0  0  0  0  0  0  0  0  0  0
    0.9964    4.7241    2.1904 F   0  0  0  0  0  0  0  0  0  0  0  0
    1.3964    7.8241   -1.1096 O   0  0  0  0  0  0  0  0  0  0  0  0
    1.6964    8.5241   -2.2096 C   0  0  0  0  0  0  0  0  0  0  0  0
    0.3964    8.7241   -3.0096 C   0  0  0  0  0  0  0  0  0  0  0  0
   -0.4036    9.8241   -2.6096 C   0  0  0  0  0  0  0  0  0  0  0  0
   -0.5036   10.3241   -4.0096 O   0  0  0  0  0  0  0  0  0  0  0  0
    0.3964    9.2241   -4.4096 C   0  0  0  0  0  0  0  0  0  0  0  0
    6.0964    7.5241    0.4904 O   0  0  0  0  0  0  0  0  0  0  0  0
    6.5964    7.9241   -0.7096 C   0  0  0  0  0  0  0  0  0  0  0  0
    7.0964    6.7241   -1.5096 C   0  0  2  0  0  0  0  0  0  0  0  0
    5.9964    5.6241   -1.7096 C   0  0  0  0  0  0  0  0  0  0  0  0
    8.0964    6.1241   -0.9096 O   0  0  0  0  0  0  0  0  0  0  0  0
    9.1964    6.8241   -0.6096 C   0  0  0  0  0  0  0  0  0  0  0  0
   10.0964    5.9241    0.0904 C   0  0  0  0  0  0  0  0  0  0  0  0
    6.3964    5.7241    1.6904 C   0  0  0  0  0  0  0  0  0  0  0  0
    7.6964    6.3241    1.5904 C   0  0  0  0  0  0  0  0  0  0  0  0
    8.5964    5.9241    0.5904 C   0  0  0  0  0  0  0  0  0  0  0  0
    8.2964    4.8241   -0.3096 C   0  0  0  0  0  0  0  0  0  0  0  0
    7.0964    4.2241   -0.2096 C   0  0  0  0  0  0  0  0  0  0  0  0
    6.1964    4.7241    0.6904 C   0  0  0  0  0  0  0  0  0  0  0  0
    4.8964    4.1241    0.7904 F   0  0  0  0  0  0  0  0  0  0  0  0
    8.0964    7.2241    2.2904 F   0  0  0  0  0  0  0  0  0  0  0  0
    6.3248    4.6304    5.4010 H   0  0  0  0  0  0  0  0  0  0  0  0
    7.4104    5.4022    7.2976 H   0  0  0  0  0  0  0  0  0  0  0  0
    8.5593    7.6918    7.2339 H   0  0  0  0  0  0  0  0  0  0  0  0
    8.6478    8.9722    5.1068 H   0  0  0  0  0  0  0  0  0  0  0  0
    7.4775    8.0429    3.2043 H   0  0  0  0  0  0  0  0  0  0  0  0
    4.1618    8.2955   -1.2783 H   0  0  0  0  0  0  0  0  0  0  0  0
    0.9557    6.7898    1.2143 H   0  0  0  0  0  0  0  0  0  0  0  0
   -1.4735    4.3466    3.0605 H   0  0  0  0  0  0  0  0  0  0  0  0
   -2.5112    5.5567    5.0418 H   0  0  0  0  0  0  0  0  0  0  0  0
   -1.2699    7.4029    6.1014 H   0  0  0  0  0  0  0  0  0  0  0  0
    1.1262    8.2038    6.6816 H   0  0  0  0  0  0  0  0  0  0  0  0
    2.2547    8.3559    5.2923 H   0  0  0  0  0  0  0  0  0  0  0  0
    0.7031    9.2610    5.2923 H   0  0  0  0  0  0  0  0  0  0  0  0
    2.1167    9.5010   -1.9284 H   0  0  0  0  0  0  0  0  0  0  0  0
    2.4413    7.9872   -2.8152 H   0  0  0  0  0  0  0  0  0  0  0  0
    0.0974    7.6761   -2.8603 H   0  0  0  0  0  0  0  0  0  0  0  0
   -1.3709    9.5317   -2.1750 H   0  0  0  0  0  0  0  0  0  0  0  0
   -0.0388   10.4981   -1.8205 H   0  0  0  0  0  0  0  0  0  0  0  0
   -0.0425    8.5254   -5.1370 H   0  0  0  0  0  0  0  0  0  0  0  0
    1.3433    9.4368   -4.9272 H   0  0  0  0  0  0  0  0  0  0  0  0
    5.8054    8.4341   -1.2790 H   0  0  0  0  0  0  0  0  0  0  0  0
    7.4391    8.6086   -0.5325 H   0  0  0  0  0  0  0  0  0  0  0  0
    7.3987    7.1471   -2.4789 H   0  0  0  0  0  0  0  0  0  0  0  0
    5.6457    5.2734   -0.7277 H   0  0  0  0  0  0  0  0  0  0  0  0
    5.1509    6.0488   -2.2706 H   0  0  0  0  0  0  0  0  0  0  0  0
    6.4210    4.7786   -2.2706 H   0  0  0  0  0  0  0  0  0  0  0  0
    9.6720    7.1929   -1.5303 H   0  0  0  0  0  0  0  0  0  0  0  0
    8.9486    7.6949    0.0152 H   0  0  0  0  0  0  0  0  0  0  0  0
    9.9701    6.0503    1.1759 H   0  0  0  0  0  0  0  0  0  0  0  0
    9.8651    4.8851   -0.1872 H   0  0  0  0  0  0  0  0  0  0  0  0
   11.1353    6.1553   -0.1872 H   0  0  0  0  0  0  0  0  0  0  0  0
    9.5529    6.4570    0.4856 H   0  0  0  0  0  0  0  0  0  0  0  0
    9.0328    4.4896   -1.0551 H   0  0  0  0  0  0  0  0  0  0  0  0
    6.8459    3.3546   -0.8350 H   0  0  0  0  0  0  0  0  0  0  0  0
  1  2  2  0
  2  3  2  0
  3  4  1  0
  4  5  2  0
  5  6  1  0
  6  7  1  0
  7  8  2  0
  8  3  1  0
  9 10  2  0
 10 11  1  0
 11 12  2  0
 12 13  1  0
 13 14  2  0
 14  9  1  0
  2  9  1  6
 14 15  1  0
 16 17  2  0
 17 18  1  0
 18 19  2  0
 19 20  1  0
 20 21  2  0
 21 16  1  0
 15 16  1  0
 21 22  1  0
 17 23  1  0
 24 25  1  0
 12 24  1  0
 26 27  1  0
 27 28  1  0
 28 29  1  0
 29 26  1  0
 25 26  1  0
 30 31  1  0
 31 32  1  0
 32 33  1  0
 32 34  1  0
 34 35  1  0
 35 36  1  0
 10 30  1  0
 37 38  2  0
 38 39  1  0
 39 40  2  0
 40 41  1  0
 41 42  2  0
 42 37  1  0
  2 37  1  0
 42 43  1  0
 38 44  1  0
  4 45  1  0
  5 46  1  0
  6 47  1  0
  7 48  1  0
  8 49  1  0
 11 50  1  0
 13 51  1  0
 18 52  1  0
 19 53  1  0
 20 54  1  0
 22 55  1  0
 22 56  1  0
 22 57  1  0
 25 58  1  0
 25 59  1  0
 26 60  1  0
 27 61  1  0
 27 62  1  0
 29 63  1  0
 29 64  1  0
 31 65  1  0
 31 66  1  0
 32 67  1  6
 33 68  1  0
 33 69  1  0
 33 70  1  0
 35 71  1  0
 35 72  1  0
 36 73  1  0
 36 74  1  0
 36 75  1  0
 39 76  1  0
 40 77  1  0
 41 78  1  0
M  CHG  1   8   1
M  END
"
2gtk_Lingo3DMolv2_1088357,2gtk,"2gtk_Lingo3DMolv2_1088357
     RDKit          3D

 55 58  0  0  0  0  0  0  0  0999 V2000
   -1.7635   28.4251   19.7462 O   0  0  0  0  0  0  0  0  0  0  0  0
   -1.6635   27.7251   18.6462 C   0  0  0  0  0  0  0  0  0  0  0  0
   -2.4635   27.9251   17.6462 O   0  0  0  0  0  1  0  0  0  0  0  0
   -0.3635   26.9251   18.3462 C   0  0  2  0  0  0  0  0  0  0  0  0
    0.7365   27.1251   19.4462 C   0  0  0  0  0  0  0  0  0  0  0  0
    0.0365   27.0251   16.9462 O   0  0  0  0  0  0  0  0  0  0  0  0
    0.2365   28.3251   16.2462 C   0  0  0  0  0  0  0  0  0  0  0  0
    1.6365   28.6251   16.2462 C   0  0  0  0  0  0  0  0  0  0  0  0
   -0.4635   28.2251   14.9462 C   0  0  0  0  0  0  0  0  0  0  0  0
    2.0365   26.4251   19.2462 C   0  0  0  0  0  0  0  0  0  0  0  0
    3.1365   27.0251   18.4462 C   0  0  0  0  0  0  0  0  0  0  0  0
    4.3365   26.4251   18.3462 C   0  0  0  0  0  0  0  0  0  0  0  0
    4.5365   25.1251   18.9462 C   0  0  0  0  0  0  0  0  0  0  0  0
    3.4365   24.5251   19.7462 C   0  0  0  0  0  0  0  0  0  0  0  0
    2.2365   25.2251   19.9462 C   0  0  0  0  0  0  0  0  0  0  0  0
    3.7365   23.2251   20.4462 C   0  0  0  0  0  0  0  0  0  0  0  0
    5.1365   23.0251   20.6462 O   0  0  0  0  0  0  0  0  0  0  0  0
    5.8365   23.1251   19.4462 C   0  0  0  0  0  0  0  0  0  0  0  0
    6.8365   22.1251   19.0462 C   0  0  0  0  0  0  0  0  0  0  0  0
    7.4365   22.3251   17.7462 C   0  0  0  0  0  0  0  0  0  0  0  0
    7.1365   23.4251   16.9462 C   0  0  0  0  0  0  0  0  0  0  0  0
    6.3365   24.4251   17.4462 C   0  0  0  0  0  0  0  0  0  0  0  0
    5.6365   24.3251   18.6462 C   0  0  0  0  0  0  0  0  0  0  0  0
    7.7365   23.4251   15.6462 O   0  0  0  0  0  0  0  0  0  0  0  0
    7.0365   22.8251   14.5462 C   0  0  0  0  0  0  0  0  0  0  0  0
    6.1365   21.8251   14.9462 C   0  0  0  0  0  0  0  0  0  0  0  0
    5.5365   21.1251   13.8462 C   0  0  0  0  0  0  0  0  0  0  0  0
    5.9365   21.4251   12.5462 C   0  0  0  0  0  0  0  0  0  0  0  0
    6.8365   22.4251   12.2462 C   0  0  0  0  0  0  0  0  0  0  0  0
    7.4365   23.1251   13.3462 C   0  0  0  0  0  0  0  0  0  0  0  0
    7.1365   20.9251   19.8462 C   0  0  0  0  0  0  0  0  0  0  0  0
    7.3365   21.0251   21.0462 O   0  0  0  0  0  0  0  0  0  0  0  0
    7.1365   19.8251   19.1462 O   0  0  0  0  0  1  0  0  0  0  0  0
   -0.5749   25.8501   18.4447 H   0  0  0  0  0  0  0  0  0  0  0  0
    0.9477   28.2027   19.5105 H   0  0  0  0  0  0  0  0  0  0  0  0
    0.3112   26.6772   20.3564 H   0  0  0  0  0  0  0  0  0  0  0  0
   -0.2087   29.2029   16.7372 H   0  0  0  0  0  0  0  0  0  0  0  0
    1.9951   28.7019   17.2833 H   0  0  0  0  0  0  0  0  0  0  0  0
    2.1833   27.8237   15.7276 H   0  0  0  0  0  0  0  0  0  0  0  0
    1.8069   29.5801   15.7276 H   0  0  0  0  0  0  0  0  0  0  0  0
   -1.5388   28.0714   15.1196 H   0  0  0  0  0  0  0  0  0  0  0  0
   -0.3130   29.1538   14.3763 H   0  0  0  0  0  0  0  0  0  0  0  0
   -0.0589   27.3756   14.3763 H   0  0  0  0  0  0  0  0  0  0  0  0
    2.9659   27.9789   17.9255 H   0  0  0  0  0  0  0  0  0  0  0  0
    5.1602   26.9205   17.8113 H   0  0  0  0  0  0  0  0  0  0  0  0
    1.4701   24.8419   20.6360 H   0  0  0  0  0  0  0  0  0  0  0  0
    3.2365   23.2278   21.4260 H   0  0  0  0  0  0  0  0  0  0  0  0
    3.3687   22.4079   19.8083 H   0  0  0  0  0  0  0  0  0  0  0  0
    8.1567   21.5809   17.3751 H   0  0  0  0  0  0  0  0  0  0  0  0
    6.2442   25.3554   16.8666 H   0  0  0  0  0  0  0  0  0  0  0  0
    5.9130   21.5999   15.9994 H   0  0  0  0  0  0  0  0  0  0  0  0
    4.7683   20.3591   14.0281 H   0  0  0  0  0  0  0  0  0  0  0  0
    5.5139   20.8356   11.7192 H   0  0  0  0  0  0  0  0  0  0  0  0
    7.0852   22.6767   11.2046 H   0  0  0  0  0  0  0  0  0  0  0  0
    8.2092   23.8900   13.1794 H   0  0  0  0  0  0  0  0  0  0  0  0
  1  2  2  0
  2  3  1  0
  2  4  1  0
  4  5  1  0
  4  6  1  0
  6  7  1  0
  7  8  1  0
  7  9  1  0
 10 11  2  0
 11 12  1  0
 12 13  2  0
 13 14  1  0
 14 15  2  0
 14 16  1  0
 16 17  1  0
 17 18  1  0
 18 19  2  0
 19 20  1  0
 20 21  2  0
 21 22  1  0
 22 23  2  0
 15 10  1  0
 23 18  1  0
 23 13  1  0
  5 10  1  0
 21 24  1  0
 25 26  2  0
 26 27  1  0
 27 28  2  0
 28 29  1  0
 29 30  2  0
 30 25  1  0
 24 25  1  0
 31 32  2  0
 31 33  1  0
 19 31  1  0
  4 34  1  6
  5 35  1  0
  5 36  1  0
  7 37  1  0
  8 38  1  0
  8 39  1  0
  8 40  1  0
  9 41  1  0
  9 42  1  0
  9 43  1  0
 11 44  1  0
 12 45  1  0
 15 46  1  0
 16 47  1  0
 16 48  1  0
 20 49  1  0
 22 50  1  0
 26 51  1  0
 27 52  1  0
 28 53  1  0
 29 54  1  0
 30 55  1  0
M  CHG  2   3  -1  33  -1
M  END
"
2cnk_Lingo3DMolv2_695805,2cnk,"2cnk_Lingo3DMolv2_695805
     RDKit          3D

 34 33  0  0  0  0  0  0  0  0999 V2000
   33.6446   29.8336   30.4303 O   0  0  0  0  0  0  0  0  0  0  0  0
   33.2446   31.0336   30.5303 C   0  0  0  0  0  0  0  0  0  0  0  0
   32.6446   31.6336   29.6303 O   0  0  0  0  0  1  0  0  0  0  0  0
   33.7446   31.6336   31.6303 O   0  0  0  0  0  0  0  0  0  0  0  0
   33.3446   33.0336   31.9303 C   0  0  0  0  0  0  0  0  0  0  0  0
   34.0446   34.0336   31.0303 C   0  0  0  0  0  0  0  0  0  0  0  0
   33.7446   35.4336   31.4303 C   0  0  0  0  0  0  0  0  0  0  0  0
   34.4446   36.4336   30.6303 C   0  0  0  0  0  0  0  0  0  0  0  0
   34.0446   37.6336   30.9303 O   0  0  0  0  0  0  0  0  0  0  0  0
   34.4446   38.0336   32.2303 N   0  0  0  0  0  0  0  0  0  0  0  0
   34.0446   39.2336   32.6303 C   0  0  0  0  0  0  0  0  0  0  0  0
   34.4446   39.8336   33.9303 C   0  0  0  0  0  0  0  0  0  0  0  0
   34.9446   38.7336   35.1303 S   0  0  0  0  0  0  0  0  0  0  0  0
   35.4446   39.8336   36.4303 C   0  0  0  0  0  0  0  0  0  0  0  0
   35.8446   39.1336   37.7303 C   0  0  0  0  0  0  0  0  0  0  0  0
   36.1446   40.1336   38.8303 N   0  0  0  0  0  4  0  0  0  0  0  0
   32.2579   33.1297   31.7892 H   0  0  0  0  0  0  0  0  0  0  0  0
   33.6339   33.2528   32.9687 H   0  0  0  0  0  0  0  0  0  0  0  0
   35.1306   33.8698   31.0915 H   0  0  0  0  0  0  0  0  0  0  0  0
   33.6820   33.8842   30.0026 H   0  0  0  0  0  0  0  0  0  0  0  0
   32.6623   35.6005   31.3261 H   0  0  0  0  0  0  0  0  0  0  0  0
   34.0888   35.5529   32.4682 H   0  0  0  0  0  0  0  0  0  0  0  0
   35.5249   36.3560   30.8224 H   0  0  0  0  0  0  0  0  0  0  0  0
   34.2276   36.2472   29.5681 H   0  0  0  0  0  0  0  0  0  0  0  0
   33.3848   39.8129   31.9677 H   0  0  0  0  0  0  0  0  0  0  0  0
   35.2768   40.5273   33.7402 H   0  0  0  0  0  0  0  0  0  0  0  0
   33.5404   40.3185   34.3269 H   0  0  0  0  0  0  0  0  0  0  0  0
   36.3062   40.4176   36.0746 H   0  0  0  0  0  0  0  0  0  0  0  0
   34.5711   40.4592   36.6661 H   0  0  0  0  0  0  0  0  0  0  0  0
   35.0192   38.4826   38.0544 H   0  0  0  0  0  0  0  0  0  0  0  0
   36.7550   38.5462   37.5401 H   0  0  0  0  0  0  0  0  0  0  0  0
   36.0101   39.6853   39.7478 H   0  0  0  0  0  0  0  0  0  0  0  0
   37.1192   40.4557   38.7451 H   0  0  0  0  0  0  0  0  0  0  0  0
   35.5082   40.9390   38.7451 H   0  0  0  0  0  0  0  0  0  0  0  0
  1  2  2  0
  2  3  1  0
  2  4  1  0
  4  5  1  0
  5  6  1  0
  6  7  1  0
  7  8  1  0
  8  9  1  0
  9 10  1  0
 10 11  2  0
 11 12  1  0
 12 13  1  0
 13 14  1  0
 14 15  1  0
 15 16  1  0
  5 17  1  0
  5 18  1  0
  6 19  1  0
  6 20  1  0
  7 21  1  0
  7 22  1  0
  8 23  1  0
  8 24  1  0
 11 25  1  0
 12 26  1  0
 12 27  1  0
 14 28  1  0
 14 29  1  0
 15 30  1  0
 15 31  1  0
 16 32  1  0
 16 33  1  0
 16 34  1  0
M  CHG  2   3  -1  16   1
M  END
"
2gtk_Lingo3DMolv2_361476,2gtk,"2gtk_Lingo3DMolv2_361476
     RDKit          3D

 49 51  0  0  0  0  0  0  0  0999 V2000
   -0.9635   28.4251   19.3462 O   0  0  0  0  0  0  0  0  0  0  0  0
   -1.4635   27.4251   18.8462 C   0  0  0  0  0  0  0  0  0  0  0  0
   -2.4635   26.8251   19.4462 O   0  0  0  0  0  1  0  0  0  0  0  0
   -0.9635   26.8251   17.7462 O   0  0  0  0  0  0  0  0  0  0  0  0
    0.2365   27.3251   17.1462 C   0  0  0  0  0  0  0  0  0  0  0  0
    0.2365   28.1251   15.9462 C   0  0  0  0  0  0  0  0  0  0  0  0
    1.8365   28.8251   15.6462 S   0  0  0  0  0  0  0  0  0  0  0  0
    2.4365   28.1251   17.1462 C   0  0  0  0  0  0  0  0  0  0  0  0
    1.4365   27.4251   17.8462 C   0  0  0  0  0  0  0  0  0  0  0  0
    1.6365   26.6251   19.1462 C   0  0  0  0  0  0  0  0  0  0  0  0
    2.9365   26.9251   20.0462 C   0  0  0  0  0  0  0  0  0  0  0  0
    4.1365   26.2251   19.5462 C   0  0  0  0  0  0  0  0  0  0  0  0
    4.1365   24.7251   19.7462 C   0  0  0  0  0  0  0  0  0  0  0  0
    5.4365   24.0251   19.4462 C   0  0  0  0  0  0  0  0  0  0  0  0
    5.7365   24.1251   18.0462 O   0  0  0  0  0  0  0  0  0  0  0  0
    6.9365   23.5251   17.6462 C   0  0  2  0  0  0  0  0  0  0  0  0
    8.1365   24.3251   18.2462 C   0  0  0  0  0  0  0  0  0  0  0  0
    6.9365   23.4251   16.1462 C   0  0  0  0  0  0  0  0  0  0  0  0
    6.2365   22.3251   15.4462 C   0  0  0  0  0  0  0  0  0  0  0  0
    6.3365   22.2251   14.0462 C   0  0  0  0  0  0  0  0  0  0  0  0
    5.6365   21.0251   13.0462 S   0  0  0  0  0  0  0  0  0  0  0  0
    6.3365   21.7251   11.6462 C   0  0  0  0  0  0  0  0  0  0  0  0
    7.1365   22.8251   11.9462 C   0  0  0  0  0  0  0  0  0  0  0  0
    7.1365   23.0251   13.3462 C   0  0  0  0  0  0  0  0  0  0  0  0
    7.8365   24.1251   13.9462 O   0  0  0  0  0  0  0  0  0  0  0  0
    7.8365   24.2251   15.3462 C   0  0  0  0  0  0  0  0  0  0  0  0
    8.4365   25.2251   15.7462 O   0  0  0  0  0  0  0  0  0  0  0  0
    3.8365   28.3251   17.4462 C   0  0  0  0  0  0  0  0  0  0  0  0
   -0.6413   28.2803   15.3018 H   0  0  0  0  0  0  0  0  0  0  0  0
    1.6730   25.5611   18.8692 H   0  0  0  0  0  0  0  0  0  0  0  0
    0.7942   26.9344   19.7824 H   0  0  0  0  0  0  0  0  0  0  0  0
    3.1297   28.0079   20.0391 H   0  0  0  0  0  0  0  0  0  0  0  0
    2.7333   26.5605   21.0639 H   0  0  0  0  0  0  0  0  0  0  0  0
    4.2227   26.4248   18.4679 H   0  0  0  0  0  0  0  0  0  0  0  0
    4.9827   26.6117   20.1331 H   0  0  0  0  0  0  0  0  0  0  0  0
    3.8794   24.5243   20.7967 H   0  0  0  0  0  0  0  0  0  0  0  0
    3.4084   24.3267   19.0243 H   0  0  0  0  0  0  0  0  0  0  0  0
    6.2450   24.4939   20.0263 H   0  0  0  0  0  0  0  0  0  0  0  0
    5.3469   22.9638   19.7212 H   0  0  0  0  0  0  0  0  0  0  0  0
    7.0408   22.4998   18.0308 H   0  0  0  0  0  0  0  0  0  0  0  0
    8.0868   24.2919   19.3446 H   0  0  0  0  0  0  0  0  0  0  0  0
    9.0822   23.8760   17.9083 H   0  0  0  0  0  0  0  0  0  0  0  0
    8.0857   25.3706   17.9083 H   0  0  0  0  0  0  0  0  0  0  0  0
    5.6440   21.5930   16.0146 H   0  0  0  0  0  0  0  0  0  0  0  0
    6.1723   21.3479   10.6260 H   0  0  0  0  0  0  0  0  0  0  0  0
    7.6803   23.4388   11.2129 H   0  0  0  0  0  0  0  0  0  0  0  0
    3.9786   28.3453   18.5368 H   0  0  0  0  0  0  0  0  0  0  0  0
    4.4252   27.5019   17.0150 H   0  0  0  0  0  0  0  0  0  0  0  0
    4.1711   29.2801   17.0150 H   0  0  0  0  0  0  0  0  0  0  0  0
  1  2  2  0
  2  3  1  0
  2  4  1  0
  5  6  2  0
  6  7  1  0
  7  8  1  0
  8  9  2  0
  9  5  1  0
  4  5  1  0
 10 11  1  0
 11 12  1  0
 12 13  1  0
 13 14  1  0
 14 15  1  0
 15 16  1  0
 16 17  1  0
  9 10  1  0
 18 19  2  0
 19 20  1  0
 20 21  1  0
 21 22  1  0
 22 23  2  0
 23 24  1  0
 24 25  1  0
 25 26  1  0
 26 27  2  0
 26 18  1  0
 24 20  2  0
 16 18  1  0
  8 28  1  0
  6 29  1  0
 10 30  1  0
 10 31  1  0
 11 32  1  0
 11 33  1  0
 12 34  1  0
 12 35  1  0
 13 36  1  0
 13 37  1  0
 14 38  1  0
 14 39  1  0
 16 40  1  1
 17 41  1  0
 17 42  1  0
 17 43  1  0
 19 44  1  0
 22 45  1  0
 23 46  1  0
 28 47  1  0
 28 48  1  0
 28 49  1  0
M  CHG  1   3  -1
M  END
"
2i78_Lingo3DMolv2_729270,2i78,"2i78_Lingo3DMolv2_729270
     RDKit          3D

 59 62  0  0  0  0  0  0  0  0999 V2000
  -12.9235   -3.5741   59.8784 O   0  0  0  0  0  0  0  0  0  0  0  0
  -13.2235   -4.5741   58.8784 C   0  0  0  0  0  0  0  0  0  0  0  0
  -11.9235   -4.7741   58.0784 C   0  0  0  0  0  0  0  0  0  0  0  0
  -14.2235   -3.8741   57.8784 C   0  0  0  0  0  0  0  0  0  0  0  0
  -14.0235   -5.7741   59.4784 C   0  0  2  0  0  0  0  0  0  0  0  0
  -14.4235   -6.7741   58.5784 C   0  0  0  0  0  0  0  0  0  0  0  0
  -15.5235   -7.4741   59.2784 O   0  0  0  0  0  0  0  0  0  0  0  0
  -15.8235   -6.8741   60.4784 C   0  0  1  0  0  0  0  0  0  0  0  0
  -15.1235   -5.3741   60.4784 C   0  0  1  0  0  0  0  0  0  0  0  0
  -14.7235   -4.9741   61.6784 O   0  0  0  0  0  0  0  0  0  0  0  0
  -17.3235   -6.7741   60.6784 C   0  0  1  0  0  0  0  0  0  0  0  0
  -18.1235   -8.1741   60.6784 C   0  0  0  0  0  0  0  0  0  0  0  0
  -19.1235   -8.0741   61.7784 N   0  0  0  0  0  4  0  0  0  0  0  0
  -18.9235   -6.7741   62.5784 C   0  0  0  0  0  0  0  0  0  0  0  0
  -17.5235   -6.2741   62.0784 C   0  0  2  0  0  0  0  0  0  0  0  0
  -17.4235   -4.7741   62.3784 N   0  0  0  0  0  0  0  0  0  0  0  0
  -18.3235   -3.8741   61.5784 C   0  0  1  0  0  0  0  0  0  0  0  0
  -18.2235   -2.4741   61.8784 C   0  0  0  0  0  0  0  0  0  0  0  0
  -18.4235   -2.1741   60.4784 C   0  0  1  0  0  0  0  0  0  0  0  0
  -17.9235   -3.5741   60.0784 C   0  0  0  0  0  0  0  0  0  0  0  0
  -19.9235   -1.7741   59.9784 C   0  0  0  0  0  0  0  0  0  0  0  0
  -21.0235   -1.9741   60.8784 C   0  0  0  0  0  0  0  0  0  0  0  0
  -22.2235   -1.6741   60.5784 N   0  0  0  0  0  0  0  0  0  0  0  0
  -22.5235   -1.1741   59.2784 C   0  0  0  0  0  0  0  0  0  0  0  0
  -21.5235   -1.0741   58.3784 C   0  0  0  0  0  0  0  0  0  0  0  0
  -20.2235   -1.3741   58.6784 C   0  0  0  0  0  0  0  0  0  0  0  0
  -17.6235   -1.2741   59.9784 F   0  0  0  0  0  0  0  0  0  0  0  0
  -17.9235   -5.9741   59.5784 O   0  0  0  0  0  0  0  0  0  0  0  0
  -13.0405   -3.9642   60.7808 H   0  0  0  0  0  0  0  0  0  0  0  0
  -11.0812   -4.9036   58.7740 H   0  0  0  0  0  0  0  0  0  0  0  0
  -12.0168   -5.6684   57.4449 H   0  0  0  0  0  0  0  0  0  0  0  0
  -11.7436   -3.8930   57.4449 H   0  0  0  0  0  0  0  0  0  0  0  0
  -14.9943   -3.3345   58.4483 H   0  0  0  0  0  0  0  0  0  0  0  0
  -13.6716   -3.1641   57.2449 H   0  0  0  0  0  0  0  0  0  0  0  0
  -14.7017   -4.6356   57.2449 H   0  0  0  0  0  0  0  0  0  0  0  0
  -13.2483   -6.2760   60.0761 H   0  0  0  0  0  0  0  0  0  0  0  0
  -14.7798   -6.3314   57.6366 H   0  0  0  0  0  0  0  0  0  0  0  0
  -13.5995   -7.4502   58.3067 H   0  0  0  0  0  0  0  0  0  0  0  0
  -15.4323   -7.4764   61.3116 H   0  0  0  0  0  0  0  0  0  0  0  0
  -15.7282   -4.4927   60.2185 H   0  0  0  0  0  0  0  0  0  0  0  0
  -15.2210   -5.4715   62.3749 H   0  0  0  0  0  0  0  0  0  0  0  0
  -18.6300   -8.3251   59.7137 H   0  0  0  0  0  0  0  0  0  0  0  0
  -17.4445   -9.0267   60.8267 H   0  0  0  0  0  0  0  0  0  0  0  0
  -20.0714   -8.0807   61.3754 H   0  0  0  0  0  0  0  0  0  0  0  0
  -18.9995   -8.8759   62.4129 H   0  0  0  0  0  0  0  0  0  0  0  0
  -19.7115   -6.0417   62.3489 H   0  0  0  0  0  0  0  0  0  0  0  0
  -18.9717   -6.9198   63.6677 H   0  0  0  0  0  0  0  0  0  0  0  0
  -16.6499   -6.6849   62.6057 H   0  0  0  0  0  0  0  0  0  0  0  0
  -17.6478   -4.6374   63.3744 H   0  0  0  0  0  0  0  0  0  0  0  0
  -19.2438   -4.4399   61.7857 H   0  0  0  0  0  0  0  0  0  0  0  0
  -19.0179   -2.0962   62.5389 H   0  0  0  0  0  0  0  0  0  0  0  0
  -17.3520   -2.0764   62.4191 H   0  0  0  0  0  0  0  0  0  0  0  0
  -18.5115   -4.0950   59.3085 H   0  0  0  0  0  0  0  0  0  0  0  0
  -16.9427   -3.7910   59.6300 H   0  0  0  0  0  0  0  0  0  0  0  0
  -20.8208   -2.4051   61.8700 H   0  0  0  0  0  0  0  0  0  0  0  0
  -23.5488   -0.8759   59.0142 H   0  0  0  0  0  0  0  0  0  0  0  0
  -21.7642   -0.7367   57.3595 H   0  0  0  0  0  0  0  0  0  0  0  0
  -19.4361   -1.3014   57.9138 H   0  0  0  0  0  0  0  0  0  0  0  0
  -18.4711   -5.2439   59.9621 H   0  0  0  0  0  0  0  0  0  0  0  0
  1  2  1  0
  2  3  1  0
  2  4  1  0
  5  6  1  0
  6  7  1  0
  8  7  1  0
  8  9  1  0
  9  5  1  0
  2  5  1  0
  9 10  1  0
 11 12  1  0
 12 13  1  0
 13 14  1  0
 14 15  1  0
 15 11  1  0
  8 11  1  0
 15 16  1  0
 17 18  1  0
 18 19  1  0
 19 20  1  0
 20 17  1  0
 16 17  1  0
 21 22  2  0
 22 23  1  0
 23 24  2  0
 24 25  1  0
 25 26  2  0
 26 21  1  0
 19 21  1  0
 19 27  1  6
 11 28  1  6
  1 29  1  0
  3 30  1  0
  3 31  1  0
  3 32  1  0
  4 33  1  0
  4 34  1  0
  4 35  1  0
  5 36  1  1
  6 37  1  0
  6 38  1  0
  8 39  1  1
  9 40  1  6
 10 41  1  0
 12 42  1  0
 12 43  1  0
 13 44  1  0
 13 45  1  0
 14 46  1  0
 14 47  1  0
 15 48  1  1
 16 49  1  0
 17 50  1  6
 18 51  1  0
 18 52  1  0
 20 53  1  0
 20 54  1  0
 22 55  1  0
 24 56  1  0
 25 57  1  0
 26 58  1  0
 28 59  1  0
M  CHG  1  13   1
M  END
"
2of2_Lingo3DMolv2_657332,2of2,"2of2_Lingo3DMolv2_657332
     RDKit          3D

 57 59  0  0  0  0  0  0  0  0999 V2000
   27.9770   35.4761   82.9043 C   0  0  0  0  0  0  0  0  0  0  0  0
   29.2770   36.0761   82.5043 C   0  0  0  0  0  0  0  0  0  0  0  0
   29.6770   37.2761   83.2043 N   0  0  0  0  0  0  0  0  0  0  0  0
   28.6770   38.0761   83.7043 C   0  0  0  0  0  0  0  0  0  0  0  0
   29.0770   39.1761   84.3043 N   0  0  0  0  0  0  0  0  0  0  0  0
   28.1770   39.9761   84.9043 C   0  0  0  0  0  0  0  0  0  0  0  0
   26.7770   39.6761   84.9043 C   0  0  0  0  0  0  0  0  0  0  0  0
   26.3770   38.4761   84.2043 C   0  0  0  0  0  0  0  0  0  0  0  0
   27.3770   37.5761   83.6043 C   0  0  0  0  0  0  0  0  0  0  0  0
   27.0770   36.3761   82.9043 N   0  0  0  0  0  0  0  0  0  0  0  0
   25.8770   40.3761   85.4043 O   0  0  0  0  0  0  0  0  0  0  0  0
   26.1770   41.8761   85.6043 C   0  0  2  0  0  0  0  0  0  0  0  0
   27.5770   41.9761   86.3043 C   0  0  0  0  0  0  0  0  0  0  0  0
   28.6770   41.2761   85.6043 C   0  0  0  0  0  0  0  0  0  0  0  0
   25.1770   42.4761   86.6043 C   0  0  0  0  0  0  0  0  0  0  0  0
   23.7770   42.3761   86.2043 C   0  0  0  0  0  0  0  0  0  0  0  0
   22.9770   41.8761   87.0043 O   0  0  0  0  0  0  0  0  0  0  0  0
   23.4770   42.7761   84.9043 N   0  0  0  0  0  0  0  0  0  0  0  0
   22.3770   42.2761   84.2043 C   0  0  0  0  0  0  0  0  0  0  0  0
   24.4770   43.1761   84.1043 N   0  0  0  0  0  0  0  0  0  0  0  0
   26.2770   42.4761   84.4043 O   0  0  0  0  0  0  0  0  0  0  0  0
   25.7770   35.8761   82.6043 C   0  0  0  0  0  0  0  0  0  0  0  0
   25.5770   34.6761   82.2043 O   0  0  0  0  0  0  0  0  0  0  0  0
   24.7770   36.5761   83.1043 O   0  0  0  0  0  0  0  0  0  0  0  0
   23.4770   36.0761   83.2043 C   0  0  0  0  0  0  0  0  0  0  0  0
   24.9770   38.0761   84.3043 N   0  0  0  0  0  0  0  0  0  0  0  0
   31.0770   37.6761   83.0043 C   0  0  0  0  0  0  0  0  0  0  0  0
   31.5770   37.6761   81.5043 C   0  0  0  0  0  0  0  0  0  0  0  0
   32.0770   36.7761   83.8043 C   0  0  0  0  0  0  0  0  0  0  0  0
   27.7038   34.6841   82.1914 H   0  0  0  0  0  0  0  0  0  0  0  0
   28.0661   35.0463   83.9129 H   0  0  0  0  0  0  0  0  0  0  0  0
   30.0583   35.3188   82.6661 H   0  0  0  0  0  0  0  0  0  0  0  0
   29.1460   36.3812   81.4556 H   0  0  0  0  0  0  0  0  0  0  0  0
   27.8445   43.0402   86.3821 H   0  0  0  0  0  0  0  0  0  0  0  0
   27.4690   41.4807   87.2805 H   0  0  0  0  0  0  0  0  0  0  0  0
   29.1024   41.9491   84.8453 H   0  0  0  0  0  0  0  0  0  0  0  0
   29.4353   40.9952   86.3500 H   0  0  0  0  0  0  0  0  0  0  0  0
   25.4205   43.5408   86.7346 H   0  0  0  0  0  0  0  0  0  0  0  0
   25.2769   41.8915   87.5307 H   0  0  0  0  0  0  0  0  0  0  0  0
   21.6149   41.9296   84.9179 H   0  0  0  0  0  0  0  0  0  0  0  0
   21.9531   43.0700   83.5718 H   0  0  0  0  0  0  0  0  0  0  0  0
   22.6965   41.4347   83.5718 H   0  0  0  0  0  0  0  0  0  0  0  0
   25.2705   43.4935   84.6791 H   0  0  0  0  0  0  0  0  0  0  0  0
   24.7764   42.3901   83.5098 H   0  0  0  0  0  0  0  0  0  0  0  0
   26.4384   43.4444   84.5320 H   0  0  0  0  0  0  0  0  0  0  0  0
   23.2050   35.9714   84.2650 H   0  0  0  0  0  0  0  0  0  0  0  0
   22.7786   36.7697   82.7133 H   0  0  0  0  0  0  0  0  0  0  0  0
   23.4234   35.0932   82.7133 H   0  0  0  0  0  0  0  0  0  0  0  0
   24.6480   37.2277   83.8216 H   0  0  0  0  0  0  0  0  0  0  0  0
   24.3179   38.6421   84.8576 H   0  0  0  0  0  0  0  0  0  0  0  0
   31.0739   38.7124   83.3731 H   0  0  0  0  0  0  0  0  0  0  0  0
   31.6929   36.6390   81.1564 H   0  0  0  0  0  0  0  0  0  0  0  0
   30.8409   38.1946   80.8724 H   0  0  0  0  0  0  0  0  0  0  0  0
   32.5450   38.1946   81.4405 H   0  0  0  0  0  0  0  0  0  0  0  0
   31.9173   36.9198   84.8831 H   0  0  0  0  0  0  0  0  0  0  0  0
   31.9074   35.7203   83.5460 H   0  0  0  0  0  0  0  0  0  0  0  0
   33.1091   37.0555   83.5460 H   0  0  0  0  0  0  0  0  0  0  0  0
  1  2  1  0
  2  3  1  0
  3  4  1  0
  4  5  2  0
  5  6  1  0
  6  7  2  0
  7  8  1  0
  8  9  2  0
  9 10  1  0
  7 11  1  0
 11 12  1  0
 12 13  1  0
 13 14  1  0
 10  1  1  0
  9  4  1  0
 14  6  1  0
 15 16  1  0
 16 17  2  0
 16 18  1  0
 18 19  1  0
 18 20  1  0
 12 15  1  0
 12 21  1  6
 22 23  2  0
 22 24  1  0
 24 25  1  0
 10 22  1  0
  8 26  1  0
 27 28  1  0
 27 29  1  0
  3 27  1  0
  1 30  1  0
  1 31  1  0
  2 32  1  0
  2 33  1  0
 13 34  1  0
 13 35  1  0
 14 36  1  0
 14 37  1  0
 15 38  1  0
 15 39  1  0
 19 40  1  0
 19 41  1  0
 19 42  1  0
 20 43  1  0
 20 44  1  0
 21 45  1  0
 25 46  1  0
 25 47  1  0
 25 48  1  0
 26 49  1  0
 26 50  1  0
 27 51  1  0
 28 52  1  0
 28 53  1  0
 28 54  1  0
 29 55  1  0
 29 56  1  0
 29 57  1  0
M  END
"
2ojg_Lingo3DMolv2_367550,2ojg,"2ojg_Lingo3DMolv2_367550
     RDKit          3D

 27 30  0  0  0  0  0  0  0  0999 V2000
  -17.6716   11.8503   41.1439 N   0  0  0  0  0  0  0  0  0  0  0  0
  -18.0716   12.7503   42.0439 C   0  0  0  0  0  0  0  0  0  0  0  0
  -17.1716   13.5503   42.8439 C   0  0  0  0  0  0  0  0  0  0  0  0
  -15.8716   13.5503   42.5439 N   0  0  0  0  0  0  0  0  0  0  0  0
  -15.4716   12.7503   41.5439 C   0  0  0  0  0  0  0  0  0  0  0  0
  -14.1716   12.5503   40.9439 C   0  0  0  0  0  0  0  0  0  0  0  0
  -14.3716   11.5503   39.9439 C   0  0  0  0  0  0  0  0  0  0  0  0
  -15.6716   11.1503   39.9439 O   0  0  0  0  0  0  0  0  0  0  0  0
  -16.3716   11.8503   40.9439 C   0  0  0  0  0  0  0  0  0  0  0  0
  -12.8716   13.1503   41.2439 C   0  0  0  0  0  0  0  0  0  0  0  0
  -12.8716   14.6503   42.0439 S   0  0  0  0  0  0  0  0  0  0  0  0
  -11.1716   14.6503   42.0439 C   0  0  0  0  0  0  0  0  0  0  0  0
  -10.5716   13.5503   41.3439 C   0  0  0  0  0  0  0  0  0  0  0  0
  -11.6716   12.7503   40.9439 C   0  0  0  0  0  0  0  0  0  0  0  0
  -10.9716   11.5503   40.2439 C   0  0  0  0  0  0  0  0  0  0  0  0
   -9.5716   11.8503   40.4439 C   0  0  0  0  0  0  0  0  0  0  0  0
   -8.6716   11.1503   40.0439 O   0  0  0  0  0  0  0  0  0  0  0  0
   -9.4716   13.0503   41.1439 N   0  0  0  0  0  0  0  0  0  0  0  0
  -10.4716   15.6503   42.7439 N   0  0  0  0  0  0  0  0  0  0  0  0
  -19.1530   12.8924   42.1861 H   0  0  0  0  0  0  0  0  0  0  0  0
  -17.5519   14.1484   43.6851 H   0  0  0  0  0  0  0  0  0  0  0  0
  -13.5907   11.1616   39.2737 H   0  0  0  0  0  0  0  0  0  0  0  0
  -11.2463   10.5968   40.7186 H   0  0  0  0  0  0  0  0  0  0  0  0
  -11.2502   11.4340   39.1862 H   0  0  0  0  0  0  0  0  0  0  0  0
   -8.5820   13.4660   41.4551 H   0  0  0  0  0  0  0  0  0  0  0  0
   -9.4416   15.6528   42.7457 H   0  0  0  0  0  0  0  0  0  0  0  0
  -10.9892   16.3798   43.2546 H   0  0  0  0  0  0  0  0  0  0  0  0
  1  2  2  0
  2  3  1  0
  3  4  2  0
  4  5  1  0
  5  6  1  0
  6  7  2  0
  7  8  1  0
  8  9  1  0
  9  1  1  0
  9  5  2  0
 10 11  1  0
 11 12  1  0
 12 13  2  0
 13 14  1  0
 14 15  1  0
 15 16  1  0
 16 17  2  0
 16 18  1  0
 14 10  2  0
 18 13  1  0
  6 10  1  0
 12 19  1  0
  2 20  1  0
  3 21  1  0
  7 22  1  0
 15 23  1  0
 15 24  1  0
 18 25  1  0
 19 26  1  0
 19 27  1  0
M  END
"
1b9v_Lingo3DMolv2_706910,1b9v,"1b9v_Lingo3DMolv2_706910
     RDKit          3D

 54 54  0  0  0  0  0  0  0  0999 V2000
   32.6874  -12.8909   66.5233 O   0  0  0  0  0  0  0  0  0  0  0  0
   33.3875  -11.8909   66.8233 C   0  0  0  0  0  0  0  0  0  0  0  0
   33.8875  -11.6909   67.9233 O   0  0  0  0  0  1  0  0  0  0  0  0
   33.5874  -10.8909   65.7233 C   0  0  0  0  0  0  0  0  0  0  0  0
   32.7874  -10.8909   64.7233 C   0  0  0  0  0  0  0  0  0  0  0  0
   32.8875   -9.7909   63.5233 C   0  0  2  0  0  0  0  0  0  0  0  0
   33.7874   -8.6909   63.9233 C   0  0  1  0  0  0  0  0  0  0  0  0
   34.9875   -9.0909   64.8233 N   0  0  0  0  0  4  0  0  0  0  0  0
   34.5874   -9.8909   65.9233 C   0  0  0  0  0  0  0  0  0  0  0  0
   34.3875   -7.8909   62.7233 C   0  0  0  0  0  0  0  0  0  0  0  0
   33.3875   -7.1909   61.9233 N   0  0  0  0  0  4  0  0  0  0  0  0
   32.4875   -6.1909   62.6233 C   0  0  0  0  0  0  0  0  0  0  0  0
   31.4874   -9.3909   63.1233 C   0  0  2  0  0  0  0  0  0  0  0  0
   31.3875   -8.1909   61.9233 C   0  0  0  0  0  0  0  0  0  0  0  0
   31.8875   -8.5909   60.6233 C   0  0  0  0  0  0  0  0  0  0  0  0
   30.5875   -9.0909   64.2233 O   0  0  0  0  0  0  0  0  0  0  0  0
   29.2874   -8.5909   64.0233 C   0  0  1  0  0  0  0  0  0  0  0  0
   28.4874   -9.5909   63.4233 O   0  0  0  0  0  0  0  0  0  0  0  0
   28.2874  -10.7909   64.1233 C   0  0  0  0  0  0  0  0  0  0  0  0
   28.3875  -10.8909   65.3233 O   0  0  0  0  0  0  0  0  0  0  0  0
   27.9874  -11.7909   63.2233 N   0  0  0  0  0  0  0  0  0  0  0  0
   27.8875  -13.1909   63.6233 C   0  0  0  0  0  0  0  0  0  0  0  0
   28.5875   -8.4909   65.3233 C   0  0  0  0  0  0  0  0  0  0  0  0
   27.1874   -7.8909   65.3233 C   0  0  0  0  0  0  0  0  0  0  0  0
   32.0039  -11.6613   64.6718 H   0  0  0  0  0  0  0  0  0  0  0  0
   33.3516  -10.2019   62.6147 H   0  0  0  0  0  0  0  0  0  0  0  0
   33.0927   -8.0685   64.5063 H   0  0  0  0  0  0  0  0  0  0  0  0
   35.6651   -9.6207   64.2567 H   0  0  0  0  0  0  0  0  0  0  0  0
   35.4056   -8.2266   65.1960 H   0  0  0  0  0  0  0  0  0  0  0  0
   35.4874  -10.4041   66.2932 H   0  0  0  0  0  0  0  0  0  0  0  0
   34.1126   -9.1760   66.6113 H   0  0  0  0  0  0  0  0  0  0  0  0
   34.9231   -8.5954   62.0700 H   0  0  0  0  0  0  0  0  0  0  0  0
   35.0511   -7.1241   63.1493 H   0  0  0  0  0  0  0  0  0  0  0  0
   33.8897   -6.6835   61.1809 H   0  0  0  0  0  0  0  0  0  0  0  0
   32.7481   -7.9329   61.6045 H   0  0  0  0  0  0  0  0  0  0  0  0
   32.5901   -6.3050   63.7126 H   0  0  0  0  0  0  0  0  0  0  0  0
   32.7773   -5.1704   62.3326 H   0  0  0  0  0  0  0  0  0  0  0  0
   31.4422   -6.3721   62.3326 H   0  0  0  0  0  0  0  0  0  0  0  0
   31.1285  -10.3252   62.6669 H   0  0  0  0  0  0  0  0  0  0  0  0
   30.3310   -7.9059   61.8111 H   0  0  0  0  0  0  0  0  0  0  0  0
   32.0264   -7.3612   62.2599 H   0  0  0  0  0  0  0  0  0  0  0  0
   32.7404   -9.2733   60.7526 H   0  0  0  0  0  0  0  0  0  0  0  0
   31.0897   -9.1029   60.0653 H   0  0  0  0  0  0  0  0  0  0  0  0
   32.2118   -7.7002   60.0653 H   0  0  0  0  0  0  0  0  0  0  0  0
   29.3958   -7.6520   63.4605 H   0  0  0  0  0  0  0  0  0  0  0  0
   27.8287  -11.5421   62.2365 H   0  0  0  0  0  0  0  0  0  0  0  0
   27.8826  -13.2592   64.7212 H   0  0  0  0  0  0  0  0  0  0  0  0
   26.9563  -13.6204   63.2251 H   0  0  0  0  0  0  0  0  0  0  0  0
   28.7481  -13.7484   63.2251 H   0  0  0  0  0  0  0  0  0  0  0  0
   28.5101   -9.5080   65.7351 H   0  0  0  0  0  0  0  0  0  0  0  0
   29.1934   -7.7889   65.9149 H   0  0  0  0  0  0  0  0  0  0  0  0
   26.8504   -7.7465   66.3604 H   0  0  0  0  0  0  0  0  0  0  0  0
   27.2042   -6.9210   64.8048 H   0  0  0  0  0  0  0  0  0  0  0  0
   26.4966   -8.5720   64.8048 H   0  0  0  0  0  0  0  0  0  0  0  0
  1  2  2  0
  2  3  1  0
  4  5  2  0
  5  6  1  0
  6  7  1  0
  7  8  1  0
  8  9  1  0
  9  4  1  0
  2  4  1  0
 10 11  1  0
 11 12  1  0
  7 10  1  0
 13 14  1  0
 14 15  1  0
 13 16  1  0
 16 17  1  0
 17 18  1  0
 18 19  1  0
 19 20  2  0
 19 21  1  0
 21 22  1  0
 17 23  1  0
 23 24  1  0
  6 13  1  0
  5 25  1  0
  6 26  1  6
  7 27  1  1
  8 28  1  0
  8 29  1  0
  9 30  1  0
  9 31  1  0
 10 32  1  0
 10 33  1  0
 11 34  1  0
 11 35  1  0
 12 36  1  0
 12 37  1  0
 12 38  1  0
 13 39  1  6
 14 40  1  0
 14 41  1  0
 15 42  1  0
 15 43  1  0
 15 44  1  0
 17 45  1  6
 21 46  1  0
 22 47  1  0
 22 48  1  0
 22 49  1  0
 23 50  1  0
 23 51  1  0
 24 52  1  0
 24 53  1  0
 24 54  1  0
M  CHG  3   3  -1   8   1  11   1
M  END
"
2ayw_Lingo3DMolv2_971065,2ayw,"2ayw_Lingo3DMolv2_971065
     RDKit          3D

 69 75  0  0  0  0  0  0  0  0999 V2000
   30.8095   15.6190   27.8919 N   0  0  0  0  0  0  0  0  0  0  0  0
   29.6095   15.2190   28.1919 C   0  0  0  0  0  0  0  0  0  0  0  0
   29.3095   13.9190   28.0919 N   0  0  0  0  0  4  0  0  0  0  0  0
   28.6095   16.1190   28.5919 C   0  0  0  0  0  0  0  0  0  0  0  0
   28.8095   17.3190   29.2919 C   0  0  0  0  0  0  0  0  0  0  0  0
   27.6095   18.0190   29.4919 C   0  0  0  0  0  0  0  0  0  0  0  0
   27.4095   19.3190   30.1919 C   0  0  0  0  0  0  0  0  0  0  0  0
   26.1095   19.8190   30.2919 C   0  0  0  0  0  0  0  0  0  0  0  0
   25.0095   19.1190   29.6919 C   0  0  0  0  0  0  0  0  0  0  0  0
   25.2095   17.9190   29.0919 N   0  0  0  0  0  4  0  0  0  0  0  0
   26.4095   17.4190   28.9919 C   0  0  0  0  0  0  0  0  0  0  0  0
   26.8095   15.8190   28.1919 S   0  0  0  0  0  0  0  0  0  0  0  0
   23.7095   19.6190   29.6919 N   0  0  0  0  0  0  0  0  0  0  0  0
   23.2095   20.9190   30.1919 C   0  0  2  0  0  0  0  0  0  0  0  0
   23.5095   22.0190   29.0919 C   0  0  0  0  0  0  0  0  0  0  0  0
   24.1095   23.2190   29.3919 N   0  0  0  0  0  0  0  0  0  0  0  0
   24.1095   23.8190   28.2919 C   0  0  0  0  0  0  0  0  0  0  0  0
   23.5095   23.1190   27.2919 C   0  0  0  0  0  0  0  0  0  0  0  0
   23.1095   21.9190   27.8919 O   0  0  0  0  0  0  0  0  0  0  0  0
   23.2095   23.4190   25.7919 C   0  0  0  0  0  0  0  0  0  0  0  0
   23.9095   24.4190   25.1919 C   0  0  0  0  0  0  0  0  0  0  0  0
   23.6095   24.7190   23.8919 C   0  0  0  0  0  0  0  0  0  0  0  0
   22.7095   24.0190   23.1919 C   0  0  0  0  0  0  0  0  0  0  0  0
   22.0095   23.0190   23.7919 C   0  0  0  0  0  0  0  0  0  0  0  0
   22.2095   22.7190   25.0919 C   0  0  0  0  0  0  0  0  0  0  0  0
   22.4095   24.4190   21.6919 C   0  0  0  0  0  0  0  0  0  0  0  0
   23.1095   21.0190   31.6919 C   0  0  2  0  0  0  0  0  0  0  0  0
   22.1095   19.9190   32.2919 C   0  0  0  0  0  0  0  0  0  0  0  0
   22.0095   20.0190   33.7919 C   0  0  1  0  0  0  0  0  0  0  0  0
   23.5095   19.8190   34.4919 C   0  0  0  0  0  0  0  0  0  0  0  0
   24.5095   20.9190   33.9919 C   0  0  2  0  0  0  0  0  0  0  0  0
   23.9095   22.3190   34.3919 C   0  0  0  0  0  0  0  0  0  0  0  0
   22.5095   22.5190   33.7919 C   0  0  2  0  0  0  0  0  0  0  0  0
   21.5095   21.3190   34.2919 C   0  0  0  0  0  0  0  0  0  0  0  0
   22.5095   22.3190   32.2919 C   0  0  0  0  0  0  0  0  0  0  0  0
   24.5095   20.8190   32.4919 C   0  0  0  0  0  0  0  0  0  0  0  0
   31.0530   16.6172   27.9648 H   0  0  0  0  0  0  0  0  0  0  0  0
   31.5169   14.9378   27.5813 H   0  0  0  0  0  0  0  0  0  0  0  0
   28.3623   13.5895   28.3267 H   0  0  0  0  0  0  0  0  0  0  0  0
   30.0258   13.2477   27.7801 H   0  0  0  0  0  0  0  0  0  0  0  0
   29.7914   17.6697   29.6426 H   0  0  0  0  0  0  0  0  0  0  0  0
   28.2616   19.8692   30.6178 H   0  0  0  0  0  0  0  0  0  0  0  0
   25.9269   20.7578   30.8354 H   0  0  0  0  0  0  0  0  0  0  0  0
   24.4063   17.3982   28.7119 H   0  0  0  0  0  0  0  0  0  0  0  0
   22.9959   18.9964   29.2870 H   0  0  0  0  0  0  0  0  0  0  0  0
   22.1469   21.1906   30.2763 H   0  0  0  0  0  0  0  0  0  0  0  0
   24.5521   24.8158   28.1488 H   0  0  0  0  0  0  0  0  0  0  0  0
   24.6921   24.9690   25.7351 H   0  0  0  0  0  0  0  0  0  0  0  0
   24.1240   25.5617   23.4068 H   0  0  0  0  0  0  0  0  0  0  0  0
   21.2712   22.4478   23.2100 H   0  0  0  0  0  0  0  0  0  0  0  0
   21.6063   21.9469   25.5919 H   0  0  0  0  0  0  0  0  0  0  0  0
   21.7497   25.2989   21.6720 H   0  0  0  0  0  0  0  0  0  0  0  0
   23.3537   24.6571   21.1801 H   0  0  0  0  0  0  0  0  0  0  0  0
   21.9166   23.5793   21.1801 H   0  0  0  0  0  0  0  0  0  0  0  0
   21.1106   20.0697   31.8568 H   0  0  0  0  0  0  0  0  0  0  0  0
   22.5022   18.9231   32.0391 H   0  0  0  0  0  0  0  0  0  0  0  0
   21.2931   19.2296   34.0632 H   0  0  0  0  0  0  0  0  0  0  0  0
   23.4099   19.8924   35.5849 H   0  0  0  0  0  0  0  0  0  0  0  0
   23.9018   18.8312   34.2082 H   0  0  0  0  0  0  0  0  0  0  0  0
   25.5187   20.7990   34.4130 H   0  0  0  0  0  0  0  0  0  0  0  0
   23.8414   22.3795   35.4881 H   0  0  0  0  0  0  0  0  0  0  0  0
   24.5710   23.1051   33.9988 H   0  0  0  0  0  0  0  0  0  0  0  0
   22.2024   23.5314   34.0932 H   0  0  0  0  0  0  0  0  0  0  0  0
   21.4789   21.3016   35.3913 H   0  0  0  0  0  0  0  0  0  0  0  0
   20.4977   21.4979   33.8994 H   0  0  0  0  0  0  0  0  0  0  0  0
   21.4610   22.3684   31.9630 H   0  0  0  0  0  0  0  0  0  0  0  0
   23.1854   23.1065   31.9273 H   0  0  0  0  0  0  0  0  0  0  0  0
   25.2073   21.5825   32.1174 H   0  0  0  0  0  0  0  0  0  0  0  0
   24.7792   19.7707   32.2962 H   0  0  0  0  0  0  0  0  0  0  0  0
  1  2  1  0
  2  3  2  0
  4  5  2  0
  5  6  1  0
  6  7  2  0
  7  8  1  0
  8  9  2  0
  9 10  1  0
 10 11  2  0
 11 12  1  0
 12  4  1  0
 11  6  1  0
  2  4  1  0
 14 13  1  0
  9 13  1  0
 15 16  2  0
 16 17  1  0
 17 18  2  0
 18 19  1  0
 19 15  1  0
 14 15  1  0
 20 21  2  0
 21 22  1  0
 22 23  2  0
 23 24  1  0
 24 25  2  0
 25 20  1  0
 18 20  1  0
 23 26  1  0
 27 28  1  1
 28 29  1  0
 29 30  1  0
 30 31  1  0
 31 32  1  0
 32 33  1  0
 33 34  1  0
 33 35  1  0
 31 36  1  0
 35 27  1  0
 36 27  1  0
 34 29  1  0
 14 27  1  0
  1 37  1  0
  1 38  1  0
  3 39  1  0
  3 40  1  0
  5 41  1  0
  7 42  1  0
  8 43  1  0
 10 44  1  0
 13 45  1  0
 14 46  1  6
 17 47  1  0
 21 48  1  0
 22 49  1  0
 24 50  1  0
 25 51  1  0
 26 52  1  0
 26 53  1  0
 26 54  1  0
 28 55  1  0
 28 56  1  0
 29 57  1  1
 30 58  1  0
 30 59  1  0
 31 60  1  1
 32 61  1  0
 32 62  1  0
 33 63  1  6
 34 64  1  0
 34 65  1  0
 35 66  1  0
 35 67  1  0
 36 68  1  0
 36 69  1  0
M  CHG  2   3   1  10   1
M  END
"
1njs_Lingo3DMolv2_125995,1njs,"1njs_Lingo3DMolv2_125995
     RDKit          3D

 53 54  0  0  0  0  0  0  0  0999 V2000
   49.9990   53.5879   28.7741 O   0  0  0  0  0  0  0  0  0  0  0  0
   51.1990   53.4879   28.4741 C   0  0  0  0  0  0  0  0  0  0  0  0
   52.1990   53.7879   29.1741 O   0  0  0  0  0  1  0  0  0  0  0  0
   51.4990   52.7879   27.0741 C   0  0  0  0  0  0  0  0  0  0  0  0
   52.9990   52.2879   26.8741 C   0  0  1  0  0  0  0  0  0  0  0  0
   52.9990   51.4879   25.6741 N   0  0  0  0  0  0  0  0  0  0  0  0
   53.8990   50.5879   25.3741 C   0  0  0  0  0  0  0  0  0  0  0  0
   55.0990   50.8879   25.0741 O   0  0  0  0  0  0  0  0  0  0  0  0
   53.7990   53.2879   26.0741 C   0  0  0  0  0  0  0  0  0  0  0  0
   54.8990   53.7879   26.5741 N   0  0  0  0  0  0  0  0  0  0  0  0
   53.3990   53.7879   25.0741 O   0  0  0  0  0  0  0  0  0  0  0  0
   53.3990   49.1879   25.5741 C   0  0  0  0  0  0  0  0  0  0  0  0
   54.2990   48.0879   26.4741 S   0  0  0  0  0  0  0  0  0  0  0  0
   53.0990   46.8879   26.2741 C   0  0  0  0  0  0  0  0  0  0  0  0
   51.9990   47.2879   25.5741 C   0  0  0  0  0  0  0  0  0  0  0  0
   52.1990   48.6879   25.1741 C   0  0  0  0  0  0  0  0  0  0  0  0
   51.2990   49.3879   24.4741 F   0  0  0  0  0  0  0  0  0  0  0  0
   50.7990   46.4879   25.2741 C   0  0  0  0  0  0  0  0  0  0  0  0
   50.6990   45.0879   25.8741 C   0  0  2  0  0  0  0  0  0  0  0  0
   49.7990   44.1879   25.0741 C   0  0  0  0  0  0  0  0  0  0  0  0
   50.3990   43.6879   23.7741 C   0  0  0  0  0  0  0  0  0  0  0  0
   51.7990   43.2879   23.9741 O   0  0  0  0  0  0  0  0  0  0  0  0
   50.2990   45.0879   27.3741 C   0  0  0  0  0  0  0  0  0  0  0  0
   50.3990   43.9879   28.1741 C   0  0  0  0  0  0  0  0  0  0  0  0
   49.9990   43.9879   29.4741 C   0  0  0  0  0  0  0  0  0  0  0  0
   49.3990   45.0879   30.0741 C   0  0  0  0  0  0  0  0  0  0  0  0
   49.1990   46.1879   29.2741 C   0  0  0  0  0  0  0  0  0  0  0  0
   49.5990   46.1879   27.9741 C   0  0  0  0  0  0  0  0  0  0  0  0
   48.9990   44.9879   31.5741 C   0  0  0  0  0  0  0  0  0  0  0  0
   48.8990   43.8879   32.0741 O   0  0  0  0  0  0  0  0  0  0  0  0
   48.8990   46.1879   32.0741 O   0  0  0  0  0  0  0  0  0  0  0  0
   48.6990   46.1879   33.4741 N   0  0  0  0  0  0  0  0  0  0  0  0
   50.8342   51.9166   26.9797 H   0  0  0  0  0  0  0  0  0  0  0  0
   51.3277   53.5559   26.3054 H   0  0  0  0  0  0  0  0  0  0  0  0
   53.3294   51.9495   27.8672 H   0  0  0  0  0  0  0  0  0  0  0  0
   52.2322   51.6367   25.0026 H   0  0  0  0  0  0  0  0  0  0  0  0
   55.4476   54.4703   26.0316 H   0  0  0  0  0  0  0  0  0  0  0  0
   55.2168   53.4993   27.5103 H   0  0  0  0  0  0  0  0  0  0  0  0
   53.2055   45.8707   26.6789 H   0  0  0  0  0  0  0  0  0  0  0  0
   50.7439   46.3793   24.1808 H   0  0  0  0  0  0  0  0  0  0  0  0
   49.9745   47.0456   25.7424 H   0  0  0  0  0  0  0  0  0  0  0  0
   51.7181   44.6774   25.8212 H   0  0  0  0  0  0  0  0  0  0  0  0
   49.5480   43.3147   25.6942 H   0  0  0  0  0  0  0  0  0  0  0  0
   48.9200   44.7900   24.8002 H   0  0  0  0  0  0  0  0  0  0  0  0
   49.8221   42.8214   23.4187 H   0  0  0  0  0  0  0  0  0  0  0  0
   50.3629   44.4979   23.0307 H   0  0  0  0  0  0  0  0  0  0  0  0
   51.9912   43.2330   24.9437 H   0  0  0  0  0  0  0  0  0  0  0  0
   50.8199   43.0638   27.7511 H   0  0  0  0  0  0  0  0  0  0  0  0
   50.1570   43.0800   30.0747 H   0  0  0  0  0  0  0  0  0  0  0  0
   48.7088   47.0801   29.6909 H   0  0  0  0  0  0  0  0  0  0  0  0
   49.3762   47.0697   27.3553 H   0  0  0  0  0  0  0  0  0  0  0  0
   48.6504   45.2168   33.8139 H   0  0  0  0  0  0  0  0  0  0  0  0
   49.4829   46.6735   33.9329 H   0  0  0  0  0  0  0  0  0  0  0  0
  1  2  2  0
  2  3  1  0
  2  4  1  0
  5  4  1  0
  5  6  1  0
  6  7  1  0
  7  8  2  0
  5  9  1  0
  9 10  1  0
  9 11  2  0
 12 13  1  0
 13 14  1  0
 14 15  2  0
 15 16  1  0
 16 12  2  0
  7 12  1  0
 16 17  1  0
 18 19  1  0
 19 20  1  0
 20 21  1  0
 21 22  1  0
 15 18  1  0
 23 24  2  0
 24 25  1  0
 25 26  2  0
 26 27  1  0
 27 28  2  0
 28 23  1  0
 19 23  1  0
 29 30  2  0
 29 31  1  0
 31 32  1  0
 26 29  1  0
  4 33  1  0
  4 34  1  0
  5 35  1  1
  6 36  1  0
 10 37  1  0
 10 38  1  0
 14 39  1  0
 18 40  1  0
 18 41  1  0
 19 42  1  1
 20 43  1  0
 20 44  1  0
 21 45  1  0
 21 46  1  0
 22 47  1  0
 24 48  1  0
 25 49  1  0
 27 50  1  0
 28 51  1  0
 32 52  1  0
 32 53  1  0
M  CHG  1   3  -1
M  END
"
3f9m_Lingo3DMolv2_1021971,3f9m,"3f9m_Lingo3DMolv2_1021971
     RDKit          3D

 15 15  0  0  0  0  0  0  0  0999 V2000
   -8.8297    6.2079   22.6101 N   0  0  0  0  0  0  0  0  0  0  0  0
   -9.4297    7.4079   22.8101 C   0  0  0  0  0  0  0  0  0  0  0  0
  -10.7297    7.7079   22.3101 C   0  0  0  0  0  0  0  0  0  0  0  0
  -11.4297    6.7079   21.5101 C   0  0  0  0  0  0  0  0  0  0  0  0
  -10.8297    5.5079   21.3101 C   0  0  0  0  0  0  0  0  0  0  0  0
   -9.6297    5.2079   21.9101 C   0  0  0  0  0  0  0  0  0  0  0  0
  -12.7297    7.0079   20.9101 C   0  0  0  0  0  0  0  0  0  0  0  0
  -12.8297    6.5079   19.5101 C   0  0  0  0  0  0  0  0  0  0  0  0
  -12.8297    6.2079   18.4101 N   0  0  0  0  0  0  0  0  0  0  0  0
   -8.8917    8.1794   23.3805 H   0  0  0  0  0  0  0  0  0  0  0  0
  -11.1991    8.6795   22.5240 H   0  0  0  0  0  0  0  0  0  0  0  0
  -11.3105    4.7637   20.6582 H   0  0  0  0  0  0  0  0  0  0  0  0
   -9.2580    4.1738   21.8607 H   0  0  0  0  0  0  0  0  0  0  0  0
  -12.8766    8.0981   20.9088 H   0  0  0  0  0  0  0  0  0  0  0  0
  -13.5030    6.5017   21.5066 H   0  0  0  0  0  0  0  0  0  0  0  0
  1  2  2  0
  2  3  1  0
  3  4  2  0
  4  5  1  0
  5  6  2  0
  6  1  1  0
  7  8  1  0
  8  9  3  0
  4  7  1  0
  2 10  1  0
  3 11  1  0
  5 12  1  0
  6 13  1  0
  7 14  1  0
  7 15  1  0
M  END
"
3frj_Lingo3DMolv2_312986,3frj,"3frj_Lingo3DMolv2_312986
     RDKit          3D

 40 41  0  0  0  0  0  0  0  0999 V2000
   52.8835   19.9713   40.8276 O   0  0  0  0  0  0  0  0  0  0  0  0
   52.0835   18.8713   40.3276 C   0  0  0  0  0  0  0  0  0  0  0  0
   53.5835   20.9713   40.0276 C   0  0  0  0  0  0  0  0  0  0  0  0
   53.6835   22.1713   40.3276 C   0  0  0  0  0  0  0  0  0  0  0  0
   54.6835   23.0713   39.1276 S   0  0  0  0  0  0  0  0  0  0  0  0
   54.9835   21.5713   38.2276 C   0  0  0  0  0  0  0  0  0  0  0  0
   54.3835   20.5713   38.8276 C   0  0  0  0  0  0  0  0  0  0  0  0
   55.7835   21.5713   37.1276 O   0  0  0  0  0  0  0  0  0  0  0  0
   56.4835   22.7713   36.6276 C   0  0  0  0  0  0  0  0  0  0  0  0
   57.7835   22.9713   37.4276 C   0  0  0  0  0  0  0  0  0  0  0  0
   58.8835   21.7713   37.3276 C   0  0  1  0  0  0  0  0  0  0  0  0
   58.3835   20.5713   37.9276 C   0  0  0  0  0  0  0  0  0  0  0  0
   59.2835   21.5713   35.9276 C   0  0  0  0  0  0  0  0  0  0  0  0
   59.4835   20.4713   35.4276 O   0  0  0  0  0  0  0  0  0  0  0  0
   53.1835   22.9713   41.4276 C   0  0  0  0  0  0  0  0  0  0  0  0
   53.8835   23.1713   42.4276 O   0  0  0  0  0  0  0  0  0  0  0  0
   51.7835   23.5713   41.3276 C   0  0  0  0  0  0  0  0  0  0  0  0
   51.7835   25.0713   41.5276 C   0  0  0  0  0  0  0  0  0  0  0  0
   52.7835   25.9713   40.8276 C   0  0  0  0  0  0  0  0  0  0  0  0
   52.8835   25.7713   42.3276 C   0  0  0  0  0  0  0  0  0  0  0  0
   51.6707   18.3036   41.1745 H   0  0  0  0  0  0  0  0  0  0  0  0
   51.2600   19.2660   39.7144 H   0  0  0  0  0  0  0  0  0  0  0  0
   52.7127   18.2094   39.7144 H   0  0  0  0  0  0  0  0  0  0  0  0
   54.4614   19.5307   38.4797 H   0  0  0  0  0  0  0  0  0  0  0  0
   56.7241   22.6395   35.5623 H   0  0  0  0  0  0  0  0  0  0  0  0
   55.8367   23.6528   36.7485 H   0  0  0  0  0  0  0  0  0  0  0  0
   58.2606   23.8946   37.0670 H   0  0  0  0  0  0  0  0  0  0  0  0
   57.4771   23.0020   38.4836 H   0  0  0  0  0  0  0  0  0  0  0  0
   59.7830   22.0567   37.8928 H   0  0  0  0  0  0  0  0  0  0  0  0
   58.4227   20.6652   39.0229 H   0  0  0  0  0  0  0  0  0  0  0  0
   57.3429   20.4089   37.6104 H   0  0  0  0  0  0  0  0  0  0  0  0
   59.0010   19.7180   37.6104 H   0  0  0  0  0  0  0  0  0  0  0  0
   59.4106   22.4604   35.2925 H   0  0  0  0  0  0  0  0  0  0  0  0
   51.3736   23.3477   40.3317 H   0  0  0  0  0  0  0  0  0  0  0  0
   51.1701   23.1265   42.1250 H   0  0  0  0  0  0  0  0  0  0  0  0
   50.6860   25.0237   41.5839 H   0  0  0  0  0  0  0  0  0  0  0  0
   53.5443   25.5342   40.1641 H   0  0  0  0  0  0  0  0  0  0  0  0
   52.7070   26.8472   40.1665 H   0  0  0  0  0  0  0  0  0  0  0  0
   53.7135   25.1867   42.7512 H   0  0  0  0  0  0  0  0  0  0  0  0
   52.9073   26.4371   43.2029 H   0  0  0  0  0  0  0  0  0  0  0  0
  1  2  1  0
  3  4  2  0
  4  5  1  0
  5  6  1  0
  6  7  2  0
  7  3  1  0
  1  3  1  0
  8  9  1  0
  9 10  1  0
 10 11  1  0
 11 12  1  0
 11 13  1  0
 13 14  2  0
  6  8  1  0
 15 16  2  0
 15 17  1  0
  4 15  1  0
 18 19  1  0
 19 20  1  0
 20 18  1  0
 17 18  1  0
  2 21  1  0
  2 22  1  0
  2 23  1  0
  7 24  1  0
  9 25  1  0
  9 26  1  0
 10 27  1  0
 10 28  1  0
 11 29  1  1
 12 30  1  0
 12 31  1  0
 12 32  1  0
 13 33  1  0
 17 34  1  0
 17 35  1  0
 18 36  1  0
 19 37  1  0
 19 38  1  0
 20 39  1  0
 20 40  1  0
M  END
"
1r9o_Lingo3DMolv2_11767,1r9o,"1r9o_Lingo3DMolv2_11767
     RDKit          3D

 33 35  0  0  0  0  0  0  0  0999 V2000
   10.8672   36.8558   -1.7874 F   0  0  0  0  0  0  0  0  0  0  0  0
   10.3672   36.5558   -0.6874 C   0  0  0  0  0  0  0  0  0  0  0  0
    8.9672   37.1558   -0.5874 C   0  0  0  0  0  0  0  0  0  0  0  0
   11.1672   37.0558    0.3126 F   0  0  0  0  0  0  0  0  0  0  0  0
   10.3672   35.1558   -0.4874 O   0  0  0  0  0  0  0  0  0  0  0  0
    9.6672   34.2558   -1.3874 C   0  0  0  0  0  0  0  0  0  0  0  0
   10.0672   32.9558   -1.2874 C   0  0  0  0  0  0  0  0  0  0  0  0
    9.3672   31.9558   -2.0874 C   0  0  0  0  0  0  0  0  0  0  0  0
    8.2672   32.3558   -2.8874 C   0  0  0  0  0  0  0  0  0  0  0  0
    7.7672   33.7558   -2.8874 C   0  0  0  0  0  0  0  0  0  0  0  0
    8.4672   34.6558   -2.0874 C   0  0  0  0  0  0  0  0  0  0  0  0
    6.6672   33.8558   -3.7874 C   0  0  0  0  0  0  0  0  0  0  0  0
    6.4672   32.6558   -4.3874 C   0  0  0  0  0  0  0  0  0  0  0  0
    5.6672   32.1558   -5.2874 N   0  0  0  0  0  0  0  0  0  0  0  0
    4.7672   31.2558   -4.5874 C   0  0  0  0  0  0  0  0  0  0  0  0
    3.6672   31.0558   -4.8874 O   0  0  0  0  0  0  0  0  0  0  0  0
    5.6672   30.7558   -3.5874 N   0  0  0  0  0  0  0  0  0  0  0  0
    6.8672   31.4558   -3.4874 C   0  0  2  0  0  0  0  0  0  0  0  0
    7.3672   32.0558   -2.1874 N   0  0  0  0  0  0  0  0  0  0  0  0
    7.9672   30.6558   -4.1874 C   0  0  0  0  0  0  0  0  0  0  0  0
    8.6933   37.2732    0.4715 H   0  0  0  0  0  0  0  0  0  0  0  0
    8.9535   38.1389   -1.0808 H   0  0  0  0  0  0  0  0  0  0  0  0
    8.2459   36.4878   -1.0808 H   0  0  0  0  0  0  0  0  0  0  0  0
   10.8948   32.6689   -0.6220 H   0  0  0  0  0  0  0  0  0  0  0  0
    9.6893   30.9042   -2.0698 H   0  0  0  0  0  0  0  0  0  0  0  0
    8.1009   35.6881   -1.9865 H   0  0  0  0  0  0  0  0  0  0  0  0
    6.0731   34.7640   -3.9675 H   0  0  0  0  0  0  0  0  0  0  0  0
    5.6724   32.3592   -6.2971 H   0  0  0  0  0  0  0  0  0  0  0  0
    5.4439   29.9454   -2.9922 H   0  0  0  0  0  0  0  0  0  0  0  0
    7.0735   32.1514   -1.2048 H   0  0  0  0  0  0  0  0  0  0  0  0
    8.6147   30.1849   -3.4330 H   0  0  0  0  0  0  0  0  0  0  0  0
    7.5107   29.8773   -4.8162 H   0  0  0  0  0  0  0  0  0  0  0  0
    8.5672   31.3300   -4.8162 H   0  0  0  0  0  0  0  0  0  0  0  0
  1  2  1  0
  2  3  1  0
  2  4  1  0
  2  5  1  0
  6  7  2  0
  7  8  1  0
  8  9  2  0
  9 10  1  0
 10 11  2  0
 10 12  1  0
 12 13  2  0
 13 14  1  0
 14 15  1  0
 15 16  2  0
 15 17  1  0
 17 18  1  0
 18 19  1  0
 11  6  1  0
 18 13  1  0
 19  9  1  0
  5  6  1  0
 18 20  1  6
  3 21  1  0
  3 22  1  0
  3 23  1  0
  7 24  1  0
  8 25  1  0
 11 26  1  0
 12 27  1  0
 14 28  1  0
 17 29  1  0
 19 30  1  0
 20 31  1  0
 20 32  1  0
 20 33  1  0
M  END
"
2rgp_Lingo3DMolv2_1152175,2rgp,"2rgp_Lingo3DMolv2_1152175
     RDKit          3D

 50 54  0  0  0  0  0  0  0  0999 V2000
   13.1221   38.9818   96.7302 F   0  0  0  0  0  0  0  0  0  0  0  0
   14.4221   38.7818   96.9302 C   0  0  0  0  0  0  0  0  0  0  0  0
   15.2221   39.8818   97.2302 C   0  0  0  0  0  0  0  0  0  0  0  0
   16.6221   39.6818   97.4302 C   0  0  0  0  0  0  0  0  0  0  0  0
   17.1221   38.4818   97.4302 C   0  0  0  0  0  0  0  0  0  0  0  0
   16.3221   37.2818   97.2302 C   0  0  0  0  0  0  0  0  0  0  0  0
   14.9221   37.4818   97.0302 C   0  0  0  0  0  0  0  0  0  0  0  0
   16.9221   35.9818   97.2302 C   0  0  0  0  0  0  0  0  0  0  0  0
   16.4221   34.9818   96.2302 N   0  0  0  0  0  0  0  0  0  0  0  0
   15.6221   34.0818   96.6302 N   0  0  0  0  0  0  0  0  0  0  0  0
   15.4221   33.2818   95.5302 C   0  0  0  0  0  0  0  0  0  0  0  0
   16.1221   33.7818   94.4302 C   0  0  0  0  0  0  0  0  0  0  0  0
   16.2221   33.4818   93.2302 N   0  0  0  0  0  0  0  0  0  0  0  0
   17.0221   34.1818   92.4302 C   0  0  0  0  0  0  0  0  0  0  0  0
   17.7221   35.2818   92.8302 C   0  0  0  0  0  0  0  0  0  0  0  0
   17.6221   35.6818   94.1302 C   0  0  0  0  0  0  0  0  0  0  0  0
   16.8221   34.9818   94.9302 C   0  0  0  0  0  0  0  0  0  0  0  0
   17.0221   33.8818   91.0302 O   0  0  0  0  0  0  0  0  0  0  0  0
   15.9221   33.8818   90.3302 C   0  0  0  0  0  0  0  0  0  0  0  0
   14.7221   34.1818   90.9302 N   0  0  0  0  0  0  0  0  0  0  0  0
   13.6221   34.1818   90.1302 C   0  0  0  0  0  0  0  0  0  0  0  0
   13.5221   33.8818   88.8302 N   0  0  0  0  0  0  0  0  0  0  0  0
   14.7221   33.5818   88.2302 C   0  0  0  0  0  0  0  0  0  0  0  0
   14.7221   33.1818   86.8302 C   0  0  0  0  0  0  0  0  0  0  0  0
   15.9221   32.8818   86.1302 C   0  0  0  0  0  0  0  0  0  0  0  0
   17.1221   32.9818   86.8302 C   0  0  0  0  0  0  0  0  0  0  0  0
   17.2221   33.2818   88.2302 C   0  0  0  0  0  0  0  0  0  0  0  0
   16.0221   33.5818   88.9302 C   0  0  0  0  0  0  0  0  0  0  0  0
   18.6221   33.3818   88.8302 C   0  0  0  0  0  0  0  0  0  0  0  0
   19.6221   32.5818   88.5302 C   0  0  0  0  0  0  0  0  0  0  0  0
   20.9221   32.6818   89.1302 O   0  0  0  0  0  0  0  0  0  0  0  0
   21.9221   31.6818   88.6302 C   0  0  0  0  0  0  0  0  0  0  0  0
   14.7833   40.8872   97.3117 H   0  0  0  0  0  0  0  0  0  0  0  0
   17.2814   40.5486   97.5852 H   0  0  0  0  0  0  0  0  0  0  0  0
   18.2045   38.3672   97.5894 H   0  0  0  0  0  0  0  0  0  0  0  0
   14.2436   36.6192   96.9556 H   0  0  0  0  0  0  0  0  0  0  0  0
   17.9986   36.1171   97.0491 H   0  0  0  0  0  0  0  0  0  0  0  0
   16.6560   35.5534   98.2078 H   0  0  0  0  0  0  0  0  0  0  0  0
   14.7986   32.3756   95.5183 H   0  0  0  0  0  0  0  0  0  0  0  0
   18.3539   35.8346   92.1195 H   0  0  0  0  0  0  0  0  0  0  0  0
   18.1825   36.5515   94.5037 H   0  0  0  0  0  0  0  0  0  0  0  0
   12.6810   34.4693   90.6219 H   0  0  0  0  0  0  0  0  0  0  0  0
   13.7626   33.1095   86.2972 H   0  0  0  0  0  0  0  0  0  0  0  0
   15.9038   32.5810   85.0723 H   0  0  0  0  0  0  0  0  0  0  0  0
   18.0562   32.8199   86.2724 H   0  0  0  0  0  0  0  0  0  0  0  0
   18.8077   34.1789   89.5652 H   0  0  0  0  0  0  0  0  0  0  0  0
   19.4532   31.7950   87.7803 H   0  0  0  0  0  0  0  0  0  0  0  0
   22.4110   31.1929   89.4858 H   0  0  0  0  0  0  0  0  0  0  0  0
   21.4092   30.9245   88.0191 H   0  0  0  0  0  0  0  0  0  0  0  0
   22.6794   32.1946   88.0191 H   0  0  0  0  0  0  0  0  0  0  0  0
  2  3  2  0
  3  4  1  0
  4  5  2  0
  5  6  1  0
  6  7  2  0
  7  2  1  0
  1  2  1  0
  6  8  1  0
  9 10  1  0
 10 11  2  0
 11 12  1  0
 12 13  2  0
 13 14  1  0
 14 15  2  0
 15 16  1  0
 16 17  2  0
 17  9  1  0
 17 12  1  0
  8  9  1  0
 14 18  1  0
 19 20  2  0
 20 21  1  0
 21 22  2  0
 22 23  1  0
 23 24  2  0
 24 25  1  0
 25 26  2  0
 26 27  1  0
 27 28  2  0
 28 19  1  0
 28 23  1  0
 18 19  1  0
 29 30  2  3
 30 31  1  0
 31 32  1  0
 27 29  1  0
  3 33  1  0
  4 34  1  0
  5 35  1  0
  7 36  1  0
  8 37  1  0
  8 38  1  0
 11 39  1  0
 15 40  1  0
 16 41  1  0
 21 42  1  0
 24 43  1  0
 25 44  1  0
 26 45  1  0
 29 46  1  0
 30 47  1  0
 32 48  1  0
 32 49  1  0
 32 50  1  0
M  END
"
3g0e_Lingo3DMolv2_611960,3g0e,"3g0e_Lingo3DMolv2_611960
     RDKit          3D

 32 34  0  0  0  0  0  0  0  0999 V2000
   31.8185   -1.8757  -77.9804 N   0  0  0  0  0  0  0  0  0  0  0  0
   31.3185   -0.6757  -77.7804 C   0  0  0  0  0  0  0  0  0  0  0  0
   31.9185    0.4243  -78.0804 O   0  0  0  0  0  0  0  0  0  0  0  0
   29.9185   -0.5757  -77.2804 C   0  0  0  0  0  0  0  0  0  0  0  0
   29.1185    0.6243  -77.7804 C   0  0  0  0  0  0  0  0  0  0  0  0
   29.6185    0.6243  -76.3804 C   0  0  0  0  0  0  0  0  0  0  0  0
   33.1185   -2.2757  -78.1804 C   0  0  0  0  0  0  0  0  0  0  0  0
   34.1185   -1.3757  -78.2804 N   0  0  0  0  0  0  0  0  0  0  0  0
   35.3185   -1.8757  -78.4804 C   0  0  0  0  0  0  0  0  0  0  0  0
   35.6185   -3.1757  -78.6804 N   0  0  0  0  0  0  0  0  0  0  0  0
   34.6185   -4.0757  -78.5804 C   0  0  0  0  0  0  0  0  0  0  0  0
   33.2185   -3.6757  -78.2804 C   0  0  0  0  0  0  0  0  0  0  0  0
   32.2185   -4.5757  -78.1804 O   0  0  0  0  0  0  0  0  0  0  0  0
   35.0185   -5.4757  -78.7804 C   0  0  0  0  0  0  0  0  0  0  0  0
   34.3185   -6.6757  -78.7804 C   0  0  0  0  0  0  0  0  0  0  0  0
   35.0185   -7.7757  -79.0804 O   0  0  0  0  0  0  0  0  0  0  0  0
   36.3185   -7.2757  -79.2804 C   0  0  0  0  0  0  0  0  0  0  0  0
   36.3185   -5.9757  -79.1804 C   0  0  0  0  0  0  0  0  0  0  0  0
   37.3185   -8.2757  -79.6804 C   0  0  0  0  0  0  0  0  0  0  0  0
   31.1252   -2.6374  -77.9884 H   0  0  0  0  0  0  0  0  0  0  0  0
   29.7598   -1.6628  -77.2263 H   0  0  0  0  0  0  0  0  0  0  0  0
   29.5616    1.3078  -78.5197 H   0  0  0  0  0  0  0  0  0  0  0  0
   28.1308    0.7532  -78.2473 H   0  0  0  0  0  0  0  0  0  0  0  0
   30.4303    1.3068  -76.0886 H   0  0  0  0  0  0  0  0  0  0  0  0
   29.1516    0.7524  -75.3926 H   0  0  0  0  0  0  0  0  0  0  0  0
   36.1584   -1.1654  -78.4850 H   0  0  0  0  0  0  0  0  0  0  0  0
   31.2978   -4.2723  -77.9792 H   0  0  0  0  0  0  0  0  0  0  0  0
   33.2446   -6.7192  -78.5459 H   0  0  0  0  0  0  0  0  0  0  0  0
   37.1942   -5.3391  -79.3750 H   0  0  0  0  0  0  0  0  0  0  0  0
   37.7675   -8.7247  -78.7822 H   0  0  0  0  0  0  0  0  0  0  0  0
   36.8331   -9.0604  -80.2791 H   0  0  0  0  0  0  0  0  0  0  0  0
   38.1032   -7.7903  -80.2791 H   0  0  0  0  0  0  0  0  0  0  0  0
  1  2  1  0
  2  3  2  0
  4  5  1  0
  5  6  1  0
  6  4  1  0
  2  4  1  0
  7  8  2  0
  8  9  1  0
  9 10  2  0
 10 11  1  0
 11 12  2  0
 12  7  1  0
  1  7  1  0
 12 13  1  0
 14 15  2  0
 15 16  1  0
 16 17  1  0
 17 18  2  0
 18 14  1  0
 11 14  1  0
 17 19  1  0
  1 20  1  0
  4 21  1  0
  5 22  1  0
  5 23  1  0
  6 24  1  0
  6 25  1  0
  9 26  1  0
 13 27  1  0
 15 28  1  0
 18 29  1  0
 19 30  1  0
 19 31  1  0
 19 32  1  0
M  END
"
3d4q_Lingo3DMolv2_554662,3d4q,"3d4q_Lingo3DMolv2_554662
     RDKit          3D

 72 77  0  0  0  0  0  0  0  0999 V2000
   66.0504   28.7687   -1.0319 N   0  0  0  0  0  0  0  0  0  0  0  0
   64.9504   27.9687   -1.1319 C   0  0  0  0  0  0  0  0  0  0  0  0
   65.1504   26.6687   -1.2319 N   0  0  0  0  0  0  0  0  0  0  0  0
   64.0504   25.8687   -1.4319 C   0  0  0  0  0  0  0  0  0  0  0  0
   62.7504   26.3687   -1.6319 C   0  0  0  0  0  0  0  0  0  0  0  0
   61.6504   25.5687   -1.7319 N   0  0  0  0  0  0  0  0  0  0  0  0
   60.4504   26.1687   -1.9319 C   0  0  0  0  0  0  0  0  0  0  0  0
   60.2504   27.4687   -2.0319 N   0  0  0  0  0  0  0  0  0  0  0  0
   61.2504   28.3687   -1.8319 C   0  0  0  0  0  0  0  0  0  0  0  0
   62.6504   27.8687   -1.6319 C   0  0  0  0  0  0  0  0  0  0  0  0
   63.7504   28.6687   -1.4319 N   0  0  0  0  0  0  0  0  0  0  0  0
   60.9504   29.6687   -1.9319 N   0  0  0  0  0  0  0  0  0  0  0  0
   59.6504   29.9687   -2.5319 C   0  0  0  0  0  0  0  0  0  0  0  0
   61.6504   30.8687   -1.6319 C   0  0  0  0  0  0  0  0  0  0  0  0
   60.9504   31.9687   -1.2319 C   0  0  0  0  0  0  0  0  0  0  0  0
   61.6504   33.1687   -0.9319 C   0  0  0  0  0  0  0  0  0  0  0  0
   63.0504   33.2687   -1.0319 C   0  0  0  0  0  0  0  0  0  0  0  0
   63.7504   32.0687   -1.4319 C   0  0  0  0  0  0  0  0  0  0  0  0
   63.0504   30.9687   -1.6319 C   0  0  0  0  0  0  0  0  0  0  0  0
   63.7504   34.4687   -0.7319 N   0  0  0  0  0  0  0  0  0  0  0  0
   65.0504   34.6687   -1.2319 C   0  0  0  0  0  0  0  0  0  0  0  0
   65.8504   35.8687   -0.5319 C   0  0  0  0  0  0  0  0  0  0  0  0
   65.1504   37.1687   -0.6319 C   0  0  0  0  0  0  0  0  0  0  0  0
   63.6504   36.9687   -0.1319 C   0  0  0  0  0  0  0  0  0  0  0  0
   62.9504   35.7687   -0.8319 C   0  0  0  0  0  0  0  0  0  0  0  0
   65.8504   38.2687    0.1681 N   0  0  0  0  0  4  0  0  0  0  0  0
   65.9504   38.0687    1.5681 C   0  0  0  0  0  0  0  0  0  0  0  0
   67.3504   38.3687    1.9681 C   0  0  0  0  0  0  0  0  0  0  0  0
   68.2504   38.2687    0.6681 C   0  0  0  0  0  0  0  0  0  0  0  0
   67.2504   38.3687   -0.5319 C   0  0  0  0  0  0  0  0  0  0  0  0
   59.3504   25.2687   -1.9319 C   0  0  0  0  0  0  0  0  0  0  0  0
   58.2504   25.2687   -2.8319 C   0  0  0  0  0  0  0  0  0  0  0  0
   57.5504   24.1687   -2.7319 N   0  0  0  0  0  0  0  0  0  0  0  0
   58.1504   23.3687   -1.8319 N   0  0  0  0  0  0  0  0  0  0  0  0
   59.2504   24.0687   -1.2319 C   0  0  0  0  0  0  0  0  0  0  0  0
   60.0504   23.4687   -0.0319 C   0  0  0  0  0  0  0  0  0  0  0  0
   57.6504   22.0687   -1.5319 C   0  0  0  0  0  0  0  0  0  0  0  0
   65.9392   29.7896   -0.9520 H   0  0  0  0  0  0  0  0  0  0  0  0
   66.9924   28.3521   -1.0364 H   0  0  0  0  0  0  0  0  0  0  0  0
   64.1944   24.7782   -1.4358 H   0  0  0  0  0  0  0  0  0  0  0  0
   58.9101   30.1396   -1.7365 H   0  0  0  0  0  0  0  0  0  0  0  0
   59.7338   30.8712   -3.1552 H   0  0  0  0  0  0  0  0  0  0  0  0
   59.3298   29.1210   -3.1552 H   0  0  0  0  0  0  0  0  0  0  0  0
   59.8548   31.9276   -1.1424 H   0  0  0  0  0  0  0  0  0  0  0  0
   61.0773   34.0508   -0.6101 H   0  0  0  0  0  0  0  0  0  0  0  0
   64.8421   32.0729   -1.5665 H   0  0  0  0  0  0  0  0  0  0  0  0
   63.6166   30.0437   -1.8158 H   0  0  0  0  0  0  0  0  0  0  0  0
   65.6227   33.7410   -1.0840 H   0  0  0  0  0  0  0  0  0  0  0  0
   64.9412   34.9400   -2.2924 H   0  0  0  0  0  0  0  0  0  0  0  0
   65.9864   35.6252    0.5321 H   0  0  0  0  0  0  0  0  0  0  0  0
   66.8117   35.9724   -1.0566 H   0  0  0  0  0  0  0  0  0  0  0  0
   65.1627   37.4992   -1.6810 H   0  0  0  0  0  0  0  0  0  0  0  0
   63.6602   36.7888    0.9532 H   0  0  0  0  0  0  0  0  0  0  0  0
   63.0875   37.8799   -0.3827 H   0  0  0  0  0  0  0  0  0  0  0  0
   61.9683   35.6129   -0.3617 H   0  0  0  0  0  0  0  0  0  0  0  0
   62.8597   36.0179   -1.8995 H   0  0  0  0  0  0  0  0  0  0  0  0
   65.2985   39.1382    0.1482 H   0  0  0  0  0  0  0  0  0  0  0  0
   65.2579   38.7429    2.0933 H   0  0  0  0  0  0  0  0  0  0  0  0
   65.6885   37.0328    1.8292 H   0  0  0  0  0  0  0  0  0  0  0  0
   67.4112   39.3830    2.3895 H   0  0  0  0  0  0  0  0  0  0  0  0
   67.6951   37.6573    2.7329 H   0  0  0  0  0  0  0  0  0  0  0  0
   68.9752   39.0956    0.6361 H   0  0  0  0  0  0  0  0  0  0  0  0
   68.8324   37.3357    0.6417 H   0  0  0  0  0  0  0  0  0  0  0  0
   67.3610   39.3272   -1.0602 H   0  0  0  0  0  0  0  0  0  0  0  0
   67.4101   37.5934   -1.2958 H   0  0  0  0  0  0  0  0  0  0  0  0
   58.0173   26.0904   -3.5252 H   0  0  0  0  0  0  0  0  0  0  0  0
   59.6008   23.8059    0.9137 H   0  0  0  0  0  0  0  0  0  0  0  0
   60.0180   22.3704   -0.0822 H   0  0  0  0  0  0  0  0  0  0  0  0
   61.0958   23.8074   -0.0822 H   0  0  0  0  0  0  0  0  0  0  0  0
   57.6001   21.9380   -0.4409 H   0  0  0  0  0  0  0  0  0  0  0  0
   56.6443   21.9547   -1.9617 H   0  0  0  0  0  0  0  0  0  0  0  0
   58.3208   21.3098   -1.9617 H   0  0  0  0  0  0  0  0  0  0  0  0
  2  3  2  0
  3  4  1  0
  4  5  2  0
  5  6  1  0
  6  7  2  0
  7  8  1  0
  8  9  2  0
  9 10  1  0
 10 11  2  0
 11  2  1  0
 10  5  1  0
  1  2  1  0
 12 13  1  0
  9 12  1  0
 14 15  2  0
 15 16  1  0
 16 17  2  0
 17 18  1  0
 18 19  2  0
 19 14  1  0
 12 14  1  0
 20 21  1  0
 21 22  1  0
 22 23  1  0
 23 24  1  0
 24 25  1  0
 25 20  1  0
 17 20  1  0
 26 27  1  0
 27 28  1  0
 28 29  1  0
 29 30  1  0
 30 26  1  0
 23 26  1  0
 31 32  1  0
 32 33  2  0
 33 34  1  0
 34 35  1  0
 35 31  2  0
  7 31  1  0
 35 36  1  0
 34 37  1  0
  1 38  1  0
  1 39  1  0
  4 40  1  0
 13 41  1  0
 13 42  1  0
 13 43  1  0
 15 44  1  0
 16 45  1  0
 18 46  1  0
 19 47  1  0
 21 48  1  0
 21 49  1  0
 22 50  1  0
 22 51  1  0
 23 52  1  0
 24 53  1  0
 24 54  1  0
 25 55  1  0
 25 56  1  0
 26 57  1  0
 27 58  1  0
 27 59  1  0
 28 60  1  0
 28 61  1  0
 29 62  1  0
 29 63  1  0
 30 64  1  0
 30 65  1  0
 32 66  1  0
 36 67  1  0
 36 68  1  0
 36 69  1  0
 37 70  1  0
 37 71  1  0
 37 72  1  0
M  CHG  1  26   1
M  END
"
2b8t_Lingo3DMolv2_1106368,2b8t,"2b8t_Lingo3DMolv2_1106368
     RDKit          3D

 28 29  0  0  0  0  0  0  0  0999 V2000
   31.7825   11.4717    7.8397 N   0  0  0  0  0  0  0  0  0  0  0  0
   30.9825   11.7717    6.6397 C   0  0  0  0  0  0  0  0  0  0  0  0
   29.3825   11.1717    6.9397 S   0  0  0  0  0  0  0  0  0  0  0  0
   28.5825   12.2717    7.5397 O   0  0  0  0  0  0  0  0  0  0  0  0
   28.7825   10.5717    5.7397 O   0  0  0  0  0  0  0  0  0  0  0  0
   29.8825   10.0717    8.2397 C   0  0  0  0  0  0  0  0  0  0  0  0
   31.3825   10.1717    8.3397 N   0  0  0  0  0  0  0  0  0  0  0  0
   32.1825    8.9717    8.5397 C   0  0  0  0  0  0  0  0  0  0  0  0
   31.9825    7.8717    7.4397 C   0  0  0  0  0  0  0  0  0  0  0  0
   32.8825    6.5717    7.6397 C   0  0  0  0  0  0  0  0  0  0  0  0
   33.1825    5.9717    8.8397 C   0  0  0  0  0  0  0  0  0  0  0  0
   32.7825    6.4717   10.1397 C   0  0  0  0  0  0  0  0  0  0  0  0
   33.4825    7.8717   10.4397 C   0  0  0  0  0  0  0  0  0  0  0  0
   32.9825    8.9717    9.6397 O   0  0  0  0  0  0  0  0  0  0  0  0
   32.7833   11.4586    7.5968 H   0  0  0  0  0  0  0  0  0  0  0  0
   30.9532   12.8575    6.4660 H   0  0  0  0  0  0  0  0  0  0  0  0
   31.4192   11.3007    5.7467 H   0  0  0  0  0  0  0  0  0  0  0  0
   29.4184   10.3729    9.1904 H   0  0  0  0  0  0  0  0  0  0  0  0
   29.5685    9.0392    8.0265 H   0  0  0  0  0  0  0  0  0  0  0  0
   31.3686    8.5277    9.1316 H   0  0  0  0  0  0  0  0  0  0  0  0
   30.9264    7.5640    7.4484 H   0  0  0  0  0  0  0  0  0  0  0  0
   32.2890    8.3227    6.4844 H   0  0  0  0  0  0  0  0  0  0  0  0
   33.3028    6.1117    6.7332 H   0  0  0  0  0  0  0  0  0  0  0  0
   33.7703    5.0423    8.8109 H   0  0  0  0  0  0  0  0  0  0  0  0
   31.6904    6.6021   10.1569 H   0  0  0  0  0  0  0  0  0  0  0  0
   33.0905    5.7482   10.9089 H   0  0  0  0  0  0  0  0  0  0  0  0
   33.3229    8.1165   11.5002 H   0  0  0  0  0  0  0  0  0  0  0  0
   34.5457    7.7536   10.1837 H   0  0  0  0  0  0  0  0  0  0  0  0
  1  2  1  0
  2  3  1  0
  3  4  2  0
  3  5  2  0
  3  6  1  0
  6  7  1  0
  7  1  1  0
  8  9  1  0
  9 10  1  0
 10 11  2  0
 11 12  1  0
 12 13  1  0
 13 14  1  0
 14  8  1  0
  7  8  1  0
  1 15  1  0
  2 16  1  0
  2 17  1  0
  6 18  1  0
  6 19  1  0
  8 20  1  0
  9 21  1  0
  9 22  1  0
 10 23  1  0
 11 24  1  0
 12 25  1  0
 12 26  1  0
 13 27  1  0
 13 28  1  0
M  END
"
3lq8_Lingo3DMolv2_735549,3lq8,"3lq8_Lingo3DMolv2_735549
     RDKit          3D

 55 59  0  0  0  0  0  0  0  0999 V2000
    6.8430    5.3971   29.0394 C   0  0  0  0  0  0  0  0  0  0  0  0
    5.8430    5.1971   28.1394 C   0  0  0  0  0  0  0  0  0  0  0  0
    4.8430    4.2971   28.3394 N   0  0  0  0  0  0  0  0  0  0  0  0
    4.7430    3.5971   29.6394 C   0  0  0  0  0  0  0  0  0  0  0  0
    5.7430    3.6971   30.5394 N   0  0  0  0  0  0  0  0  0  0  0  0
    6.8430    4.4971   30.2394 C   0  0  0  0  0  0  0  0  0  0  0  0
    7.9430    4.5971   31.1394 C   0  0  0  0  0  0  0  0  0  0  0  0
    3.6430    2.7971   29.8394 O   0  0  0  0  0  0  0  0  0  0  0  0
    2.4430    3.3971   30.0394 C   0  0  0  0  0  0  0  0  0  0  0  0
    1.5430    3.4971   29.0394 C   0  0  0  0  0  0  0  0  0  0  0  0
    0.2430    3.9971   29.3394 C   0  0  0  0  0  0  0  0  0  0  0  0
   -0.1570    4.3971   30.6394 C   0  0  0  0  0  0  0  0  0  0  0  0
    0.8430    4.2971   31.6394 C   0  0  0  0  0  0  0  0  0  0  0  0
    2.1430    3.7971   31.3394 C   0  0  0  0  0  0  0  0  0  0  0  0
    3.0430    3.6971   32.3394 F   0  0  0  0  0  0  0  0  0  0  0  0
   -1.4570    4.6971   30.9394 N   0  0  0  0  0  0  0  0  0  0  0  0
   -1.9570    5.9971   30.6394 C   0  0  0  0  0  0  0  0  0  0  0  0
   -3.1570    6.2971   30.7394 N   0  0  0  0  0  0  0  0  0  0  0  0
   -4.1570    5.1971   30.9394 C   0  0  0  0  0  0  0  0  0  0  0  0
   -5.4570    5.5971   30.9394 C   0  0  0  0  0  0  0  0  0  0  0  0
   -6.4570    4.5971   31.0394 C   0  0  0  0  0  0  0  0  0  0  0  0
   -6.1570    3.2971   31.0394 C   0  0  0  0  0  0  0  0  0  0  0  0
   -4.7570    2.8971   30.9394 C   0  0  0  0  0  0  0  0  0  0  0  0
   -3.7570    3.8971   30.8394 C   0  0  0  0  0  0  0  0  0  0  0  0
   -2.2570    3.4971   30.8394 C   0  0  0  0  0  0  0  0  0  0  0  0
   -1.8570    2.3971   31.1394 O   0  0  0  0  0  0  0  0  0  0  0  0
   -7.1570    2.2971   31.2394 N   0  0  0  0  0  0  0  0  0  0  0  0
   -8.5570    2.6971   31.3394 C   0  0  0  0  0  0  0  0  0  0  0  0
   -9.0570    3.2971   30.0394 C   0  0  0  0  0  0  0  0  0  0  0  0
   -8.8570    2.1971   28.9394 N   0  0  0  0  0  4  0  0  0  0  0  0
   -8.2570    1.0971   29.1394 C   0  0  0  0  0  0  0  0  0  0  0  0
   -7.6570    0.7971   30.4394 C   0  0  0  0  0  0  0  0  0  0  0  0
   -1.0570    7.0971   30.2394 C   0  0  0  0  0  0  0  0  0  0  0  0
    7.6080    6.1743   28.8955 H   0  0  0  0  0  0  0  0  0  0  0  0
    5.8430    5.7877   27.2114 H   0  0  0  0  0  0  0  0  0  0  0  0
    7.5737    4.5635   32.1750 H   0  0  0  0  0  0  0  0  0  0  0  0
    8.6336    3.7580   30.9690 H   0  0  0  0  0  0  0  0  0  0  0  0
    8.4710    5.5469   30.9690 H   0  0  0  0  0  0  0  0  0  0  0  0
    1.8072    3.1989   28.0141 H   0  0  0  0  0  0  0  0  0  0  0  0
   -0.4874    4.0768   28.5208 H   0  0  0  0  0  0  0  0  0  0  0  0
    0.6106    4.6118   32.6675 H   0  0  0  0  0  0  0  0  0  0  0  0
   -5.7237    6.6616   30.8643 H   0  0  0  0  0  0  0  0  0  0  0  0
   -7.5109    4.9019   31.1193 H   0  0  0  0  0  0  0  0  0  0  0  0
   -4.4809    1.8323   30.9416 H   0  0  0  0  0  0  0  0  0  0  0  0
   -9.1650    1.8132   31.5824 H   0  0  0  0  0  0  0  0  0  0  0  0
   -8.6430    3.4597   32.1275 H   0  0  0  0  0  0  0  0  0  0  0  0
  -10.1217    3.5596   30.1260 H   0  0  0  0  0  0  0  0  0  0  0  0
   -8.5094    4.2174   29.7879 H   0  0  0  0  0  0  0  0  0  0  0  0
   -9.2352    2.3784   27.9987 H   0  0  0  0  0  0  0  0  0  0  0  0
   -8.1872    0.3603   28.3256 H   0  0  0  0  0  0  0  0  0  0  0  0
   -8.3940    0.2770   31.0690 H   0  0  0  0  0  0  0  0  0  0  0  0
   -6.7748    0.1572   30.2899 H   0  0  0  0  0  0  0  0  0  0  0  0
   -0.6556    7.5877   31.1384 H   0  0  0  0  0  0  0  0  0  0  0  0
   -0.2273    6.6928   29.6409 H   0  0  0  0  0  0  0  0  0  0  0  0
   -1.6176    7.8303   29.6409 H   0  0  0  0  0  0  0  0  0  0  0  0
  1  2  2  0
  2  3  1  0
  3  4  2  0
  4  5  1  0
  5  6  2  0
  6  1  1  0
  6  7  1  0
  4  8  1  0
  9 10  2  0
 10 11  1  0
 11 12  2  0
 12 13  1  0
 13 14  2  0
 14  9  1  0
  8  9  1  0
 14 15  1  0
 16 17  1  0
 17 18  2  0
 18 19  1  0
 19 20  2  0
 20 21  1  0
 21 22  2  0
 22 23  1  0
 23 24  2  0
 24 25  1  0
 25 26  2  0
 25 16  1  0
 24 19  1  0
 12 16  1  0
 27 28  1  0
 28 29  1  0
 29 30  1  0
 30 31  2  0
 31 32  1  0
 32 27  1  0
 22 27  1  0
 17 33  1  0
  1 34  1  0
  2 35  1  0
  7 36  1  0
  7 37  1  0
  7 38  1  0
 10 39  1  0
 11 40  1  0
 13 41  1  0
 20 42  1  0
 21 43  1  0
 23 44  1  0
 28 45  1  0
 28 46  1  0
 29 47  1  0
 29 48  1  0
 30 49  1  0
 31 50  1  0
 32 51  1  0
 32 52  1  0
 33 53  1  0
 33 54  1  0
 33 55  1  0
M  CHG  1  30   1
M  END
"
2zdt_Lingo3DMolv2_540974,2zdt,"2zdt_Lingo3DMolv2_540974
     RDKit          3D

 52 55  0  0  0  0  0  0  0  0999 V2000
   45.5884    6.5495   32.0917 O   0  0  0  0  0  0  0  0  0  0  0  0
   45.1884    7.8495   32.3917 C   0  0  0  0  0  0  0  0  0  0  0  0
   43.9884    7.9495   33.0917 C   0  0  0  0  0  0  0  0  0  0  0  0
   43.5884    9.2495   33.4917 C   0  0  0  0  0  0  0  0  0  0  0  0
   44.3884   10.3495   33.1917 C   0  0  0  0  0  0  0  0  0  0  0  0
   45.5884   10.2495   32.5917 C   0  0  0  0  0  0  0  0  0  0  0  0
   46.0884    8.9495   32.1917 C   0  0  0  0  0  0  0  0  0  0  0  0
   47.3884    9.1495   31.5917 C   0  0  0  0  0  0  0  0  0  0  0  0
   47.5884   10.5495   31.5917 C   0  0  0  0  0  0  0  0  0  0  0  0
   46.4884   11.2495   32.0917 N   0  0  0  0  0  0  0  0  0  0  0  0
   46.2884   12.6495   32.0917 C   0  0  0  0  0  0  0  0  0  0  0  0
   48.7884   11.2495   31.0917 C   0  0  0  0  0  0  0  0  0  0  0  0
   49.6884   11.9495   32.1917 C   0  0  0  0  0  0  0  0  0  0  0  0
   48.4884   12.2495   29.8917 C   0  0  0  0  0  0  0  0  0  0  0  0
   48.2884    8.0495   30.8917 C   0  0  1  0  0  0  0  0  0  0  0  0
   49.5884    8.5495   30.4917 C   0  0  0  0  0  0  0  0  0  0  0  0
   50.3884    7.5495   29.6917 C   0  0  0  0  0  0  0  0  0  0  0  0
   50.5884    6.0495   30.3917 C   0  0  0  0  0  0  0  0  0  0  0  0
   49.1884    5.5495   30.7917 N   0  0  0  0  0  0  0  0  0  0  0  0
   49.1884    4.3495   31.3917 C   0  0  0  0  0  0  0  0  0  0  0  0
   47.8884    3.9495   32.0917 C   0  0  0  0  0  0  0  0  0  0  0  0
   47.8884    3.1495   33.0917 O   0  0  0  0  0  0  0  0  0  0  0  0
   46.7884    4.5495   31.5917 N   0  0  0  0  0  0  0  0  0  0  0  0
   46.7884    5.4495   30.3917 C   0  0  0  0  0  0  0  0  0  0  0  0
   48.0884    6.0495   30.1917 C   0  0  1  0  0  0  0  0  0  0  0  0
   43.7884   11.8495   33.7917 Cl  0  0  0  0  0  0  0  0  0  0  0  0
   46.4308    6.3928   31.5957 H   0  0  0  0  0  0  0  0  0  0  0  0
   43.3803    7.0625   33.3230 H   0  0  0  0  0  0  0  0  0  0  0  0
   42.6450    9.3896   34.0397 H   0  0  0  0  0  0  0  0  0  0  0  0
   46.2366   13.0125   33.1288 H   0  0  0  0  0  0  0  0  0  0  0  0
   47.1257   13.1395   31.5731 H   0  0  0  0  0  0  0  0  0  0  0  0
   45.3475   12.8855   31.5731 H   0  0  0  0  0  0  0  0  0  0  0  0
   49.3932   10.4170   30.7029 H   0  0  0  0  0  0  0  0  0  0  0  0
   49.3283   11.6694   33.1926 H   0  0  0  0  0  0  0  0  0  0  0  0
   50.7323   11.6236   32.0731 H   0  0  0  0  0  0  0  0  0  0  0  0
   49.6295   13.0415   32.0731 H   0  0  0  0  0  0  0  0  0  0  0  0
   48.1944   13.2294   30.2958 H   0  0  0  0  0  0  0  0  0  0  0  0
   49.3919   12.3634   29.2747 H   0  0  0  0  0  0  0  0  0  0  0  0
   47.6714   11.8472   29.2747 H   0  0  0  0  0  0  0  0  0  0  0  0
   47.8559    8.4219   29.9513 H   0  0  0  0  0  0  0  0  0  0  0  0
   49.4430    9.4515   29.8791 H   0  0  0  0  0  0  0  0  0  0  0  0
   50.1546    8.7618   31.4106 H   0  0  0  0  0  0  0  0  0  0  0  0
   49.8802    7.4060   28.7267 H   0  0  0  0  0  0  0  0  0  0  0  0
   51.3990    7.9758   29.6077 H   0  0  0  0  0  0  0  0  0  0  0  0
   51.0464    5.3548   29.6721 H   0  0  0  0  0  0  0  0  0  0  0  0
   51.2491    6.1106   31.2690 H   0  0  0  0  0  0  0  0  0  0  0  0
   49.4056    3.5904   30.6258 H   0  0  0  0  0  0  0  0  0  0  0  0
   49.9452    4.4158   32.1872 H   0  0  0  0  0  0  0  0  0  0  0  0
   45.8897    4.3784   32.0649 H   0  0  0  0  0  0  0  0  0  0  0  0
   46.5235    4.8609   29.5010 H   0  0  0  0  0  0  0  0  0  0  0  0
   46.0546    6.2522   30.5567 H   0  0  0  0  0  0  0  0  0  0  0  0
   48.0764    5.8663   29.1071 H   0  0  0  0  0  0  0  0  0  0  0  0
  2  3  2  0
  3  4  1  0
  4  5  2  0
  5  6  1  0
  6  7  2  0
  7  8  1  0
  8  9  2  0
  9 10  1  0
  7  2  1  0
 10  6  1  0
  1  2  1  0
 10 11  1  0
 12 13  1  0
 12 14  1  0
  9 12  1  0
 15 16  1  0
 16 17  1  0
 17 18  1  0
 18 19  1  0
 19 20  1  0
 20 21  1  0
 21 22  2  0
 21 23  1  0
 23 24  1  0
 25 24  1  0
 25 15  1  0
 25 19  1  0
  8 15  1  0
  5 26  1  0
  1 27  1  0
  3 28  1  0
  4 29  1  0
 11 30  1  0
 11 31  1  0
 11 32  1  0
 12 33  1  0
 13 34  1  0
 13 35  1  0
 13 36  1  0
 14 37  1  0
 14 38  1  0
 14 39  1  0
 15 40  1  1
 16 41  1  0
 16 42  1  0
 17 43  1  0
 17 44  1  0
 18 45  1  0
 18 46  1  0
 20 47  1  0
 20 48  1  0
 23 49  1  0
 24 50  1  0
 24 51  1  0
 25 52  1  6
M  END
"
3f9m_Lingo3DMolv2_623321,3f9m,"3f9m_Lingo3DMolv2_623321
     RDKit          3D

 32 33  0  0  0  0  0  0  0  0999 V2000
   -8.8297    3.0079   20.9101 N   0  0  0  0  0  0  0  0  0  0  0  0
   -8.9297    2.4079   19.7101 N   0  0  0  0  0  0  0  0  0  0  0  0
   -8.0297    1.5079   19.4101 C   0  0  0  0  0  0  0  0  0  0  0  0
   -7.4297    1.8079   18.2101 N   0  0  0  0  0  0  0  0  0  0  0  0
   -7.8297    0.4079   19.9101 N   0  0  0  0  0  0  0  0  0  0  0  0
   -8.7297   -0.1921   21.3101 S   0  0  1  0  0  0  0  0  0  0  0  0
   -8.5297    0.8079   22.4101 N   0  0  0  0  0  0  0  0  0  0  0  0
  -10.0297   -0.3921   21.0101 O   0  0  0  0  0  0  0  0  0  0  0  0
   -7.9297   -1.7921   21.8101 C   0  0  0  0  0  0  0  0  0  0  0  0
   -8.2297   -2.9921   21.0101 C   0  0  0  0  0  0  0  0  0  0  0  0
   -6.9297   -2.3921   20.9101 C   0  0  0  0  0  0  0  0  0  0  0  0
   -7.9297   -2.0921   23.3101 C   0  0  0  0  0  0  0  0  0  0  0  0
   -7.9297   -2.3921   24.4101 N   0  0  0  0  0  0  0  0  0  0  0  0
   -7.8297    3.2079   17.3101 Cl  0  0  0  0  0  0  0  0  0  0  0  0
   -9.7297    4.1079   21.0101 C   0  0  0  0  0  0  0  0  0  0  0  0
  -10.7297    4.2079   21.9101 N   0  0  0  0  0  0  0  0  0  0  0  0
  -11.4297    5.3079   21.8101 N   0  0  0  0  0  0  0  0  0  0  0  0
  -10.8297    6.0079   20.8101 C   0  0  0  0  0  0  0  0  0  0  0  0
   -9.8297    5.3079   20.2101 C   0  0  0  0  0  0  0  0  0  0  0  0
   -9.0297    5.7079   19.2101 F   0  0  0  0  0  0  0  0  0  0  0  0
  -11.3297    7.3079   20.3101 O   0  0  0  0  0  0  0  0  0  0  0  0
  -12.7297    7.5079   20.5101 C   0  0  0  0  0  0  0  0  0  0  0  0
   -6.7136    1.1671   17.8393 H   0  0  0  0  0  0  0  0  0  0  0  0
   -8.9702    0.6578   23.3290 H   0  0  0  0  0  0  0  0  0  0  0  0
   -8.3464   -3.9665   21.5071 H   0  0  0  0  0  0  0  0  0  0  0  0
   -9.0135   -3.2630   20.2874 H   0  0  0  0  0  0  0  0  0  0  0  0
   -6.0543   -2.9086   21.3308 H   0  0  0  0  0  0  0  0  0  0  0  0
   -6.3135   -2.0169   20.0797 H   0  0  0  0  0  0  0  0  0  0  0  0
  -10.9247    3.4817   22.6141 H   0  0  0  0  0  0  0  0  0  0  0  0
  -12.9453    7.5387   21.5883 H   0  0  0  0  0  0  0  0  0  0  0  0
  -13.0340    8.4586   20.0480 H   0  0  0  0  0  0  0  0  0  0  0  0
  -13.2880    6.6804   20.0480 H   0  0  0  0  0  0  0  0  0  0  0  0
  1  2  2  3
  2  3  1  0
  3  4  1  0
  3  5  2  3
  5  6  1  0
  6  7  2  0
  6  8  2  0
  9 10  1  0
 10 11  1  0
 11  9  1  0
  6  9  1  1
 12 13  3  0
  9 12  1  0
  4 14  1  0
 15 16  1  0
 16 17  1  0
 17 18  2  0
 18 19  1  0
 19 15  2  0
  1 15  1  0
 19 20  1  0
 21 22  1  0
 18 21  1  0
  4 23  1  0
  7 24  1  0
 10 25  1  0
 10 26  1  0
 11 27  1  0
 11 28  1  0
 16 29  1  0
 22 30  1  0
 22 31  1  0
 22 32  1  0
M  END
"
3bgs_Lingo3DMolv2_1067255,3bgs,"3bgs_Lingo3DMolv2_1067255
     RDKit          3D

 31 33  0  0  0  0  0  0  0  0999 V2000
   12.4113    9.6059   55.6912 N   0  0  0  0  0  0  0  0  0  0  0  0
   13.7113    9.5059   55.1912 O   0  0  0  0  0  0  0  0  0  0  0  0
   14.5113   10.5059   55.6912 C   0  0  0  0  0  0  0  0  0  0  0  0
   15.6113   10.8059   55.0912 N   0  0  0  0  0  0  0  0  0  0  0  0
   16.1113   11.9059   55.7912 N   0  0  0  0  0  0  0  0  0  0  0  0
   15.3113   12.2059   56.7912 C   0  0  0  0  0  0  0  0  0  0  0  0
   14.2113   11.3059   56.7912 C   0  0  0  0  0  0  0  0  0  0  0  0
   13.1113   11.3059   57.7912 C   0  0  0  0  0  0  0  0  0  0  0  0
   13.4113   11.9059   59.0912 N   0  0  0  0  0  0  0  0  0  0  0  0
   14.3113   11.2059   59.7912 N   0  0  0  0  0  0  0  0  0  0  0  0
   14.6113   11.7059   60.8912 C   0  0  0  0  0  0  0  0  0  0  0  0
   15.6113   11.1059   61.7912 C   0  0  0  0  0  0  0  0  0  0  0  0
   16.3113   11.9059   62.7912 C   0  0  0  0  0  0  0  0  0  0  0  0
   17.2113   11.4059   63.5912 N   0  0  0  0  0  0  0  0  0  0  0  0
   17.5113   10.2059   63.4912 C   0  0  0  0  0  0  0  0  0  0  0  0
   18.5113    9.6059   64.2912 O   0  0  0  0  0  0  0  0  0  0  0  0
   18.6113    8.2059   63.8912 N   0  0  0  0  0  0  0  0  0  0  0  0
   17.7113    8.1059   62.8912 C   0  0  0  0  0  0  0  0  0  0  0  0
   17.0113    9.3059   62.5912 C   0  0  0  0  0  0  0  0  0  0  0  0
   16.0113    9.8059   61.6912 C   0  0  0  0  0  0  0  0  0  0  0  0
   12.4384    9.6039   56.7209 H   0  0  0  0  0  0  0  0  0  0  0  0
   11.9828   10.4824   55.3608 H   0  0  0  0  0  0  0  0  0  0  0  0
   16.9796   12.4088   55.5585 H   0  0  0  0  0  0  0  0  0  0  0  0
   15.4684   13.0222   57.5117 H   0  0  0  0  0  0  0  0  0  0  0  0
   12.8180   10.2602   57.9655 H   0  0  0  0  0  0  0  0  0  0  0  0
   12.3215   11.9353   57.3553 H   0  0  0  0  0  0  0  0  0  0  0  0
   12.9759   12.7751   59.4316 H   0  0  0  0  0  0  0  0  0  0  0  0
   14.1092   12.6334   61.2038 H   0  0  0  0  0  0  0  0  0  0  0  0
   16.0694   12.9759   62.8735 H   0  0  0  0  0  0  0  0  0  0  0  0
   17.5326    7.1659   62.3486 H   0  0  0  0  0  0  0  0  0  0  0  0
   15.5717    9.1469   60.9281 H   0  0  0  0  0  0  0  0  0  0  0  0
  1  2  1  0
  3  4  2  0
  4  5  1  0
  5  6  1  0
  6  7  2  0
  7  3  1  0
  2  3  1  0
  8  9  1  0
  9 10  1  0
 10 11  2  0
  7  8  1  0
 12 13  2  0
 13 14  1  0
 14 15  2  0
 15 16  1  0
 16 17  1  0
 17 18  2  0
 18 19  1  0
 19 20  2  0
 20 12  1  0
 19 15  1  0
 11 12  1  0
  1 21  1  0
  1 22  1  0
  5 23  1  0
  6 24  1  0
  8 25  1  0
  8 26  1  0
  9 27  1  0
 11 28  1  0
 13 29  1  0
 18 30  1  0
 20 31  1  0
M  END
"
2nnq_Lingo3DMolv2_1082008,2nnq,"2nnq_Lingo3DMolv2_1082008
     RDKit          3D

 39 41  0  0  0  0  0  0  0  0999 V2000
    5.7773    4.6209   16.1907 O   0  0  0  0  0  0  0  0  0  0  0  0
    6.4773    5.6209   15.7907 C   0  0  0  0  0  0  0  0  0  0  0  0
    6.9773    5.7209   14.6907 O   0  0  0  0  0  1  0  0  0  0  0  0
    6.7773    6.7209   16.8907 C   0  0  0  0  0  0  0  0  0  0  0  0
    7.6773    7.9209   16.3907 C   0  0  0  0  0  0  0  0  0  0  0  0
    8.0773    8.7209   17.3907 O   0  0  0  0  0  0  0  0  0  0  0  0
    7.0773    9.5209   18.0907 C   0  0  0  0  0  0  0  0  0  0  0  0
    6.0773    8.7209   18.7907 C   0  0  0  0  0  0  0  0  0  0  0  0
    4.9773    8.4209   18.2907 N   0  0  0  0  0  0  0  0  0  0  0  0
    4.2773    7.7209   19.1907 C   0  0  0  0  0  0  0  0  0  0  0  0
    4.9773    7.5209   20.3907 N   0  0  0  0  0  0  0  0  0  0  0  0
    4.6773    6.9209   21.5907 C   0  0  0  0  0  0  0  0  0  0  0  0
    5.6773    6.9209   22.5907 C   0  0  0  0  0  0  0  0  0  0  0  0
    6.8773    7.5209   22.3907 C   0  0  0  0  0  0  0  0  0  0  0  0
    7.1773    8.1209   21.1907 C   0  0  0  0  0  0  0  0  0  0  0  0
    6.1773    8.1209   20.1907 C   0  0  0  0  0  0  0  0  0  0  0  0
    7.7773    7.5209   23.3907 F   0  0  0  0  0  0  0  0  0  0  0  0
    3.4773    6.3209   21.7907 F   0  0  0  0  0  0  0  0  0  0  0  0
    2.9773    7.1209   18.8907 C   0  0  0  0  0  0  0  0  0  0  0  0
    2.0773    7.8209   18.0907 C   0  0  0  0  0  0  0  0  0  0  0  0
    0.7773    7.2209   17.6907 C   0  0  0  0  0  0  0  0  0  0  0  0
   -0.1227    7.8209   16.9907 O   0  0  0  0  0  0  0  0  0  0  0  0
    0.4773    5.9209   18.0907 O   0  0  0  0  0  0  0  0  0  0  0  0
    1.4773    5.1209   18.7907 C   0  0  0  0  0  0  0  0  0  0  0  0
    2.6773    5.7209   19.1907 C   0  0  0  0  0  0  0  0  0  0  0  0
    1.0773    3.7209   18.9907 C   0  0  0  0  0  0  0  0  0  0  0  0
    5.8173    7.1322   17.2359 H   0  0  0  0  0  0  0  0  0  0  0  0
    7.3424    6.2181   17.6895 H   0  0  0  0  0  0  0  0  0  0  0  0
    8.5673    7.5091   15.8923 H   0  0  0  0  0  0  0  0  0  0  0  0
    7.0695    8.5275   15.7033 H   0  0  0  0  0  0  0  0  0  0  0  0
    7.5924   10.1559   18.8265 H   0  0  0  0  0  0  0  0  0  0  0  0
    6.5450   10.1109   17.3302 H   0  0  0  0  0  0  0  0  0  0  0  0
    5.4777    6.4236   23.5514 H   0  0  0  0  0  0  0  0  0  0  0  0
    8.1594    8.5841   21.0148 H   0  0  0  0  0  0  0  0  0  0  0  0
    2.3328    8.8348   17.7491 H   0  0  0  0  0  0  0  0  0  0  0  0
    3.4151    5.1230   19.7460 H   0  0  0  0  0  0  0  0  0  0  0  0
    1.0163    3.5073   20.0681 H   0  0  0  0  0  0  0  0  0  0  0  0
    0.0946    3.5505   18.5269 H   0  0  0  0  0  0  0  0  0  0  0  0
    1.8217    3.0570   18.5269 H   0  0  0  0  0  0  0  0  0  0  0  0
  1  2  2  0
  2  3  1  0
  2  4  1  0
  4  5  1  0
  5  6  1  0
  6  7  1  0
  8  9  1  0
  9 10  2  0
 10 11  1  0
 11 12  1  0
 12 13  2  0
 13 14  1  0
 14 15  2  0
 15 16  1  0
 16  8  2  0
 16 11  1  0
  7  8  1  0
 14 17  1  0
 12 18  1  0
 19 20  2  0
 20 21  1  0
 21 22  2  0
 21 23  1  0
 23 24  1  0
 24 25  2  0
 25 19  1  0
 10 19  1  0
 24 26  1  0
  4 27  1  0
  4 28  1  0
  5 29  1  0
  5 30  1  0
  7 31  1  0
  7 32  1  0
 13 33  1  0
 15 34  1  0
 20 35  1  0
 25 36  1  0
 26 37  1  0
 26 38  1  0
 26 39  1  0
M  CHG  1   3  -1
M  END
"
2hv5_Lingo3DMolv2_767487,2hv5,"2hv5_Lingo3DMolv2_767487
     RDKit          3D

 42 44  0  0  0  0  0  0  0  0999 V2000
   16.1796   -5.4192   18.0517 N   0  0  0  0  0  0  0  0  0  0  0  0
   16.8796   -5.2192   19.1517 N   0  0  0  0  0  0  0  0  0  0  0  0
   17.8796   -6.1192   19.1517 N   0  0  0  0  0  0  0  0  0  0  0  0
   17.6796   -6.9192   18.0517 N   0  0  0  0  0  2  0  0  0  0  0  0
   16.5796   -6.4192   17.4517 C   0  0  0  0  0  0  0  0  0  0  0  0
   15.8796   -7.1192   16.0517 S   0  0  0  0  0  0  0  0  0  0  0  0
   16.6796   -8.8192   15.9517 C   0  0  0  0  0  0  0  0  0  0  0  0
   17.7796   -8.9192   15.2517 C   0  0  0  0  0  0  0  0  0  0  0  0
   18.2796  -10.1192   15.0517 C   0  0  0  0  0  0  0  0  0  0  0  0
   17.7796  -11.3192   15.5517 C   0  0  0  0  0  0  0  0  0  0  0  0
   16.5796  -11.2192   16.3517 C   0  0  0  0  0  0  0  0  0  0  0  0
   15.9796   -9.9192   16.5517 C   0  0  0  0  0  0  0  0  0  0  0  0
   14.6796   -9.8192   17.3517 C   0  0  0  0  0  0  0  0  0  0  0  0
   15.8796  -12.5192   16.9517 C   0  0  0  0  0  0  0  0  0  0  0  0
   18.4796  -12.7192   15.2517 C   0  0  0  0  0  0  0  0  0  0  0  0
   18.4796   -7.7192   14.5517 C   0  0  0  0  0  0  0  0  0  0  0  0
   17.7796   -7.3192   13.2517 C   0  0  0  0  0  0  0  0  0  0  0  0
   17.1796   -8.0192   12.6517 O   0  0  0  0  0  0  0  0  0  0  0  0
   18.0796   -6.0192   12.8517 N   0  0  0  0  0  0  0  0  0  0  0  0
   17.5796   -5.3192   11.8517 C   0  0  0  0  0  0  0  0  0  0  0  0
   16.2796   -5.4192   11.4517 C   0  0  0  0  0  0  0  0  0  0  0  0
   15.7796   -4.6192   10.4517 C   0  0  0  0  0  0  0  0  0  0  0  0
   16.5796   -3.7192    9.8517 C   0  0  0  0  0  0  0  0  0  0  0  0
   17.8796   -3.6192   10.2517 C   0  0  0  0  0  0  0  0  0  0  0  0
   18.3796   -4.4192   11.2517 N   0  0  0  0  0  0  0  0  0  0  0  0
   16.0796   -2.9192    8.8517 O   0  0  0  0  0  1  0  0  0  0  0  0
   19.1830  -10.1812   14.4271 H   0  0  0  0  0  0  0  0  0  0  0  0
   14.9088   -9.8368   18.4274 H   0  0  0  0  0  0  0  0  0  0  0  0
   14.1665   -8.8789   17.1015 H   0  0  0  0  0  0  0  0  0  0  0  0
   14.0287  -10.6699   17.1015 H   0  0  0  0  0  0  0  0  0  0  0  0
   15.9037  -12.4745   18.0506 H   0  0  0  0  0  0  0  0  0  0  0  0
   14.8352  -12.5643   16.6094 H   0  0  0  0  0  0  0  0  0  0  0  0
   16.4168  -13.4159   16.6094 H   0  0  0  0  0  0  0  0  0  0  0  0
   18.7280  -13.2159   16.2013 H   0  0  0  0  0  0  0  0  0  0  0  0
   17.7937  -13.3556   14.6734 H   0  0  0  0  0  0  0  0  0  0  0  0
   19.4003  -12.5523   14.6734 H   0  0  0  0  0  0  0  0  0  0  0  0
   19.5183   -7.9996   14.3228 H   0  0  0  0  0  0  0  0  0  0  0  0
   18.4383   -6.8587   15.2357 H   0  0  0  0  0  0  0  0  0  0  0  0
   18.7927   -5.5361   13.4166 H   0  0  0  0  0  0  0  0  0  0  0  0
   15.6196   -6.1528   11.9377 H   0  0  0  0  0  0  0  0  0  0  0  0
   14.7282   -4.7147   10.1430 H   0  0  0  0  0  0  0  0  0  0  0  0
   18.5396   -2.8856    9.7657 H   0  0  0  0  0  0  0  0  0  0  0  0
  1  2  1  0
  2  3  2  0
  3  4  1  0
  4  5  1  0
  5  1  2  0
  5  6  1  0
  7  8  1  0
  8  9  2  0
  9 10  1  0
 10 11  2  0
 11 12  1  0
 12  7  2  0
  6  7  1  0
 12 13  1  0
 11 14  1  0
 10 15  1  0
 16 17  1  0
 17 18  2  0
 17 19  1  0
  8 16  1  0
 20 21  2  0
 21 22  1  0
 22 23  2  0
 23 24  1  0
 24 25  2  0
 25 20  1  0
 19 20  1  0
 23 26  1  0
  9 27  1  0
 13 28  1  0
 13 29  1  0
 13 30  1  0
 14 31  1  0
 14 32  1  0
 14 33  1  0
 15 34  1  0
 15 35  1  0
 15 36  1  0
 16 37  1  0
 16 38  1  0
 19 39  1  0
 21 40  1  0
 22 41  1  0
 24 42  1  0
M  CHG  2   4  -1  26  -1
M  END
"
3nxu_Lingo3DMolv2_54263,3nxu,"3nxu_Lingo3DMolv2_54263
     RDKit          3D

 72 75  0  0  0  0  0  0  0  0999 V2000
   28.8366  -27.6693  -19.3177 O   0  0  0  0  0  0  0  0  0  0  0  0
   28.5366  -28.6693  -18.9177 C   0  0  0  0  0  0  0  0  0  0  0  0
   29.1366  -29.2693  -17.7177 N   0  0  0  0  0  0  0  0  0  0  0  0
   30.0366  -28.5693  -17.0177 C   0  0  0  0  0  0  0  0  0  0  0  0
   29.4366  -27.4693  -15.9177 C   0  0  0  0  0  0  0  0  0  0  0  0
   28.7366  -26.3693  -16.5177 C   0  0  0  0  0  0  0  0  0  0  0  0
   28.2366  -25.2693  -15.5177 C   0  0  0  0  0  0  0  0  0  0  0  0
   27.5366  -24.0693  -16.2177 C   0  0  0  0  0  0  0  0  0  0  0  0
   28.4366  -23.2693  -17.1177 C   0  0  0  0  0  0  0  0  0  0  0  0
   28.9366  -23.9693  -18.4177 C   0  0  0  0  0  0  0  0  0  0  0  0
   30.0366  -23.2693  -19.0177 C   0  0  0  0  0  0  0  0  0  0  0  0
   30.4366  -23.8693  -20.3177 C   0  0  0  0  0  0  0  0  0  0  0  0
   27.4366  -29.5693  -19.6177 C   0  0  2  0  0  0  0  0  0  0  0  0
   26.4366  -28.7693  -20.4177 C   0  0  0  0  0  0  0  0  0  0  0  0
   25.5366  -27.7693  -19.6177 C   0  0  0  0  0  0  0  0  0  0  0  0
   25.9366  -26.4693  -19.4177 C   0  0  0  0  0  0  0  0  0  0  0  0
   25.1366  -25.5693  -18.7177 C   0  0  0  0  0  0  0  0  0  0  0  0
   23.9366  -26.0693  -18.1177 C   0  0  0  0  0  0  0  0  0  0  0  0
   23.5366  -27.3693  -18.3177 C   0  0  0  0  0  0  0  0  0  0  0  0
   24.3366  -28.2693  -19.1177 C   0  0  0  0  0  0  0  0  0  0  0  0
   26.8366  -30.6693  -18.8177 C   0  0  0  0  0  0  0  0  0  0  0  0
   26.7366  -31.9693  -19.3177 C   0  0  0  0  0  0  0  0  0  0  0  0
   26.1366  -33.0693  -18.6177 N   0  0  0  0  0  0  0  0  0  0  0  0
   25.6366  -32.8693  -17.4177 N   0  0  0  0  0  0  0  0  0  0  0  0
   25.6366  -31.5693  -16.8177 C   0  0  0  0  0  0  0  0  0  0  0  0
   26.2366  -30.4693  -17.5177 C   0  0  0  0  0  0  0  0  0  0  0  0
   25.0366  -31.3693  -15.5177 N   0  0  0  0  0  0  0  0  0  0  0  0
   24.3366  -32.4693  -14.8177 C   0  0  0  0  0  0  0  0  0  0  0  0
   22.9366  -32.6693  -15.4177 C   0  0  0  0  0  0  0  0  0  0  0  0
   22.2366  -31.2693  -15.5177 C   0  0  0  0  0  0  0  0  0  0  0  0
   20.9366  -30.8693  -15.7177 C   0  0  0  0  0  0  0  0  0  0  0  0
   20.8366  -29.5693  -15.7177 O   0  0  0  0  0  0  0  0  0  0  0  0
   22.1366  -29.0693  -15.5177 N   0  0  0  0  0  0  0  0  0  0  0  0
   22.9366  -30.1693  -15.4177 C   0  0  0  0  0  0  0  0  0  0  0  0
   24.4366  -30.0693  -15.2177 C   0  0  0  0  0  0  0  0  0  0  0  0
   28.8673  -30.2176  -17.4191 H   0  0  0  0  0  0  0  0  0  0  0  0
   30.6608  -29.2869  -16.4652 H   0  0  0  0  0  0  0  0  0  0  0  0
   30.5786  -27.9679  -17.7624 H   0  0  0  0  0  0  0  0  0  0  0  0
   28.7433  -27.9953  -15.2449 H   0  0  0  0  0  0  0  0  0  0  0  0
   30.3013  -27.0455  -15.3861 H   0  0  0  0  0  0  0  0  0  0  0  0
   29.4127  -25.8896  -17.2407 H   0  0  0  0  0  0  0  0  0  0  0  0
   27.8331  -26.7970  -16.9770 H   0  0  0  0  0  0  0  0  0  0  0  0
   27.5222  -25.7310  -14.8203 H   0  0  0  0  0  0  0  0  0  0  0  0
   29.1235  -24.8719  -15.0025 H   0  0  0  0  0  0  0  0  0  0  0  0
   26.7042  -24.4600  -16.8215 H   0  0  0  0  0  0  0  0  0  0  0  0
   27.2027  -23.3894  -15.4200 H   0  0  0  0  0  0  0  0  0  0  0  0
   27.8876  -22.3644  -17.4176 H   0  0  0  0  0  0  0  0  0  0  0  0
   29.3442  -23.0840  -16.5245 H   0  0  0  0  0  0  0  0  0  0  0  0
   29.2594  -24.9910  -18.1690 H   0  0  0  0  0  0  0  0  0  0  0  0
   28.1062  -23.9782  -19.1391 H   0  0  0  0  0  0  0  0  0  0  0  0
   29.7424  -22.2227  -19.1853 H   0  0  0  0  0  0  0  0  0  0  0  0
   30.8956  -23.3368  -18.3340 H   0  0  0  0  0  0  0  0  0  0  0  0
   31.0383  -24.7718  -20.1353 H   0  0  0  0  0  0  0  0  0  0  0  0
   29.5364  -24.1382  -20.8899 H   0  0  0  0  0  0  0  0  0  0  0  0
   31.0310  -23.1418  -20.8899 H   0  0  0  0  0  0  0  0  0  0  0  0
   28.0335  -30.1443  -20.3409 H   0  0  0  0  0  0  0  0  0  0  0  0
   26.9960  -28.1890  -21.1662 H   0  0  0  0  0  0  0  0  0  0  0  0
   25.7419  -29.5114  -20.8380 H   0  0  0  0  0  0  0  0  0  0  0  0
   26.9050  -26.1341  -19.8174 H   0  0  0  0  0  0  0  0  0  0  0  0
   25.4174  -24.5094  -18.6288 H   0  0  0  0  0  0  0  0  0  0  0  0
   23.3266  -25.4044  -17.4884 H   0  0  0  0  0  0  0  0  0  0  0  0
   22.6001  -27.7276  -17.8653 H   0  0  0  0  0  0  0  0  0  0  0  0
   24.0128  -29.3005  -19.3220 H   0  0  0  0  0  0  0  0  0  0  0  0
   27.1469  -32.1642  -20.3196 H   0  0  0  0  0  0  0  0  0  0  0  0
   26.2399  -29.4680  -17.0623 H   0  0  0  0  0  0  0  0  0  0  0  0
   24.9159  -33.3978  -14.9281 H   0  0  0  0  0  0  0  0  0  0  0  0
   24.2389  -32.2139  -13.7523 H   0  0  0  0  0  0  0  0  0  0  0  0
   23.0220  -33.1144  -16.4200 H   0  0  0  0  0  0  0  0  0  0  0  0
   22.3449  -33.3431  -14.7807 H   0  0  0  0  0  0  0  0  0  0  0  0
   20.0900  -31.5572  -15.8595 H   0  0  0  0  0  0  0  0  0  0  0  0
   24.8501  -29.3058  -15.8931 H   0  0  0  0  0  0  0  0  0  0  0  0
   24.6583  -29.7845  -14.1786 H   0  0  0  0  0  0  0  0  0  0  0  0
  1  2  2  0
  2  3  1  0
  3  4  1  0
  4  5  1  0
  5  6  1  0
  6  7  1  0
  7  8  1  0
  8  9  1  0
  9 10  1  0
 10 11  1  0
 11 12  1  0
  2 13  1  0
 13 14  1  0
 15 16  2  0
 16 17  1  0
 17 18  2  0
 18 19  1  0
 19 20  2  0
 20 15  1  0
 14 15  1  0
 21 22  2  0
 22 23  1  0
 23 24  2  0
 24 25  1  0
 25 26  2  0
 26 21  1  0
 13 21  1  0
 27 28  1  0
 28 29  1  0
 29 30  1  0
 30 31  2  0
 31 32  1  0
 32 33  1  0
 33 34  2  0
 34 35  1  0
 35 27  1  0
 34 30  1  0
 25 27  1  0
  3 36  1  0
  4 37  1  0
  4 38  1  0
  5 39  1  0
  5 40  1  0
  6 41  1  0
  6 42  1  0
  7 43  1  0
  7 44  1  0
  8 45  1  0
  8 46  1  0
  9 47  1  0
  9 48  1  0
 10 49  1  0
 10 50  1  0
 11 51  1  0
 11 52  1  0
 12 53  1  0
 12 54  1  0
 12 55  1  0
 13 56  1  6
 14 57  1  0
 14 58  1  0
 16 59  1  0
 17 60  1  0
 18 61  1  0
 19 62  1  0
 20 63  1  0
 22 64  1  0
 26 65  1  0
 28 66  1  0
 28 67  1  0
 29 68  1  0
 29 69  1  0
 31 70  1  0
 35 71  1  0
 35 72  1  0
M  END
"
3lpb_Lingo3DMolv2_980122,3lpb,"3lpb_Lingo3DMolv2_980122
     RDKit          3D

 47 49  0  0  0  0  0  0  0  0999 V2000
   78.7185  114.2937   18.0136 N   0  0  0  0  0  0  0  0  0  0  0  0
   80.0185  114.1937   18.3136 C   0  0  0  0  0  0  0  0  0  0  0  0
   80.3185  113.5937   19.5136 N   0  0  0  0  0  0  0  0  0  0  0  0
   79.0185  113.0937   20.0136 C   0  0  0  0  0  0  0  0  0  0  0  0
   78.2185  113.4937   19.0136 C   0  0  0  0  0  0  0  0  0  0  0  0
   76.8185  113.2937   18.9136 N   0  0  0  0  0  0  0  0  0  0  0  0
   75.9185  112.5937   19.6136 C   0  0  0  0  0  0  0  0  0  0  0  0
   74.5185  112.7937   19.4136 C   0  0  0  0  0  0  0  0  0  0  0  0
   73.6185  112.0937   20.1136 C   0  0  0  0  0  0  0  0  0  0  0  0
   74.0185  111.0937   21.0136 C   0  0  0  0  0  0  0  0  0  0  0  0
   75.4185  110.8937   21.2136 C   0  0  0  0  0  0  0  0  0  0  0  0
   76.3185  111.6937   20.5136 N   0  0  0  0  0  0  0  0  0  0  0  0
   75.8185  109.8937   22.0136 N   0  0  0  0  0  0  0  0  0  0  0  0
   77.1185  109.4937   22.4136 C   0  0  0  0  0  0  0  0  0  0  0  0
   78.0185  110.3937   22.9136 C   0  0  0  0  0  0  0  0  0  0  0  0
   79.3185  110.0937   23.3136 N   0  0  0  0  0  0  0  0  0  0  0  0
   79.6185  108.7937   23.2136 C   0  0  0  0  0  0  0  0  0  0  0  0
   78.7185  107.7937   22.8136 C   0  0  0  0  0  0  0  0  0  0  0  0
   77.4185  108.1937   22.4136 C   0  0  0  0  0  0  0  0  0  0  0  0
   81.0185  108.3937   23.7136 C   0  0  0  0  0  0  0  0  0  0  0  0
   80.9185  107.5937   24.9136 O   0  0  0  0  0  0  0  0  0  0  0  0
   72.2185  112.2937   19.9136 N   0  0  0  0  0  0  0  0  0  0  0  0
   71.6185  113.0937   19.0136 C   0  0  0  0  0  0  0  0  0  0  0  0
   70.0185  113.0937   19.0136 C   0  0  0  0  0  0  0  0  0  0  0  0
   72.1185  113.7937   18.1136 O   0  0  0  0  0  0  0  0  0  0  0  0
   78.9185  112.4937   21.2136 N   0  0  0  0  0  0  0  0  0  0  0  0
   81.6185  113.2937   20.1136 C   0  0  0  0  0  0  0  0  0  0  0  0
   80.8019  114.5698   17.6392 H   0  0  0  0  0  0  0  0  0  0  0  0
   76.3991  113.8028   18.1225 H   0  0  0  0  0  0  0  0  0  0  0  0
   74.1758  113.5328   18.6745 H   0  0  0  0  0  0  0  0  0  0  0  0
   73.2765  110.4827   21.5485 H   0  0  0  0  0  0  0  0  0  0  0  0
   75.0546  109.3219   22.4014 H   0  0  0  0  0  0  0  0  0  0  0  0
   77.6891  111.4390   23.0075 H   0  0  0  0  0  0  0  0  0  0  0  0
   79.0123  106.7337   22.8105 H   0  0  0  0  0  0  0  0  0  0  0  0
   76.6712  107.4462   22.1089 H   0  0  0  0  0  0  0  0  0  0  0  0
   81.5982  109.3027   23.9319 H   0  0  0  0  0  0  0  0  0  0  0  0
   81.5194  107.8025   22.9328 H   0  0  0  0  0  0  0  0  0  0  0  0
   80.9917  108.1799   25.7080 H   0  0  0  0  0  0  0  0  0  0  0  0
   71.5922  111.7607   20.5337 H   0  0  0  0  0  0  0  0  0  0  0  0
   69.6518  113.0937   20.0507 H   0  0  0  0  0  0  0  0  0  0  0  0
   69.6518  113.9918   18.4950 H   0  0  0  0  0  0  0  0  0  0  0  0
   69.6518  112.1955   18.4950 H   0  0  0  0  0  0  0  0  0  0  0  0
   78.0046  112.1523   21.5441 H   0  0  0  0  0  0  0  0  0  0  0  0
   79.7558  112.3757   21.8017 H   0  0  0  0  0  0  0  0  0  0  0  0
   81.5298  113.3141   21.2098 H   0  0  0  0  0  0  0  0  0  0  0  0
   81.9496  112.2955   19.7911 H   0  0  0  0  0  0  0  0  0  0  0  0
   82.3535  114.0458   19.7911 H   0  0  0  0  0  0  0  0  0  0  0  0
  1  2  2  0
  2  3  1  0
  3  4  1  0
  4  5  2  0
  5  1  1  0
  5  6  1  0
  7  8  2  0
  8  9  1  0
  9 10  2  0
 10 11  1  0
 11 12  2  0
 12  7  1  0
  6  7  1  0
 11 13  1  0
 14 15  2  0
 15 16  1  0
 16 17  2  0
 17 18  1  0
 18 19  2  0
 19 14  1  0
 13 14  1  0
 20 21  1  0
 17 20  1  0
 22 23  1  0
 23 24  1  0
 23 25  2  0
  9 22  1  0
  4 26  1  0
  3 27  1  0
  2 28  1  0
  6 29  1  0
  8 30  1  0
 10 31  1  0
 13 32  1  0
 15 33  1  0
 18 34  1  0
 19 35  1  0
 20 36  1  0
 20 37  1  0
 21 38  1  0
 22 39  1  0
 24 40  1  0
 24 41  1  0
 24 42  1  0
 26 43  1  0
 26 44  1  0
 27 45  1  0
 27 46  1  0
 27 47  1  0
M  END
"
3d0e_Lingo3DMolv2_1038141,3d0e,"3d0e_Lingo3DMolv2_1038141
     RDKit          3D

 40 43  0  0  0  0  0  0  0  0999 V2000
   23.2073  -54.4550    2.2801 N   0  0  0  0  0  0  0  0  0  0  0  0
   23.9073  -55.1550    3.1801 C   0  0  0  0  0  0  0  0  0  0  0  0
   23.6073  -55.2550    4.3801 O   0  0  0  0  0  0  0  0  0  0  0  0
   25.1073  -55.7550    2.6801 C   0  0  0  0  0  0  0  0  0  0  0  0
   25.6073  -55.8550    1.3801 C   0  0  0  0  0  0  0  0  0  0  0  0
   26.8073  -56.5550    1.3801 N   0  0  0  0  0  0  0  0  0  0  0  0
   27.1073  -56.8550    2.6801 C   0  0  0  0  0  0  0  0  0  0  0  0
   26.1073  -56.3550    3.4801 C   0  0  0  0  0  0  0  0  0  0  0  0
   28.3073  -57.6550    2.8801 C   0  0  0  0  0  0  0  0  0  0  0  0
   28.7073  -58.0550    4.1801 C   0  0  0  0  0  0  0  0  0  0  0  0
   29.8073  -58.8550    4.3801 C   0  0  0  0  0  0  0  0  0  0  0  0
   30.6073  -59.2550    3.2801 C   0  0  0  0  0  0  0  0  0  0  0  0
   30.2073  -58.8550    1.9801 C   0  0  0  0  0  0  0  0  0  0  0  0
   29.0073  -58.1550    1.7801 C   0  0  0  0  0  0  0  0  0  0  0  0
   28.6073  -57.7550    0.0801 S   0  0  0  0  0  0  0  0  0  0  0  0
   27.4073  -56.3550    0.3801 C   0  0  0  0  0  0  0  0  0  0  0  0
   31.9073  -60.1550    3.4801 C   0  0  1  0  0  0  0  0  0  0  0  0
   32.3073  -60.3550    4.8801 C   0  0  0  0  0  0  0  0  0  0  0  0
   33.6073  -61.3550    5.0801 C   0  0  0  0  0  0  0  0  0  0  0  0
   34.1073  -61.6550    3.7801 N   0  0  0  0  0  4  0  0  0  0  0  0
   33.1073  -61.8550    2.7801 C   0  0  0  0  0  0  0  0  0  0  0  0
   32.0073  -60.9550    2.8801 O   0  0  0  0  0  0  0  0  0  0  0  0
   23.5200  -54.4189    1.2994 H   0  0  0  0  0  0  0  0  0  0  0  0
   22.3557  -53.9522    2.5679 H   0  0  0  0  0  0  0  0  0  0  0  0
   25.1212  -55.4394    0.4851 H   0  0  0  0  0  0  0  0  0  0  0  0
   26.0879  -56.4129    4.5784 H   0  0  0  0  0  0  0  0  0  0  0  0
   28.1238  -57.7173    5.0492 H   0  0  0  0  0  0  0  0  0  0  0  0
   30.0675  -59.1857    5.3964 H   0  0  0  0  0  0  0  0  0  0  0  0
   30.8455  -59.0963    1.1172 H   0  0  0  0  0  0  0  0  0  0  0  0
   27.9624  -55.4095    0.4688 H   0  0  0  0  0  0  0  0  0  0  0  0
   26.7030  -56.2902   -0.4623 H   0  0  0  0  0  0  0  0  0  0  0  0
   32.6944  -59.5037    3.0722 H   0  0  0  0  0  0  0  0  0  0  0  0
   32.5580  -59.3741    5.3101 H   0  0  0  0  0  0  0  0  0  0  0  0
   31.4577  -60.8386    5.3842 H   0  0  0  0  0  0  0  0  0  0  0  0
   34.3828  -60.8515    5.6760 H   0  0  0  0  0  0  0  0  0  0  0  0
   33.3171  -62.2740    5.6103 H   0  0  0  0  0  0  0  0  0  0  0  0
   34.7072  -60.8732    3.4802 H   0  0  0  0  0  0  0  0  0  0  0  0
   34.6123  -62.5487    3.8650 H   0  0  0  0  0  0  0  0  0  0  0  0
   33.5735  -61.7248    1.7923 H   0  0  0  0  0  0  0  0  0  0  0  0
   32.7065  -62.8690    2.9255 H   0  0  0  0  0  0  0  0  0  0  0  0
  1  2  1  0
  2  3  2  0
  4  5  2  0
  5  6  1  0
  6  7  1  0
  7  8  2  0
  7  9  1  0
  9 10  2  0
 10 11  1  0
 11 12  2  0
 12 13  1  0
 13 14  2  0
 14 15  1  0
 15 16  1  0
  8  4  1  0
 14  9  1  0
 16  6  1  0
  2  4  1  0
 17 18  1  0
 18 19  1  0
 19 20  1  0
 20 21  1  0
 21 22  1  0
 22 17  1  0
 12 17  1  0
  1 23  1  0
  1 24  1  0
  5 25  1  0
  8 26  1  0
 10 27  1  0
 11 28  1  0
 13 29  1  0
 16 30  1  0
 16 31  1  0
 17 32  1  6
 18 33  1  0
 18 34  1  0
 19 35  1  0
 19 36  1  0
 20 37  1  0
 20 38  1  0
 21 39  1  0
 21 40  1  0
M  CHG  1  20   1
M  END
"
2rgp_Lingo3DMolv2_1288275,2rgp,"2rgp_Lingo3DMolv2_1288275
     RDKit          3D

 60 63  0  0  0  0  0  0  0  0999 V2000
   13.8221   33.7818   88.7302 N   0  0  0  0  0  0  0  0  0  0  0  0
   13.5221   34.1818   90.0302 C   0  0  0  0  0  0  0  0  0  0  0  0
   14.4221   34.3818   91.0302 N   0  0  0  0  0  0  0  0  0  0  0  0
   15.7221   34.1818   90.7302 C   0  0  0  0  0  0  0  0  0  0  0  0
   16.1221   33.7818   89.4302 C   0  0  0  0  0  0  0  0  0  0  0  0
   15.1221   33.5818   88.4302 C   0  0  0  0  0  0  0  0  0  0  0  0
   15.4221   33.1818   87.1302 N   0  0  0  0  0  0  0  0  0  0  0  0
   16.7221   32.9818   86.6302 C   0  0  0  0  0  0  0  0  0  0  0  0
   17.4221   31.7818   87.0302 C   0  0  0  0  0  0  0  0  0  0  0  0
   18.9221   31.5818   86.4302 C   0  0  0  0  0  0  0  0  0  0  0  0
   18.9221   31.4818   85.0302 C   0  0  0  0  0  0  0  0  0  0  0  0
   20.3221   31.1818   84.4302 C   0  0  0  0  0  0  0  0  0  0  0  0
   21.3221   32.2818   84.9302 N   0  0  0  0  0  4  0  0  0  0  0  0
   21.3221   32.3818   86.4302 C   0  0  0  0  0  0  0  0  0  0  0  0
   19.9221   32.5818   86.9302 C   0  0  0  0  0  0  0  0  0  0  0  0
   16.7221   34.3818   91.7302 N   0  0  0  0  0  0  0  0  0  0  0  0
   16.6221   34.4818   93.0302 C   0  0  0  0  0  0  0  0  0  0  0  0
   15.8221   33.6818   93.7302 C   0  0  0  0  0  0  0  0  0  0  0  0
   15.7221   33.7818   95.1302 C   0  0  0  0  0  0  0  0  0  0  0  0
   16.4221   34.7818   95.8302 C   0  0  0  0  0  0  0  0  0  0  0  0
   17.2221   35.5818   95.0302 C   0  0  0  0  0  0  0  0  0  0  0  0
   17.3221   35.4818   93.7302 C   0  0  0  0  0  0  0  0  0  0  0  0
   18.1221   36.2818   93.0302 F   0  0  0  0  0  0  0  0  0  0  0  0
   16.3221   34.8818   97.1302 O   0  0  0  0  0  0  0  0  0  0  0  0
   16.8221   35.9818   97.7302 C   0  0  0  0  0  0  0  0  0  0  0  0
   16.1221   37.1818   97.4302 C   0  0  0  0  0  0  0  0  0  0  0  0
   14.9221   37.1818   96.9302 C   0  0  0  0  0  0  0  0  0  0  0  0
   14.2221   38.3818   96.7302 C   0  0  0  0  0  0  0  0  0  0  0  0
   14.8221   39.5818   97.0302 C   0  0  0  0  0  0  0  0  0  0  0  0
   16.0221   39.6818   97.5302 C   0  0  0  0  0  0  0  0  0  0  0  0
   16.7221   38.4818   97.7302 C   0  0  0  0  0  0  0  0  0  0  0  0
   12.4619   34.3512   90.2697 H   0  0  0  0  0  0  0  0  0  0  0  0
   17.1857   33.6279   89.1955 H   0  0  0  0  0  0  0  0  0  0  0  0
   14.6338   33.0204   86.4872 H   0  0  0  0  0  0  0  0  0  0  0  0
   16.6530   32.9705   85.5325 H   0  0  0  0  0  0  0  0  0  0  0  0
   17.3134   33.8033   87.0609 H   0  0  0  0  0  0  0  0  0  0  0  0
   17.4994   31.7900   88.1275 H   0  0  0  0  0  0  0  0  0  0  0  0
   16.8311   30.9496   86.6201 H   0  0  0  0  0  0  0  0  0  0  0  0
   19.2649   30.6152   86.8279 H   0  0  0  0  0  0  0  0  0  0  0  0
   18.2377   30.6713   84.7392 H   0  0  0  0  0  0  0  0  0  0  0  0
   18.6041   32.4584   84.6364 H   0  0  0  0  0  0  0  0  0  0  0  0
   20.6639   30.1905   84.7626 H   0  0  0  0  0  0  0  0  0  0  0  0
   20.2714   31.1890   83.3314 H   0  0  0  0  0  0  0  0  0  0  0  0
   22.2713   32.0421   84.6103 H   0  0  0  0  0  0  0  0  0  0  0  0
   21.0249   33.1895   84.5448 H   0  0  0  0  0  0  0  0  0  0  0  0
   21.7326   31.4549   86.8573 H   0  0  0  0  0  0  0  0  0  0  0  0
   21.9407   33.2386   86.7353 H   0  0  0  0  0  0  0  0  0  0  0  0
   19.9407   32.5260   88.0287 H   0  0  0  0  0  0  0  0  0  0  0  0
   19.5959   33.5604   86.5484 H   0  0  0  0  0  0  0  0  0  0  0  0
   17.6826   34.4604   91.3666 H   0  0  0  0  0  0  0  0  0  0  0  0
   15.2246   32.9241   93.2020 H   0  0  0  0  0  0  0  0  0  0  0  0
   15.0903   33.0710   95.6831 H   0  0  0  0  0  0  0  0  0  0  0  0
   17.8190   36.3609   95.5269 H   0  0  0  0  0  0  0  0  0  0  0  0
   16.7878   35.8260   98.8186 H   0  0  0  0  0  0  0  0  0  0  0  0
   17.8456   36.1107   97.3484 H   0  0  0  0  0  0  0  0  0  0  0  0
   14.4481   36.2267   96.6598 H   0  0  0  0  0  0  0  0  0  0  0  0
   13.1959   38.3621   96.3344 H   0  0  0  0  0  0  0  0  0  0  0  0
   14.2595   40.5073   96.8381 H   0  0  0  0  0  0  0  0  0  0  0  0
   16.4635   40.6572   97.7825 H   0  0  0  0  0  0  0  0  0  0  0  0
   17.7489   38.5198   98.1229 H   0  0  0  0  0  0  0  0  0  0  0  0
  1  2  2  0
  2  3  1  0
  3  4  2  0
  4  5  1  0
  5  6  2  0
  6  1  1  0
  7  8  1  0
  8  9  1  0
  6  7  1  0
 10 11  1  0
 11 12  1  0
 12 13  1  0
 13 14  1  0
 14 15  1  0
 15 10  1  0
  9 10  1  0
  4 16  1  0
 17 18  2  0
 18 19  1  0
 19 20  2  0
 20 21  1  0
 21 22  2  0
 22 17  1  0
 16 17  1  0
 22 23  1  0
 24 25  1  0
 20 24  1  0
 26 27  2  0
 27 28  1  0
 28 29  2  0
 29 30  1  0
 30 31  2  0
 31 26  1  0
 25 26  1  0
  2 32  1  0
  5 33  1  0
  7 34  1  0
  8 35  1  0
  8 36  1  0
  9 37  1  0
  9 38  1  0
 10 39  1  0
 11 40  1  0
 11 41  1  0
 12 42  1  0
 12 43  1  0
 13 44  1  0
 13 45  1  0
 14 46  1  0
 14 47  1  0
 15 48  1  0
 15 49  1  0
 16 50  1  0
 18 51  1  0
 19 52  1  0
 21 53  1  0
 25 54  1  0
 25 55  1  0
 27 56  1  0
 28 57  1  0
 29 58  1  0
 30 59  1  0
 31 60  1  0
M  CHG  1  13   1
M  END
"
1ype_Lingo3DMolv2_975671,1ype,"1ype_Lingo3DMolv2_975671
     RDKit          3D

 62 65  0  0  0  0  0  0  0  0999 V2000
   11.5164  -10.1710   23.4037 N   0  0  0  0  0  0  0  0  0  0  0  0
   11.8164  -11.3711   22.8037 N   0  0  0  0  0  0  0  0  0  0  0  0
   12.6164  -11.4710   21.7037 C   0  0  0  0  0  0  0  0  0  0  0  0
   12.8164  -12.6710   21.2037 N   0  0  0  0  0  4  0  0  0  0  0  0
   13.2164  -10.3711   21.1037 N   0  0  0  0  0  4  0  0  0  0  0  0
   14.6164  -10.2711   21.1037 C   0  0  0  0  0  0  0  0  0  0  0  0
   15.4164  -11.1710   20.0037 C   0  0  1  0  0  0  0  0  0  0  0  0
   16.7164  -11.2711   20.3037 N   0  0  0  0  0  0  0  0  0  0  0  0
   17.3164  -12.5710   19.7037 C   0  0  2  0  0  0  0  0  0  0  0  0
   16.1164  -13.5710   19.8037 C   0  0  2  0  0  0  0  0  0  0  0  0
   16.0164  -14.4710   18.7037 O   0  0  0  0  0  0  0  0  0  0  0  0
   15.0164  -14.0710   17.8037 C   0  0  0  0  0  0  0  0  0  0  0  0
   14.2164  -13.0710   18.5037 O   0  0  0  0  0  0  0  0  0  0  0  0
   14.9164  -12.6710   19.7037 C   0  0  2  0  0  0  0  0  0  0  0  0
   14.3164  -13.2711   20.9037 O   0  0  0  0  0  0  0  0  0  0  0  0
   14.2164  -15.2711   17.5037 C   0  0  0  0  0  0  0  0  0  0  0  0
   15.6164  -13.3711   16.7037 C   0  0  0  0  0  0  0  0  0  0  0  0
   18.5164  -13.0710   20.5037 C   0  0  0  0  0  0  0  0  0  0  0  0
   18.4164  -13.5710   21.7037 N   0  0  0  0  0  0  0  0  0  0  0  0
   19.7164  -13.8711   22.2037 C   0  0  0  0  0  0  0  0  0  0  0  0
   20.6164  -13.4710   21.2037 C   0  0  0  0  0  0  0  0  0  0  0  0
   19.8164  -12.9710   20.2037 N   0  0  0  0  0  4  0  0  0  0  0  0
   20.4164  -12.3711   18.9037 C   0  0  0  0  0  0  0  0  0  0  0  0
   21.6164  -11.3711   19.0037 C   0  0  0  0  0  0  0  0  0  0  0  0
   21.8164  -12.6710   18.5037 C   0  0  0  0  0  0  0  0  0  0  0  0
   20.1164  -14.6710   23.8037 S   0  0  0  0  0  6  0  0  0  0  0  0
   21.5164  -14.3711   24.1037 O   0  0  0  0  0  0  0  0  0  0  0  0
   19.5164  -16.0710   23.7037 O   0  0  0  0  0  0  0  0  0  0  0  0
   19.1164  -13.7711   25.0037 C   0  0  1  0  0  0  0  0  0  0  0  0
   19.1164  -14.5710   26.3037 C   0  0  0  0  0  0  0  0  0  0  0  0
   19.6164  -12.4710   25.1037 F   0  0  0  0  0  0  0  0  0  0  0  0
   11.5442  -10.2825   24.4272 H   0  0  0  0  0  0  0  0  0  0  0  0
   12.2059   -9.4618   23.1166 H   0  0  0  0  0  0  0  0  0  0  0  0
   11.4191  -12.2334   23.2029 H   0  0  0  0  0  0  0  0  0  0  0  0
   13.4141  -12.7899   20.3733 H   0  0  0  0  0  0  0  0  0  0  0  0
   12.3752  -13.4919   21.6425 H   0  0  0  0  0  0  0  0  0  0  0  0
   12.9139  -10.3628   20.1191 H   0  0  0  0  0  0  0  0  0  0  0  0
   12.9137   -9.5779   21.6869 H   0  0  0  0  0  0  0  0  0  0  0  0
   14.8750   -9.2172   20.9233 H   0  0  0  0  0  0  0  0  0  0  0  0
   14.9335  -10.6618   22.0818 H   0  0  0  0  0  0  0  0  0  0  0  0
   15.1989  -10.5906   19.0949 H   0  0  0  0  0  0  0  0  0  0  0  0
   17.2165  -10.4576   19.9176 H   0  0  0  0  0  0  0  0  0  0  0  0
   17.7011  -12.4358   18.6821 H   0  0  0  0  0  0  0  0  0  0  0  0
   16.2189  -14.1815   20.7130 H   0  0  0  0  0  0  0  0  0  0  0  0
   14.7205  -12.8669   21.7120 H   0  0  0  0  0  0  0  0  0  0  0  0
   13.9001  -15.7455   18.4443 H   0  0  0  0  0  0  0  0  0  0  0  0
   13.3285  -14.9837   16.9213 H   0  0  0  0  0  0  0  0  0  0  0  0
   14.8231  -15.9801   16.9213 H   0  0  0  0  0  0  0  0  0  0  0  0
   16.2869  -12.5887   17.0888 H   0  0  0  0  0  0  0  0  0  0  0  0
   16.1929  -14.0785   16.0895 H   0  0  0  0  0  0  0  0  0  0  0  0
   14.8291  -12.9095   16.0895 H   0  0  0  0  0  0  0  0  0  0  0  0
   17.5338  -13.7253   22.2117 H   0  0  0  0  0  0  0  0  0  0  0  0
   21.7140  -13.5417   21.2170 H   0  0  0  0  0  0  0  0  0  0  0  0
   19.4246  -12.4090   18.4293 H   0  0  0  0  0  0  0  0  0  0  0  0
   21.6704  -10.5061   18.3262 H   0  0  0  0  0  0  0  0  0  0  0  0
   22.0634  -10.7679   19.8077 H   0  0  0  0  0  0  0  0  0  0  0  0
   22.0507  -12.8032   17.4371 H   0  0  0  0  0  0  0  0  0  0  0  0
   22.5134  -13.4759   18.7800 H   0  0  0  0  0  0  0  0  0  0  0  0
   18.0627  -13.6644   24.7063 H   0  0  0  0  0  0  0  0  0  0  0  0
   20.1535  -14.7632   26.6159 H   0  0  0  0  0  0  0  0  0  0  0  0
   18.5978  -13.9983   27.0866 H   0  0  0  0  0  0  0  0  0  0  0  0
   18.5978  -15.5281   26.1452 H   0  0  0  0  0  0  0  0  0  0  0  0
  1  2  1  0
  2  3  1  0
  3  4  2  0
  3  5  1  0
  5  6  1  0
  7  8  1  0
  8  9  1  0
  9 10  1  0
 10 11  1  0
 11 12  1  0
 12 13  1  0
 13 14  1  0
 14  7  1  0
 14 10  1  0
  6  7  1  0
 14 15  1  1
 12 16  1  0
 12 17  1  0
 18 19  1  0
 19 20  1  0
 20 21  2  0
 21 22  1  0
 22 18  2  0
  9 18  1  0
 23 24  1  0
 24 25  1  0
 25 23  1  0
 22 23  1  0
 26 27  2  0
 26 28  2  0
 26 29  1  0
 29 30  1  0
 29 31  1  0
 20 26  1  0
  1 32  1  0
  1 33  1  0
  2 34  1  0
  4 35  1  0
  4 36  1  0
  5 37  1  0
  5 38  1  0
  6 39  1  0
  6 40  1  0
  7 41  1  6
  8 42  1  0
  9 43  1  6
 10 44  1  1
 15 45  1  0
 16 46  1  0
 16 47  1  0
 16 48  1  0
 17 49  1  0
 17 50  1  0
 17 51  1  0
 19 52  1  0
 21 53  1  0
 23 54  1  0
 24 55  1  0
 24 56  1  0
 25 57  1  0
 25 58  1  0
 29 59  1  6
 30 60  1  0
 30 61  1  0
 30 62  1  0
M  CHG  3   4   1   5   1  22   1
M  END
"
3l5d_Lingo3DMolv2_393697,3l5d,"3l5d_Lingo3DMolv2_393697
     RDKit          3D

 43 45  0  0  0  0  0  0  0  0999 V2000
   20.9791   35.7837   58.6483 N   0  0  0  0  0  0  0  0  0  0  0  0
   20.9791   34.7837   57.7483 C   0  0  0  0  0  0  0  0  0  0  0  0
   20.6791   34.9837   56.5483 N   0  0  0  0  0  0  0  0  0  0  0  0
   20.6791   33.9837   55.5483 C   0  0  1  0  0  0  0  0  0  0  0  0
   21.3791   34.3837   54.3483 O   0  0  0  0  0  0  0  0  0  0  0  0
   22.7791   34.1837   54.5483 C   0  0  0  0  0  0  0  0  0  0  0  0
   22.8791   33.4837   55.9483 C   0  0  1  0  0  0  0  0  0  0  0  0
   21.4791   32.8837   56.1483 C   0  0  1  0  0  0  0  0  0  0  0  0
   21.0791   32.3837   57.5483 C   0  0  0  0  0  0  0  0  0  0  0  0
   21.3791   31.2837   58.0483 O   0  0  0  0  0  0  0  0  0  0  0  0
   20.5791   33.4837   58.1483 N   0  0  0  0  0  0  0  0  0  0  0  0
   23.9791   32.4837   55.9483 O   0  0  0  0  0  0  0  0  0  0  0  0
   23.3791   34.3837   56.8483 O   0  0  0  0  0  0  0  0  0  0  0  0
   24.6791   34.8837   56.6483 C   0  0  0  0  0  0  0  0  0  0  0  0
   19.1791   33.5837   55.1483 C   0  0  2  0  0  0  0  0  0  0  0  0
   19.0791   32.3837   54.0483 C   0  0  0  0  0  0  0  0  0  0  0  0
   17.6791   32.0837   53.6483 C   0  0  0  0  0  0  0  0  0  0  0  0
   16.9791   33.2837   53.1483 C   0  0  0  0  0  0  0  0  0  0  0  0
   16.9791   34.3837   54.1483 N   0  0  0  0  0  0  0  0  0  0  0  0
   18.3791   34.6837   54.5483 C   0  0  0  0  0  0  0  0  0  0  0  0
   17.4791   35.5837   53.9483 C   0  0  0  0  0  0  0  0  0  0  0  0
   21.2295   35.5938   59.6292 H   0  0  0  0  0  0  0  0  0  0  0  0
   20.7287   36.7393   58.3565 H   0  0  0  0  0  0  0  0  0  0  0  0
   23.1963   33.5392   53.7606 H   0  0  0  0  0  0  0  0  0  0  0  0
   23.3461   35.1255   54.5099 H   0  0  0  0  0  0  0  0  0  0  0  0
   21.3399   31.8947   55.6873 H   0  0  0  0  0  0  0  0  0  0  0  0
   19.8946   33.3772   58.9106 H   0  0  0  0  0  0  0  0  0  0  0  0
   24.2233   32.2617   56.8817 H   0  0  0  0  0  0  0  0  0  0  0  0
   25.1554   35.0669   57.6228 H   0  0  0  0  0  0  0  0  0  0  0  0
   25.2715   34.1493   56.0829 H   0  0  0  0  0  0  0  0  0  0  0  0
   24.6266   35.8258   56.0829 H   0  0  0  0  0  0  0  0  0  0  0  0
   18.7812   33.2835   56.1289 H   0  0  0  0  0  0  0  0  0  0  0  0
   19.6446   32.6801   53.1526 H   0  0  0  0  0  0  0  0  0  0  0  0
   19.4932   31.4755   54.5106 H   0  0  0  0  0  0  0  0  0  0  0  0
   17.6917   31.3228   52.8541 H   0  0  0  0  0  0  0  0  0  0  0  0
   17.1413   31.7214   54.5369 H   0  0  0  0  0  0  0  0  0  0  0  0
   17.4821   33.6338   52.2348 H   0  0  0  0  0  0  0  0  0  0  0  0
   15.9337   33.0082   52.9453 H   0  0  0  0  0  0  0  0  0  0  0  0
   18.9119   35.0236   53.6480 H   0  0  0  0  0  0  0  0  0  0  0  0
   18.2841   35.4279   55.3528 H   0  0  0  0  0  0  0  0  0  0  0  0
   17.6791   36.0638   54.9176 H   0  0  0  0  0  0  0  0  0  0  0  0
   18.4172   35.5000   53.3801 H   0  0  0  0  0  0  0  0  0  0  0  0
   16.7591   36.1909   53.3801 H   0  0  0  0  0  0  0  0  0  0  0  0
  2  3  2  0
  3  4  1  0
  4  5  1  6
  5  6  1  0
  6  7  1  0
  7  8  1  0
  8  9  1  0
  9 10  2  0
  9 11  1  0
 11  2  1  0
  8  4  1  0
  1  2  1  0
  7 12  1  6
 13 14  1  0
  7 13  1  0
 15 16  1  0
 16 17  1  0
 17 18  1  0
 18 19  1  0
 19 20  1  0
 20 15  1  0
  4 15  1  0
 19 21  1  0
  1 22  1  0
  1 23  1  0
  6 24  1  0
  6 25  1  0
  8 26  1  6
 11 27  1  0
 12 28  1  0
 14 29  1  0
 14 30  1  0
 14 31  1  0
 15 32  1  1
 16 33  1  0
 16 34  1  0
 17 35  1  0
 17 36  1  0
 18 37  1  0
 18 38  1  0
 20 39  1  0
 20 40  1  0
 21 41  1  0
 21 42  1  0
 21 43  1  0
M  END
"
1sj0_Lingo3DMolv2_1318616,1sj0,"1sj0_Lingo3DMolv2_1318616
     RDKit          3D

 62 66  0  0  0  0  0  0  0  0999 V2000
   25.9011    1.2654   27.4437 O   0  0  0  0  0  0  0  0  0  0  0  0
   26.6011    0.1654   27.5437 C   0  0  0  0  0  0  0  0  0  0  0  0
   26.0011   -1.1346   27.4437 C   0  0  0  0  0  0  0  0  0  0  0  0
   26.7011   -2.3346   27.5437 C   0  0  0  0  0  0  0  0  0  0  0  0
   28.1011   -2.3346   27.7437 C   0  0  0  0  0  0  0  0  0  0  0  0
   28.8011   -1.1346   27.8437 C   0  0  0  0  0  0  0  0  0  0  0  0
   30.1011   -1.0346   28.0437 C   0  0  0  0  0  0  0  0  0  0  0  0
   30.8011    0.2654   28.0437 C   0  0  0  0  0  0  0  0  0  0  0  0
   30.0011    1.3654   27.9437 C   0  0  0  0  0  0  0  0  0  0  0  0
   28.7011    1.3654   27.7437 C   0  0  0  0  0  0  0  0  0  0  0  0
   28.0011    0.1654   27.6437 C   0  0  0  0  0  0  0  0  0  0  0  0
   32.2011    0.4654   28.1437 C   0  0  0  0  0  0  0  0  0  0  0  0
   32.8011    1.3654   27.3437 C   0  0  0  0  0  0  0  0  0  0  0  0
   34.1011    1.6654   27.4437 C   0  0  0  0  0  0  0  0  0  0  0  0
   34.9011    1.0654   28.4437 C   0  0  0  0  0  0  0  0  0  0  0  0
   34.3011    0.1654   29.3437 C   0  0  0  0  0  0  0  0  0  0  0  0
   33.0011   -0.1346   29.2437 C   0  0  0  0  0  0  0  0  0  0  0  0
   31.0011   -2.2346   28.0437 O   0  0  0  0  0  0  0  0  0  0  0  0
   31.8011   -2.4346   26.8437 C   0  0  0  0  0  0  0  0  0  0  0  0
   32.9011   -3.2346   26.8437 C   0  0  0  0  0  0  0  0  0  0  0  0
   33.7011   -3.4346   25.7437 N   0  0  0  0  0  0  0  0  0  0  0  0
   33.3011   -2.9346   24.5437 C   0  0  0  0  0  0  0  0  0  0  0  0
   34.1011   -3.2346   23.4437 N   0  0  0  0  0  0  0  0  0  0  0  0
   33.7011   -2.8346   22.3437 C   0  0  0  0  0  0  0  0  0  0  0  0
   32.5011   -2.1346   22.0437 N   0  0  0  0  0  0  0  0  0  0  0  0
   31.7011   -1.8346   23.1437 N   0  0  0  0  0  0  0  0  0  0  0  0
   32.1011   -2.2346   24.3437 C   0  0  0  0  0  0  0  0  0  0  0  0
   31.3011   -1.9346   25.5437 C   0  0  0  0  0  0  0  0  0  0  0  0
   34.5011   -3.2346   21.2437 N   0  0  0  0  0  0  0  0  0  0  0  0
   34.2011   -2.8346   19.8437 C   0  0  0  0  0  0  0  0  0  0  0  0
   33.3011   -3.8346   19.1437 C   0  0  0  0  0  0  0  0  0  0  0  0
   31.9011   -3.6346   19.4437 N   0  0  0  0  0  4  0  0  0  0  0  0
   31.1011   -2.6346   18.5437 C   0  0  0  0  0  0  0  0  0  0  0  0
   29.7011   -2.4346   19.2437 C   0  0  0  0  0  0  0  0  0  0  0  0
   31.0011   -3.1346   17.1437 C   0  0  0  0  0  0  0  0  0  0  0  0
   26.3486    2.1453   27.5177 H   0  0  0  0  0  0  0  0  0  0  0  0
   24.9151   -1.1868   27.2768 H   0  0  0  0  0  0  0  0  0  0  0  0
   26.1608   -3.2897   27.4665 H   0  0  0  0  0  0  0  0  0  0  0  0
   28.6414   -3.2897   27.8209 H   0  0  0  0  0  0  0  0  0  0  0  0
   30.4897    2.3462   28.0394 H   0  0  0  0  0  0  0  0  0  0  0  0
   28.1626    2.3204   27.6547 H   0  0  0  0  0  0  0  0  0  0  0  0
   32.1989    1.8748   26.5770 H   0  0  0  0  0  0  0  0  0  0  0  0
   34.5510    2.3840   26.7429 H   0  0  0  0  0  0  0  0  0  0  0  0
   35.9737    1.2982   28.5167 H   0  0  0  0  0  0  0  0  0  0  0  0
   34.9069   -0.2961   30.1374 H   0  0  0  0  0  0  0  0  0  0  0  0
   32.5300   -0.8169   29.9666 H   0  0  0  0  0  0  0  0  0  0  0  0
   33.1659   -3.7515   27.7779 H   0  0  0  0  0  0  0  0  0  0  0  0
   30.3658   -1.3597   25.4759 H   0  0  0  0  0  0  0  0  0  0  0  0
   35.3245   -3.8271   21.4220 H   0  0  0  0  0  0  0  0  0  0  0  0
   33.7013   -1.8548   19.8544 H   0  0  0  0  0  0  0  0  0  0  0  0
   35.1523   -2.7923   19.2929 H   0  0  0  0  0  0  0  0  0  0  0  0
   33.4452   -3.7369   18.0576 H   0  0  0  0  0  0  0  0  0  0  0  0
   33.5769   -4.8368   19.5036 H   0  0  0  0  0  0  0  0  0  0  0  0
   31.4371   -4.5514   19.3729 H   0  0  0  0  0  0  0  0  0  0  0  0
   31.8936   -3.2060   20.3803 H   0  0  0  0  0  0  0  0  0  0  0  0
   31.6090   -1.6631   18.4532 H   0  0  0  0  0  0  0  0  0  0  0  0
   29.8312   -2.4532   20.3358 H   0  0  0  0  0  0  0  0  0  0  0  0
   29.2751   -1.4665   18.9416 H   0  0  0  0  0  0  0  0  0  0  0  0
   29.0210   -3.2447   18.9416 H   0  0  0  0  0  0  0  0  0  0  0  0
   30.7854   -4.2132   17.1541 H   0  0  0  0  0  0  0  0  0  0  0  0
   30.1913   -2.6038   16.6217 H   0  0  0  0  0  0  0  0  0  0  0  0
   31.9527   -2.9560   16.6217 H   0  0  0  0  0  0  0  0  0  0  0  0
  2  3  2  0
  3  4  1  0
  4  5  2  0
  5  6  1  0
  6  7  2  0
  7  8  1  0
  8  9  2  0
  9 10  1  0
 10 11  2  0
 11  2  1  0
 11  6  1  0
  1  2  1  0
 12 13  2  0
 13 14  1  0
 14 15  2  0
 15 16  1  0
 16 17  2  0
 17 12  1  0
  8 12  1  0
  7 18  1  0
 19 20  2  0
 20 21  1  0
 21 22  2  0
 22 23  1  0
 23 24  2  0
 24 25  1  0
 25 26  2  0
 26 27  1  0
 27 28  2  0
 28 19  1  0
 27 22  1  0
 18 19  1  0
 29 30  1  0
 30 31  1  0
 31 32  1  0
 32 33  1  0
 33 34  1  0
 33 35  1  0
 24 29  1  0
  1 36  1  0
  3 37  1  0
  4 38  1  0
  5 39  1  0
  9 40  1  0
 10 41  1  0
 13 42  1  0
 14 43  1  0
 15 44  1  0
 16 45  1  0
 17 46  1  0
 20 47  1  0
 28 48  1  0
 29 49  1  0
 30 50  1  0
 30 51  1  0
 31 52  1  0
 31 53  1  0
 32 54  1  0
 32 55  1  0
 33 56  1  0
 34 57  1  0
 34 58  1  0
 34 59  1  0
 35 60  1  0
 35 61  1  0
 35 62  1  0
M  CHG  1  32   1
M  END
"
2zdt_Lingo3DMolv2_717418,2zdt,"2zdt_Lingo3DMolv2_717418
     RDKit          3D

 51 54  0  0  0  0  0  0  0  0999 V2000
   44.3884    6.8495   32.2917 N   0  0  0  0  0  0  0  0  0  0  0  0
   43.7884    7.8495   32.7917 C   0  0  0  0  0  0  0  0  0  0  0  0
   44.3884    9.1495   32.9917 C   0  0  0  0  0  0  0  0  0  0  0  0
   45.6884    9.2495   32.4917 C   0  0  0  0  0  0  0  0  0  0  0  0
   46.3884    8.1495   31.9917 N   0  0  0  0  0  0  0  0  0  0  0  0
   45.6884    6.9495   31.8917 C   0  0  0  0  0  0  0  0  0  0  0  0
   46.3884    5.8495   31.3917 N   0  0  0  0  0  0  0  0  0  0  0  0
   47.7884    5.8495   30.9917 C   0  0  2  0  0  0  0  0  0  0  0  0
   47.8884    6.2495   29.5917 C   0  0  0  0  0  0  0  0  0  0  0  0
   49.3884    6.3495   29.1917 C   0  0  0  0  0  0  0  0  0  0  0  0
   50.0884    5.0495   29.4917 C   0  0  0  0  0  0  0  0  0  0  0  0
   49.8884    4.5495   30.7917 N   0  0  0  0  0  0  0  0  0  0  0  0
   48.4884    4.4495   31.1917 C   0  0  0  0  0  0  0  0  0  0  0  0
   50.6884    3.3495   31.0917 C   0  0  0  0  0  0  0  0  0  0  0  0
   50.3884    2.7495   32.4917 C   0  0  0  0  0  0  0  0  0  0  0  0
   50.1884    2.2495   33.4917 N   0  0  0  0  0  0  0  0  0  0  0  0
   46.3884   10.5495   32.4917 N   0  0  0  0  0  0  0  0  0  0  0  0
   47.5884   11.0495   31.7917 C   0  0  0  0  0  0  0  0  0  0  0  0
   48.6884   10.1495   31.5917 C   0  0  0  0  0  0  0  0  0  0  0  0
   49.7884   10.6495   30.8917 C   0  0  0  0  0  0  0  0  0  0  0  0
   49.7884   11.9495   30.3917 C   0  0  0  0  0  0  0  0  0  0  0  0
   48.6884   12.7495   30.5917 C   0  0  0  0  0  0  0  0  0  0  0  0
   47.5884   12.2495   31.2917 C   0  0  0  0  0  0  0  0  0  0  0  0
   46.4884   13.2495   31.4917 C   0  0  0  0  0  0  0  0  0  0  0  0
   46.0884   14.4495   30.6917 C   0  0  0  0  0  0  0  0  0  0  0  0
   44.9884   14.9495   31.2917 C   0  0  0  0  0  0  0  0  0  0  0  0
   44.6884   14.1495   32.2917 C   0  0  0  0  0  0  0  0  0  0  0  0
   45.5884   13.0495   32.4917 O   0  0  0  0  0  0  0  0  0  0  0  0
   43.6884   10.1495   33.6917 C   0  0  0  0  0  0  0  0  0  0  0  0
   43.0884   11.0495   34.1917 N   0  0  0  0  0  0  0  0  0  0  0  0
   42.7390    7.7182   33.0939 H   0  0  0  0  0  0  0  0  0  0  0  0
   45.8710    4.9639   31.2980 H   0  0  0  0  0  0  0  0  0  0  0  0
   48.3127    6.5648   31.6424 H   0  0  0  0  0  0  0  0  0  0  0  0
   47.3885    5.5012   28.9591 H   0  0  0  0  0  0  0  0  0  0  0  0
   47.4038    7.2271   29.4521 H   0  0  0  0  0  0  0  0  0  0  0  0
   49.4651    6.5649   28.1157 H   0  0  0  0  0  0  0  0  0  0  0  0
   49.8632    7.1572   29.7681 H   0  0  0  0  0  0  0  0  0  0  0  0
   49.7270    4.2952   28.7772 H   0  0  0  0  0  0  0  0  0  0  0  0
   51.1656    5.2548   29.4050 H   0  0  0  0  0  0  0  0  0  0  0  0
   47.9824    3.6938   30.5729 H   0  0  0  0  0  0  0  0  0  0  0  0
   48.4273    4.1544   32.2496 H   0  0  0  0  0  0  0  0  0  0  0  0
   51.7539    3.6196   31.0479 H   0  0  0  0  0  0  0  0  0  0  0  0
   50.4251    2.5857   30.3451 H   0  0  0  0  0  0  0  0  0  0  0  0
   45.9500   11.2509   33.1054 H   0  0  0  0  0  0  0  0  0  0  0  0
   48.6661    9.1172   31.9709 H   0  0  0  0  0  0  0  0  0  0  0  0
   50.6674   10.0075   30.7329 H   0  0  0  0  0  0  0  0  0  0  0  0
   50.6607   12.3326   29.8417 H   0  0  0  0  0  0  0  0  0  0  0  0
   48.6748   13.7782   30.2023 H   0  0  0  0  0  0  0  0  0  0  0  0
   46.5899   14.8440   29.7956 H   0  0  0  0  0  0  0  0  0  0  0  0
   44.4430   15.8587   30.9986 H   0  0  0  0  0  0  0  0  0  0  0  0
   43.8081   14.3123   32.9309 H   0  0  0  0  0  0  0  0  0  0  0  0
  1  2  2  0
  2  3  1  0
  3  4  2  0
  4  5  1  0
  5  6  2  0
  6  1  1  0
  6  7  1  0
  8  9  1  0
  9 10  1  0
 10 11  1  0
 11 12  1  0
 12 13  1  0
 13  8  1  0
  7  8  1  0
 14 15  1  0
 15 16  3  0
 12 14  1  0
  4 17  1  0
 18 19  2  0
 19 20  1  0
 20 21  2  0
 21 22  1  0
 22 23  2  0
 23 18  1  0
 17 18  1  0
 24 25  2  0
 25 26  1  0
 26 27  2  0
 27 28  1  0
 28 24  1  0
 23 24  1  0
 29 30  3  0
  3 29  1  0
  2 31  1  0
  7 32  1  0
  8 33  1  1
  9 34  1  0
  9 35  1  0
 10 36  1  0
 10 37  1  0
 11 38  1  0
 11 39  1  0
 13 40  1  0
 13 41  1  0
 14 42  1  0
 14 43  1  0
 17 44  1  0
 19 45  1  0
 20 46  1  0
 21 47  1  0
 22 48  1  0
 25 49  1  0
 26 50  1  0
 27 51  1  0
M  END
"
1sj0_Lingo3DMolv2_1293523,1sj0,"1sj0_Lingo3DMolv2_1293523
     RDKit          3D

 40 41  0  0  0  0  0  0  0  0999 V2000
   25.9011    0.9654   26.9437 O   0  0  0  0  0  0  0  0  0  0  0  0
   26.6011   -0.1346   27.2437 C   0  0  0  0  0  0  0  0  0  0  0  0
   26.0011   -1.4346   27.2437 C   0  0  0  0  0  0  0  0  0  0  0  0
   26.7011   -2.5346   27.5437 C   0  0  0  0  0  0  0  0  0  0  0  0
   28.1011   -2.5346   27.8437 C   0  0  0  0  0  0  0  0  0  0  0  0
   28.8011   -1.2346   27.8437 C   0  0  0  0  0  0  0  0  0  0  0  0
   28.0011   -0.1346   27.5437 C   0  0  0  0  0  0  0  0  0  0  0  0
   28.7011    1.2654   27.5437 C   0  0  0  0  0  0  0  0  0  0  0  0
   30.0011    1.2654   28.3437 C   0  0  0  0  0  0  0  0  0  0  0  0
   30.9011    0.0654   27.9437 C   0  0  2  0  0  0  0  0  0  0  0  0
   30.2011   -1.2346   28.2437 C   0  0  0  0  0  0  0  0  0  0  0  0
   32.3011    0.1654   28.6437 C   0  0  2  0  0  0  0  0  0  0  0  0
   32.2011    0.1654   30.2437 C   0  0  0  0  0  0  0  0  0  0  0  0
   33.5011    0.1654   30.9437 C   0  0  0  0  0  0  0  0  0  0  0  0
   33.1011    1.3654   28.1437 C   0  0  0  0  0  0  0  0  0  0  0  0
   34.6011    1.2654   28.3437 C   0  0  0  0  0  0  0  0  0  0  0  0
   35.4011    2.0654   27.5437 N   0  0  0  0  0  0  0  0  0  0  0  0
   35.2011    0.2654   28.6437 O   0  0  0  0  0  0  0  0  0  0  0  0
   26.1011   -3.7346   27.5437 O   0  0  0  0  0  0  0  0  0  0  0  0
   26.3433    1.8511   26.9520 H   0  0  0  0  0  0  0  0  0  0  0  0
   24.9351   -1.5317   26.9900 H   0  0  0  0  0  0  0  0  0  0  0  0
   28.6360   -3.4697   28.0662 H   0  0  0  0  0  0  0  0  0  0  0  0
   28.9256    1.5482   26.5047 H   0  0  0  0  0  0  0  0  0  0  0  0
   28.0155    1.9834   28.0174 H   0  0  0  0  0  0  0  0  0  0  0  0
   30.5434    2.2023   28.1487 H   0  0  0  0  0  0  0  0  0  0  0  0
   29.7548    1.1776   29.4122 H   0  0  0  0  0  0  0  0  0  0  0  0
   31.0833    0.0967   26.8593 H   0  0  0  0  0  0  0  0  0  0  0  0
   30.7187   -2.0431   27.7066 H   0  0  0  0  0  0  0  0  0  0  0  0
   30.2310   -1.3795   29.3337 H   0  0  0  0  0  0  0  0  0  0  0  0
   32.8456   -0.7475   28.3604 H   0  0  0  0  0  0  0  0  0  0  0  0
   31.6460    1.0635   30.5522 H   0  0  0  0  0  0  0  0  0  0  0  0
   31.6980   -0.7720   30.5233 H   0  0  0  0  0  0  0  0  0  0  0  0
   33.8239   -0.8717   31.1175 H   0  0  0  0  0  0  0  0  0  0  0  0
   34.2497    0.6839   30.3267 H   0  0  0  0  0  0  0  0  0  0  0  0
   33.3981    0.6839   31.9083 H   0  0  0  0  0  0  0  0  0  0  0  0
   32.9075    1.4796   27.0669 H   0  0  0  0  0  0  0  0  0  0  0  0
   32.7685    2.2267   28.7416 H   0  0  0  0  0  0  0  0  0  0  0  0
   36.4257    2.0321   27.6431 H   0  0  0  0  0  0  0  0  0  0  0  0
   34.9711    2.6933   26.8496 H   0  0  0  0  0  0  0  0  0  0  0  0
   26.6204   -4.5477   27.7659 H   0  0  0  0  0  0  0  0  0  0  0  0
  2  3  2  0
  3  4  1  0
  4  5  2  0
  5  6  1  0
  6  7  2  0
  7  8  1  0
  8  9  1  0
  9 10  1  0
 10 11  1  0
  7  2  1  0
 11  6  1  0
  1  2  1  0
 12 13  1  0
 13 14  1  0
 12 15  1  0
 15 16  1  0
 16 17  1  0
 16 18  2  0
 10 12  1  0
  4 19  1  0
  1 20  1  0
  3 21  1  0
  5 22  1  0
  8 23  1  0
  8 24  1  0
  9 25  1  0
  9 26  1  0
 10 27  1  6
 11 28  1  0
 11 29  1  0
 12 30  1  1
 13 31  1  0
 13 32  1  0
 14 33  1  0
 14 34  1  0
 14 35  1  0
 15 36  1  0
 15 37  1  0
 17 38  1  0
 17 39  1  0
 19 40  1  0
M  END
"
2etr_Lingo3DMolv2_585090,2etr,"2etr_Lingo3DMolv2_585090
     RDKit          3D

 35 36  0  0  0  0  0  0  0  0999 V2000
   -2.8740  135.3379   16.0481 Cl  0  0  0  0  0  0  0  0  0  0  0  0
   -1.1740  135.6379   16.4481 C   0  0  0  0  0  0  0  0  0  0  0  0
   -0.4740  136.4379   15.6481 C   0  0  0  0  0  0  0  0  0  0  0  0
    0.8260  136.7379   15.9481 C   0  0  0  0  0  0  0  0  0  0  0  0
    1.4260  136.2379   17.1481 C   0  0  0  0  0  0  0  0  0  0  0  0
    0.6260  135.4379   17.9481 C   0  0  0  0  0  0  0  0  0  0  0  0
   -0.6740  135.1379   17.6481 C   0  0  0  0  0  0  0  0  0  0  0  0
    1.2260  134.9379   19.1481 N   0  0  0  0  0  0  0  0  0  0  0  0
    0.6260  134.3379   20.3481 C   0  0  0  0  0  0  0  0  0  0  0  0
    1.2260  133.6379   20.9481 O   0  0  0  0  0  0  0  0  0  0  0  0
   -0.6740  134.7379   20.7481 C   0  0  0  0  0  0  0  0  0  0  0  0
   -1.2740  136.0379   20.4481 C   0  0  0  0  0  0  0  0  0  0  0  0
   -2.5740  136.3379   20.8481 C   0  0  0  0  0  0  0  0  0  0  0  0
   -3.2740  135.4379   21.5481 N   0  0  0  0  0  4  0  0  0  0  0  0
   -2.7740  134.2379   21.9481 C   0  0  0  0  0  0  0  0  0  0  0  0
   -1.4740  133.9379   21.6481 C   0  0  0  0  0  0  0  0  0  0  0  0
   -3.2740  137.7379   20.5481 C   0  0  0  0  0  0  0  0  0  0  0  0
   -2.3740  138.6379   19.7481 C   0  0  0  0  0  0  0  0  0  0  0  0
   -3.6740  138.4379   21.8481 C   0  0  0  0  0  0  0  0  0  0  0  0
   -0.9410  136.8581   14.7452 H   0  0  0  0  0  0  0  0  0  0  0  0
    1.4141  137.3669   15.2637 H   0  0  0  0  0  0  0  0  0  0  0  0
    2.4650  136.4758   17.4200 H   0  0  0  0  0  0  0  0  0  0  0  0
   -1.2954  134.5305   18.3226 H   0  0  0  0  0  0  0  0  0  0  0  0
    2.2530  135.0112   19.1750 H   0  0  0  0  0  0  0  0  0  0  0  0
   -0.6895  136.7901   19.8982 H   0  0  0  0  0  0  0  0  0  0  0  0
   -4.2466  135.6667   21.7983 H   0  0  0  0  0  0  0  0  0  0  0  0
   -3.4020  133.5239   22.5012 H   0  0  0  0  0  0  0  0  0  0  0  0
   -1.0178  133.0505   22.1111 H   0  0  0  0  0  0  0  0  0  0  0  0
   -4.1791  137.5306   19.9584 H   0  0  0  0  0  0  0  0  0  0  0  0
   -1.7642  139.2477   20.4311 H   0  0  0  0  0  0  0  0  0  0  0  0
   -1.7145  138.0272   19.1140 H   0  0  0  0  0  0  0  0  0  0  0  0
   -2.9847  139.2974   19.1140 H   0  0  0  0  0  0  0  0  0  0  0  0
   -3.3326  137.8405   22.7063 H   0  0  0  0  0  0  0  0  0  0  0  0
   -3.2087  139.4339   21.8864 H   0  0  0  0  0  0  0  0  0  0  0  0
   -4.7683  138.5427   21.8864 H   0  0  0  0  0  0  0  0  0  0  0  0
  2  3  2  0
  3  4  1  0
  4  5  2  0
  5  6  1  0
  6  7  2  0
  7  2  1  0
  1  2  1  0
  8  9  1  0
  9 10  2  0
  6  8  1  0
 11 12  2  0
 12 13  1  0
 13 14  2  0
 14 15  1  0
 15 16  2  0
 16 11  1  0
  9 11  1  0
 17 18  1  0
 17 19  1  0
 13 17  1  0
  3 20  1  0
  4 21  1  0
  5 22  1  0
  7 23  1  0
  8 24  1  0
 12 25  1  0
 14 26  1  0
 15 27  1  0
 16 28  1  0
 17 29  1  0
 18 30  1  0
 18 31  1  0
 18 32  1  0
 19 33  1  0
 19 34  1  0
 19 35  1  0
M  CHG  1  14   1
M  END
"
2ayw_Lingo3DMolv2_1049948,2ayw,"2ayw_Lingo3DMolv2_1049948
     RDKit          3D

 79 84  0  0  0  0  0  0  0  0999 V2000
   30.4095   15.5190   28.0919 N   0  0  0  0  0  0  0  0  0  0  0  0
   29.1095   15.2190   28.0919 C   0  0  1  0  0  0  0  0  0  0  0  0
   28.9095   13.8190   28.0919 N   0  0  0  0  0  4  0  0  0  0  0  0
   28.2095   16.2190   28.5919 C   0  0  0  0  0  0  0  0  0  0  0  0
   28.5095   17.4190   29.3919 C   0  0  0  0  0  0  0  0  0  0  0  0
   27.4095   18.1190   29.6919 C   0  0  0  0  0  0  0  0  0  0  0  0
   27.2095   19.3190   30.3919 C   0  0  0  0  0  0  0  0  0  0  0  0
   25.9095   19.8190   30.5919 C   0  0  0  0  0  0  0  0  0  0  0  0
   24.8095   19.2190   30.0919 C   0  0  0  0  0  0  0  0  0  0  0  0
   24.9095   18.0190   29.3919 N   0  0  0  0  0  0  0  0  0  0  0  0
   26.1095   17.5190   29.1919 C   0  0  0  0  0  0  0  0  0  0  0  0
   26.5095   16.0190   28.2919 S   0  0  0  0  0  0  0  0  0  0  0  0
   23.4095   19.7190   30.2919 C   0  0  1  0  0  0  0  0  0  0  0  0
   23.1095   19.7190   31.5919 O   0  0  0  0  0  0  0  0  0  0  0  0
   23.8095   20.5190   32.3919 C   0  0  0  0  0  0  0  0  0  0  0  0
   23.3095   20.4190   33.8919 C   0  0  1  0  0  0  0  0  0  0  0  0
   21.8095   20.8190   33.9919 C   0  0  0  0  0  0  0  0  0  0  0  0
   21.3095   20.8190   35.4919 C   0  0  0  0  0  0  0  0  0  0  0  0
   21.5095   19.4190   36.0919 N   0  0  1  0  0  4  0  0  0  0  0  0
   23.0095   18.9190   35.9919 C   0  0  0  0  0  0  0  0  0  0  0  0
   23.4095   18.9190   34.4919 C   0  0  0  0  0  0  0  0  0  0  0  0
   21.0095   19.4190   37.5919 C   0  0  0  0  0  0  0  0  0  0  0  0
   23.1095   21.1190   29.5919 C   0  0  2  0  0  0  0  0  0  0  0  0
   21.8095   21.6190   29.8919 C   0  0  0  0  0  0  0  0  0  0  0  0
   21.5095   22.9190   29.1919 C   0  0  0  0  0  0  0  0  0  0  0  0
   21.7095   22.8190   27.6919 C   0  0  0  0  0  0  0  0  0  0  0  0
   23.0095   22.3190   27.2919 N   0  0  0  0  0  0  0  0  0  0  0  0
   23.3095   21.0190   27.9919 C   0  0  0  0  0  0  0  0  0  0  0  0
   23.5095   22.7190   25.9919 C   0  0  0  0  0  0  0  0  0  0  0  0
   24.7095   23.4190   25.8919 C   0  0  0  0  0  0  0  0  0  0  0  0
   25.1095   23.9190   24.6919 C   0  0  0  0  0  0  0  0  0  0  0  0
   24.3095   23.8190   23.5919 C   0  0  0  0  0  0  0  0  0  0  0  0
   23.1095   23.2190   23.5919 C   0  0  0  0  0  0  0  0  0  0  0  0
   22.3095   23.1190   22.4919 C   0  0  0  0  0  0  0  0  0  0  0  0
   21.1095   22.5190   22.4919 C   0  0  0  0  0  0  0  0  0  0  0  0
   20.6095   22.0190   23.6919 C   0  0  0  0  0  0  0  0  0  0  0  0
   21.4095   22.1190   24.8919 C   0  0  0  0  0  0  0  0  0  0  0  0
   22.6095   22.7190   24.8919 C   0  0  0  0  0  0  0  0  0  0  0  0
   30.7441   15.5962   29.0630 H   0  0  0  0  0  0  0  0  0  0  0  0
   30.9332   14.7768   27.6064 H   0  0  0  0  0  0  0  0  0  0  0  0
   28.5576   15.4022   27.1582 H   0  0  0  0  0  0  0  0  0  0  0  0
   28.8610   13.4791   29.0630 H   0  0  0  0  0  0  0  0  0  0  0  0
   28.0285   13.5981   27.6064 H   0  0  0  0  0  0  0  0  0  0  0  0
   29.6935   13.3602   27.6064 H   0  0  0  0  0  0  0  0  0  0  0  0
   29.5233   17.7070   29.7070 H   0  0  0  0  0  0  0  0  0  0  0  0
   28.0746   19.8721   30.7867 H   0  0  0  0  0  0  0  0  0  0  0  0
   25.7848   20.7392   31.1816 H   0  0  0  0  0  0  0  0  0  0  0  0
   22.7394   19.0169   29.7743 H   0  0  0  0  0  0  0  0  0  0  0  0
   24.8699   20.2298   32.3482 H   0  0  0  0  0  0  0  0  0  0  0  0
   23.6729   21.5556   32.0501 H   0  0  0  0  0  0  0  0  0  0  0  0
   23.9636   21.0949   34.4623 H   0  0  0  0  0  0  0  0  0  0  0  0
   21.6795   21.8272   33.5716 H   0  0  0  0  0  0  0  0  0  0  0  0
   21.2172   20.0817   33.4302 H   0  0  0  0  0  0  0  0  0  0  0  0
   21.8871   21.5537   36.0721 H   0  0  0  0  0  0  0  0  0  0  0  0
   20.2430   21.0862   35.5256 H   0  0  0  0  0  0  0  0  0  0  0  0
   20.9506   18.7536   35.5390 H   0  0  0  0  0  0  0  0  0  0  0  0
   23.6683   19.5964   36.5551 H   0  0  0  0  0  0  0  0  0  0  0  0
   23.1074   17.9088   36.4161 H   0  0  0  0  0  0  0  0  0  0  0  0
   24.4423   18.5542   34.3904 H   0  0  0  0  0  0  0  0  0  0  0  0
   22.7251   18.2615   33.9359 H   0  0  0  0  0  0  0  0  0  0  0  0
   20.8936   18.3819   37.9398 H   0  0  0  0  0  0  0  0  0  0  0  0
   21.7456   19.9375   38.2238 H   0  0  0  0  0  0  0  0  0  0  0  0
   20.0415   19.9375   37.6557 H   0  0  0  0  0  0  0  0  0  0  0  0
   23.8371   21.8333   30.0047 H   0  0  0  0  0  0  0  0  0  0  0  0
   21.0648   20.8718   29.5804 H   0  0  0  0  0  0  0  0  0  0  0  0
   21.7686   21.8081   30.9748 H   0  0  0  0  0  0  0  0  0  0  0  0
   20.4643   23.1968   29.3926 H   0  0  0  0  0  0  0  0  0  0  0  0
   22.2056   23.6791   29.5764 H   0  0  0  0  0  0  0  0  0  0  0  0
   20.9419   22.1432   27.2871 H   0  0  0  0  0  0  0  0  0  0  0  0
   21.6324   23.8426   27.2967 H   0  0  0  0  0  0  0  0  0  0  0  0
   22.6356   20.2432   27.5997 H   0  0  0  0  0  0  0  0  0  0  0  0
   24.3643   20.7716   27.8011 H   0  0  0  0  0  0  0  0  0  0  0  0
   25.3347   23.5677   26.7847 H   0  0  0  0  0  0  0  0  0  0  0  0
   26.0903   24.4100   24.6076 H   0  0  0  0  0  0  0  0  0  0  0  0
   24.6695   24.2562   22.6489 H   0  0  0  0  0  0  0  0  0  0  0  0
   22.6695   23.5562   21.5489 H   0  0  0  0  0  0  0  0  0  0  0  0
   20.5311   22.4237   21.5612 H   0  0  0  0  0  0  0  0  0  0  0  0
   19.6142   21.5519   23.7263 H   0  0  0  0  0  0  0  0  0  0  0  0
   21.0243   21.6920   25.8296 H   0  0  0  0  0  0  0  0  0  0  0  0
  2  1  1  0
  2  3  1  0
  4  5  2  0
  5  6  1  0
  6  7  2  0
  7  8  1  0
  8  9  2  0
  9 10  1  0
 10 11  2  0
 11 12  1  0
 12  4  1  0
 11  6  1  0
  2  4  1  0
 13 14  1  0
 14 15  1  0
  9 13  1  0
 16 17  1  0
 17 18  1  0
 18 19  1  0
 19 20  1  0
 20 21  1  0
 21 16  1  0
 15 16  1  0
 19 22  1  0
 23 24  1  0
 24 25  1  0
 25 26  1  0
 26 27  1  0
 27 28  1  0
 28 23  1  0
 13 23  1  0
 29 30  2  0
 30 31  1  0
 31 32  2  0
 32 33  1  0
 33 34  2  0
 34 35  1  0
 35 36  2  0
 36 37  1  0
 37 38  2  0
 38 29  1  0
 38 33  1  0
 27 29  1  0
  1 39  1  0
  1 40  1  0
  2 41  1  6
  3 42  1  0
  3 43  1  0
  3 44  1  0
  5 45  1  0
  7 46  1  0
  8 47  1  0
 13 48  1  6
 15 49  1  0
 15 50  1  0
 16 51  1  1
 17 52  1  0
 17 53  1  0
 18 54  1  0
 18 55  1  0
 19 56  1  6
 20 57  1  0
 20 58  1  0
 21 59  1  0
 21 60  1  0
 22 61  1  0
 22 62  1  0
 22 63  1  0
 23 64  1  1
 24 65  1  0
 24 66  1  0
 25 67  1  0
 25 68  1  0
 26 69  1  0
 26 70  1  0
 28 71  1  0
 28 72  1  0
 30 73  1  0
 31 74  1  0
 32 75  1  0
 34 76  1  0
 35 77  1  0
 36 78  1  0
 37 79  1  0
M  CHG  2   3   1  19   1
M  END
"
3bz3_Lingo3DMolv2_1029964,3bz3,"3bz3_Lingo3DMolv2_1029964
     RDKit          3D

 40 42  0  0  0  0  0  0  0  0999 V2000
    6.0463    2.9514   10.6918 F   0  0  0  0  0  0  0  0  0  0  0  0
    7.1463    3.6514   10.2918 C   0  0  0  0  0  0  0  0  0  0  0  0
    8.1463    2.9514   10.3918 F   0  0  0  0  0  0  0  0  0  0  0  0
    6.9463    4.0514    8.7918 C   0  0  0  0  0  0  0  0  0  0  0  0
    5.7463    4.3514    8.3918 C   0  0  0  0  0  0  0  0  0  0  0  0
    5.5463    4.7514    6.9918 C   0  0  0  0  0  0  0  0  0  0  0  0
    6.6463    4.8514    6.0918 C   0  0  0  0  0  0  0  0  0  0  0  0
    7.9463    4.4514    6.4918 C   0  0  0  0  0  0  0  0  0  0  0  0
    8.1463    4.0514    7.8918 C   0  0  0  0  0  0  0  0  0  0  0  0
    6.1463    5.2514    4.8918 O   0  0  0  0  0  0  0  0  0  0  0  0
    4.7463    5.6514    5.1918 C   0  0  0  0  0  0  0  0  0  0  0  0
    4.4463    5.1514    6.3918 O   0  0  0  0  0  0  0  0  0  0  0  0
    9.3463    3.7514    8.3918 O   0  0  0  0  0  0  0  0  0  0  0  0
    9.1463    4.5514    5.4918 C   0  0  0  0  0  0  0  0  0  0  0  0
   10.0463    3.4514    5.4918 N   0  0  0  0  0  0  0  0  0  0  0  0
   11.4463    3.5514    5.9918 C   0  0  0  0  0  0  0  0  0  0  0  0
   11.8463    4.7514    6.3918 N   0  0  0  0  0  0  0  0  0  0  0  0
   13.1463    4.8514    6.9918 C   0  0  0  0  0  0  0  0  0  0  0  0
   13.9463    3.8514    6.9918 N   0  0  0  0  0  0  0  0  0  0  0  0
   13.5463    2.6514    6.3918 C   0  0  0  0  0  0  0  0  0  0  0  0
   12.2463    2.4514    5.7918 C   0  0  0  0  0  0  0  0  0  0  0  0
   11.8463    1.1514    5.1918 C   0  0  0  0  0  0  0  0  0  0  0  0
   13.4463    5.9514    7.6918 N   0  0  0  0  0  0  0  0  0  0  0  0
   12.4463    6.9514    8.0918 C   0  0  0  0  0  0  0  0  0  0  0  0
    7.2733    4.5451   10.9204 H   0  0  0  0  0  0  0  0  0  0  0  0
    4.8962    4.3067    9.0884 H   0  0  0  0  0  0  0  0  0  0  0  0
    4.6619    6.7481    5.2076 H   0  0  0  0  0  0  0  0  0  0  0  0
    4.0563    5.2708    4.4243 H   0  0  0  0  0  0  0  0  0  0  0  0
    9.4347    3.4866    9.3416 H   0  0  0  0  0  0  0  0  0  0  0  0
    9.7196    5.4562    5.7423 H   0  0  0  0  0  0  0  0  0  0  0  0
    8.6971    4.5692    4.4878 H   0  0  0  0  0  0  0  0  0  0  0  0
    9.7162    2.5452    5.1302 H   0  0  0  0  0  0  0  0  0  0  0  0
   14.2604    1.8148    6.3760 H   0  0  0  0  0  0  0  0  0  0  0  0
   11.6245    0.4307    5.9926 H   0  0  0  0  0  0  0  0  0  0  0  0
   10.9508    1.2949    4.5693 H   0  0  0  0  0  0  0  0  0  0  0  0
   12.6676    0.7667    4.5693 H   0  0  0  0  0  0  0  0  0  0  0  0
   14.4277    6.1052    7.9641 H   0  0  0  0  0  0  0  0  0  0  0  0
   12.3964    7.0013    9.1895 H   0  0  0  0  0  0  0  0  0  0  0  0
   12.7321    7.9358    7.6926 H   0  0  0  0  0  0  0  0  0  0  0  0
   11.4619    6.6656    7.6926 H   0  0  0  0  0  0  0  0  0  0  0  0
  1  2  1  0
  2  3  1  0
  4  5  2  0
  5  6  1  0
  6  7  2  0
  7  8  1  0
  8  9  2  0
  7 10  1  0
 10 11  1  0
 11 12  1  0
  9  4  1  0
 12  6  1  0
  2  4  1  0
  9 13  1  0
 14 15  1  0
  8 14  1  0
 16 17  2  0
 17 18  1  0
 18 19  2  0
 19 20  1  0
 20 21  2  0
 21 16  1  0
 15 16  1  0
 21 22  1  0
 23 24  1  0
 18 23  1  0
  2 25  1  0
  5 26  1  0
 11 27  1  0
 11 28  1  0
 13 29  1  0
 14 30  1  0
 14 31  1  0
 15 32  1  0
 20 33  1  0
 22 34  1  0
 22 35  1  0
 22 36  1  0
 23 37  1  0
 24 38  1  0
 24 39  1  0
 24 40  1  0
M  END
"
2zdt_Lingo3DMolv2_604974,2zdt,"2zdt_Lingo3DMolv2_604974
     RDKit          3D

 27 29  0  0  0  0  0  0  0  0999 V2000
   45.3884    6.5495   32.1917 O   0  0  0  0  0  0  0  0  0  0  0  0
   45.1884    7.6495   32.1917 C   0  0  0  0  0  0  0  0  0  0  0  0
   43.9884    8.2495   32.9917 C   0  0  0  0  0  0  0  0  0  0  0  0
   44.2884    9.5495   33.4917 C   0  0  0  0  0  0  0  0  0  0  0  0
   43.4884   10.2495   34.3917 O   0  0  0  0  0  0  0  0  0  0  0  0
   43.9884   11.6495   34.4917 N   0  0  0  0  0  0  0  0  0  0  0  0
   44.9884   11.6495   33.6917 C   0  0  0  0  0  0  0  0  0  0  0  0
   45.2884   10.4495   33.0917 C   0  0  0  0  0  0  0  0  0  0  0  0
   46.2884    9.9495   32.1917 C   0  0  0  0  0  0  0  0  0  0  0  0
   47.3884   10.7495   31.6917 C   0  0  0  0  0  0  0  0  0  0  0  0
   48.2884   10.1495   30.8917 C   0  0  0  0  0  0  0  0  0  0  0  0
   48.1884    8.8495   30.4917 N   0  0  0  0  0  0  0  0  0  0  0  0
   47.1884    8.0495   30.9917 C   0  0  0  0  0  0  0  0  0  0  0  0
   46.1884    8.5495   31.8917 C   0  0  0  0  0  0  0  0  0  0  0  0
   49.4884   10.9495   30.2917 C   0  0  2  0  0  0  0  0  0  0  0  0
   49.4884   12.4495   30.7917 C   0  0  0  0  0  0  0  0  0  0  0  0
   49.3884   11.0495   28.8917 O   0  0  0  0  0  0  0  0  0  0  0  0
   43.1141    8.3156   32.3274 H   0  0  0  0  0  0  0  0  0  0  0  0
   43.7825    7.5908   33.8482 H   0  0  0  0  0  0  0  0  0  0  0  0
   45.5748   12.5592   33.4954 H   0  0  0  0  0  0  0  0  0  0  0  0
   47.4844   11.8126   31.9575 H   0  0  0  0  0  0  0  0  0  0  0  0
   47.1536    6.9916   30.6922 H   0  0  0  0  0  0  0  0  0  0  0  0
   50.3899   10.4043   30.6081 H   0  0  0  0  0  0  0  0  0  0  0  0
   50.5255   12.7973   30.9076 H   0  0  0  0  0  0  0  0  0  0  0  0
   48.9699   13.0814   30.0556 H   0  0  0  0  0  0  0  0  0  0  0  0
   48.9699   12.5133   31.7597 H   0  0  0  0  0  0  0  0  0  0  0  0
   48.7083   11.7296   28.6571 H   0  0  0  0  0  0  0  0  0  0  0  0
  1  2  2  0
  2  3  1  0
  3  4  1  0
  4  5  1  0
  5  6  1  0
  6  7  2  0
  7  8  1  0
  8  9  1  0
  9 10  2  0
 10 11  1  0
 11 12  2  0
 12 13  1  0
 13 14  2  0
 14  2  1  0
  8  4  2  0
 14  9  1  0
 15 16  1  0
 15 17  1  0
 11 15  1  0
  3 18  1  0
  3 19  1  0
  7 20  1  0
 10 21  1  0
 13 22  1  0
 15 23  1  6
 16 24  1  0
 16 25  1  0
 16 26  1  0
 17 27  1  0
M  END
"
2ayw_Lingo3DMolv2_1269073,2ayw,"2ayw_Lingo3DMolv2_1269073
     RDKit          3D

 41 43  0  0  0  0  0  0  0  0999 V2000
   30.8095   15.1190   27.2919 N   0  0  0  0  0  0  0  0  0  0  0  0
   30.1095   15.6190   28.1919 C   0  0  0  0  0  0  0  0  0  0  0  0
   30.7095   16.4190   29.0919 N   0  0  0  0  0  4  0  0  0  0  0  0
   28.4095   15.4190   28.1919 S   0  0  0  0  0  0  0  0  0  0  0  0
   27.7095   16.9190   28.9919 C   0  0  0  0  0  0  0  0  0  0  0  0
   26.2095   16.8190   29.0919 C   0  0  2  0  0  0  0  0  0  0  0  0
   25.4095   17.0190   27.7919 C   0  0  0  0  0  0  0  0  0  0  0  0
   25.3095   18.0190   28.8919 C   0  0  1  0  0  0  0  0  0  0  0  0
   24.0095   18.1190   29.6919 N   0  0  0  0  0  0  0  0  0  0  0  0
   23.8095   19.2190   30.4919 C   0  0  0  0  0  0  0  0  0  0  0  0
   24.4095   20.3190   30.2919 O   0  0  0  0  0  0  0  0  0  0  0  0
   22.9095   19.0190   31.5919 N   0  0  0  0  0  0  0  0  0  0  0  0
   23.1095   17.8190   32.2919 N   0  0  0  0  0  0  0  0  0  0  0  0
   23.2095   17.8190   33.5919 C   0  0  0  0  0  0  0  0  0  0  0  0
   23.6095   16.8190   34.2919 O   0  0  0  0  0  0  0  0  0  0  0  0
   22.7095   19.0190   34.2919 C   0  0  0  0  0  0  0  0  0  0  0  0
   22.8095   19.1190   35.5919 C   0  0  0  0  0  0  0  0  0  0  0  0
   22.3095   20.2190   36.2919 C   0  0  0  0  0  0  0  0  0  0  0  0
   21.7095   21.2190   35.5919 C   0  0  0  0  0  0  0  0  0  0  0  0
   21.6095   21.1190   34.1919 C   0  0  0  0  0  0  0  0  0  0  0  0
   22.1095   20.0190   33.4919 C   0  0  0  0  0  0  0  0  0  0  0  0
   22.1095   20.0190   32.1919 O   0  0  0  0  0  0  0  0  0  0  0  0
   20.9095   22.3190   33.4919 C   0  0  0  0  0  0  0  0  0  0  0  0
   30.3797   14.5023   26.5878 H   0  0  0  0  0  0  0  0  0  0  0  0
   31.8185   15.3221   27.2514 H   0  0  0  0  0  0  0  0  0  0  0  0
   30.1577   16.8478   29.8485 H   0  0  0  0  0  0  0  0  0  0  0  0
   31.7208   16.6027   29.0243 H   0  0  0  0  0  0  0  0  0  0  0  0
   28.1328   17.0201   30.0022 H   0  0  0  0  0  0  0  0  0  0  0  0
   27.9653   17.7973   28.3810 H   0  0  0  0  0  0  0  0  0  0  0  0
   26.3001   16.0646   29.8873 H   0  0  0  0  0  0  0  0  0  0  0  0
   25.9316   17.2777   26.8589 H   0  0  0  0  0  0  0  0  0  0  0  0
   24.6888   16.4154   27.2209 H   0  0  0  0  0  0  0  0  0  0  0  0
   25.4558   19.1073   28.9566 H   0  0  0  0  0  0  0  0  0  0  0  0
   23.2980   17.3767   29.6324 H   0  0  0  0  0  0  0  0  0  0  0  0
   23.1779   16.9311   31.7744 H   0  0  0  0  0  0  0  0  0  0  0  0
   23.3032   18.3110   36.1518 H   0  0  0  0  0  0  0  0  0  0  0  0
   22.3991   20.2756   37.3868 H   0  0  0  0  0  0  0  0  0  0  0  0
   21.3060   22.0982   36.1156 H   0  0  0  0  0  0  0  0  0  0  0  0
   20.5094   23.0049   34.2531 H   0  0  0  0  0  0  0  0  0  0  0  0
   21.6379   22.8528   32.8638 H   0  0  0  0  0  0  0  0  0  0  0  0
   20.0863   21.9477   32.8638 H   0  0  0  0  0  0  0  0  0  0  0  0
  1  2  1  0
  2  3  2  0
  2  4  1  0
  4  5  1  0
  6  7  1  0
  7  8  1  0
  8  6  1  0
  5  6  1  0
  9 10  1  0
 10 11  2  0
  8  9  1  0
 12 13  1  0
 13 14  1  0
 14 15  2  0
 14 16  1  0
 16 17  2  0
 17 18  1  0
 18 19  2  0
 19 20  1  0
 20 21  2  0
 21 22  1  0
 22 12  1  0
 21 16  1  0
 10 12  1  0
 20 23  1  0
  1 24  1  0
  1 25  1  0
  3 26  1  0
  3 27  1  0
  5 28  1  0
  5 29  1  0
  6 30  1  1
  7 31  1  0
  7 32  1  0
  8 33  1  6
  9 34  1  0
 13 35  1  0
 17 36  1  0
 18 37  1  0
 19 38  1  0
 23 39  1  0
 23 40  1  0
 23 41  1  0
M  CHG  1   3   1
M  END
"
2ojg_Lingo3DMolv2_813638,2ojg,"2ojg_Lingo3DMolv2_813638
     RDKit          3D

 31 33  0  0  0  0  0  0  0  0999 V2000
   -9.6716   11.3503   40.7439 O   0  0  0  0  0  0  0  0  0  0  0  0
  -10.0716   12.4503   40.9439 C   0  0  0  0  0  0  0  0  0  0  0  0
   -9.1716   13.4503   41.3439 N   0  0  0  0  0  0  0  0  0  0  0  0
   -9.4716   14.4503   42.0439 C   0  0  0  0  0  0  0  0  0  0  0  0
  -10.7716   14.7503   42.3439 C   0  0  0  0  0  0  0  0  0  0  0  0
  -11.7716   13.9503   41.8439 C   0  0  0  0  0  0  0  0  0  0  0  0
  -13.1716   14.2503   42.0439 C   0  0  0  0  0  0  0  0  0  0  0  0
  -14.1716   13.4503   41.5439 N   0  0  0  0  0  0  0  0  0  0  0  0
  -13.7716   12.3503   40.7439 C   0  0  0  0  0  0  0  0  0  0  0  0
  -12.4716   12.0503   40.5439 C   0  0  0  0  0  0  0  0  0  0  0  0
  -11.4716   12.8503   41.0439 C   0  0  0  0  0  0  0  0  0  0  0  0
  -15.0716   11.3503   40.0439 S   0  0  0  0  0  0  0  0  0  0  0  0
  -16.5716   11.8503   40.9439 C   0  0  0  0  0  0  0  0  0  0  0  0
  -16.7716   12.1503   42.3439 C   0  0  0  0  0  0  0  0  0  0  0  0
  -17.9716   12.5503   42.4439 N   0  0  0  0  0  0  0  0  0  0  0  0
  -18.5716   12.5503   41.3439 N   0  0  0  0  0  0  0  0  0  0  0  0
  -17.6716   12.1503   40.4439 N   0  0  0  0  0  0  0  0  0  0  0  0
  -18.5716   13.0503   43.6439 C   0  0  0  0  0  0  0  0  0  0  0  0
  -13.4716   15.3503   42.7439 O   0  0  0  0  0  0  0  0  0  0  0  0
  -14.8716   15.8503   42.8439 C   0  0  0  0  0  0  0  0  0  0  0  0
  -15.2716   16.1503   41.7439 F   0  0  0  0  0  0  0  0  0  0  0  0
  -14.8716   16.8503   43.5439 F   0  0  0  0  0  0  0  0  0  0  0  0
  -15.6716   14.8503   43.5439 F   0  0  0  0  0  0  0  0  0  0  0  0
   -8.1914   13.3577   41.0411 H   0  0  0  0  0  0  0  0  0  0  0  0
   -8.6692   15.0996   42.4243 H   0  0  0  0  0  0  0  0  0  0  0  0
  -11.0133   15.6180   42.9753 H   0  0  0  0  0  0  0  0  0  0  0  0
  -12.2070   11.1496   39.9706 H   0  0  0  0  0  0  0  0  0  0  0  0
  -16.0352   12.0520   43.1552 H   0  0  0  0  0  0  0  0  0  0  0  0
  -18.0575   12.6219   44.5170 H   0  0  0  0  0  0  0  0  0  0  0  0
  -18.4841   14.1465   43.6684 H   0  0  0  0  0  0  0  0  0  0  0  0
  -19.6341   12.7666   43.6684 H   0  0  0  0  0  0  0  0  0  0  0  0
  1  2  2  0
  2  3  1  0
  3  4  1  0
  4  5  2  0
  5  6  1  0
  6  7  2  0
  7  8  1  0
  8  9  2  0
  9 10  1  0
 10 11  2  0
 11  2  1  0
 11  6  1  0
  9 12  1  0
 13 14  2  0
 14 15  1  0
 15 16  1  0
 16 17  2  0
 17 13  1  0
 12 13  1  0
 15 18  1  0
 19 20  1  0
 20 21  1  0
 20 22  1  0
 20 23  1  0
  7 19  1  0
  3 24  1  0
  4 25  1  0
  5 26  1  0
 10 27  1  0
 14 28  1  0
 18 29  1  0
 18 30  1  0
 18 31  1  0
M  END
"
3kba_Lingo3DMolv2_880434,3kba,"3kba_Lingo3DMolv2_880434
     RDKit          3D

 38 39  0  0  0  0  0  0  0  0999 V2000
   13.8825   16.9853   12.0560 O   0  0  0  0  0  0  0  0  0  0  0  0
   12.4825   16.5853   12.0560 S   0  0  0  0  0  0  0  0  0  0  0  0
   11.3825   18.1853   11.6560 C   0  0  0  0  0  0  0  0  0  0  0  0
   11.8825   15.8853   13.1560 O   0  0  0  0  0  0  0  0  0  0  0  0
   12.1825   15.5853   10.5560 N   0  0  0  0  0  0  0  0  0  0  0  0
   12.9825   14.3853   10.2560 C   0  0  0  0  0  0  0  0  0  0  0  0
   12.7825   14.7853    8.7560 C   0  0  0  0  0  0  0  0  0  0  0  0
   11.8825   15.9853    9.1560 C   0  0  1  0  0  0  0  0  0  0  0  0
   10.3825   15.8853    8.8560 C   0  0  1  0  0  0  0  0  0  0  0  0
   10.0825   15.6853    7.3560 C   0  0  0  0  0  0  0  0  0  0  0  0
    9.5825   15.0853    9.7560 C   0  0  0  0  0  0  0  0  0  0  0  0
    9.7825   13.6853    9.8560 C   0  0  0  0  0  0  0  0  0  0  0  0
    9.0825   12.9853   10.7560 C   0  0  0  0  0  0  0  0  0  0  0  0
    8.0825   13.5853   11.5560 C   0  0  0  0  0  0  0  0  0  0  0  0
    7.7825   14.9853   11.4560 C   0  0  0  0  0  0  0  0  0  0  0  0
    8.5825   15.6853   10.5560 C   0  0  0  0  0  0  0  0  0  0  0  0
    6.6825   15.6853   12.2560 C   0  0  0  0  0  0  0  0  0  0  0  0
   13.8825   14.7853    8.0560 O   0  0  0  0  0  0  0  0  0  0  0  0
   11.8825   13.7853    8.0560 O   0  0  0  0  0  0  0  0  0  0  0  0
   11.0605   18.6537   12.5977 H   0  0  0  0  0  0  0  0  0  0  0  0
   11.9784   18.9038   11.0741 H   0  0  0  0  0  0  0  0  0  0  0  0
   10.4982   17.8862   11.0741 H   0  0  0  0  0  0  0  0  0  0  0  0
   14.0225   14.4158   10.6130 H   0  0  0  0  0  0  0  0  0  0  0  0
   12.7330   13.3878   10.6467 H   0  0  0  0  0  0  0  0  0  0  0  0
   12.0592   16.9787    8.7178 H   0  0  0  0  0  0  0  0  0  0  0  0
   10.0078   16.8888    9.1062 H   0  0  0  0  0  0  0  0  0  0  0  0
    9.1722   15.0784    7.2418 H   0  0  0  0  0  0  0  0  0  0  0  0
    9.9325   16.6647    6.8783 H   0  0  0  0  0  0  0  0  0  0  0  0
   10.9289   15.1701    6.8783 H   0  0  0  0  0  0  0  0  0  0  0  0
   10.5062   13.1795    9.1999 H   0  0  0  0  0  0  0  0  0  0  0  0
    9.2908   11.9120   10.8772 H   0  0  0  0  0  0  0  0  0  0  0  0
    7.5220   12.9651   12.2709 H   0  0  0  0  0  0  0  0  0  0  0  0
    8.4271   16.7702   10.4618 H   0  0  0  0  0  0  0  0  0  0  0  0
    6.8764   15.5619   13.3317 H   0  0  0  0  0  0  0  0  0  0  0  0
    6.6722   16.7564   12.0057 H   0  0  0  0  0  0  0  0  0  0  0  0
    5.7078   15.2409   12.0057 H   0  0  0  0  0  0  0  0  0  0  0  0
   14.1609   13.8519    7.8788 H   0  0  0  0  0  0  0  0  0  0  0  0
   11.3984   13.2475    8.7317 H   0  0  0  0  0  0  0  0  0  0  0  0
  1  2  2  0
  2  3  1  0
  2  4  2  0
  5  6  1  0
  6  7  1  0
  7  8  1  0
  8  5  1  0
  2  5  1  0
  9 10  1  0
  8  9  1  0
 11 12  2  0
 12 13  1  0
 13 14  2  0
 14 15  1  0
 15 16  2  0
 16 11  1  0
  9 11  1  0
 15 17  1  0
  7 18  1  0
  7 19  1  0
  3 20  1  0
  3 21  1  0
  3 22  1  0
  6 23  1  0
  6 24  1  0
  8 25  1  1
  9 26  1  1
 10 27  1  0
 10 28  1  0
 10 29  1  0
 12 30  1  0
 13 31  1  0
 14 32  1  0
 16 33  1  0
 17 34  1  0
 17 35  1  0
 17 36  1  0
 18 37  1  0
 19 38  1  0
M  END
"
2i0e_Lingo3DMolv2_1334817,2i0e,"2i0e_Lingo3DMolv2_1334817
     RDKit          3D

 61 64  0  0  0  0  0  0  0  0999 V2000
    6.1523   37.2503    2.3975 N   0  0  0  0  0  0  0  0  0  0  0  0
    4.9523   37.5503    1.9975 C   0  0  0  0  0  0  0  0  0  0  0  0
    4.4523   38.7503    1.4975 C   0  0  0  0  0  0  0  0  0  0  0  0
    3.0523   38.4503    1.0975 C   0  0  0  0  0  0  0  0  0  0  0  0
    1.9523   39.2503    0.4975 C   0  0  0  0  0  0  0  0  0  0  0  0
    0.7523   38.5503    0.0975 C   0  0  0  0  0  0  0  0  0  0  0  0
    0.6523   37.1503    0.1975 C   0  0  0  0  0  0  0  0  0  0  0  0
    1.7523   36.4503    0.6975 N   0  0  0  0  0  4  0  0  0  0  0  0
    2.9523   37.0503    1.0975 C   0  0  0  0  0  0  0  0  0  0  0  0
    4.0523   36.5503    1.5975 N   0  0  0  0  0  0  0  0  0  0  0  0
    2.0523   40.6503    0.2975 N   0  0  0  0  0  0  0  0  0  0  0  0
    3.0523   41.1503   -0.8025 C   0  0  0  0  0  0  0  0  0  0  0  0
    3.3523   42.6503   -0.7025 C   0  0  0  0  0  0  0  0  0  0  0  0
    2.1523   43.4503   -0.7025 O   0  0  0  0  0  0  0  0  0  0  0  0
    1.2523   43.0503    0.3975 C   0  0  1  0  0  0  0  0  0  0  0  0
    0.8523   41.5503    0.1975 C   0  0  0  0  0  0  0  0  0  0  0  0
    1.8523   43.3503    1.6975 C   0  0  0  0  0  0  0  0  0  0  0  0
    2.0523   44.8503    1.8975 N   0  0  0  0  0  4  0  0  0  0  0  0
    2.6523   45.3503    3.2975 C   0  0  1  0  0  0  0  0  0  0  0  0
    1.7523   45.0503    4.3975 C   0  0  0  0  0  0  0  0  0  0  0  0
    4.0523   44.8503    3.3975 C   0  0  0  0  0  0  0  0  0  0  0  0
    4.1523   43.5503    3.4975 O   0  0  0  0  0  0  0  0  0  0  0  0
    5.1523   40.0503    1.3975 C   0  0  0  0  0  0  0  0  0  0  0  0
    5.0523   40.8503    0.4975 O   0  0  0  0  0  0  0  0  0  0  0  0
    5.9523   40.2503    2.4975 N   0  0  0  0  0  0  0  0  0  0  0  0
    6.7523   41.3503    2.7975 C   0  0  0  0  0  0  0  0  0  0  0  0
    7.9523   41.1503    3.2975 C   0  0  0  0  0  0  0  0  0  0  0  0
    8.8523   42.2503    3.5975 C   0  0  0  0  0  0  0  0  0  0  0  0
    8.3523   43.5503    3.3975 C   0  0  0  0  0  0  0  0  0  0  0  0
    7.1523   43.7503    2.7975 C   0  0  0  0  0  0  0  0  0  0  0  0
    6.2523   42.6503    2.4975 C   0  0  0  0  0  0  0  0  0  0  0  0
    6.3577   36.3023    2.7440 H   0  0  0  0  0  0  0  0  0  0  0  0
    6.8976   37.9606    2.3679 H   0  0  0  0  0  0  0  0  0  0  0  0
   -0.1008   39.1243   -0.2934 H   0  0  0  0  0  0  0  0  0  0  0  0
   -0.2637   36.6237   -0.1086 H   0  0  0  0  0  0  0  0  0  0  0  0
    1.6758   35.4262    0.7771 H   0  0  0  0  0  0  0  0  0  0  0  0
    4.2366   35.5409    1.6872 H   0  0  0  0  0  0  0  0  0  0  0  0
    3.9965   40.5962   -0.6957 H   0  0  0  0  0  0  0  0  0  0  0  0
    2.5806   40.9737   -1.7805 H   0  0  0  0  0  0  0  0  0  0  0  0
    3.9033   42.8393    0.2306 H   0  0  0  0  0  0  0  0  0  0  0  0
    3.9455   42.9340   -1.5843 H   0  0  0  0  0  0  0  0  0  0  0  0
    0.3222   43.6373    0.3782 H   0  0  0  0  0  0  0  0  0  0  0  0
    0.1251   41.2663    0.9724 H   0  0  0  0  0  0  0  0  0  0  0  0
    0.4142   41.4370   -0.8052 H   0  0  0  0  0  0  0  0  0  0  0  0
    2.8293   42.8491    1.7628 H   0  0  0  0  0  0  0  0  0  0  0  0
    1.1693   42.9892    2.4805 H   0  0  0  0  0  0  0  0  0  0  0  0
    2.6905   45.1754    1.1573 H   0  0  0  0  0  0  0  0  0  0  0  0
    1.1001   45.2422    1.8714 H   0  0  0  0  0  0  0  0  0  0  0  0
    2.7219   46.4463    3.3602 H   0  0  0  0  0  0  0  0  0  0  0  0
    2.2701   45.2229    5.3525 H   0  0  0  0  0  0  0  0  0  0  0  0
    0.8685   45.7024    4.3365 H   0  0  0  0  0  0  0  0  0  0  0  0
    1.4366   43.9983    4.3365 H   0  0  0  0  0  0  0  0  0  0  0  0
    4.5976   45.1698    2.4972 H   0  0  0  0  0  0  0  0  0  0  0  0
    4.4724   45.2713    4.3228 H   0  0  0  0  0  0  0  0  0  0  0  0
    4.1720   43.2934    4.4534 H   0  0  0  0  0  0  0  0  0  0  0  0
    5.9612   39.4876    3.1897 H   0  0  0  0  0  0  0  0  0  0  0  0
    8.2839   40.1201    3.4942 H   0  0  0  0  0  0  0  0  0  0  0  0
    9.8749   42.0755    3.9632 H   0  0  0  0  0  0  0  0  0  0  0  0
    8.9425   44.4161    3.7322 H   0  0  0  0  0  0  0  0  0  0  0  0
    6.8522   44.7744    2.5306 H   0  0  0  0  0  0  0  0  0  0  0  0
    5.2524   42.8101    2.0678 H   0  0  0  0  0  0  0  0  0  0  0  0
  2  3  2  0
  3  4  1  0
  4  5  2  0
  5  6  1  0
  6  7  2  0
  7  8  1  0
  8  9  2  0
  9 10  1  0
 10  2  1  0
  9  4  1  0
  1  2  1  0
 11 12  1  0
 12 13  1  0
 13 14  1  0
 14 15  1  0
 15 16  1  0
 16 11  1  0
  5 11  1  0
 17 18  1  0
 18 19  1  0
 19 20  1  0
 19 21  1  0
 21 22  1  0
 15 17  1  0
 23 24  2  0
 23 25  1  0
  3 23  1  0
 26 27  2  0
 27 28  1  0
 28 29  2  0
 29 30  1  0
 30 31  2  0
 31 26  1  0
 25 26  1  0
  1 32  1  0
  1 33  1  0
  6 34  1  0
  7 35  1  0
  8 36  1  0
 10 37  1  0
 12 38  1  0
 12 39  1  0
 13 40  1  0
 13 41  1  0
 15 42  1  6
 16 43  1  0
 16 44  1  0
 17 45  1  0
 17 46  1  0
 18 47  1  0
 18 48  1  0
 19 49  1  6
 20 50  1  0
 20 51  1  0
 20 52  1  0
 21 53  1  0
 21 54  1  0
 22 55  1  0
 25 56  1  0
 27 57  1  0
 28 58  1  0
 29 59  1  0
 30 60  1  0
 31 61  1  0
M  CHG  2   8   1  18   1
M  END
"
2p2i_Lingo3DMolv2_806211,2p2i,"2p2i_Lingo3DMolv2_806211
     RDKit          3D

 44 46  0  0  0  0  0  0  0  0999 V2000
   23.1512    4.4387   29.1559 N   0  0  0  0  0  0  0  0  0  0  0  0
   23.8512    4.3387   27.9559 C   0  0  0  0  0  0  0  0  0  0  0  0
   25.0512    4.2387   27.8559 O   0  0  0  0  0  0  0  0  0  0  0  0
   22.9512    4.3387   26.9559 N   0  0  0  0  0  0  0  0  0  0  0  0
   23.2512    4.2387   25.6559 C   0  0  0  0  0  0  0  0  0  0  0  0
   22.4512    4.3387   24.5559 C   0  0  0  0  0  0  0  0  0  0  0  0
   23.2512    4.1387   23.4559 C   0  0  0  0  0  0  0  0  0  0  0  0
   24.5512    3.9387   23.8559 C   0  0  0  0  0  0  0  0  0  0  0  0
   24.5512    3.9387   25.2559 O   0  0  0  0  0  0  0  0  0  0  0  0
   25.6512    3.7387   23.2559 O   0  0  0  0  0  0  0  0  0  0  0  0
   26.5512    4.7387   23.0559 C   0  0  0  0  0  0  0  0  0  0  0  0
   26.7512    5.8387   23.8559 C   0  0  0  0  0  0  0  0  0  0  0  0
   27.6512    6.8387   23.4559 C   0  0  0  0  0  0  0  0  0  0  0  0
   28.3512    6.7387   22.2559 N   0  0  0  0  0  0  0  0  0  0  0  0
   28.2512    5.6387   21.5559 C   0  0  0  0  0  0  0  0  0  0  0  0
   27.3512    4.5387   21.8559 C   0  0  0  0  0  0  0  0  0  0  0  0
   23.6512    4.4387   30.4559 C   0  0  0  0  0  0  0  0  0  0  0  0
   25.0512    4.7387   30.7559 C   0  0  0  0  0  0  0  0  0  0  0  0
   25.4512    4.7387   32.0559 C   0  0  0  0  0  0  0  0  0  0  0  0
   24.5512    4.4387   33.1559 C   0  0  0  0  0  0  0  0  0  0  0  0
   23.2512    4.1387   32.8559 C   0  0  0  0  0  0  0  0  0  0  0  0
   22.8512    4.1387   31.5559 C   0  0  0  0  0  0  0  0  0  0  0  0
   22.2512    3.8387   33.9559 C   0  0  0  0  0  0  0  0  0  0  0  0
   22.7512    3.8387   35.4559 C   0  0  0  0  0  0  0  0  0  0  0  0
   22.9512    5.2387   36.0559 C   0  0  0  0  0  0  0  0  0  0  0  0
   22.1282    4.5240   29.0707 H   0  0  0  0  0  0  0  0  0  0  0  0
   21.9565    4.4220   27.2102 H   0  0  0  0  0  0  0  0  0  0  0  0
   21.3700    4.5412   24.5500 H   0  0  0  0  0  0  0  0  0  0  0  0
   22.9033    4.1387   22.4124 H   0  0  0  0  0  0  0  0  0  0  0  0
   26.2072    5.9349   24.8072 H   0  0  0  0  0  0  0  0  0  0  0  0
   27.8063    7.7162   24.1010 H   0  0  0  0  0  0  0  0  0  0  0  0
   28.8983    5.5388   20.6721 H   0  0  0  0  0  0  0  0  0  0  0  0
   27.2803    3.6354   21.2323 H   0  0  0  0  0  0  0  0  0  0  0  0
   25.7645    4.9594   29.9482 H   0  0  0  0  0  0  0  0  0  0  0  0
   26.5008    4.9760   32.2840 H   0  0  0  0  0  0  0  0  0  0  0  0
   24.9043    4.4525   34.1976 H   0  0  0  0  0  0  0  0  0  0  0  0
   21.8014    3.8784   31.3553 H   0  0  0  0  0  0  0  0  0  0  0  0
   21.8359    2.8406   33.7529 H   0  0  0  0  0  0  0  0  0  0  0  0
   21.5429    4.6791   33.9100 H   0  0  0  0  0  0  0  0  0  0  0  0
   22.0080    3.3052   36.0667 H   0  0  0  0  0  0  0  0  0  0  0  0
   23.7371    3.3510   35.4592 H   0  0  0  0  0  0  0  0  0  0  0  0
   22.9416    5.1719   37.1539 H   0  0  0  0  0  0  0  0  0  0  0  0
   23.9167    5.6464   35.7218 H   0  0  0  0  0  0  0  0  0  0  0  0
   22.1384    5.9004   35.7218 H   0  0  0  0  0  0  0  0  0  0  0  0
  1  2  1  0
  2  3  2  0
  2  4  1  0
  5  6  2  0
  6  7  1  0
  7  8  2  0
  8  9  1  0
  9  5  1  0
  4  5  1  0
  8 10  1  0
 11 12  2  0
 12 13  1  0
 13 14  2  0
 14 15  1  0
 15 16  2  0
 16 11  1  0
 10 11  1  0
 17 18  2  0
 18 19  1  0
 19 20  2  0
 20 21  1  0
 21 22  2  0
 22 17  1  0
  1 17  1  0
 23 24  1  0
 24 25  1  0
 21 23  1  0
  1 26  1  0
  4 27  1  0
  6 28  1  0
  7 29  1  0
 12 30  1  0
 13 31  1  0
 15 32  1  0
 16 33  1  0
 18 34  1  0
 19 35  1  0
 20 36  1  0
 22 37  1  0
 23 38  1  0
 23 39  1  0
 24 40  1  0
 24 41  1  0
 25 42  1  0
 25 43  1  0
 25 44  1  0
M  END
"
2hv5_Lingo3DMolv2_1092047,2hv5,"2hv5_Lingo3DMolv2_1092047
     RDKit          3D

 34 36  0  0  0  0  0  0  0  0999 V2000
   14.5796   -3.1192    8.9517 F   0  0  0  0  0  0  0  0  0  0  0  0
   15.5796   -3.6192    9.6517 C   0  0  0  0  0  0  0  0  0  0  0  0
   15.2796   -4.6192   10.6517 C   0  0  0  0  0  0  0  0  0  0  0  0
   16.2796   -5.2192   11.3517 C   0  0  0  0  0  0  0  0  0  0  0  0
   17.5796   -4.8192   11.1517 C   0  0  0  0  0  0  0  0  0  0  0  0
   17.8796   -3.8192   10.2517 C   0  0  0  0  0  0  0  0  0  0  0  0
   16.8796   -3.2192    9.4517 C   0  0  0  0  0  0  0  0  0  0  0  0
   17.1796   -2.2192    8.6517 F   0  0  0  0  0  0  0  0  0  0  0  0
   15.8796   -6.2192   12.2517 O   0  0  0  0  0  0  0  0  0  0  0  0
   16.7796   -6.8192   13.0517 C   0  0  0  0  0  0  0  0  0  0  0  0
   18.1796   -7.0192   12.7517 C   0  0  0  0  0  0  0  0  0  0  0  0
   18.9796   -7.6192   13.5517 N   0  0  0  0  0  0  0  0  0  0  0  0
   18.5796   -8.1192   14.7517 N   0  0  0  0  0  0  0  0  0  0  0  0
   17.2796   -8.0192   15.1517 C   0  0  0  0  0  0  0  0  0  0  0  0
   16.3796   -7.3192   14.3517 C   0  0  0  0  0  0  0  0  0  0  0  0
   16.8796   -8.6192   16.4517 C   0  0  2  0  0  0  0  0  0  0  0  0
   15.7796  -10.1192   16.1517 S   0  0  0  0  0  0  0  0  0  0  0  0
   15.0796  -10.5192   17.7517 C   0  0  0  0  0  0  0  0  0  0  0  0
   14.1796   -9.5192   18.3517 O   0  0  0  0  0  0  0  0  0  0  0  0
   14.3796   -8.1192   17.9517 C   0  0  0  0  0  0  0  0  0  0  0  0
   15.7796   -7.5192   18.0517 C   0  0  0  0  0  0  0  0  0  0  0  0
   16.0796   -6.3192   18.6517 C   0  0  0  0  0  0  0  0  0  0  0  0
   14.2336   -4.8972   10.8482 H   0  0  0  0  0  0  0  0  0  0  0  0
   18.3901   -5.3029   11.7167 H   0  0  0  0  0  0  0  0  0  0  0  0
   18.9213   -3.4798   10.1534 H   0  0  0  0  0  0  0  0  0  0  0  0
   18.5738   -6.6404   11.7972 H   0  0  0  0  0  0  0  0  0  0  0  0
   15.3546   -7.1441   14.7104 H   0  0  0  0  0  0  0  0  0  0  0  0
   17.8969   -8.7456   16.8506 H   0  0  0  0  0  0  0  0  0  0  0  0
   14.5116  -11.4547   17.6420 H   0  0  0  0  0  0  0  0  0  0  0  0
   15.9394  -10.5794   18.4352 H   0  0  0  0  0  0  0  0  0  0  0  0
   14.0661   -8.0352   16.9007 H   0  0  0  0  0  0  0  0  0  0  0  0
   13.7916   -7.5465   18.6840 H   0  0  0  0  0  0  0  0  0  0  0  0
   17.1198   -5.9623   18.6780 H   0  0  0  0  0  0  0  0  0  0  0  0
   15.2795   -5.7159   19.1055 H   0  0  0  0  0  0  0  0  0  0  0  0
  2  3  2  0
  3  4  1  0
  4  5  2  0
  5  6  1  0
  6  7  2  0
  7  2  1  0
  1  2  1  0
  7  8  1  0
  4  9  1  0
 10 11  2  0
 11 12  1  0
 12 13  2  0
 13 14  1  0
 14 15  2  0
 15 10  1  0
  9 10  1  0
 16 17  1  0
 17 18  1  0
 18 19  1  0
 19 20  1  0
 20 21  1  0
 21 22  2  0
 21 16  1  0
 14 16  1  0
  3 23  1  0
  5 24  1  0
  6 25  1  0
 11 26  1  0
 15 27  1  0
 16 28  1  1
 18 29  1  0
 18 30  1  0
 20 31  1  0
 20 32  1  0
 22 33  1  0
 22 34  1  0
M  END
"
2ojg_Lingo3DMolv2_954743,2ojg,"2ojg_Lingo3DMolv2_954743
     RDKit          3D

 41 43  0  0  0  0  0  0  0  0999 V2000
  -17.1716   13.5503   42.0439 N   0  0  0  0  0  0  0  0  0  0  0  0
  -17.5716   12.4503   41.5439 C   0  0  0  0  0  0  0  0  0  0  0  0
  -18.7716   12.0503   41.4439 O   0  0  0  0  0  0  0  0  0  0  0  0
  -16.5716   11.8503   40.9439 N   0  0  0  0  0  0  0  0  0  0  0  0
  -15.2716   12.6503   41.0439 C   0  0  1  0  0  0  0  0  0  0  0  0
  -14.2716   11.9503   41.7439 C   0  0  0  0  0  0  0  0  0  0  0  0
  -12.8716   12.6503   41.8439 C   0  0  0  0  0  0  0  0  0  0  0  0
  -12.1716   12.7503   40.4439 N   0  0  1  0  0  4  0  0  0  0  0  0
  -13.0716   13.0503   39.3439 C   0  0  0  0  0  0  0  0  0  0  0  0
  -14.1716   11.9503   39.0439 C   0  0  0  0  0  0  0  0  0  0  0  0
  -15.2716   11.9503   39.8439 O   0  0  0  0  0  0  0  0  0  0  0  0
  -15.8716   13.9503   41.8439 C   0  0  2  0  0  0  0  0  0  0  0  0
  -14.9716   14.5503   42.7439 C   0  0  0  0  0  0  0  0  0  0  0  0
  -15.5716   15.9503   43.0439 C   0  0  0  0  0  0  0  0  0  0  0  0
  -15.8716   16.4503   41.6439 C   0  0  0  0  0  0  0  0  0  0  0  0
  -15.9716   15.1503   40.8439 O   0  0  0  0  0  0  0  0  0  0  0  0
  -10.8716   13.5503   40.5439 C   0  0  0  0  0  0  0  0  0  0  0  0
   -9.7716   12.8503   41.2439 C   0  0  0  0  0  0  0  0  0  0  0  0
   -8.6716   13.5503   41.2439 O   0  0  0  0  0  0  0  0  0  0  0  0
  -17.8164   14.1358   42.5937 H   0  0  0  0  0  0  0  0  0  0  0  0
  -16.6523   10.9442   40.4608 H   0  0  0  0  0  0  0  0  0  0  0  0
  -14.6355   11.7816   42.7682 H   0  0  0  0  0  0  0  0  0  0  0  0
  -14.0984   11.0309   41.1653 H   0  0  0  0  0  0  0  0  0  0  0  0
  -13.0081   13.6645   42.2475 H   0  0  0  0  0  0  0  0  0  0  0  0
  -12.2324   12.0459   42.5044 H   0  0  0  0  0  0  0  0  0  0  0  0
  -11.8659   11.8085   40.1600 H   0  0  0  0  0  0  0  0  0  0  0  0
  -13.5891   13.9926   39.5767 H   0  0  0  0  0  0  0  0  0  0  0  0
  -12.4418   13.1014   38.4435 H   0  0  0  0  0  0  0  0  0  0  0  0
  -14.5130   12.0946   38.0083 H   0  0  0  0  0  0  0  0  0  0  0  0
  -13.6759   10.9871   39.2353 H   0  0  0  0  0  0  0  0  0  0  0  0
  -14.8955   13.9570   43.6671 H   0  0  0  0  0  0  0  0  0  0  0  0
  -13.9559   14.6182   42.3270 H   0  0  0  0  0  0  0  0  0  0  0  0
  -16.4868   15.8750   43.6495 H   0  0  0  0  0  0  0  0  0  0  0  0
  -14.9101   16.6090   43.6258 H   0  0  0  0  0  0  0  0  0  0  0  0
  -16.8189   17.0087   41.6155 H   0  0  0  0  0  0  0  0  0  0  0  0
  -15.1150   17.1479   41.2553 H   0  0  0  0  0  0  0  0  0  0  0  0
  -11.0838   14.4841   41.0852 H   0  0  0  0  0  0  0  0  0  0  0  0
  -10.5283   13.7189   39.5126 H   0  0  0  0  0  0  0  0  0  0  0  0
  -10.0743   12.6638   42.2849 H   0  0  0  0  0  0  0  0  0  0  0  0
   -9.5753   11.9072   40.7128 H   0  0  0  0  0  0  0  0  0  0  0  0
   -8.3931   13.7275   42.1773 H   0  0  0  0  0  0  0  0  0  0  0  0
  1  2  1  0
  2  3  2  0
  2  4  1  0
  4  5  1  0
  5  6  1  0
  6  7  1  0
  7  8  1  0
  8  9  1  0
  9 10  1  0
 10 11  1  0
  5 12  1  0
 12 13  1  0
 13 14  1  0
 14 15  1  0
 15 16  1  0
 12  1  1  0
  5 11  1  6
 12 16  1  6
 17 18  1  0
 18 19  1  0
  8 17  1  0
  1 20  1  0
  4 21  1  0
  6 22  1  0
  6 23  1  0
  7 24  1  0
  7 25  1  0
  8 26  1  6
  9 27  1  0
  9 28  1  0
 10 29  1  0
 10 30  1  0
 13 31  1  0
 13 32  1  0
 14 33  1  0
 14 34  1  0
 15 35  1  0
 15 36  1  0
 17 37  1  0
 17 38  1  0
 18 39  1  0
 18 40  1  0
 19 41  1  0
M  CHG  1   8   1
M  END
"
3frj_Lingo3DMolv2_16821,3frj,"3frj_Lingo3DMolv2_16821
     RDKit          3D

 52 55  0  0  0  0  0  0  0  0999 V2000
   52.8835   19.3713   41.4276 O   0  0  0  0  0  0  0  0  0  0  0  0
   52.5835   19.8713   40.3276 C   0  0  0  0  0  0  0  0  0  0  0  0
   52.2835   19.1713   39.3276 O   0  0  0  0  0  1  0  0  0  0  0  0
   52.5835   21.3713   40.2276 C   0  0  1  0  0  0  0  0  0  0  0  0
   51.2835   21.8713   39.5276 C   0  0  0  0  0  0  0  0  0  0  0  0
   51.2835   23.2713   39.4276 O   0  0  0  0  0  0  0  0  0  0  0  0
   51.1835   23.9713   40.7276 C   0  0  1  0  0  0  0  0  0  0  0  0
   52.4835   23.6713   41.5276 C   0  0  1  0  0  0  0  0  0  0  0  0
   52.7835   21.8713   41.8276 S   0  0  0  0  0  0  0  0  0  0  0  0
   53.7835   24.3713   40.9276 C   0  0  0  0  0  0  0  0  0  0  0  0
   50.9835   25.4713   40.5276 C   0  0  0  0  0  0  0  0  0  0  0  0
   50.3835   26.2713   41.5276 C   0  0  0  0  0  0  0  0  0  0  0  0
   50.1835   27.5713   41.3276 C   0  0  0  0  0  0  0  0  0  0  0  0
   50.5835   28.2713   40.1276 C   0  0  0  0  0  0  0  0  0  0  0  0
   51.1835   27.5713   39.1276 C   0  0  0  0  0  0  0  0  0  0  0  0
   51.3835   26.1713   39.3276 C   0  0  0  0  0  0  0  0  0  0  0  0
   51.9835   25.4713   38.3276 F   0  0  0  0  0  0  0  0  0  0  0  0
   53.8835   21.6713   39.5276 C   0  0  0  0  0  0  0  0  0  0  0  0
   55.1835   21.5713   40.2276 C   0  0  0  0  0  0  0  0  0  0  0  0
   56.2835   21.8713   39.5276 C   0  0  0  0  0  0  0  0  0  0  0  0
   56.2835   22.2713   38.2276 C   0  0  0  0  0  0  0  0  0  0  0  0
   55.0835   22.3713   37.5276 C   0  0  0  0  0  0  0  0  0  0  0  0
   53.8835   22.0713   38.1276 C   0  0  0  0  0  0  0  0  0  0  0  0
   57.5835   22.5713   37.5276 C   0  0  0  0  0  0  0  0  0  0  0  0
   58.0835   23.7713   37.3276 C   0  0  0  0  0  0  0  0  0  0  0  0
   59.2835   23.6713   36.6276 N   0  0  0  0  0  0  0  0  0  0  0  0
   59.5835   22.3713   36.4276 N   0  0  0  0  0  0  0  0  0  0  0  0
   58.4835   21.6713   36.9276 C   0  0  0  0  0  0  0  0  0  0  0  0
   58.4835   20.1713   36.7276 C   0  0  0  0  0  0  0  0  0  0  0  0
   60.1835   24.6713   36.1276 C   0  0  0  0  0  0  0  0  0  0  0  0
   51.2262   21.4368   38.5187 H   0  0  0  0  0  0  0  0  0  0  0  0
   50.4155   21.5586   40.1265 H   0  0  0  0  0  0  0  0  0  0  0  0
   50.3083   23.6122   41.2889 H   0  0  0  0  0  0  0  0  0  0  0  0
   52.2920   24.1308   42.5085 H   0  0  0  0  0  0  0  0  0  0  0  0
   54.4264   24.7175   41.7504 H   0  0  0  0  0  0  0  0  0  0  0  0
   54.3366   23.6490   40.3092 H   0  0  0  0  0  0  0  0  0  0  0  0
   53.4849   25.2306   40.3092 H   0  0  0  0  0  0  0  0  0  0  0  0
   50.0791   25.8140   42.4806 H   0  0  0  0  0  0  0  0  0  0  0  0
   49.6849   28.1469   42.1213 H   0  0  0  0  0  0  0  0  0  0  0  0
   50.4056   29.3520   40.0250 H   0  0  0  0  0  0  0  0  0  0  0  0
   51.5032   28.0656   38.1984 H   0  0  0  0  0  0  0  0  0  0  0  0
   55.2431   21.2626   41.2817 H   0  0  0  0  0  0  0  0  0  0  0  0
   57.2543   21.7889   40.0383 H   0  0  0  0  0  0  0  0  0  0  0  0
   55.0962   22.6959   36.4767 H   0  0  0  0  0  0  0  0  0  0  0  0
   52.9424   22.1323   37.5614 H   0  0  0  0  0  0  0  0  0  0  0  0
   57.6232   24.7125   37.6628 H   0  0  0  0  0  0  0  0  0  0  0  0
   59.5206   19.8079   36.6791 H   0  0  0  0  0  0  0  0  0  0  0  0
   57.9650   19.6892   37.5694 H   0  0  0  0  0  0  0  0  0  0  0  0
   57.9650   19.9266   35.7889 H   0  0  0  0  0  0  0  0  0  0  0  0
   60.6552   25.1953   36.9720 H   0  0  0  0  0  0  0  0  0  0  0  0
   60.9602   24.1917   35.5138 H   0  0  0  0  0  0  0  0  0  0  0  0
   59.6250   25.3934   35.5138 H   0  0  0  0  0  0  0  0  0  0  0  0
  1  2  2  0
  2  3  1  0
  4  5  1  0
  5  6  1  0
  6  7  1  0
  7  8  1  0
  8  9  1  0
  9  4  1  0
  4  2  1  1
  8 10  1  0
 11 12  2  0
 12 13  1  0
 13 14  2  0
 14 15  1  0
 15 16  2  0
 16 11  1  0
  7 11  1  0
 16 17  1  0
 18 19  2  0
 19 20  1  0
 20 21  2  0
 21 22  1  0
 22 23  2  0
 23 18  1  0
  4 18  1  0
 24 25  2  0
 25 26  1  0
 26 27  1  0
 27 28  2  0
 28 24  1  0
 21 24  1  0
 28 29  1  0
 26 30  1  0
  5 31  1  0
  5 32  1  0
  7 33  1  1
  8 34  1  1
 10 35  1  0
 10 36  1  0
 10 37  1  0
 12 38  1  0
 13 39  1  0
 14 40  1  0
 15 41  1  0
 19 42  1  0
 20 43  1  0
 22 44  1  0
 23 45  1  0
 25 46  1  0
 29 47  1  0
 29 48  1  0
 29 49  1  0
 30 50  1  0
 30 51  1  0
 30 52  1  0
M  CHG  1   3  -1
M  END
"
2h7l_Lingo3DMolv2_541340,2h7l,"2h7l_Lingo3DMolv2_541340
     RDKit          3D

 46 48  0  0  0  0  0  0  0  0999 V2000
    9.3997   33.7730   56.9505 O   0  0  0  0  0  0  0  0  0  0  0  0
    8.2997   34.4730   57.6505 S   0  0  0  0  0  0  0  0  0  0  0  0
    7.8997   35.8730   57.1505 O   0  0  0  0  0  0  0  0  0  0  0  0
    6.8997   33.5730   57.4505 N   0  0  0  0  0  0  0  0  0  0  0  0
    6.8997   32.1730   57.6505 C   0  0  0  0  0  0  0  0  0  0  0  0
    5.7997   34.1730   58.0505 O   0  0  0  0  0  0  0  0  0  0  0  0
    5.1997   35.1730   57.2505 C   0  0  0  0  0  0  0  0  0  0  0  0
    6.0997   31.6730   58.9505 C   0  0  0  0  0  0  0  0  0  0  0  0
    4.7997   31.0730   58.7505 C   0  0  0  0  0  0  0  0  0  0  0  0
    4.0997   30.6730   59.8505 C   0  0  0  0  0  0  0  0  0  0  0  0
    4.5997   30.8730   61.1505 C   0  0  0  0  0  0  0  0  0  0  0  0
    5.7997   31.4730   61.3505 C   0  0  0  0  0  0  0  0  0  0  0  0
    6.5997   31.8730   60.2505 C   0  0  0  0  0  0  0  0  0  0  0  0
    7.8997   32.4730   60.5505 C   0  0  0  0  0  0  0  0  0  0  0  0
    8.1997   33.6730   60.0505 C   0  0  0  0  0  0  0  0  0  0  0  0
    9.3997   34.2730   60.3505 C   0  0  0  0  0  0  0  0  0  0  0  0
   10.2997   33.6730   61.2505 C   0  0  0  0  0  0  0  0  0  0  0  0
    9.9997   32.4730   61.7505 C   0  0  0  0  0  0  0  0  0  0  0  0
    8.7997   31.8730   61.4505 C   0  0  0  0  0  0  0  0  0  0  0  0
   11.7997   34.4730   61.6505 S   0  0  0  0  0  0  0  0  0  0  0  0
   12.6997   33.4730   62.8505 C   0  0  0  0  0  0  0  0  0  0  0  0
    9.7997   35.8730   59.6505 Cl  0  0  0  0  0  0  0  0  0  0  0  0
    4.1997   31.0730   57.5505 O   0  0  0  0  0  0  0  0  0  0  0  0
    8.9997   35.9730   58.4505 C   0  0  0  0  0  0  0  0  0  0  0  0
    8.0997   36.9730   59.2505 C   0  0  0  0  0  0  0  0  0  0  0  0
    8.6997   37.3730   57.9505 C   0  0  0  0  0  0  0  0  0  0  0  0
    6.4437   31.7021   56.7672 H   0  0  0  0  0  0  0  0  0  0  0  0
    7.9498   31.8847   57.8060 H   0  0  0  0  0  0  0  0  0  0  0  0
    4.7423   35.9354   57.8983 H   0  0  0  0  0  0  0  0  0  0  0  0
    5.9652   35.6429   56.6155 H   0  0  0  0  0  0  0  0  0  0  0  0
    4.4249   34.7187   56.6155 H   0  0  0  0  0  0  0  0  0  0  0  0
    3.1234   30.1836   59.7187 H   0  0  0  0  0  0  0  0  0  0  0  0
    4.0094   30.5383   62.0163 H   0  0  0  0  0  0  0  0  0  0  0  0
    6.1555   31.6510   62.3761 H   0  0  0  0  0  0  0  0  0  0  0  0
    7.4818   34.1860   59.3936 H   0  0  0  0  0  0  0  0  0  0  0  0
   10.7176   31.9601   62.4074 H   0  0  0  0  0  0  0  0  0  0  0  0
    8.5400   30.9125   61.9196 H   0  0  0  0  0  0  0  0  0  0  0  0
   12.4209   33.7828   63.8685 H   0  0  0  0  0  0  0  0  0  0  0  0
   12.4460   32.4123   62.7076 H   0  0  0  0  0  0  0  0  0  0  0  0
   13.7812   33.6139   62.7076 H   0  0  0  0  0  0  0  0  0  0  0  0
    3.3089   30.6547   57.4425 H   0  0  0  0  0  0  0  0  0  0  0  0
    9.9079   35.3856   58.6503 H   0  0  0  0  0  0  0  0  0  0  0  0
    7.0162   36.7993   59.3274 H   0  0  0  0  0  0  0  0  0  0  0  0
    8.1046   37.3826   60.2714 H   0  0  0  0  0  0  0  0  0  0  0  0
    8.0507   37.5076   57.0726 H   0  0  0  0  0  0  0  0  0  0  0  0
    9.3277   38.2174   57.6301 H   0  0  0  0  0  0  0  0  0  0  0  0
  1  2  2  0
  2  3  2  0
  2  4  1  0
  4  5  1  0
  4  6  1  0
  6  7  1  0
  8  9  2  0
  9 10  1  0
 10 11  2  0
 11 12  1  0
 12 13  2  0
 13  8  1  0
  5  8  1  0
 14 15  2  0
 15 16  1  0
 16 17  2  0
 17 18  1  0
 18 19  2  0
 19 14  1  0
 13 14  1  0
 20 21  1  0
 17 20  1  0
 16 22  1  0
  9 23  1  0
 24 25  1  0
 25 26  1  0
 26 24  1  0
  2 24  1  0
  5 27  1  0
  5 28  1  0
  7 29  1  0
  7 30  1  0
  7 31  1  0
 10 32  1  0
 11 33  1  0
 12 34  1  0
 15 35  1  0
 18 36  1  0
 19 37  1  0
 21 38  1  0
 21 39  1  0
 21 40  1  0
 23 41  1  0
 24 42  1  0
 25 43  1  0
 25 44  1  0
 26 45  1  0
 26 46  1  0
M  END
"
3g6z_Lingo3DMolv2_442509,3g6z,"3g6z_Lingo3DMolv2_442509
     RDKit          3D

 75 79  0  0  0  0  0  0  0  0999 V2000
    8.3964    7.4241    5.1904 N   0  0  0  0  0  0  0  0  0  0  0  0
    8.2964    6.5241    4.1904 C   0  0  0  0  0  0  0  0  0  0  0  0
    8.8964    6.8241    2.9904 N   0  0  0  0  0  4  0  0  0  0  0  0
    8.6964    6.1241    1.6904 C   0  0  1  0  0  0  0  0  0  0  0  0
    8.3964    4.6241    2.0904 C   0  0  0  0  0  0  0  0  0  0  0  0
    7.2964    4.4241    3.1904 C   0  0  0  0  0  0  0  0  0  0  0  0
    6.5964    3.5241    3.2904 O   0  0  0  0  0  0  0  0  0  0  0  0
    7.4964    5.4241    4.1904 N   0  0  0  0  0  0  0  0  0  0  0  0
    6.5964    5.3241    5.2904 C   0  0  0  0  0  0  0  0  0  0  0  0
    7.6964    6.7241    0.6904 C   0  0  0  0  0  0  0  0  0  0  0  0
    8.1964    7.8241   -0.1096 C   0  0  0  0  0  0  0  0  0  0  0  0
    7.4964    8.3241   -1.1096 C   0  0  0  0  0  0  0  0  0  0  0  0
    6.1964    7.7241   -1.5096 C   0  0  0  0  0  0  0  0  0  0  0  0
    5.7964    6.6241   -0.8096 C   0  0  0  0  0  0  0  0  0  0  0  0
    6.4964    6.1241    0.1904 C   0  0  0  0  0  0  0  0  0  0  0  0
    5.9964    5.0241    0.7904 O   0  0  0  0  0  0  0  0  0  0  0  0
    4.7964    5.1241    1.5904 C   0  0  0  0  0  0  0  0  0  0  0  0
    3.5964    4.9241    0.9904 C   0  0  0  0  0  0  0  0  0  0  0  0
    2.3964    5.1241    1.6904 C   0  0  0  0  0  0  0  0  0  0  0  0
    2.3964    5.6241    2.9904 C   0  0  0  0  0  0  0  0  0  0  0  0
    3.6964    6.0241    3.5904 C   0  0  0  0  0  0  0  0  0  0  0  0
    4.8964    5.8241    2.7904 C   0  0  0  0  0  0  0  0  0  0  0  0
    3.7964    6.6241    4.9904 C   0  0  0  0  0  0  0  0  0  0  0  0
    2.4964    7.4241    5.3904 C   0  0  0  0  0  0  0  0  0  0  0  0
    1.1964    6.5241    5.1904 C   0  0  1  0  0  0  0  0  0  0  0  0
   -0.0036    7.1241    5.6904 C   0  0  0  0  0  0  0  0  0  0  0  0
   -1.2036    6.3241    5.3904 O   0  0  0  0  0  0  0  0  0  0  0  0
   -1.5036    6.2241    3.9904 C   0  0  0  0  0  0  0  0  0  0  0  0
   -0.3036    5.5241    3.1904 C   0  0  0  0  0  0  0  0  0  0  0  0
    1.1964    6.2241    3.4904 C   0  0  2  0  0  0  0  0  0  0  0  0
    5.5964    8.3241   -2.6096 O   0  0  0  0  0  0  0  0  0  0  0  0
    4.8964    7.5241   -3.4096 C   0  0  0  0  0  0  0  0  0  0  0  0
    4.2964    8.3241   -4.6096 C   0  0  0  0  0  0  0  0  0  0  0  0
    3.2964    9.3241   -4.2096 C   0  0  0  0  0  0  0  0  0  0  0  0
    1.9964    8.7241   -3.6096 N   0  0  0  0  0  0  0  0  0  0  0  0
    0.7964    9.2241   -3.7096 C   0  0  0  0  0  0  0  0  0  0  0  0
   -0.3036    8.4241   -3.0096 C   0  0  0  0  0  0  0  0  0  0  0  0
    0.4964   10.2241   -4.3096 O   0  0  0  0  0  0  0  0  0  0  0  0
    7.9586    7.2312    6.1026 H   0  0  0  0  0  0  0  0  0  0  0  0
    8.9105    8.3041    5.0418 H   0  0  0  0  0  0  0  0  0  0  0  0
    9.5539    7.6169    2.9900 H   0  0  0  0  0  0  0  0  0  0  0  0
    9.6046    6.2376    1.0803 H   0  0  0  0  0  0  0  0  0  0  0  0
    8.0708    4.0909    1.1851 H   0  0  0  0  0  0  0  0  0  0  0  0
    9.3298    4.2353    2.5235 H   0  0  0  0  0  0  0  0  0  0  0  0
    7.1605    5.3868    6.2327 H   0  0  0  0  0  0  0  0  0  0  0  0
    5.8677    6.1468    5.2440 H   0  0  0  0  0  0  0  0  0  0  0  0
    6.0660    4.3615    5.2440 H   0  0  0  0  0  0  0  0  0  0  0  0
    9.1827    8.2521    0.1225 H   0  0  0  0  0  0  0  0  0  0  0  0
    7.8804    9.1983   -1.6558 H   0  0  0  0  0  0  0  0  0  0  0  0
    4.8522    6.1342   -1.0901 H   0  0  0  0  0  0  0  0  0  0  0  0
    3.5632    4.6004   -0.0603 H   0  0  0  0  0  0  0  0  0  0  0  0
    1.4398    4.8819    1.2042 H   0  0  0  0  0  0  0  0  0  0  0  0
    5.8658    6.2193    3.1281 H   0  0  0  0  0  0  0  0  0  0  0  0
    3.9483    5.8102    5.7146 H   0  0  0  0  0  0  0  0  0  0  0  0
    4.6414    7.3283    4.9964 H   0  0  0  0  0  0  0  0  0  0  0  0
    2.5682    7.7250    6.4460 H   0  0  0  0  0  0  0  0  0  0  0  0
    2.4147    8.3112    4.7451 H   0  0  0  0  0  0  0  0  0  0  0  0
    1.2221    5.5935    5.7764 H   0  0  0  0  0  0  0  0  0  0  0  0
    0.0844    7.2319    6.7816 H   0  0  0  0  0  0  0  0  0  0  0  0
   -0.1205    8.0992    5.1950 H   0  0  0  0  0  0  0  0  0  0  0  0
   -2.4181    5.6267    3.8610 H   0  0  0  0  0  0  0  0  0  0  0  0
   -1.6444    7.2391    3.5904 H   0  0  0  0  0  0  0  0  0  0  0  0
   -0.2594    4.4651    3.4845 H   0  0  0  0  0  0  0  0  0  0  0  0
   -0.5119    5.6490    2.1176 H   0  0  0  0  0  0  0  0  0  0  0  0
    1.2694    7.1269    2.8663 H   0  0  0  0  0  0  0  0  0  0  0  0
    5.5569    6.7345   -3.7972 H   0  0  0  0  0  0  0  0  0  0  0  0
    4.0702    7.0839   -2.8318 H   0  0  0  0  0  0  0  0  0  0  0  0
    5.1173    8.8414   -5.1277 H   0  0  0  0  0  0  0  0  0  0  0  0
    3.7843    7.5975   -5.2575 H   0  0  0  0  0  0  0  0  0  0  0  0
    3.7512    9.9835   -3.4557 H   0  0  0  0  0  0  0  0  0  0  0  0
    3.0028    9.8591   -5.1248 H   0  0  0  0  0  0  0  0  0  0  0  0
    2.0910    7.8452   -3.0809 H   0  0  0  0  0  0  0  0  0  0  0  0
   -0.1835    8.5115   -1.9196 H   0  0  0  0  0  0  0  0  0  0  0  0
   -1.2875    8.8191   -3.3028 H   0  0  0  0  0  0  0  0  0  0  0  0
   -0.2310    7.3664   -3.3028 H   0  0  0  0  0  0  0  0  0  0  0  0
  2  3  2  0
  3  4  1  0
  4  5  1  0
  5  6  1  0
  6  7  2  0
  6  8  1  0
  8  2  1  0
  1  2  1  0
  8  9  1  0
 10 11  2  0
 11 12  1  0
 12 13  2  0
 13 14  1  0
 14 15  2  0
 15 10  1  0
  4 10  1  0
 15 16  1  0
 17 18  2  0
 18 19  1  0
 19 20  2  0
 20 21  1  0
 21 22  2  0
 21 23  1  0
 23 24  1  0
 25 24  1  0
 25 26  1  0
 26 27  1  0
 27 28  1  0
 28 29  1  0
 30 29  1  0
 22 17  1  0
 30 25  1  0
 30 20  1  0
 16 17  1  0
 31 32  1  0
 32 33  1  0
 33 34  1  0
 34 35  1  0
 35 36  1  0
 36 37  1  0
 36 38  2  0
 13 31  1  0
  1 39  1  0
  1 40  1  0
  3 41  1  0
  4 42  1  6
  5 43  1  0
  5 44  1  0
  9 45  1  0
  9 46  1  0
  9 47  1  0
 11 48  1  0
 12 49  1  0
 14 50  1  0
 18 51  1  0
 19 52  1  0
 22 53  1  0
 23 54  1  0
 23 55  1  0
 24 56  1  0
 24 57  1  0
 25 58  1  1
 26 59  1  0
 26 60  1  0
 28 61  1  0
 28 62  1  0
 29 63  1  0
 29 64  1  0
 30 65  1  6
 32 66  1  0
 32 67  1  0
 33 68  1  0
 33 69  1  0
 34 70  1  0
 34 71  1  0
 35 72  1  0
 37 73  1  0
 37 74  1  0
 37 75  1  0
M  CHG  1   3   1
M  END
"
2b8t_Lingo3DMolv2_552934,2b8t,"2b8t_Lingo3DMolv2_552934
     RDKit          3D

 27 29  0  0  0  0  0  0  0  0999 V2000
   29.8825   11.5717    6.2397 N   0  0  0  0  0  0  0  0  0  0  0  0
   29.0825   11.5717    7.3397 C   0  0  0  0  0  0  0  0  0  0  0  0
   29.3825   10.5717    8.2397 C   0  0  0  0  0  0  0  0  0  0  0  0
   30.3825    9.8717    7.6397 N   0  0  0  0  0  0  0  0  0  0  0  0
   31.0825    8.7717    8.0397 C   0  0  0  0  0  0  0  0  0  0  0  0
   32.0825    8.2717    7.1397 C   0  0  0  0  0  0  0  0  0  0  0  0
   32.1825    8.8717    5.9397 N   0  0  0  0  0  4  0  0  0  0  0  0
   31.4825    9.9717    5.4397 N   0  0  0  0  0  0  0  0  0  0  0  0
   30.5825   10.4717    6.3397 C   0  0  0  0  0  0  0  0  0  0  0  0
   30.8825    8.1717    9.2397 N   0  0  0  0  0  0  0  0  0  0  0  0
   31.5825    6.9717    9.7397 C   0  0  0  0  0  0  0  0  0  0  0  0
   32.9825    7.1717   10.3397 C   0  0  0  0  0  0  0  0  0  0  0  0
   33.7825    8.0717   10.0397 N   0  0  0  0  0  4  0  0  0  0  0  0
   35.0825    7.5717   10.2397 C   0  0  0  0  0  0  0  0  0  0  0  0
   34.9825    6.2717   10.6397 C   0  0  0  0  0  0  0  0  0  0  0  0
   33.5825    5.9717   10.6397 N   0  0  0  0  0  0  0  0  0  0  0  0
   28.2733   12.3002    7.4962 H   0  0  0  0  0  0  0  0  0  0  0  0
   28.9191   10.3829    9.2193 H   0  0  0  0  0  0  0  0  0  0  0  0
   32.7387    7.4342    7.4190 H   0  0  0  0  0  0  0  0  0  0  0  0
   32.8749    8.4606    5.2975 H   0  0  0  0  0  0  0  0  0  0  0  0
   30.1762    8.5926    9.8601 H   0  0  0  0  0  0  0  0  0  0  0  0
   30.9503    6.5210   10.5189 H   0  0  0  0  0  0  0  0  0  0  0  0
   31.7436    6.3469    8.8488 H   0  0  0  0  0  0  0  0  0  0  0  0
   33.5388    9.0147    9.7047 H   0  0  0  0  0  0  0  0  0  0  0  0
   36.0180    8.1326   10.0979 H   0  0  0  0  0  0  0  0  0  0  0  0
   35.8067    5.5940   10.9070 H   0  0  0  0  0  0  0  0  0  0  0  0
   33.1291    5.0651   10.8225 H   0  0  0  0  0  0  0  0  0  0  0  0
  1  2  1  0
  2  3  2  0
  3  4  1  0
  4  5  1  0
  5  6  2  0
  6  7  1  0
  7  8  2  0
  8  9  1  0
  9  1  2  0
  9  4  1  0
 10 11  1  0
  5 10  1  0
 12 13  2  0
 13 14  1  0
 14 15  2  0
 15 16  1  0
 16 12  1  0
 11 12  1  0
  2 17  1  0
  3 18  1  0
  6 19  1  0
  7 20  1  0
 10 21  1  0
 11 22  1  0
 11 23  1  0
 13 24  1  0
 14 25  1  0
 15 26  1  0
 16 27  1  0
M  CHG  2   7   1  13   1
M  END
"
2fsz_Lingo3DMolv2_1128101,2fsz,"2fsz_Lingo3DMolv2_1128101
     RDKit          3D

 58 60  0  0  0  0  0  0  0  0999 V2000
   91.4310   24.9091   -7.0974 O   0  0  0  0  0  0  0  0  0  0  0  0
   91.7310   23.7091   -6.4974 C   0  0  0  0  0  0  0  0  0  0  0  0
   92.8310   23.0091   -6.8974 C   0  0  0  0  0  0  0  0  0  0  0  0
   93.1310   21.8091   -6.2974 C   0  0  0  0  0  0  0  0  0  0  0  0
   92.3310   21.3091   -5.1974 C   0  0  0  0  0  0  0  0  0  0  0  0
   91.3310   22.1091   -4.7974 C   0  0  0  0  0  0  0  0  0  0  0  0
   90.9310   23.4091   -5.3974 C   0  0  0  0  0  0  0  0  0  0  0  0
   92.7310   20.0091   -4.4974 C   0  0  0  0  0  0  0  0  0  0  0  0
   91.8310   19.0091   -4.3974 C   0  0  0  0  0  0  0  0  0  0  0  0
   90.4310   19.0091   -4.9974 C   0  0  0  0  0  0  0  0  0  0  0  0
   92.2310   17.8091   -3.5974 C   0  0  0  0  0  0  0  0  0  0  0  0
   92.7310   17.9091   -2.1974 C   0  0  0  0  0  0  0  0  0  0  0  0
   93.1310   16.8091   -1.5974 C   0  0  0  0  0  0  0  0  0  0  0  0
   93.1310   15.6091   -2.1974 C   0  0  0  0  0  0  0  0  0  0  0  0
   92.7310   15.5091   -3.4974 N   0  0  0  0  0  0  0  0  0  0  0  0
   92.2310   16.6091   -4.0974 C   0  0  0  0  0  0  0  0  0  0  0  0
   94.1310   20.0091   -4.0974 C   0  0  0  0  0  0  0  0  0  0  0  0
   95.0310   19.0091   -4.4974 C   0  0  0  0  0  0  0  0  0  0  0  0
   96.3310   19.1091   -4.2974 C   0  0  0  0  0  0  0  0  0  0  0  0
   96.9310   20.2091   -3.6974 C   0  0  0  0  0  0  0  0  0  0  0  0
   96.0310   21.2091   -3.1974 C   0  0  0  0  0  0  0  0  0  0  0  0
   94.6310   21.1091   -3.3974 C   0  0  0  0  0  0  0  0  0  0  0  0
   98.2310   20.2091   -3.4974 O   0  0  0  0  0  0  0  0  0  0  0  0
   98.9310   21.4091   -2.9974 C   0  0  0  0  0  0  0  0  0  0  0  0
  100.3310   21.1091   -2.7974 C   0  0  0  0  0  0  0  0  0  0  0  0
  101.2310   22.3091   -2.0974 C   0  0  0  0  0  0  0  0  0  0  0  0
  102.6310   21.9091   -1.9974 N   0  0  0  0  0  4  0  0  0  0  0  0
  103.5310   23.1091   -1.4974 C   0  0  0  0  0  0  0  0  0  0  0  0
  102.8310   20.6091   -1.0974 C   0  0  0  0  0  0  0  0  0  0  0  0
   90.6335   25.4204   -6.8101 H   0  0  0  0  0  0  0  0  0  0  0  0
   93.4757   23.4031   -7.6969 H   0  0  0  0  0  0  0  0  0  0  0  0
   93.9887   21.2214   -6.6566 H   0  0  0  0  0  0  0  0  0  0  0  0
   90.7441   21.7662   -3.9325 H   0  0  0  0  0  0  0  0  0  0  0  0
   90.1157   24.0462   -5.0241 H   0  0  0  0  0  0  0  0  0  0  0  0
   90.0940   17.9720   -5.1418 H   0  0  0  0  0  0  0  0  0  0  0  0
   89.7402   19.5276   -4.3163 H   0  0  0  0  0  0  0  0  0  0  0  0
   90.4478   19.5276   -5.9673 H   0  0  0  0  0  0  0  0  0  0  0  0
   92.7648   18.8785   -1.6786 H   0  0  0  0  0  0  0  0  0  0  0  0
   93.4813   16.8760   -0.5568 H   0  0  0  0  0  0  0  0  0  0  0  0
   93.4511   14.7131   -1.6452 H   0  0  0  0  0  0  0  0  0  0  0  0
   91.7854   16.4796   -5.0947 H   0  0  0  0  0  0  0  0  0  0  0  0
   94.6384   18.1102   -4.9952 H   0  0  0  0  0  0  0  0  0  0  0  0
   96.9738   18.2778   -4.6228 H   0  0  0  0  0  0  0  0  0  0  0  0
   96.4361   22.0713   -2.6474 H   0  0  0  0  0  0  0  0  0  0  0  0
   93.9522   21.8825   -3.0089 H   0  0  0  0  0  0  0  0  0  0  0  0
   98.8327   22.2222   -3.7316 H   0  0  0  0  0  0  0  0  0  0  0  0
   98.4848   21.7188   -2.0409 H   0  0  0  0  0  0  0  0  0  0  0  0
  100.3972   20.2188   -2.1547 H   0  0  0  0  0  0  0  0  0  0  0  0
  100.7531   20.9665   -3.8031 H   0  0  0  0  0  0  0  0  0  0  0  0
  101.1581   23.2198   -2.7099 H   0  0  0  0  0  0  0  0  0  0  0  0
  100.8433   22.4990   -1.0857 H   0  0  0  0  0  0  0  0  0  0  0  0
  102.9401   21.6552   -2.9465 H   0  0  0  0  0  0  0  0  0  0  0  0
  103.5430   23.1250   -0.3975 H   0  0  0  0  0  0  0  0  0  0  0  0
  104.5567   22.9796   -1.8734 H   0  0  0  0  0  0  0  0  0  0  0  0
  103.1196   24.0574   -1.8734 H   0  0  0  0  0  0  0  0  0  0  0  0
  102.7880   20.8888   -0.0344 H   0  0  0  0  0  0  0  0  0  0  0  0
  102.0339   19.8840   -1.3183 H   0  0  0  0  0  0  0  0  0  0  0  0
  103.8093   20.1571   -1.3183 H   0  0  0  0  0  0  0  0  0  0  0  0
  2  3  2  0
  3  4  1  0
  4  5  2  0
  5  6  1  0
  6  7  2  0
  7  2  1  0
  1  2  1  0
  8  9  2  3
  9 10  1  0
  5  8  1  0
 11 12  2  0
 12 13  1  0
 13 14  2  0
 14 15  1  0
 15 16  2  0
 16 11  1  0
  9 11  1  0
 17 18  2  0
 18 19  1  0
 19 20  2  0
 20 21  1  0
 21 22  2  0
 22 17  1  0
  8 17  1  0
 23 24  1  0
 24 25  1  0
 25 26  1  0
 26 27  1  0
 27 28  1  0
 27 29  1  0
 20 23  1  0
  1 30  1  0
  3 31  1  0
  4 32  1  0
  6 33  1  0
  7 34  1  0
 10 35  1  0
 10 36  1  0
 10 37  1  0
 12 38  1  0
 13 39  1  0
 14 40  1  0
 16 41  1  0
 18 42  1  0
 19 43  1  0
 21 44  1  0
 22 45  1  0
 24 46  1  0
 24 47  1  0
 25 48  1  0
 25 49  1  0
 26 50  1  0
 26 51  1  0
 27 52  1  0
 28 53  1  0
 28 54  1  0
 28 55  1  0
 29 56  1  0
 29 57  1  0
 29 58  1  0
M  CHG  1  27   1
M  END
"
3cqw_Lingo3DMolv2_490760,3cqw,"3cqw_Lingo3DMolv2_490760
     RDKit          3D

 43 44  0  0  0  0  0  0  0  0999 V2000
    7.9230    4.8283   15.4517 O   0  0  0  0  0  0  0  0  0  0  0  0
    7.6230    4.2283   16.4517 C   0  0  0  0  0  0  0  0  0  0  0  0
    8.6230    4.2283   17.5517 C   0  0  0  0  0  0  0  0  0  0  0  0
    9.3230    2.9283   17.7517 C   0  0  0  0  0  0  0  0  0  0  0  0
   10.1230    2.8283   19.1517 C   0  0  2  0  0  0  0  0  0  0  0  0
   10.8230    1.4283   19.1517 N   0  0  0  0  0  4  0  0  0  0  0  0
    9.9230    0.3283   19.4517 C   0  0  0  0  0  0  0  0  0  0  0  0
    9.2230    0.5283   20.8517 N   0  0  0  0  0  4  0  0  0  0  0  0
    8.4230    1.9283   20.9517 C   0  0  1  0  0  0  0  0  0  0  0  0
    9.3230    3.0283   20.4517 C   0  0  0  0  0  0  0  0  0  0  0  0
    7.1230    1.8283   20.0517 N   0  0  0  0  0  4  0  0  0  0  0  0
    6.3230    3.5283   16.5517 C   0  0  0  0  0  0  0  0  0  0  0  0
    6.2230    2.2283   16.9517 C   0  0  0  0  0  0  0  0  0  0  0  0
    5.0230    1.4283   16.6517 C   0  0  0  0  0  0  0  0  0  0  0  0
    3.9230    2.1283   16.0517 C   0  0  0  0  0  0  0  0  0  0  0  0
    3.9230    3.4283   15.7517 N   0  0  0  0  0  0  0  0  0  0  0  0
    5.1230    4.1283   16.0517 C   0  0  0  0  0  0  0  0  0  0  0  0
    5.0230    5.6283   15.6517 C   0  0  0  0  0  0  0  0  0  0  0  0
    2.8230    1.4283   15.7517 N   0  0  0  0  0  0  0  0  0  0  0  0
    7.1230    1.5283   17.4517 O   0  0  0  0  0  1  0  0  0  0  0  0
    9.3795    4.9949   17.3280 H   0  0  0  0  0  0  0  0  0  0  0  0
    8.0670    4.4297   18.4793 H   0  0  0  0  0  0  0  0  0  0  0  0
    8.5744    2.1229   17.7215 H   0  0  0  0  0  0  0  0  0  0  0  0
   10.0693    2.8390   16.9487 H   0  0  0  0  0  0  0  0  0  0  0  0
   10.8140    3.6837   19.1787 H   0  0  0  0  0  0  0  0  0  0  0  0
   11.2327    1.2691   18.2202 H   0  0  0  0  0  0  0  0  0  0  0  0
   11.5357    1.4469   19.8951 H   0  0  0  0  0  0  0  0  0  0  0  0
    9.1514    0.2727   18.6697 H   0  0  0  0  0  0  0  0  0  0  0  0
   10.5093   -0.6017   19.4855 H   0  0  0  0  0  0  0  0  0  0  0  0
    8.5573   -0.2434   21.0010 H   0  0  0  0  0  0  0  0  0  0  0  0
    9.9604    0.5383   21.5707 H   0  0  0  0  0  0  0  0  0  0  0  0
    8.1294    2.1438   21.9897 H   0  0  0  0  0  0  0  0  0  0  0  0
    8.6899    3.9156   20.3033 H   0  0  0  0  0  0  0  0  0  0  0  0
   10.1028    3.0921   21.2248 H   0  0  0  0  0  0  0  0  0  0  0  0
    6.2912    1.7644   20.6559 H   0  0  0  0  0  0  0  0  0  0  0  0
    7.0517    2.6663   19.4571 H   0  0  0  0  0  0  0  0  0  0  0  0
    7.1808    0.9893   19.4571 H   0  0  0  0  0  0  0  0  0  0  0  0
    4.9726    0.3525   16.8755 H   0  0  0  0  0  0  0  0  0  0  0  0
    4.9817    6.2480   16.5597 H   0  0  0  0  0  0  0  0  0  0  0  0
    5.9044    5.9086   15.0563 H   0  0  0  0  0  0  0  0  0  0  0  0
    4.1121    5.7891   15.0563 H   0  0  0  0  0  0  0  0  0  0  0  0
    2.0147    1.8990   15.3202 H   0  0  0  0  0  0  0  0  0  0  0  0
    2.7843    0.4188   15.9523 H   0  0  0  0  0  0  0  0  0  0  0  0
  1  2  2  0
  2  3  1  0
  3  4  1  0
  5  6  1  0
  6  7  1  0
  7  8  1  0
  8  9  1  0
  9 10  1  0
 10  5  1  0
  4  5  1  0
  9 11  1  0
 12 13  2  0
 13 14  1  0
 14 15  2  0
 15 16  1  0
 16 17  2  0
 17 12  1  0
  2 12  1  0
 17 18  1  0
 15 19  1  0
 13 20  1  0
  3 21  1  0
  3 22  1  0
  4 23  1  0
  4 24  1  0
  5 25  1  6
  6 26  1  0
  6 27  1  0
  7 28  1  0
  7 29  1  0
  8 30  1  0
  8 31  1  0
  9 32  1  1
 10 33  1  0
 10 34  1  0
 11 35  1  0
 11 36  1  0
 11 37  1  0
 14 38  1  0
 18 39  1  0
 18 40  1  0
 18 41  1  0
 19 42  1  0
 19 43  1  0
M  CHG  4   6   1   8   1  11   1  20  -1
M  END
"
1j4h_Lingo3DMolv2_1022131,1j4h,"1j4h_Lingo3DMolv2_1022131
     RDKit          3D

 64 68  0  0  0  0  0  0  0  0999 V2000
  -33.9743   38.1728   31.9833 N   0  0  0  0  0  0  0  0  0  0  0  0
  -34.6743   38.9728   32.8833 C   0  0  0  0  0  0  0  0  0  0  0  0
  -34.2743   39.2728   33.9833 O   0  0  0  0  0  0  0  0  0  0  0  0
  -36.0743   39.3728   32.3833 C   0  0  0  0  0  0  0  0  0  0  0  0
  -36.1743   40.4728   31.8833 N   0  0  0  0  0  0  0  0  0  0  0  0
  -37.3743   40.8728   31.3833 O   0  0  0  0  0  0  0  0  0  0  0  0
  -38.2743   39.8728   30.8833 C   0  0  0  0  0  0  0  0  0  0  0  0
  -38.4743   38.8728   31.9833 C   0  0  0  0  0  0  0  0  0  0  0  0
  -37.0743   38.1728   32.4833 C   0  0  1  0  0  0  0  0  0  0  0  0
  -36.7743   37.0728   31.4833 C   0  0  0  0  0  0  0  0  0  0  0  0
  -37.1743   35.7728   31.6833 C   0  0  0  0  0  0  0  0  0  0  0  0
  -36.8743   34.7728   30.7833 C   0  0  0  0  0  0  0  0  0  0  0  0
  -36.0743   35.0728   29.6833 C   0  0  0  0  0  0  0  0  0  0  0  0
  -35.6743   36.3728   29.3833 C   0  0  0  0  0  0  0  0  0  0  0  0
  -36.0743   37.3728   30.2833 C   0  0  0  0  0  0  0  0  0  0  0  0
  -35.6743   38.6728   29.8833 F   0  0  0  0  0  0  0  0  0  0  0  0
  -37.3743   37.4728   34.1833 S   0  0  0  0  0  0  0  0  0  0  0  0
  -35.9743   36.4728   34.6833 C   0  0  0  0  0  0  0  0  0  0  0  0
  -35.0743   35.9728   33.6833 C   0  0  0  0  0  0  0  0  0  0  0  0
  -33.9743   35.1728   34.0833 C   0  0  0  0  0  0  0  0  0  0  0  0
  -33.8743   34.8728   35.3833 C   0  0  0  0  0  0  0  0  0  0  0  0
  -34.7743   35.3728   36.3833 C   0  0  0  0  0  0  0  0  0  0  0  0
  -35.8743   36.2728   35.9833 N   0  0  0  0  0  0  0  0  0  0  0  0
  -34.6743   35.0728   37.7833 C   0  0  0  0  0  0  0  0  0  0  0  0
  -34.7743   36.1728   38.6833 N   0  0  0  0  0  0  0  0  0  0  0  0
  -34.4743   33.8728   38.1833 N   0  0  0  0  0  4  0  0  0  0  0  0
  -32.6743   37.5728   32.1833 C   0  0  0  0  0  0  0  0  0  0  0  0
  -32.4743   36.5728   33.3833 C   0  0  0  0  0  0  0  0  0  0  0  0
  -32.5743   36.0728   31.9833 C   0  0  0  0  0  0  0  0  0  0  0  0
  -31.5743   38.4728   31.9833 O   0  0  0  0  0  0  0  0  0  0  0  0
  -31.2743   39.5728   32.8833 C   0  0  0  0  0  0  0  0  0  0  0  0
  -30.8743   39.2728   34.1833 C   0  0  0  0  0  0  0  0  0  0  0  0
  -30.5743   40.3728   35.0833 C   0  0  0  0  0  0  0  0  0  0  0  0
  -30.6743   41.6728   34.5833 C   0  0  0  0  0  0  0  0  0  0  0  0
  -31.0743   41.9728   33.2833 C   0  0  0  0  0  0  0  0  0  0  0  0
  -31.3743   40.8728   32.3833 C   0  0  0  0  0  0  0  0  0  0  0  0
  -31.1743   43.3728   32.6833 C   0  0  0  0  0  0  0  0  0  0  0  0
  -34.4316   37.9891   31.0788 H   0  0  0  0  0  0  0  0  0  0  0  0
  -39.2360   40.3323   30.6111 H   0  0  0  0  0  0  0  0  0  0  0  0
  -37.8641   39.3901   29.9840 H   0  0  0  0  0  0  0  0  0  0  0  0
  -38.9355   39.3841   32.8411 H   0  0  0  0  0  0  0  0  0  0  0  0
  -39.1161   38.0729   31.5855 H   0  0  0  0  0  0  0  0  0  0  0  0
  -37.7499   35.5236   32.5869 H   0  0  0  0  0  0  0  0  0  0  0  0
  -37.2607   33.7536   30.9315 H   0  0  0  0  0  0  0  0  0  0  0  0
  -35.7463   34.2529   29.0274 H   0  0  0  0  0  0  0  0  0  0  0  0
  -35.0769   36.6034   28.4889 H   0  0  0  0  0  0  0  0  0  0  0  0
  -35.2358   36.2071   32.6207 H   0  0  0  0  0  0  0  0  0  0  0  0
  -33.2331   34.8133   33.3543 H   0  0  0  0  0  0  0  0  0  0  0  0
  -33.0587   34.2074   35.7028 H   0  0  0  0  0  0  0  0  0  0  0  0
  -34.9357   37.1228   38.3195 H   0  0  0  0  0  0  0  0  0  0  0  0
  -34.6852   36.0180   39.6977 H   0  0  0  0  0  0  0  0  0  0  0  0
  -34.4083   33.1060   37.4987 H   0  0  0  0  0  0  0  0  0  0  0  0
  -34.3794   33.6744   39.1895 H   0  0  0  0  0  0  0  0  0  0  0  0
  -31.5125   36.5347   33.9157 H   0  0  0  0  0  0  0  0  0  0  0  0
  -33.0014   36.3676   34.3267 H   0  0  0  0  0  0  0  0  0  0  0  0
  -31.6839   35.6503   31.4948 H   0  0  0  0  0  0  0  0  0  0  0  0
  -33.2153   35.3291   31.4872 H   0  0  0  0  0  0  0  0  0  0  0  0
  -30.7878   38.2291   34.5199 H   0  0  0  0  0  0  0  0  0  0  0  0
  -30.2776   40.1875   36.1262 H   0  0  0  0  0  0  0  0  0  0  0  0
  -30.4229   42.5074   35.2543 H   0  0  0  0  0  0  0  0  0  0  0  0
  -31.6710   41.0580   31.3404 H   0  0  0  0  0  0  0  0  0  0  0  0
  -31.2274   44.1157   33.4928 H   0  0  0  0  0  0  0  0  0  0  0  0
  -30.2879   43.5697   32.0623 H   0  0  0  0  0  0  0  0  0  0  0  0
  -32.0797   43.4418   32.0623 H   0  0  0  0  0  0  0  0  0  0  0  0
  1  2  1  0
  2  3  2  0
  4  5  2  0
  5  6  1  0
  6  7  1  0
  7  8  1  0
  8  9  1  0
  9  4  1  0
  2  4  1  0
 10 11  2  0
 11 12  1  0
 12 13  2  0
 13 14  1  0
 14 15  2  0
 15 10  1  0
  9 10  1  0
 15 16  1  0
  9 17  1  1
 18 19  2  0
 19 20  1  0
 20 21  2  0
 21 22  1  0
 22 23  2  0
 23 18  1  0
 17 18  1  0
 24 25  1  0
 24 26  2  0
 22 24  1  0
 27 28  1  0
 28 29  1  0
 29 27  1  0
  1 27  1  0
 27 30  1  0
 31 32  2  0
 32 33  1  0
 33 34  2  0
 34 35  1  0
 35 36  2  0
 36 31  1  0
 30 31  1  0
 35 37  1  0
  1 38  1  0
  7 39  1  0
  7 40  1  0
  8 41  1  0
  8 42  1  0
 11 43  1  0
 12 44  1  0
 13 45  1  0
 14 46  1  0
 19 47  1  0
 20 48  1  0
 21 49  1  0
 25 50  1  0
 25 51  1  0
 26 52  1  0
 26 53  1  0
 28 54  1  0
 28 55  1  0
 29 56  1  0
 29 57  1  0
 32 58  1  0
 33 59  1  0
 34 60  1  0
 36 61  1  0
 37 62  1  0
 37 63  1  0
 37 64  1  0
M  CHG  1  26   1
M  END
"
1r9o_Lingo3DMolv2_47214,1r9o,"1r9o_Lingo3DMolv2_47214
     RDKit          3D

 28 28  0  0  0  0  0  0  0  0999 V2000
   10.5672   37.0558   -0.4874 F   0  0  0  0  0  0  0  0  0  0  0  0
    9.8672   36.2558    0.2126 C   0  0  0  0  0  0  0  0  0  0  0  0
    8.9672   36.9558    1.0126 F   0  0  0  0  0  0  0  0  0  0  0  0
   10.6672   35.5558    1.0126 F   0  0  0  0  0  0  0  0  0  0  0  0
    9.1672   35.3558   -0.6874 C   0  0  0  0  0  0  0  0  0  0  0  0
    9.6672   34.0558   -0.8874 C   0  0  0  0  0  0  0  0  0  0  0  0
    9.0672   33.1558   -1.7874 C   0  0  0  0  0  0  0  0  0  0  0  0
    7.8672   33.5558   -2.4874 C   0  0  0  0  0  0  0  0  0  0  0  0
    7.3672   34.8558   -2.2874 N   0  0  0  0  0  0  0  0  0  0  0  0
    8.0672   35.6558   -1.4874 N   0  0  0  0  0  0  0  0  0  0  0  0
    7.1672   32.7558   -3.4874 C   0  0  1  0  0  0  0  0  0  0  0  0
    5.9672   33.3558   -3.9874 N   0  0  0  0  0  0  0  0  0  0  0  0
    5.7672   33.9558   -5.2874 C   0  0  0  0  0  0  0  0  0  0  0  0
    5.6672   34.4558   -6.2874 N   0  0  0  0  0  0  0  0  0  0  0  0
    8.0672   32.4558   -4.6874 C   0  0  0  0  0  0  0  0  0  0  0  0
    6.5672   31.3558   -2.7874 C   0  0  0  0  0  0  0  0  0  0  0  0
    5.7672   30.3558   -3.6874 C   0  0  0  0  0  0  0  0  0  0  0  0
    9.5672   31.9558   -1.9874 F   0  0  0  0  0  0  0  0  0  0  0  0
   10.5544   33.7332   -0.3228 H   0  0  0  0  0  0  0  0  0  0  0  0
    5.1574   33.3605   -3.3509 H   0  0  0  0  0  0  0  0  0  0  0  0
    9.0547   32.1267   -4.3318 H   0  0  0  0  0  0  0  0  0  0  0  0
    7.6130   31.6605   -5.2966 H   0  0  0  0  0  0  0  0  0  0  0  0
    8.1810   33.3646   -5.2966 H   0  0  0  0  0  0  0  0  0  0  0  0
    7.4253   30.8058   -2.3738 H   0  0  0  0  0  0  0  0  0  0  0  0
    5.8259   31.7150   -2.0583 H   0  0  0  0  0  0  0  0  0  0  0  0
    5.2073   29.6559   -3.0497 H   0  0  0  0  0  0  0  0  0  0  0  0
    5.0647   30.9155   -4.3225 H   0  0  0  0  0  0  0  0  0  0  0  0
    6.4674   29.7933   -4.3225 H   0  0  0  0  0  0  0  0  0  0  0  0
  1  2  1  0
  2  3  1  0
  2  4  1  0
  5  6  2  0
  6  7  1  0
  7  8  2  0
  8  9  1  0
  9 10  2  0
 10  5  1  0
  2  5  1  0
 11 12  1  6
 12 13  1  0
 13 14  3  0
 11 15  1  0
 11 16  1  0
 16 17  1  0
  8 11  1  0
  7 18  1  0
  6 19  1  0
 12 20  1  0
 15 21  1  0
 15 22  1  0
 15 23  1  0
 16 24  1  0
 16 25  1  0
 17 26  1  0
 17 27  1  0
 17 28  1  0
M  END
"
3ln1_Lingo3DMolv2_960708,3ln1,"3ln1_Lingo3DMolv2_960708
     RDKit          3D

 28 29  0  0  0  0  0  0  0  0999 V2000
   14.8786  -54.0159   52.1102 O   0  0  0  0  0  0  0  0  0  0  0  0
   14.7786  -53.5159   53.2102 C   0  0  0  0  0  0  0  0  0  0  0  0
   15.8786  -53.1159   53.9102 N   0  0  0  0  0  0  0  0  0  0  0  0
   13.6786  -53.2159   53.8102 O   0  0  0  0  0  0  0  0  0  0  0  0
   12.4786  -53.4159   53.1102 C   0  0  0  0  0  0  0  0  0  0  0  0
   17.2786  -53.2159   53.6102 C   0  0  0  0  0  0  0  0  0  0  0  0
   17.7786  -54.0159   52.5102 C   0  0  0  0  0  0  0  0  0  0  0  0
   19.0786  -54.1159   52.3102 N   0  0  0  0  0  0  0  0  0  0  0  0
   19.9786  -53.4159   53.1102 C   0  0  0  0  0  0  0  0  0  0  0  0
   19.5786  -52.6159   54.2102 C   0  0  0  0  0  0  0  0  0  0  0  0
   18.1786  -52.6159   54.5102 C   0  0  0  0  0  0  0  0  0  0  0  0
   20.5786  -51.8159   55.0102 C   0  0  0  0  0  0  0  0  0  0  0  0
   21.7786  -52.2159   55.1102 O   0  0  0  0  0  0  0  0  0  0  0  0
   20.2786  -50.5159   55.5102 C   0  0  0  0  0  0  0  0  0  0  0  0
   20.8786  -49.9159   56.6102 C   0  0  0  0  0  0  0  0  0  0  0  0
   20.4786  -48.6159   56.8102 C   0  0  0  0  0  0  0  0  0  0  0  0
   19.3786  -48.0159   55.6102 S   0  0  0  0  0  0  0  0  0  0  0  0
   19.4786  -49.5159   54.8102 C   0  0  0  0  0  0  0  0  0  0  0  0
   15.6680  -52.6631   54.8111 H   0  0  0  0  0  0  0  0  0  0  0  0
   11.6550  -53.5531   53.8263 H   0  0  0  0  0  0  0  0  0  0  0  0
   12.2726  -52.5397   52.4779 H   0  0  0  0  0  0  0  0  0  0  0  0
   12.5679  -54.3115   52.4779 H   0  0  0  0  0  0  0  0  0  0  0  0
   17.0762  -54.5382   51.8440 H   0  0  0  0  0  0  0  0  0  0  0  0
   21.0514  -53.4872   52.8774 H   0  0  0  0  0  0  0  0  0  0  0  0
   17.8098  -52.1508   55.4363 H   0  0  0  0  0  0  0  0  0  0  0  0
   21.6033  -50.4308   57.2581 H   0  0  0  0  0  0  0  0  0  0  0  0
   20.8263  -48.0081   57.6586 H   0  0  0  0  0  0  0  0  0  0  0  0
   18.9829  -49.7140   53.8485 H   0  0  0  0  0  0  0  0  0  0  0  0
  1  2  2  0
  2  3  1  0
  2  4  1  0
  4  5  1  0
  6  7  2  0
  7  8  1  0
  8  9  2  0
  9 10  1  0
 10 11  2  0
 11  6  1  0
  3  6  1  0
 12 13  2  0
 10 12  1  0
 14 15  1  0
 15 16  2  0
 16 17  1  0
 17 18  1  0
 18 14  2  0
 12 14  1  0
  3 19  1  0
  5 20  1  0
  5 21  1  0
  5 22  1  0
  7 23  1  0
  9 24  1  0
 11 25  1  0
 15 26  1  0
 16 27  1  0
 18 28  1  0
M  END
"
2nnq_Lingo3DMolv2_1239136,2nnq,"2nnq_Lingo3DMolv2_1239136
     RDKit          3D

 50 54  0  0  0  0  0  0  0  0999 V2000
    6.1773    5.1209   15.1907 O   0  0  0  0  0  0  0  0  0  0  0  0
    6.8773    6.0209   15.7907 C   0  0  0  0  0  0  0  0  0  0  0  0
    7.0773    7.3209   15.2907 C   0  0  0  0  0  0  0  0  0  0  0  0
    7.6773    8.1209   16.4907 C   0  0  2  0  0  0  0  0  0  0  0  0
    8.1773    7.0209   17.4907 C   0  0  1  0  0  0  0  0  0  0  0  0
    7.7773    7.3209   18.9907 C   0  0  0  0  0  0  0  0  0  0  0  0
    6.4773    7.9209   19.1907 N   0  0  0  0  0  0  0  0  0  0  0  0
    6.1773    9.0209   18.3907 C   0  0  0  0  0  0  0  0  0  0  0  0
    5.2773   10.0209   18.8907 N   0  0  0  0  0  0  0  0  0  0  0  0
    4.9773   11.1209   18.0907 C   0  0  0  0  0  0  0  0  0  0  0  0
    5.5773   11.3209   16.7907 C   0  0  0  0  0  0  0  0  0  0  0  0
    6.4773   10.3209   16.2907 N   0  0  0  0  0  0  0  0  0  0  0  0
    6.6773    9.2209   17.0907 C   0  0  0  0  0  0  0  0  0  0  0  0
    7.5773    5.8209   16.8907 N   0  0  0  0  0  0  0  0  0  0  0  0
    5.2773   12.3209   16.0907 O   0  0  0  0  0  0  0  0  0  0  0  0
    5.2773   12.2209   14.7907 C   0  0  0  0  0  0  0  0  0  0  0  0
    4.0773   12.0209   18.5907 N   0  0  0  0  0  0  0  0  0  0  0  0
    5.8773    7.6209   20.3907 C   0  0  0  0  0  0  0  0  0  0  0  0
    6.5773    7.6209   21.5907 C   0  0  0  0  0  0  0  0  0  0  0  0
    5.9773    7.2209   22.7907 C   0  0  0  0  0  0  0  0  0  0  0  0
    4.6773    6.7209   22.7907 C   0  0  0  0  0  0  0  0  0  0  0  0
    3.9773    6.7209   21.5907 C   0  0  0  0  0  0  0  0  0  0  0  0
    4.5773    7.1209   20.3907 C   0  0  0  0  0  0  0  0  0  0  0  0
    3.8773    7.1209   19.1907 O   0  0  0  0  0  0  0  0  0  0  0  0
    2.8773    6.2209   18.9907 C   0  0  0  0  0  0  0  0  0  0  0  0
    1.9773    5.9209   19.8907 C   0  0  0  0  0  0  0  0  0  0  0  0
    0.9773    4.9209   19.5907 C   0  0  0  0  0  0  0  0  0  0  0  0
    0.9773    4.2209   18.3907 C   0  0  0  0  0  0  0  0  0  0  0  0
    1.8773    4.5209   17.4907 N   0  0  0  0  0  0  0  0  0  0  0  0
    2.8773    5.5209   17.7907 C   0  0  0  0  0  0  0  0  0  0  0  0
    0.0773    3.3209   18.1907 F   0  0  0  0  0  0  0  0  0  0  0  0
    7.7797    7.3069   14.4443 H   0  0  0  0  0  0  0  0  0  0  0  0
    6.1457    7.7700   14.9161 H   0  0  0  0  0  0  0  0  0  0  0  0
    8.5184    8.7645   16.1934 H   0  0  0  0  0  0  0  0  0  0  0  0
    9.2688    6.9378   17.5989 H   0  0  0  0  0  0  0  0  0  0  0  0
    7.7972    6.3689   19.5415 H   0  0  0  0  0  0  0  0  0  0  0  0
    8.5056    8.0630   19.3498 H   0  0  0  0  0  0  0  0  0  0  0  0
    7.6958    4.8842   17.3026 H   0  0  0  0  0  0  0  0  0  0  0  0
    6.3144   12.1927   14.4252 H   0  0  0  0  0  0  0  0  0  0  0  0
    4.7588   11.2972   14.4940 H   0  0  0  0  0  0  0  0  0  0  0  0
    4.7588   13.0882   14.3563 H   0  0  0  0  0  0  0  0  0  0  0  0
    3.8201   12.8523   18.0398 H   0  0  0  0  0  0  0  0  0  0  0  0
    3.6566   11.8674   19.5183 H   0  0  0  0  0  0  0  0  0  0  0  0
    7.6290    7.9431   21.5982 H   0  0  0  0  0  0  0  0  0  0  0  0
    6.5340    7.3017   23.7360 H   0  0  0  0  0  0  0  0  0  0  0  0
    4.2183    6.3372   23.7139 H   0  0  0  0  0  0  0  0  0  0  0  0
    2.9256    6.3986   21.5833 H   0  0  0  0  0  0  0  0  0  0  0  0
    1.9811    6.4253   20.8682 H   0  0  0  0  0  0  0  0  0  0  0  0
    0.1944    4.7082   20.3336 H   0  0  0  0  0  0  0  0  0  0  0  0
    3.6603    5.7335   17.0479 H   0  0  0  0  0  0  0  0  0  0  0  0
  1  2  2  0
  2  3  1  0
  4  3  1  0
  4  5  1  0
  5  6  1  0
  6  7  1  0
  7  8  1  0
  8  9  2  0
  9 10  1  0
 10 11  2  0
 11 12  1  0
 12 13  2  0
  5 14  1  0
 14  2  1  0
 13  4  1  0
 13  8  1  0
 15 16  1  0
 11 15  1  0
 10 17  1  0
 18 19  2  0
 19 20  1  0
 20 21  2  0
 21 22  1  0
 22 23  2  0
 23 18  1  0
  7 18  1  0
 23 24  1  0
 25 26  2  0
 26 27  1  0
 27 28  2  0
 28 29  1  0
 29 30  2  0
 30 25  1  0
 24 25  1  0
 28 31  1  0
  3 32  1  0
  3 33  1  0
  4 34  1  6
  5 35  1  1
  6 36  1  0
  6 37  1  0
 14 38  1  0
 16 39  1  0
 16 40  1  0
 16 41  1  0
 17 42  1  0
 17 43  1  0
 19 44  1  0
 20 45  1  0
 21 46  1  0
 22 47  1  0
 26 48  1  0
 27 49  1  0
 30 50  1  0
M  END
"
2p2i_Lingo3DMolv2_322136,2p2i,"2p2i_Lingo3DMolv2_322136
     RDKit          3D

 15 15  0  0  0  0  0  0  0  0999 V2000
   25.7512    4.5387   21.6559 C   0  0  0  0  0  0  0  0  0  0  0  0
   27.0512    4.3387   21.3559 C   0  0  0  0  0  0  0  0  0  0  0  0
   27.8512    3.7387   22.2559 C   0  0  0  0  0  0  0  0  0  0  0  0
   27.3512    3.3387   23.4559 C   0  0  0  0  0  0  0  0  0  0  0  0
   26.0512    3.6387   23.7559 N   0  0  0  0  0  0  0  0  0  0  0  0
   25.2512    4.1387   22.8559 C   0  0  0  0  0  0  0  0  0  0  0  0
   23.9512    4.3387   23.0559 O   0  0  0  0  0  0  0  0  0  0  0  0
   23.3512    3.9387   24.2559 C   0  0  0  0  0  0  0  0  0  0  0  0
   25.0910    5.0287   20.9251 H   0  0  0  0  0  0  0  0  0  0  0  0
   27.4532    4.6631   20.3848 H   0  0  0  0  0  0  0  0  0  0  0  0
   28.9126    3.5712   22.0207 H   0  0  0  0  0  0  0  0  0  0  0  0
   27.9792    2.7857   24.1699 H   0  0  0  0  0  0  0  0  0  0  0  0
   23.9337    4.3271   25.1044 H   0  0  0  0  0  0  0  0  0  0  0  0
   22.3260    4.3347   24.3031 H   0  0  0  0  0  0  0  0  0  0  0  0
   23.3224    2.8401   24.3031 H   0  0  0  0  0  0  0  0  0  0  0  0
  1  2  2  0
  2  3  1  0
  3  4  2  0
  4  5  1  0
  5  6  2  0
  6  1  1  0
  7  8  1  0
  6  7  1  0
  1  9  1  0
  2 10  1  0
  3 11  1  0
  4 12  1  0
  8 13  1  0
  8 14  1  0
  8 15  1  0
M  END
"
2gtk_Lingo3DMolv2_1201508,2gtk,"2gtk_Lingo3DMolv2_1201508
     RDKit          3D

 61 62  0  0  0  0  0  0  0  0999 V2000
    5.8365   28.0251   18.0462 N   0  0  0  0  0  0  0  0  0  0  0  0
    4.4365   27.0251   16.9462 N   0  0  0  0  0  0  0  0  0  0  0  0
    2.8365   28.2251   17.0462 C   0  0  0  0  0  0  0  0  0  0  0  0
    2.7365   29.1251   15.7462 C   0  0  0  0  0  0  0  0  0  0  0  0
    1.4365   28.9251   15.0462 C   0  0  0  0  0  0  0  0  0  0  0  0
    0.0365   29.0251   15.9462 C   0  0  0  0  0  0  0  0  0  0  0  0
   -0.3635   27.7251   16.4462 C   0  0  0  0  0  0  0  0  0  0  0  0
   -1.4635   27.7251   17.5462 C   0  0  0  0  0  0  0  0  0  0  0  0
   -2.6635   27.8251   17.1462 O   0  0  0  0  0  0  0  0  0  0  0  0
   -1.1635   27.6251   18.8462 N   0  0  0  0  0  0  0  0  0  0  0  0
    0.2365   27.5251   19.4462 C   0  0  0  0  0  0  0  0  0  0  0  0
    1.1365   26.4251   18.9462 C   0  0  0  0  0  0  0  0  0  0  0  0
    2.3365   26.1251   19.8462 C   0  0  0  0  0  0  0  0  0  0  0  0
    2.7365   24.9251   20.2462 C   0  0  0  0  0  0  0  0  0  0  0  0
    4.0365   24.6251   21.0462 C   0  0  0  0  0  0  0  0  0  0  0  0
    4.8365   23.5251   20.4462 N   0  0  0  0  0  0  0  0  0  0  0  0
    5.5365   23.6251   19.3462 C   0  0  0  0  0  0  0  0  0  0  0  0
    5.6365   24.6251   18.7462 O   0  0  0  0  0  0  0  0  0  0  0  0
    6.1365   22.4251   19.0462 N   0  0  0  0  0  0  0  0  0  0  0  0
    6.5365   22.1251   17.9462 C   0  0  0  0  0  0  0  0  0  0  0  0
    6.5365   22.8251   16.6462 C   0  0  0  0  0  0  0  0  0  0  0  0
    6.0365   22.1251   15.5462 C   0  0  0  0  0  0  0  0  0  0  0  0
    6.1365   22.6251   14.2462 C   0  0  0  0  0  0  0  0  0  0  0  0
    6.8365   23.8251   13.9462 C   0  0  0  0  0  0  0  0  0  0  0  0
    7.4365   24.5251   15.0462 C   0  0  0  0  0  0  0  0  0  0  0  0
    8.1365   25.7251   14.8462 C   0  0  0  0  0  0  0  0  0  0  0  0
    8.6365   26.4251   15.9462 C   0  0  0  0  0  0  0  0  0  0  0  0
    8.4365   25.9251   17.1462 C   0  0  0  0  0  0  0  0  0  0  0  0
    7.8365   24.7251   17.4462 N   0  0  0  0  0  4  0  0  0  0  0  0
    7.2365   23.9251   16.4462 C   0  0  0  0  0  0  0  0  0  0  0  0
    5.6463   27.8891   19.0493 H   0  0  0  0  0  0  0  0  0  0  0  0
    6.7736   27.6609   17.8221 H   0  0  0  0  0  0  0  0  0  0  0  0
    4.7485   26.9054   15.9719 H   0  0  0  0  0  0  0  0  0  0  0  0
    1.9281   27.6108   17.1321 H   0  0  0  0  0  0  0  0  0  0  0  0
    2.9364   28.8790   17.9251 H   0  0  0  0  0  0  0  0  0  0  0  0
    2.8288   30.1825   16.0348 H   0  0  0  0  0  0  0  0  0  0  0  0
    3.5471   28.8357   15.0612 H   0  0  0  0  0  0  0  0  0  0  0  0
    1.3712   29.6863   14.2548 H   0  0  0  0  0  0  0  0  0  0  0  0
    1.4679   27.8801   14.7040 H   0  0  0  0  0  0  0  0  0  0  0  0
    0.2060   29.6998   16.7983 H   0  0  0  0  0  0  0  0  0  0  0  0
   -0.7653   29.4090   15.2984 H   0  0  0  0  0  0  0  0  0  0  0  0
   -0.7391   27.1383   15.5949 H   0  0  0  0  0  0  0  0  0  0  0  0
    0.5330   27.3030   16.9240 H   0  0  0  0  0  0  0  0  0  0  0  0
   -1.9540   27.6145   19.5063 H   0  0  0  0  0  0  0  0  0  0  0  0
    0.7462   28.4803   19.2517 H   0  0  0  0  0  0  0  0  0  0  0  0
    0.0678   27.2855   20.5064 H   0  0  0  0  0  0  0  0  0  0  0  0
    0.5379   25.5067   18.8553 H   0  0  0  0  0  0  0  0  0  0  0  0
    1.5462   26.7702   17.9854 H   0  0  0  0  0  0  0  0  0  0  0  0
    2.9241   26.9870   20.1952 H   0  0  0  0  0  0  0  0  0  0  0  0
    2.0943   24.0694   19.9904 H   0  0  0  0  0  0  0  0  0  0  0  0
    4.6529   25.5358   21.0710 H   0  0  0  0  0  0  0  0  0  0  0  0
    3.7399   24.3080   22.0569 H   0  0  0  0  0  0  0  0  0  0  0  0
    4.8397   22.6172   20.9328 H   0  0  0  0  0  0  0  0  0  0  0  0
    6.9945   21.1258   17.9048 H   0  0  0  0  0  0  0  0  0  0  0  0
    5.5500   21.1519   15.7084 H   0  0  0  0  0  0  0  0  0  0  0  0
    5.6569   22.0709   13.4259 H   0  0  0  0  0  0  0  0  0  0  0  0
    6.9151   24.2011   12.9154 H   0  0  0  0  0  0  0  0  0  0  0  0
    8.2905   26.1121   13.8281 H   0  0  0  0  0  0  0  0  0  0  0  0
    9.1835   27.3701   15.8126 H   0  0  0  0  0  0  0  0  0  0  0  0
    8.7851   26.5290   17.9970 H   0  0  0  0  0  0  0  0  0  0  0  0
    7.8237   24.4006   18.4237 H   0  0  0  0  0  0  0  0  0  0  0  0
  1  2  1  0
  2  3  1  0
  3  4  1  0
  4  5  1  0
  5  6  1  0
  6  7  1  0
  7  8  1  0
  8  9  2  0
  8 10  1  0
 10 11  1  0
 11 12  1  0
 12 13  1  0
 13 14  2  0
 14 15  1  0
 15 16  1  0
 16 17  1  0
 17 18  2  0
 17 19  1  0
 19 20  2  3
 21 22  2  0
 22 23  1  0
 23 24  2  0
 24 25  1  0
 25 26  2  0
 26 27  1  0
 27 28  2  0
 28 29  1  0
 29 30  2  0
 30 21  1  0
 30 25  1  0
 20 21  1  0
  1 31  1  0
  1 32  1  0
  2 33  1  0
  3 34  1  0
  3 35  1  0
  4 36  1  0
  4 37  1  0
  5 38  1  0
  5 39  1  0
  6 40  1  0
  6 41  1  0
  7 42  1  0
  7 43  1  0
 10 44  1  0
 11 45  1  0
 11 46  1  0
 12 47  1  0
 12 48  1  0
 13 49  1  0
 14 50  1  0
 15 51  1  0
 15 52  1  0
 16 53  1  0
 20 54  1  0
 22 55  1  0
 23 56  1  0
 24 57  1  0
 26 58  1  0
 27 59  1  0
 28 60  1  0
 29 61  1  0
M  CHG  1  29   1
M  END
"
3hmm_Lingo3DMolv2_1271644,3hmm,"3hmm_Lingo3DMolv2_1271644
     RDKit          3D

 38 40  0  0  0  0  0  0  0  0999 V2000
   13.9388   66.6490    8.1769 N   0  0  0  0  0  0  0  0  0  0  0  0
   13.3388   66.2490    6.9769 N   0  0  0  0  0  0  0  0  0  0  0  0
   14.1388   66.1490    5.8769 C   0  0  0  0  0  0  0  0  0  0  0  0
   15.4388   66.5490    5.8769 C   0  0  0  0  0  0  0  0  0  0  0  0
   16.0388   66.9490    7.0769 C   0  0  0  0  0  0  0  0  0  0  0  0
   15.2388   66.9490    8.2769 C   0  0  0  0  0  0  0  0  0  0  0  0
   15.7388   67.3490    9.4769 N   0  0  0  0  0  0  0  0  0  0  0  0
   16.2388   66.5490    4.6769 O   0  0  0  0  0  0  0  0  0  0  0  0
   16.2388   67.7490    3.9769 C   0  0  0  0  0  0  0  0  0  0  0  0
   14.9388   68.1490    2.9769 S   0  0  0  0  0  0  0  0  0  0  0  0
   17.4388   68.3490    3.9769 N   0  0  0  0  0  2  0  0  0  0  0  0
   18.1388   68.8490    2.9769 C   0  0  0  0  0  0  0  0  0  0  0  0
   17.6388   68.8490    1.7769 N   0  0  0  0  0  0  0  0  0  0  0  0
   18.4388   69.3490    0.7769 N   0  0  0  0  0  4  0  0  0  0  0  0
   19.7388   69.7490    0.9769 C   0  0  0  0  0  0  0  0  0  0  0  0
   20.2388   69.6490    2.2769 C   0  0  0  0  0  0  0  0  0  0  0  0
   19.4388   69.1490    3.2769 C   0  0  0  0  0  0  0  0  0  0  0  0
   20.0388   69.0490    4.6769 C   0  0  0  0  0  0  0  0  0  0  0  0
   13.5388   65.4490    4.6769 C   0  0  0  0  0  0  0  0  0  0  0  0
   13.9388   63.9490    4.3769 C   0  0  0  0  0  0  0  0  0  0  0  0
   12.4388   63.7490    3.9769 C   0  0  0  0  0  0  0  0  0  0  0  0
   12.0388   64.8490    4.8769 C   0  0  0  0  0  0  0  0  0  0  0  0
   17.0948   67.2558    7.1039 H   0  0  0  0  0  0  0  0  0  0  0  0
   15.1395   67.3364   10.3146 H   0  0  0  0  0  0  0  0  0  0  0  0
   16.7167   67.6644    9.5480 H   0  0  0  0  0  0  0  0  0  0  0  0
   18.0438   69.4280   -0.1710 H   0  0  0  0  0  0  0  0  0  0  0  0
   20.3568   70.1303    0.1507 H   0  0  0  0  0  0  0  0  0  0  0  0
   21.2675   69.9686    2.4997 H   0  0  0  0  0  0  0  0  0  0  0  0
   19.2447   69.1813    5.4265 H   0  0  0  0  0  0  0  0  0  0  0  0
   20.5044   68.0608    4.8066 H   0  0  0  0  0  0  0  0  0  0  0  0
   20.7997   69.8327    4.8066 H   0  0  0  0  0  0  0  0  0  0  0  0
   13.7981   66.2637    3.9848 H   0  0  0  0  0  0  0  0  0  0  0  0
   14.6605   63.8150    3.5577 H   0  0  0  0  0  0  0  0  0  0  0  0
   14.4453   63.3112    5.1164 H   0  0  0  0  0  0  0  0  0  0  0  0
   12.2298   63.9422    2.9144 H   0  0  0  0  0  0  0  0  0  0  0  0
   11.9691   62.7589    4.0722 H   0  0  0  0  0  0  0  0  0  0  0  0
   11.2319   65.4891    4.4908 H   0  0  0  0  0  0  0  0  0  0  0  0
   11.6163   64.6597    5.8748 H   0  0  0  0  0  0  0  0  0  0  0  0
  1  2  2  0
  2  3  1  0
  3  4  2  0
  4  5  1  0
  5  6  2  0
  6  1  1  0
  6  7  1  0
  8  9  1  0
  9 10  2  0
  9 11  1  0
  4  8  1  0
 12 13  2  0
 13 14  1  0
 14 15  2  0
 15 16  1  0
 16 17  2  0
 17 12  1  0
 11 12  1  0
 17 18  1  0
 19 20  1  0
 20 21  1  0
 21 22  1  0
 22 19  1  0
  3 19  1  0
  5 23  1  0
  7 24  1  0
  7 25  1  0
 14 26  1  0
 15 27  1  0
 16 28  1  0
 18 29  1  0
 18 30  1  0
 18 31  1  0
 19 32  1  0
 20 33  1  0
 20 34  1  0
 21 35  1  0
 21 36  1  0
 22 37  1  0
 22 38  1  0
M  CHG  2  11  -1  14   1
M  END
"
2ica_Lingo3DMolv2_767758,2ica,"2ica_Lingo3DMolv2_767758
     RDKit          3D

 48 51  0  0  0  0  0  0  0  0999 V2000
  -10.9899    1.2234   26.1460 N   0  0  0  0  0  0  0  0  0  0  0  0
  -10.0899    0.3234   25.4460 C   0  0  0  0  0  0  0  0  0  0  0  0
   -9.3899    0.6234   24.4460 O   0  0  0  0  0  0  0  0  0  0  0  0
  -10.1899   -0.7766   26.0460 N   0  0  0  0  0  0  0  0  0  0  0  0
  -11.0899   -0.7766   27.1460 C   0  0  0  0  0  0  0  0  0  0  0  0
  -11.3899   -1.6766   27.8460 O   0  0  0  0  0  0  0  0  0  0  0  0
  -11.5899    0.6234   27.2460 C   0  0  0  0  0  0  0  0  0  0  0  0
  -13.0899    0.8234   27.1460 C   0  0  0  0  0  0  0  0  0  0  0  0
  -12.9899    1.9234   28.2460 C   0  0  0  0  0  0  0  0  0  0  0  0
  -11.6899    1.3234   28.6460 C   0  0  0  0  0  0  0  0  0  0  0  0
   -9.4899   -1.9766   25.7460 C   0  0  0  0  0  0  0  0  0  0  0  0
   -8.1899   -2.2766   26.5460 C   0  0  0  0  0  0  0  0  0  0  0  0
   -7.2899   -1.2766   26.3460 O   0  0  0  0  0  0  0  0  0  0  0  0
   -5.9899   -1.4766   26.9460 C   0  0  0  0  0  0  0  0  0  0  0  0
   -5.9899   -0.7766   28.2460 C   0  0  0  0  0  0  0  0  0  0  0  0
   -4.9899   -0.5766   29.1460 C   0  0  0  0  0  0  0  0  0  0  0  0
   -5.2899    0.1234   30.2460 C   0  0  0  0  0  0  0  0  0  0  0  0
   -6.6899    0.6234   30.3460 C   0  0  0  0  0  0  0  0  0  0  0  0
   -7.3899    0.2234   28.7460 S   0  0  0  0  0  0  0  0  0  0  0  0
   -7.4899    1.3234   31.4460 C   0  0  0  0  0  0  0  0  0  0  0  0
  -11.1899    2.5234   25.6460 C   0  0  0  0  0  0  0  0  0  0  0  0
  -12.3899    2.8234   24.8460 C   0  0  0  0  0  0  0  0  0  0  0  0
  -12.5899    4.0234   24.3460 C   0  0  0  0  0  0  0  0  0  0  0  0
  -11.6899    5.0234   24.5460 C   0  0  0  0  0  0  0  0  0  0  0  0
  -10.5899    4.8234   25.2460 C   0  0  0  0  0  0  0  0  0  0  0  0
  -10.2899    3.6234   25.7460 C   0  0  0  0  0  0  0  0  0  0  0  0
  -13.4335    1.1911   26.1678 H   0  0  0  0  0  0  0  0  0  0  0  0
  -13.7818   -0.0246   27.2559 H   0  0  0  0  0  0  0  0  0  0  0  0
  -12.9202    2.9513   27.8604 H   0  0  0  0  0  0  0  0  0  0  0  0
  -13.7982    2.0852   28.9743 H   0  0  0  0  0  0  0  0  0  0  0  0
  -10.8951    2.0590   28.8391 H   0  0  0  0  0  0  0  0  0  0  0  0
  -11.6070    0.7355   29.5720 H   0  0  0  0  0  0  0  0  0  0  0  0
   -9.2187   -1.9407   24.6805 H   0  0  0  0  0  0  0  0  0  0  0  0
  -10.1834   -2.7810   26.0321 H   0  0  0  0  0  0  0  0  0  0  0  0
   -8.4274   -2.3463   27.6178 H   0  0  0  0  0  0  0  0  0  0  0  0
   -7.7604   -3.2288   26.2013 H   0  0  0  0  0  0  0  0  0  0  0  0
   -5.8072   -2.5506   27.0976 H   0  0  0  0  0  0  0  0  0  0  0  0
   -5.1967   -1.0828   26.2934 H   0  0  0  0  0  0  0  0  0  0  0  0
   -3.9779   -0.9733   28.9767 H   0  0  0  0  0  0  0  0  0  0  0  0
   -4.5453    0.3187   31.0318 H   0  0  0  0  0  0  0  0  0  0  0  0
   -7.1204    1.0001   32.4303 H   0  0  0  0  0  0  0  0  0  0  0  0
   -7.3708    2.4127   31.3493 H   0  0  0  0  0  0  0  0  0  0  0  0
   -8.5537    1.0608   31.3493 H   0  0  0  0  0  0  0  0  0  0  0  0
  -13.1307    2.0310   24.6638 H   0  0  0  0  0  0  0  0  0  0  0  0
  -13.4980    4.2211   23.7576 H   0  0  0  0  0  0  0  0  0  0  0  0
  -11.8829    6.0174   24.1160 H   0  0  0  0  0  0  0  0  0  0  0  0
   -9.9041    5.6654   25.4215 H   0  0  0  0  0  0  0  0  0  0  0  0
   -9.3221    3.4795   26.2487 H   0  0  0  0  0  0  0  0  0  0  0  0
  1  2  1  0
  2  3  2  0
  2  4  1  0
  4  5  1  0
  5  6  2  0
  5  7  1  0
  7  8  1  0
  8  9  1  0
  9 10  1  0
  7  1  1  0
 10  7  1  0
 11 12  1  0
 12 13  1  0
 13 14  1  0
  4 11  1  0
 15 16  2  0
 16 17  1  0
 17 18  2  0
 18 19  1  0
 19 15  1  0
 14 15  1  0
 18 20  1  0
 21 22  2  0
 22 23  1  0
 23 24  2  0
 24 25  1  0
 25 26  2  0
 26 21  1  0
  1 21  1  0
  8 27  1  0
  8 28  1  0
  9 29  1  0
  9 30  1  0
 10 31  1  0
 10 32  1  0
 11 33  1  0
 11 34  1  0
 12 35  1  0
 12 36  1  0
 14 37  1  0
 14 38  1  0
 16 39  1  0
 17 40  1  0
 20 41  1  0
 20 42  1  0
 20 43  1  0
 22 44  1  0
 23 45  1  0
 24 46  1  0
 25 47  1  0
 26 48  1  0
M  END
"
2v3f_Lingo3DMolv2_851992,2v3f,"2v3f_Lingo3DMolv2_851992
     RDKit          3D

 20 20  0  0  0  0  0  0  0  0999 V2000
   31.4001   36.4688  -21.9795 O   0  0  0  0  0  0  0  0  0  0  0  0
   31.8001   35.4688  -20.9795 C   0  0  2  0  0  0  0  0  0  0  0  0
   30.6001   35.1688  -20.1795 C   0  0  0  0  0  0  0  0  0  0  0  0
   29.6001   34.8688  -20.5795 O   0  0  0  0  0  0  0  0  0  0  0  0
   32.9001   36.1688  -19.9795 C   0  0  2  0  0  0  0  0  0  0  0  0
   32.4001   37.3688  -19.3795 O   0  0  0  0  0  0  0  0  0  0  0  0
   34.2001   36.5688  -20.7795 C   0  0  2  0  0  0  0  0  0  0  0  0
   35.1001   35.5688  -20.9795 O   0  0  0  0  0  0  0  0  0  0  0  0
   35.5001   36.6688  -20.0795 C   0  0  2  0  0  0  0  0  0  0  0  0
   35.6001   36.3688  -18.6795 C   0  0  0  0  0  0  0  0  0  0  0  0
   31.0745   37.2830  -21.5200 H   0  0  0  0  0  0  0  0  0  0  0  0
   32.2173   34.5665  -21.4505 H   0  0  0  0  0  0  0  0  0  0  0  0
   30.6970   35.2473  -19.0866 H   0  0  0  0  0  0  0  0  0  0  0  0
   33.1182   35.4239  -19.2000 H   0  0  0  0  0  0  0  0  0  0  0  0
   32.4353   37.2843  -18.3938 H   0  0  0  0  0  0  0  0  0  0  0  0
   33.6505   37.2756  -21.4186 H   0  0  0  0  0  0  0  0  0  0  0  0
   36.2971   37.4229  -20.0004 H   0  0  0  0  0  0  0  0  0  0  0  0
   35.3058   37.2519  -18.0934 H   0  0  0  0  0  0  0  0  0  0  0  0
   34.9336   35.5283  -18.4361 H   0  0  0  0  0  0  0  0  0  0  0  0
   36.6377   36.0963  -18.4361 H   0  0  0  0  0  0  0  0  0  0  0  0
  2  1  1  0
  2  3  1  0
  3  4  2  0
  2  5  1  0
  5  6  1  0
  7  8  1  0
  8  9  1  0
  9  7  1  0
  5  7  1  0
  9 10  1  0
  1 11  1  0
  2 12  1  6
  3 13  1  0
  5 14  1  1
  6 15  1  0
  7 16  1  6
  9 17  1  6
 10 18  1  0
 10 19  1  0
 10 20  1  0
M  END
"
3nxu_Lingo3DMolv2_63482,3nxu,"3nxu_Lingo3DMolv2_63482
     RDKit          3D

 81 81  0  0  0  0  0  0  0  0999 V2000
   28.9366  -28.0693  -18.3177 O   0  0  0  0  0  0  0  0  0  0  0  0
   29.1366  -29.0693  -19.4177 C   0  0  2  0  0  0  0  0  0  0  0  0
   28.1366  -28.7693  -20.5177 C   0  0  2  0  0  0  0  0  0  0  0  0
   28.3366  -27.3693  -21.3177 C   0  0  0  0  0  0  0  0  0  0  0  0
   29.6366  -27.1693  -21.9177 C   0  0  0  0  0  0  0  0  0  0  0  0
   30.5366  -27.9693  -21.8177 O   0  0  0  0  0  0  0  0  0  0  0  0
   29.9366  -25.7693  -22.6177 C   0  0  0  0  0  0  0  0  0  0  0  0
   28.8366  -24.7693  -22.5177 C   0  0  0  0  0  0  0  0  0  0  0  0
   29.2366  -23.4693  -23.1177 C   0  0  0  0  0  0  0  0  0  0  0  0
   26.8366  -28.8693  -20.0177 O   0  0  0  0  0  0  0  0  0  0  0  0
   25.8366  -29.1693  -20.9177 C   0  0  0  0  0  0  0  0  0  0  0  0
   24.5366  -29.4693  -20.2177 C   0  0  2  0  0  0  0  0  0  0  0  0
   23.4366  -29.8693  -21.2177 C   0  0  0  0  0  0  0  0  0  0  0  0
   24.0366  -28.2693  -19.5177 N   0  0  0  0  0  0  0  0  0  0  0  0
   24.7366  -30.6693  -19.1177 C   0  0  2  0  0  0  0  0  0  0  0  0
   25.3366  -31.9693  -19.8177 C   0  0  0  0  0  0  0  0  0  0  0  0
   23.4366  -30.9693  -18.3177 C   0  0  0  0  0  0  0  0  0  0  0  0
   22.4366  -31.3693  -18.9177 O   0  0  0  0  0  0  0  0  0  0  0  0
   23.5366  -30.8693  -17.1177 N   0  0  0  0  0  0  0  0  0  0  0  0
   22.5366  -31.0693  -16.1177 C   0  0  0  0  0  0  0  0  0  0  0  0
   22.2366  -32.5693  -15.8177 C   0  0  0  0  0  0  0  0  0  0  0  0
   21.6366  -33.3693  -17.0177 C   0  0  0  0  0  0  0  0  0  0  0  0
   20.5366  -33.0693  -17.4177 O   0  0  0  0  0  0  0  0  0  0  0  0
   22.3366  -34.3693  -17.4177 N   0  0  0  0  0  0  0  0  0  0  0  0
   22.0366  -35.2693  -18.5177 C   0  0  1  0  0  0  0  0  0  0  0  0
   20.7366  -36.0693  -18.3177 C   0  0  0  0  0  0  0  0  0  0  0  0
   20.1366  -36.6693  -19.8177 S   0  0  0  0  0  0  0  0  0  0  0  0
   22.0366  -34.5693  -19.8177 N   0  0  0  0  0  0  0  0  0  0  0  0
   20.9366  -33.5693  -20.0177 C   0  0  0  0  0  0  0  0  0  0  0  0
   20.1366  -32.8693  -20.1177 N   0  0  0  0  0  0  0  0  0  0  0  0
   23.2366  -34.5693  -20.6177 C   0  0  0  0  0  0  0  0  0  0  0  0
   23.5366  -35.7693  -21.1177 O   0  0  0  0  0  0  0  0  0  0  0  0
   23.2366  -34.9693  -21.7177 O   0  0  0  0  0  0  0  0  0  0  0  0
   29.2366  -30.4693  -18.8177 C   0  0  0  0  0  0  0  0  0  0  0  0
   28.1366  -30.8693  -18.3177 F   0  0  0  0  0  0  0  0  0  0  0  0
   30.1366  -30.5693  -17.9177 F   0  0  0  0  0  0  0  0  0  0  0  0
   25.5366  -33.0693  -18.8177 C   0  0  0  0  0  0  0  0  0  0  0  0
   26.7366  -33.2693  -18.1177 C   0  0  0  0  0  0  0  0  0  0  0  0
   26.8366  -34.3693  -17.2177 C   0  0  0  0  0  0  0  0  0  0  0  0
   25.7366  -35.2693  -17.1177 C   0  0  0  0  0  0  0  0  0  0  0  0
   24.5366  -35.0693  -17.8177 C   0  0  0  0  0  0  0  0  0  0  0  0
   24.4366  -33.9693  -18.6177 C   0  0  0  0  0  0  0  0  0  0  0  0
   29.0268  -28.5205  -17.4412 H   0  0  0  0  0  0  0  0  0  0  0  0
   30.0978  -28.9996  -19.9479 H   0  0  0  0  0  0  0  0  0  0  0  0
   28.3288  -29.5359  -21.2828 H   0  0  0  0  0  0  0  0  0  0  0  0
   27.5845  -27.3279  -22.1195 H   0  0  0  0  0  0  0  0  0  0  0  0
   28.2295  -26.5756  -20.5637 H   0  0  0  0  0  0  0  0  0  0  0  0
   30.8337  -25.3383  -22.1493 H   0  0  0  0  0  0  0  0  0  0  0  0
   30.0641  -25.9814  -23.6895 H   0  0  0  0  0  0  0  0  0  0  0  0
   27.9531  -25.1531  -23.0490 H   0  0  0  0  0  0  0  0  0  0  0  0
   28.6087  -24.6068  -21.4539 H   0  0  0  0  0  0  0  0  0  0  0  0
   29.4583  -22.7486  -22.3169 H   0  0  0  0  0  0  0  0  0  0  0  0
   30.1321  -23.6128  -23.7402 H   0  0  0  0  0  0  0  0  0  0  0  0
   28.4152  -23.0845  -23.7402 H   0  0  0  0  0  0  0  0  0  0  0  0
   25.6910  -28.3107  -21.5898 H   0  0  0  0  0  0  0  0  0  0  0  0
   26.1381  -30.0627  -21.4841 H   0  0  0  0  0  0  0  0  0  0  0  0
   22.5415  -30.1947  -20.6674 H   0  0  0  0  0  0  0  0  0  0  0  0
   23.1842  -29.0054  -21.8502 H   0  0  0  0  0  0  0  0  0  0  0  0
   23.7980  -30.6935  -21.8502 H   0  0  0  0  0  0  0  0  0  0  0  0
   24.0974  -28.4152  -18.4999 H   0  0  0  0  0  0  0  0  0  0  0  0
   24.6081  -27.4543  -19.7825 H   0  0  0  0  0  0  0  0  0  0  0  0
   25.4654  -30.3220  -18.3707 H   0  0  0  0  0  0  0  0  0  0  0  0
   24.6405  -32.3128  -20.5972 H   0  0  0  0  0  0  0  0  0  0  0  0
   26.3109  -31.7135  -20.2597 H   0  0  0  0  0  0  0  0  0  0  0  0
   24.4687  -30.6040  -16.7689 H   0  0  0  0  0  0  0  0  0  0  0  0
   22.8763  -30.5909  -15.1873 H   0  0  0  0  0  0  0  0  0  0  0  0
   21.6057  -30.6277  -16.5033 H   0  0  0  0  0  0  0  0  0  0  0  0
   23.1781  -33.0538  -15.5199 H   0  0  0  0  0  0  0  0  0  0  0  0
   21.4736  -32.5803  -15.0254 H   0  0  0  0  0  0  0  0  0  0  0  0
   23.2081  -34.5536  -16.9006 H   0  0  0  0  0  0  0  0  0  0  0  0
   22.8542  -36.0050  -18.5263 H   0  0  0  0  0  0  0  0  0  0  0  0
   20.9369  -36.9174  -17.6465 H   0  0  0  0  0  0  0  0  0  0  0  0
   19.9795  -35.4003  -17.8825 H   0  0  0  0  0  0  0  0  0  0  0  0
   19.1826  -37.6232  -19.5792 H   0  0  0  0  0  0  0  0  0  0  0  0
   24.3415  -35.8829  -21.6828 H   0  0  0  0  0  0  0  0  0  0  0  0
   29.5093  -31.1056  -19.6726 H   0  0  0  0  0  0  0  0  0  0  0  0
   27.5872  -32.5869  -18.2618 H   0  0  0  0  0  0  0  0  0  0  0  0
   27.7431  -34.5204  -16.6134 H   0  0  0  0  0  0  0  0  0  0  0  0
   25.8311  -36.1524  -16.4688 H   0  0  0  0  0  0  0  0  0  0  0  0
   23.7013  -35.7789  -17.7239 H   0  0  0  0  0  0  0  0  0  0  0  0
   23.4825  -33.7653  -19.1259 H   0  0  0  0  0  0  0  0  0  0  0  0
  2  1  1  0
  2  3  1  0
  3  4  1  0
  4  5  1  0
  5  6  2  0
  5  7  1  0
  7  8  1  0
  8  9  1  0
  3 10  1  0
 10 11  1  0
 11 12  1  0
 12 13  1  0
 12 14  1  1
 12 15  1  0
 15 16  1  0
 15 17  1  0
 17 18  2  0
 17 19  1  0
 19 20  1  0
 20 21  1  0
 21 22  1  0
 22 23  2  0
 22 24  1  0
 24 25  1  0
 25 26  1  0
 26 27  1  0
 25 28  1  0
 28 29  1  0
 29 30  3  0
 28 31  1  0
 31 32  1  0
 31 33  2  0
  2 34  1  0
 34 35  1  0
 34 36  1  0
 37 38  2  0
 38 39  1  0
 39 40  2  0
 40 41  1  0
 41 42  2  0
 42 37  1  0
 16 37  1  0
  1 43  1  0
  2 44  1  6
  3 45  1  6
  4 46  1  0
  4 47  1  0
  7 48  1  0
  7 49  1  0
  8 50  1  0
  8 51  1  0
  9 52  1  0
  9 53  1  0
  9 54  1  0
 11 55  1  0
 11 56  1  0
 13 57  1  0
 13 58  1  0
 13 59  1  0
 14 60  1  0
 14 61  1  0
 15 62  1  1
 16 63  1  0
 16 64  1  0
 19 65  1  0
 20 66  1  0
 20 67  1  0
 21 68  1  0
 21 69  1  0
 24 70  1  0
 25 71  1  6
 26 72  1  0
 26 73  1  0
 27 74  1  0
 32 75  1  0
 34 76  1  0
 38 77  1  0
 39 78  1  0
 40 79  1  0
 41 80  1  0
 42 81  1  0
M  END
"
3el8_Lingo3DMolv2_557324,3el8,"3el8_Lingo3DMolv2_557324
     RDKit          3D

 47 50  0  0  0  0  0  0  0  0999 V2000
   -3.0358    3.2778    8.1297 C   0  0  0  0  0  0  0  0  0  0  0  0
   -1.9358    3.8778    8.7297 C   0  0  0  0  0  0  0  0  0  0  0  0
   -1.0358    2.8778    9.0297 C   0  0  0  0  0  0  0  0  0  0  0  0
   -1.5358    1.6778    8.6297 C   0  0  0  0  0  0  0  0  0  0  0  0
   -2.8358    1.7778    8.3297 N   0  0  0  0  0  0  0  0  0  0  0  0
    0.2642    3.1778    9.6297 C   0  0  0  0  0  0  0  0  0  0  0  0
    0.5642    4.5778    9.8297 N   0  0  0  0  0  0  0  0  0  0  0  0
    1.3642    5.2778    9.0297 C   0  0  0  0  0  0  0  0  0  0  0  0
    2.4642    4.6778    8.3297 C   0  0  0  0  0  0  0  0  0  0  0  0
    3.3642    5.4778    7.5297 C   0  0  0  0  0  0  0  0  0  0  0  0
    3.1642    6.7778    7.4297 C   0  0  0  0  0  0  0  0  0  0  0  0
    4.0642    7.5778    6.7297 N   0  0  0  0  0  0  0  0  0  0  0  0
    3.8642    8.8778    6.5297 C   0  0  0  0  0  0  0  0  0  0  0  0
    2.7642    9.4778    6.9297 N   0  0  0  0  0  0  0  0  0  0  0  0
    1.6642    8.8778    7.7297 C   0  0  0  0  0  0  0  0  0  0  0  0
    0.6642    9.5778    8.0297 O   0  0  0  0  0  0  0  0  0  0  0  0
    1.9642    7.3778    8.0297 C   0  0  0  0  0  0  0  0  0  0  0  0
    1.0642    6.5778    8.7297 C   0  0  0  0  0  0  0  0  0  0  0  0
    4.8642    9.6778    5.8297 C   0  0  0  0  0  0  0  0  0  0  0  0
    4.5642   10.8778    5.1297 C   0  0  0  0  0  0  0  0  0  0  0  0
    5.4642   11.5778    4.4297 C   0  0  0  0  0  0  0  0  0  0  0  0
    6.7642   11.1778    4.4297 C   0  0  0  0  0  0  0  0  0  0  0  0
    7.1642   10.0778    5.1297 C   0  0  0  0  0  0  0  0  0  0  0  0
    6.1642    9.3778    5.8297 C   0  0  0  0  0  0  0  0  0  0  0  0
    6.7642    8.1778    6.6297 C   0  0  1  0  0  0  0  0  0  0  0  0
    7.8642    7.3778    5.9297 C   0  0  0  0  0  0  0  0  0  0  0  0
    7.4642    8.5778    7.8297 O   0  0  0  0  0  0  0  0  0  0  0  0
   -3.8725    3.7772    7.6193 H   0  0  0  0  0  0  0  0  0  0  0  0
   -1.8069    4.9519    8.9286 H   0  0  0  0  0  0  0  0  0  0  0  0
   -0.9498    0.7493    8.5620 H   0  0  0  0  0  0  0  0  0  0  0  0
   -3.5336    1.0241    8.2524 H   0  0  0  0  0  0  0  0  0  0  0  0
    1.0417    2.7576    8.9748 H   0  0  0  0  0  0  0  0  0  0  0  0
    0.2344    2.7351   10.6363 H   0  0  0  0  0  0  0  0  0  0  0  0
    0.1361    5.0585   10.6338 H   0  0  0  0  0  0  0  0  0  0  0  0
    2.6250    3.5920    8.4031 H   0  0  0  0  0  0  0  0  0  0  0  0
    4.2098    5.0057    7.0081 H   0  0  0  0  0  0  0  0  0  0  0  0
    2.6534   10.4658    6.6608 H   0  0  0  0  0  0  0  0  0  0  0  0
    0.0980    6.9978    9.0459 H   0  0  0  0  0  0  0  0  0  0  0  0
    3.5309   11.2532    5.1656 H   0  0  0  0  0  0  0  0  0  0  0  0
    5.1561   12.4671    3.8604 H   0  0  0  0  0  0  0  0  0  0  0  0
    7.5060   11.7516    3.8550 H   0  0  0  0  0  0  0  0  0  0  0  0
    8.2154    9.7541    5.1463 H   0  0  0  0  0  0  0  0  0  0  0  0
    5.8459    7.5927    6.7863 H   0  0  0  0  0  0  0  0  0  0  0  0
    8.5117    6.9069    6.6841 H   0  0  0  0  0  0  0  0  0  0  0  0
    7.4077    6.5992    5.3009 H   0  0  0  0  0  0  0  0  0  0  0  0
    8.4642    8.0519    5.3009 H   0  0  0  0  0  0  0  0  0  0  0  0
    6.9513    8.2847    8.6242 H   0  0  0  0  0  0  0  0  0  0  0  0
  1  2  2  0
  2  3  1  0
  3  4  2  0
  4  5  1  0
  5  1  1  0
  6  7  1  0
  3  6  1  0
  8  9  2  0
  9 10  1  0
 10 11  2  0
 11 12  1  0
 12 13  2  0
 13 14  1  0
 14 15  1  0
 15 16  2  0
 15 17  1  0
 17 18  2  0
 18  8  1  0
 17 11  1  0
  7  8  1  0
 19 20  2  0
 20 21  1  0
 21 22  2  0
 22 23  1  0
 23 24  2  0
 24 19  1  0
 13 19  1  0
 25 26  1  0
 25 27  1  0
 24 25  1  0
  1 28  1  0
  2 29  1  0
  4 30  1  0
  5 31  1  0
  6 32  1  0
  6 33  1  0
  7 34  1  0
  9 35  1  0
 10 36  1  0
 14 37  1  0
 18 38  1  0
 20 39  1  0
 21 40  1  0
 22 41  1  0
 23 42  1  0
 25 43  1  1
 26 44  1  0
 26 45  1  0
 26 46  1  0
 27 47  1  0
M  END
"
3bqd_Lingo3DMolv2_670332,3bqd,"3bqd_Lingo3DMolv2_670332
     RDKit          3D

 54 56  0  0  0  0  0  0  0  0999 V2000
   39.3918   26.7998   11.2806 N   0  0  0  0  0  0  0  0  0  0  0  0
   40.2918   26.3998   10.0806 C   0  0  2  0  0  0  0  0  0  0  0  0
   41.5918   27.0998   10.1806 C   0  0  0  0  0  0  0  0  0  0  0  0
   42.2918   26.7998   11.2806 O   0  0  0  0  0  0  0  0  0  0  0  0
   43.1918   25.6998   11.2806 C   0  0  0  0  0  0  0  0  0  0  0  0
   44.2918   25.8998   10.2806 C   0  0  0  0  0  0  0  0  0  0  0  0
   39.5918   26.6998    8.8806 C   0  0  0  0  0  0  0  0  0  0  0  0
   39.0918   28.0998    8.5806 C   0  0  0  0  0  0  0  0  0  0  0  0
   39.8918   28.3998   11.6806 S   0  0  0  0  0  0  0  0  0  0  0  0
   39.0918   28.7998   12.7806 O   0  0  0  0  0  0  0  0  0  0  0  0
   41.2918   28.4998   11.8806 O   0  0  0  0  0  0  0  0  0  0  0  0
   39.2918   29.4998   10.1806 C   0  0  0  0  0  0  0  0  0  0  0  0
   38.3918   30.4998   10.2806 C   0  0  0  0  0  0  0  0  0  0  0  0
   38.3918   31.1998    9.0806 C   0  0  0  0  0  0  0  0  0  0  0  0
   37.5918   32.3998    8.6806 C   0  0  0  0  0  0  0  0  0  0  0  0
   37.8918   32.9998    7.4806 C   0  0  0  0  0  0  0  0  0  0  0  0
   38.8918   32.5998    6.6806 C   0  0  0  0  0  0  0  0  0  0  0  0
   39.6918   31.4998    7.0806 C   0  0  0  0  0  0  0  0  0  0  0  0
   39.3918   30.7998    8.2806 C   0  0  0  0  0  0  0  0  0  0  0  0
   39.9918   29.6998    8.8806 N   0  0  0  0  0  0  0  0  0  0  0  0
   40.7918   30.9998    6.1806 C   0  0  0  0  0  0  0  0  0  0  0  0
   37.0918   34.1998    7.1806 O   0  0  0  0  0  0  0  0  0  0  0  0
   37.4918   35.0998    6.3806 C   0  0  0  0  0  0  0  0  0  0  0  0
   37.2918   34.8998    4.9806 C   0  0  0  0  0  0  0  0  0  0  0  0
   37.5918   35.8998    4.0806 C   0  0  0  0  0  0  0  0  0  0  0  0
   37.9918   37.1998    4.5806 C   0  0  0  0  0  0  0  0  0  0  0  0
   38.1918   37.3998    5.9806 C   0  0  0  0  0  0  0  0  0  0  0  0
   37.8918   36.3998    6.8806 C   0  0  0  0  0  0  0  0  0  0  0  0
   38.0918   36.5998    8.1806 F   0  0  0  0  0  0  0  0  0  0  0  0
   36.8918   33.6998    4.4806 F   0  0  0  0  0  0  0  0  0  0  0  0
   38.3979   26.7857   11.0108 H   0  0  0  0  0  0  0  0  0  0  0  0
   40.5136   25.3224   10.0849 H   0  0  0  0  0  0  0  0  0  0  0  0
   42.1971   26.8311    9.3023 H   0  0  0  0  0  0  0  0  0  0  0  0
   41.3690   28.1759   10.2307 H   0  0  0  0  0  0  0  0  0  0  0  0
   43.6326   25.5967   12.2832 H   0  0  0  0  0  0  0  0  0  0  0  0
   42.6333   24.7924   11.0076 H   0  0  0  0  0  0  0  0  0  0  0  0
   45.2410   26.0724   10.8092 H   0  0  0  0  0  0  0  0  0  0  0  0
   44.3813   25.0032    9.6497 H   0  0  0  0  0  0  0  0  0  0  0  0
   44.0600   26.7705    9.6497 H   0  0  0  0  0  0  0  0  0  0  0  0
   40.2638   26.4271    8.0536 H   0  0  0  0  0  0  0  0  0  0  0  0
   38.6549   26.1378    9.0082 H   0  0  0  0  0  0  0  0  0  0  0  0
   38.9020   28.6315    9.5247 H   0  0  0  0  0  0  0  0  0  0  0  0
   39.8513   28.6438    7.9998 H   0  0  0  0  0  0  0  0  0  0  0  0
   38.1596   28.0396    7.9998 H   0  0  0  0  0  0  0  0  0  0  0  0
   37.7674   30.7220   11.1585 H   0  0  0  0  0  0  0  0  0  0  0  0
   36.7902   32.7889    9.3256 H   0  0  0  0  0  0  0  0  0  0  0  0
   39.0879   33.1170    5.7297 H   0  0  0  0  0  0  0  0  0  0  0  0
   40.7659   29.1353    8.5024 H   0  0  0  0  0  0  0  0  0  0  0  0
   41.6235   30.6218    6.7933 H   0  0  0  0  0  0  0  0  0  0  0  0
   40.4059   30.1887    5.5457 H   0  0  0  0  0  0  0  0  0  0  0  0
   41.1492   31.8240    5.5457 H   0  0  0  0  0  0  0  0  0  0  0  0
   37.5285   35.7137    2.9983 H   0  0  0  0  0  0  0  0  0  0  0  0
   38.1418   38.0346    3.8802 H   0  0  0  0  0  0  0  0  0  0  0  0
   38.5884   38.3595    6.3435 H   0  0  0  0  0  0  0  0  0  0  0  0
  1  2  1  0
  2  3  1  0
  3  4  1  0
  4  5  1  0
  5  6  1  0
  2  7  1  0
  7  8  1  0
  1  9  1  0
  9 10  2  0
  9 11  2  0
 12 13  2  0
 13 14  1  0
 14 15  2  0
 15 16  1  0
 16 17  2  0
 17 18  1  0
 18 19  2  0
 19 20  1  0
 20 12  1  0
 19 14  1  0
  9 12  1  0
 18 21  1  0
 16 22  1  0
 23 24  2  0
 24 25  1  0
 25 26  2  0
 26 27  1  0
 27 28  2  0
 28 23  1  0
 22 23  1  0
 28 29  1  0
 24 30  1  0
  1 31  1  0
  2 32  1  1
  3 33  1  0
  3 34  1  0
  5 35  1  0
  5 36  1  0
  6 37  1  0
  6 38  1  0
  6 39  1  0
  7 40  1  0
  7 41  1  0
  8 42  1  0
  8 43  1  0
  8 44  1  0
 13 45  1  0
 15 46  1  0
 17 47  1  0
 20 48  1  0
 21 49  1  0
 21 50  1  0
 21 51  1  0
 25 52  1  0
 26 53  1  0
 27 54  1  0
M  END
"
2owb_Lingo3DMolv2_1254372,2owb,"2owb_Lingo3DMolv2_1254372
     RDKit          3D

 66 70  0  0  0  0  0  0  0  0999 V2000
    1.4114   27.3945   68.2810 N   0  0  0  0  0  0  0  0  0  0  0  0
    1.4114   28.4945   67.3810 C   0  0  0  0  0  0  0  0  0  0  0  0
    0.6114   28.4945   66.2810 C   0  0  0  0  0  0  0  0  0  0  0  0
   -0.1886   27.3945   65.9810 N   0  0  0  0  0  0  0  0  0  0  0  0
   -0.2886   26.3945   66.8810 C   0  0  0  0  0  0  0  0  0  0  0  0
    0.5114   26.3945   68.0810 C   0  0  0  0  0  0  0  0  0  0  0  0
    0.5114   25.3945   69.0810 N   0  0  0  0  0  0  0  0  0  0  0  0
   -0.2886   24.1945   69.2810 C   0  0  0  0  0  0  0  0  0  0  0  0
   -1.4886   23.8945   68.4810 C   0  0  0  0  0  0  0  0  0  0  0  0
   -2.1886   22.6945   68.6810 C   0  0  0  0  0  0  0  0  0  0  0  0
   -1.7886   21.7945   69.6810 C   0  0  0  0  0  0  0  0  0  0  0  0
   -0.5886   22.0945   70.4810 C   0  0  0  0  0  0  0  0  0  0  0  0
    0.1114   23.2945   70.2810 C   0  0  0  0  0  0  0  0  0  0  0  0
    1.2114   23.5945   71.0810 O   0  0  0  0  0  0  0  0  0  0  0  0
   -0.1886   21.1945   71.4810 N   0  0  0  0  0  0  0  0  0  0  0  0
   -0.9886   20.1945   72.1810 C   0  0  0  0  0  0  0  0  0  0  0  0
   -2.0886   20.1945   72.1810 O   0  0  0  0  0  0  0  0  0  0  0  0
   -0.1886   19.4945   73.0810 N   0  0  0  0  0  0  0  0  0  0  0  0
   -0.7886   18.2945   73.8810 C   0  0  0  0  0  0  0  0  0  0  0  0
   -1.1886   17.0945   73.0810 C   0  0  0  0  0  0  0  0  0  0  0  0
   -0.1886   16.5945   72.0810 C   0  0  0  0  0  0  0  0  0  0  0  0
   -0.3886   16.9945   70.6810 C   0  0  0  0  0  0  0  0  0  0  0  0
    0.3114   18.1945   70.2810 C   0  0  0  0  0  0  0  0  0  0  0  0
    0.4114   19.2945   71.2810 C   0  0  0  0  0  0  0  0  0  0  0  0
    0.6114   29.5945   65.2810 C   0  0  0  0  0  0  0  0  0  0  0  0
    1.2114   30.5945   65.4810 O   0  0  0  0  0  0  0  0  0  0  0  0
   -0.1886   29.4945   64.1810 N   0  0  0  0  0  0  0  0  0  0  0  0
   -0.9886   28.3945   63.7810 C   0  0  1  0  0  0  0  0  0  0  0  0
   -1.7886   28.4945   62.4810 C   0  0  2  0  0  0  0  0  0  0  0  0
   -2.1886   27.2945   61.7810 C   0  0  0  0  0  0  0  0  0  0  0  0
   -1.0886   26.2945   61.4810 N   0  0  0  0  0  0  0  0  0  0  0  0
    0.2114   26.8945   61.0810 C   0  0  0  0  0  0  0  0  0  0  0  0
    0.7114   27.6945   62.0810 O   0  0  0  0  0  0  0  0  0  0  0  0
   -0.2886   28.6945   62.7810 C   0  0  2  0  0  0  0  0  0  0  0  0
   -1.3886   25.1945   60.7810 C   0  0  0  0  0  0  0  0  0  0  0  0
    2.0664   29.3564   67.5764 H   0  0  0  0  0  0  0  0  0  0  0  0
   -0.9902   25.5675   66.6970 H   0  0  0  0  0  0  0  0  0  0  0  0
    1.2187   25.5452   69.8144 H   0  0  0  0  0  0  0  0  0  0  0  0
   -1.8371   24.6131   67.7246 H   0  0  0  0  0  0  0  0  0  0  0  0
   -3.0573   22.4576   68.0492 H   0  0  0  0  0  0  0  0  0  0  0  0
   -2.3646   20.8756   69.8652 H   0  0  0  0  0  0  0  0  0  0  0  0
    1.7079   24.4399   70.9431 H   0  0  0  0  0  0  0  0  0  0  0  0
    0.8021   21.2468   71.7578 H   0  0  0  0  0  0  0  0  0  0  0  0
   -0.0354   17.9716   74.6148 H   0  0  0  0  0  0  0  0  0  0  0  0
   -1.7213   18.6752   74.3227 H   0  0  0  0  0  0  0  0  0  0  0  0
   -1.3943   16.2758   73.7862 H   0  0  0  0  0  0  0  0  0  0  0  0
   -2.0580   17.4156   72.4885 H   0  0  0  0  0  0  0  0  0  0  0  0
    0.8020   16.9581   72.3918 H   0  0  0  0  0  0  0  0  0  0  0  0
   -0.3029   15.5005   72.0848 H   0  0  0  0  0  0  0  0  0  0  0  0
   -0.0462   16.1699   70.0385 H   0  0  0  0  0  0  0  0  0  0  0  0
   -1.4610   17.2153   70.5752 H   0  0  0  0  0  0  0  0  0  0  0  0
    1.3362   17.9031   70.0071 H   0  0  0  0  0  0  0  0  0  0  0  0
   -0.2918   18.6126   69.4616 H   0  0  0  0  0  0  0  0  0  0  0  0
    1.4954   19.4647   71.3581 H   0  0  0  0  0  0  0  0  0  0  0  0
   -0.3763   19.9189   70.8342 H   0  0  0  0  0  0  0  0  0  0  0  0
   -0.2148   30.3196   63.5650 H   0  0  0  0  0  0  0  0  0  0  0  0
   -1.3464   27.7486   64.5963 H   0  0  0  0  0  0  0  0  0  0  0  0
   -2.6566   29.0399   62.0820 H   0  0  0  0  0  0  0  0  0  0  0  0
   -2.9465   26.7853   62.3944 H   0  0  0  0  0  0  0  0  0  0  0  0
   -2.5524   27.6341   60.8000 H   0  0  0  0  0  0  0  0  0  0  0  0
    0.9304   26.0889   60.8710 H   0  0  0  0  0  0  0  0  0  0  0  0
    0.0524   27.5113   60.1842 H   0  0  0  0  0  0  0  0  0  0  0  0
    0.4394   29.5091   62.6529 H   0  0  0  0  0  0  0  0  0  0  0  0
   -1.6136   24.3695   61.4729 H   0  0  0  0  0  0  0  0  0  0  0  0
   -2.2659   25.3911   60.1472 H   0  0  0  0  0  0  0  0  0  0  0  0
   -0.5329   24.9185   60.1472 H   0  0  0  0  0  0  0  0  0  0  0  0
  1  2  2  0
  2  3  1  0
  3  4  2  0
  4  5  1  0
  5  6  2  0
  6  1  1  0
  6  7  1  0
  8  9  2  0
  9 10  1  0
 10 11  2  0
 11 12  1  0
 12 13  2  0
 13  8  1  0
  7  8  1  0
 13 14  1  0
 15 16  1  0
 16 17  2  0
 12 15  1  0
 18 19  1  0
 19 20  1  0
 20 21  1  0
 21 22  1  0
 22 23  1  0
 23 24  1  0
 24 18  1  0
 16 18  1  0
 25 26  2  0
 25 27  1  0
  3 25  1  0
 28 29  1  0
 29 30  1  0
 30 31  1  0
 31 32  1  0
 32 33  1  0
 34 33  1  0
 34 28  1  0
 34 29  1  0
 27 28  1  0
 31 35  1  0
  2 36  1  0
  5 37  1  0
  7 38  1  0
  9 39  1  0
 10 40  1  0
 11 41  1  0
 14 42  1  0
 15 43  1  0
 19 44  1  0
 19 45  1  0
 20 46  1  0
 20 47  1  0
 21 48  1  0
 21 49  1  0
 22 50  1  0
 22 51  1  0
 23 52  1  0
 23 53  1  0
 24 54  1  0
 24 55  1  0
 27 56  1  0
 28 57  1  1
 29 58  1  1
 30 59  1  0
 30 60  1  0
 32 61  1  0
 32 62  1  0
 34 63  1  1
 35 64  1  0
 35 65  1  0
 35 66  1  0
M  END
"
2b8t_Lingo3DMolv2_130411,2b8t,"2b8t_Lingo3DMolv2_130411
     RDKit          3D

 23 23  0  0  0  0  0  0  0  0999 V2000
   30.3825   10.8717    6.8397 C   0  0  0  0  0  0  0  0  0  0  0  0
   29.6825   11.7717    6.2397 N   0  0  0  0  0  0  0  0  0  0  0  0
   29.7825   10.3717    8.0397 N   0  0  0  0  0  0  0  0  0  0  0  0
   28.5825   11.0717    8.6397 C   0  0  0  0  0  0  0  0  0  0  0  0
   30.3825    9.2717    8.7397 C   0  0  2  0  0  0  0  0  0  0  0  0
   31.8825    9.2717    8.7397 N   0  0  0  0  0  4  0  0  0  0  0  0
   32.2825    7.8717    8.8397 C   0  0  2  0  0  0  0  0  0  0  0  0
   31.1825    7.0717    8.1397 C   0  0  0  0  0  0  0  0  0  0  0  0
   30.1825    7.9717    8.1397 O   0  0  0  0  0  0  0  0  0  0  0  0
   32.3825    7.4717   10.1397 F   0  0  0  0  0  0  0  0  0  0  0  0
   30.5278   10.0286    6.1483 H   0  0  0  0  0  0  0  0  0  0  0  0
   31.3301   11.3478    7.1320 H   0  0  0  0  0  0  0  0  0  0  0  0
   29.2183   12.3685    6.9392 H   0  0  0  0  0  0  0  0  0  0  0  0
   30.2986   12.3494    5.6501 H   0  0  0  0  0  0  0  0  0  0  0  0
   28.6469   11.0341    9.7372 H   0  0  0  0  0  0  0  0  0  0  0  0
   28.5667   12.1207    8.3090 H   0  0  0  0  0  0  0  0  0  0  0  0
   27.6616   10.5691    8.3090 H   0  0  0  0  0  0  0  0  0  0  0  0
   29.9015    9.4157    9.7184 H   0  0  0  0  0  0  0  0  0  0  0  0
   32.2408    9.6852    7.8670 H   0  0  0  0  0  0  0  0  0  0  0  0
   32.2606    9.8296    9.5186 H   0  0  0  0  0  0  0  0  0  0  0  0
   33.2704    7.7181    8.3810 H   0  0  0  0  0  0  0  0  0  0  0  0
   31.4743    6.7897    7.1173 H   0  0  0  0  0  0  0  0  0  0  0  0
   30.9359    6.1145    8.6224 H   0  0  0  0  0  0  0  0  0  0  0  0
  1  2  1  0
  1  3  1  0
  3  4  1  0
  5  6  1  0
  6  7  1  0
  7  8  1  0
  8  9  1  0
  9  5  1  0
  3  5  1  0
  7 10  1  0
  1 11  1  0
  1 12  1  0
  2 13  1  0
  2 14  1  0
  4 15  1  0
  4 16  1  0
  4 17  1  0
  5 18  1  1
  6 19  1  0
  6 20  1  0
  7 21  1  6
  8 22  1  0
  8 23  1  0
M  CHG  1   6   1
M  END
"
3m2w_Lingo3DMolv2_1082533,3m2w,"3m2w_Lingo3DMolv2_1082533
     RDKit          3D

 41 44  0  0  0  0  0  0  0  0999 V2000
   40.3297    8.5712   20.3712 O   0  0  0  0  0  0  0  0  0  0  0  0
   39.5297    7.7712   20.1712 C   0  0  0  0  0  0  0  0  0  0  0  0
   38.7297    7.2712   21.0712 N   0  0  0  0  0  0  0  0  0  0  0  0
   38.6297    7.6712   22.4712 C   0  0  0  0  0  0  0  0  0  0  0  0
   37.6297    6.7712   23.0712 C   0  0  0  0  0  0  0  0  0  0  0  0
   36.8297    6.3712   21.9712 C   0  0  0  0  0  0  0  0  0  0  0  0
   37.7297    6.1712   20.7712 C   0  0  1  0  0  0  0  0  0  0  0  0
   37.1297    6.4712   19.5712 O   0  0  0  0  0  0  0  0  0  0  0  0
   38.0297    6.5712   18.5712 C   0  0  0  0  0  0  0  0  0  0  0  0
   37.6297    6.1712   17.3712 C   0  0  0  0  0  0  0  0  0  0  0  0
   38.5297    6.1712   16.2712 C   0  0  0  0  0  0  0  0  0  0  0  0
   39.8297    6.6712   16.4712 C   0  0  0  0  0  0  0  0  0  0  0  0
   40.1297    7.1712   17.6712 C   0  0  0  0  0  0  0  0  0  0  0  0
   39.2297    7.1712   18.7712 C   0  0  0  0  0  0  0  0  0  0  0  0
   40.8297    6.7712   15.2712 C   0  0  0  0  0  0  0  0  0  0  0  0
   37.9297    5.6712   14.9712 C   0  0  0  0  0  0  0  0  0  0  0  0
   36.8297    4.8712   14.6712 C   0  0  0  0  0  0  0  0  0  0  0  0
   36.8297    4.6712   13.2712 C   0  0  0  0  0  0  0  0  0  0  0  0
   37.8297    5.2712   12.7712 N   0  0  0  0  0  0  0  0  0  0  0  0
   38.5297    5.8712   13.7712 N   0  0  0  0  0  0  0  0  0  0  0  0
   39.7297    6.5712   13.3712 C   0  0  0  0  0  0  0  0  0  0  0  0
   35.8297    3.8712   12.4712 C   0  0  0  0  0  0  0  0  0  0  0  0
   39.6012    7.5549   22.9738 H   0  0  0  0  0  0  0  0  0  0  0  0
   38.3389    8.7272   22.5724 H   0  0  0  0  0  0  0  0  0  0  0  0
   38.1155    5.9020   23.5387 H   0  0  0  0  0  0  0  0  0  0  0  0
   37.0456    7.2557   23.8674 H   0  0  0  0  0  0  0  0  0  0  0  0
   36.3147    5.4290   22.2100 H   0  0  0  0  0  0  0  0  0  0  0  0
   36.0760    7.1421   21.7530 H   0  0  0  0  0  0  0  0  0  0  0  0
   38.0872    5.1371   20.6578 H   0  0  0  0  0  0  0  0  0  0  0  0
   36.5920    5.8365   17.2262 H   0  0  0  0  0  0  0  0  0  0  0  0
   41.1289    7.6076   17.8173 H   0  0  0  0  0  0  0  0  0  0  0  0
   41.8551    6.8737   15.6560 H   0  0  0  0  0  0  0  0  0  0  0  0
   40.7578    5.8614   14.6571 H   0  0  0  0  0  0  0  0  0  0  0  0
   40.5791    7.6488   14.6571 H   0  0  0  0  0  0  0  0  0  0  0  0
   36.0984    4.4703   15.3884 H   0  0  0  0  0  0  0  0  0  0  0  0
   40.2819    6.8933   14.2663 H   0  0  0  0  0  0  0  0  0  0  0  0
   40.3627    5.9006   12.7714 H   0  0  0  0  0  0  0  0  0  0  0  0
   39.4576    7.4522   12.7714 H   0  0  0  0  0  0  0  0  0  0  0  0
   35.1578    3.3337   13.1565 H   0  0  0  0  0  0  0  0  0  0  0  0
   35.2404    4.5499   11.8371 H   0  0  0  0  0  0  0  0  0  0  0  0
   36.3625    3.1472   11.8371 H   0  0  0  0  0  0  0  0  0  0  0  0
  1  2  2  0
  2  3  1  0
  3  4  1  0
  4  5  1  0
  5  6  1  0
  7  6  1  0
  7  8  1  0
  8  9  1  0
  9 10  2  0
 10 11  1  0
 11 12  2  0
 12 13  1  0
 13 14  2  0
 14  2  1  0
  7  3  1  0
 14  9  1  0
 12 15  1  0
 16 17  2  0
 17 18  1  0
 18 19  2  0
 19 20  1  0
 20 16  1  0
 11 16  1  0
 20 21  1  0
 18 22  1  0
  4 23  1  0
  4 24  1  0
  5 25  1  0
  5 26  1  0
  6 27  1  0
  6 28  1  0
  7 29  1  6
 10 30  1  0
 13 31  1  0
 15 32  1  0
 15 33  1  0
 15 34  1  0
 17 35  1  0
 21 36  1  0
 21 37  1  0
 21 38  1  0
 22 39  1  0
 22 40  1  0
 22 41  1  0
M  END
"
2p2i_Lingo3DMolv2_1072688,2p2i,"2p2i_Lingo3DMolv2_1072688
     RDKit          3D

 49 52  0  0  0  0  0  0  0  0999 V2000
   23.7512    3.7387   28.2559 N   0  0  0  0  0  0  0  0  0  0  0  0
   23.8512    4.4387   29.3559 C   0  0  0  0  0  0  0  0  0  0  0  0
   23.4512    5.8387   29.1559 C   0  0  0  0  0  0  0  0  0  0  0  0
   23.1512    6.9387   28.9559 N   0  0  0  0  0  0  0  0  0  0  0  0
   24.1512    3.9387   30.5559 C   0  0  0  0  0  0  0  0  0  0  0  0
   24.3512    4.6387   31.8559 C   0  0  2  0  0  0  0  0  0  0  0  0
   25.8512    5.0387   32.0559 C   0  0  0  0  0  0  0  0  0  0  0  0
   23.9512    3.9387   33.0559 C   0  0  0  0  0  0  0  0  0  0  0  0
   22.7512    3.3387   33.1559 C   0  0  0  0  0  0  0  0  0  0  0  0
   22.3512    2.6387   34.3559 C   0  0  0  0  0  0  0  0  0  0  0  0
   23.2512    2.6387   35.4559 C   0  0  0  0  0  0  0  0  0  0  0  0
   24.4512    3.3387   35.3559 C   0  0  0  0  0  0  0  0  0  0  0  0
   24.8512    4.0387   34.1559 C   0  0  0  0  0  0  0  0  0  0  0  0
   23.8512    4.0387   26.9559 C   0  0  0  0  0  0  0  0  0  0  0  0
   22.7512    4.2387   26.2559 C   0  0  0  0  0  0  0  0  0  0  0  0
   22.7512    4.3387   24.8559 C   0  0  0  0  0  0  0  0  0  0  0  0
   23.9512    4.1387   24.1559 C   0  0  0  0  0  0  0  0  0  0  0  0
   25.1512    3.9387   24.8559 C   0  0  0  0  0  0  0  0  0  0  0  0
   25.0512    3.8387   26.2559 C   0  0  0  0  0  0  0  0  0  0  0  0
   26.4512    3.8387   24.1559 C   0  0  0  0  0  0  0  0  0  0  0  0
   26.3512    3.7387   22.6559 C   0  0  0  0  0  0  0  0  0  0  0  0
   27.4512    3.9387   21.8559 C   0  0  0  0  0  0  0  0  0  0  0  0
   27.3512    3.7387   20.5559 C   0  0  0  0  0  0  0  0  0  0  0  0
   26.1512    3.3387   19.9559 C   0  0  0  0  0  0  0  0  0  0  0  0
   25.0512    3.2387   20.7559 C   0  0  0  0  0  0  0  0  0  0  0  0
   25.1512    3.5387   22.1559 C   0  0  0  0  0  0  0  0  0  0  0  0
   23.9512    3.4387   23.1559 C   0  0  0  0  0  0  0  0  0  0  0  0
   22.8512    3.1387   22.6559 O   0  0  0  0  0  0  0  0  0  0  0  0
   28.6512    4.3387   22.4559 O   0  0  0  0  0  0  0  0  0  0  0  0
   21.2512    4.7387   24.0559 Cl  0  0  0  0  0  0  0  0  0  0  0  0
   23.5528    2.7426   28.4271 H   0  0  0  0  0  0  0  0  0  0  0  0
   24.2685    2.8456   30.5908 H   0  0  0  0  0  0  0  0  0  0  0  0
   23.6757    5.5006   31.7507 H   0  0  0  0  0  0  0  0  0  0  0  0
   26.0745    5.0983   33.1314 H   0  0  0  0  0  0  0  0  0  0  0  0
   26.4980    4.2817   31.5885 H   0  0  0  0  0  0  0  0  0  0  0  0
   26.0352    6.0173   31.5885 H   0  0  0  0  0  0  0  0  0  0  0  0
   22.0572    3.3819   32.3036 H   0  0  0  0  0  0  0  0  0  0  0  0
   21.3815    2.1228   34.4157 H   0  0  0  0  0  0  0  0  0  0  0  0
   23.0025    2.0914   36.3771 H   0  0  0  0  0  0  0  0  0  0  0  0
   25.1229    3.3598   36.2268 H   0  0  0  0  0  0  0  0  0  0  0  0
   25.7887    4.6109   34.0961 H   0  0  0  0  0  0  0  0  0  0  0  0
   21.7947    4.3309   26.7913 H   0  0  0  0  0  0  0  0  0  0  0  0
   25.9569    3.5920   26.8293 H   0  0  0  0  0  0  0  0  0  0  0  0
   27.0424    4.7333   24.4013 H   0  0  0  0  0  0  0  0  0  0  0  0
   26.9186    2.9042   24.4996 H   0  0  0  0  0  0  0  0  0  0  0  0
   28.2383    3.8910   19.9236 H   0  0  0  0  0  0  0  0  0  0  0  0
   26.0976    3.1137   18.8805 H   0  0  0  0  0  0  0  0  0  0  0  0
   24.0867    2.9280   20.3279 H   0  0  0  0  0  0  0  0  0  0  0  0
   29.4565    4.4889   21.9001 H   0  0  0  0  0  0  0  0  0  0  0  0
  1  2  1  0
  2  3  1  0
  3  4  3  0
  2  5  2  0
  5  6  1  0
  6  7  1  0
  8  9  2  0
  9 10  1  0
 10 11  2  0
 11 12  1  0
 12 13  2  0
 13  8  1  0
  6  8  1  0
 14 15  2  0
 15 16  1  0
 16 17  2  0
 17 18  1  0
 18 19  2  0
 18 20  1  0
 20 21  1  0
 21 22  2  0
 22 23  1  0
 23 24  2  0
 24 25  1  0
 25 26  2  0
 26 27  1  0
 27 28  2  0
 19 14  1  0
 26 21  1  0
 27 17  1  0
  1 14  1  0
 22 29  1  0
 16 30  1  0
  1 31  1  0
  5 32  1  0
  6 33  1  6
  7 34  1  0
  7 35  1  0
  7 36  1  0
  9 37  1  0
 10 38  1  0
 11 39  1  0
 12 40  1  0
 13 41  1  0
 15 42  1  0
 19 43  1  0
 20 44  1  0
 20 45  1  0
 23 46  1  0
 24 47  1  0
 25 48  1  0
 29 49  1  0
M  END
"
3el8_Lingo3DMolv2_839426,3el8,"3el8_Lingo3DMolv2_839426
     RDKit          3D

 68 72  0  0  0  0  0  0  0  0999 V2000
    0.0642    3.6778    7.9297 O   0  0  0  0  0  0  0  0  0  0  0  0
   -0.2358    3.9778    9.0297 C   0  0  0  0  0  0  0  0  0  0  0  0
   -1.4358    3.5778    9.6297 N   0  0  0  0  0  0  0  0  0  0  0  0
    0.4642    4.8778    9.8297 N   0  0  0  0  0  0  0  0  0  0  0  0
    1.5642    5.6778    9.3297 C   0  0  0  0  0  0  0  0  0  0  0  0
    1.7642    6.9778    9.8297 C   0  0  0  0  0  0  0  0  0  0  0  0
    2.7642    7.7778    9.3297 C   0  0  0  0  0  0  0  0  0  0  0  0
    3.6642    7.2778    8.3297 C   0  0  0  0  0  0  0  0  0  0  0  0
    3.4642    5.8778    7.8297 C   0  0  0  0  0  0  0  0  0  0  0  0
    2.4642    5.1778    8.3297 C   0  0  0  0  0  0  0  0  0  0  0  0
    4.6642    8.0778    7.8297 N   0  0  0  0  0  0  0  0  0  0  0  0
    5.9642    7.7778    7.4297 C   0  0  0  0  0  0  0  0  0  0  0  0
    6.5642    6.6778    7.8297 C   0  0  0  0  0  0  0  0  0  0  0  0
    7.8642    6.3778    7.5297 N   0  0  0  0  0  0  0  0  0  0  0  0
    8.5642    7.2778    6.8297 C   0  0  0  0  0  0  0  0  0  0  0  0
    8.0642    8.3778    6.2297 N   0  0  0  0  0  0  0  0  0  0  0  0
    6.7642    8.6778    6.5297 C   0  0  0  0  0  0  0  0  0  0  0  0
    6.1642    9.7778    5.8297 N   0  0  0  0  0  0  0  0  0  0  0  0
    6.8642   10.4778    4.6297 C   0  0  0  0  0  0  0  0  0  0  0  0
    6.2642   11.7778    4.2297 C   0  0  0  0  0  0  0  0  0  0  0  0
    4.7642   11.6778    3.9297 C   0  0  0  0  0  0  0  0  0  0  0  0
    4.0642   11.1778    5.2297 C   0  0  0  0  0  0  0  0  0  0  0  0
    4.6642    9.9778    5.6297 C   0  0  0  0  0  0  0  0  0  0  0  0
    4.1642   13.0778    3.4297 C   0  0  0  0  0  0  0  0  0  0  0  0
    2.6642   13.0778    3.2297 C   0  0  2  0  0  0  0  0  0  0  0  0
    2.3642   12.1778    2.1297 N   0  0  0  0  0  4  0  0  0  0  0  0
    2.0642   14.4778    2.8297 C   0  0  0  0  0  0  0  0  0  0  0  0
    2.2642   14.8778    1.6297 O   0  0  0  0  0  0  0  0  0  0  0  0
    1.3642   15.0778    3.6297 O   0  0  0  0  0  1  0  0  0  0  0  0
   -2.3358    2.5778    9.0297 C   0  0  2  0  0  0  0  0  0  0  0  0
   -3.6358    2.2778    9.8297 C   0  0  0  0  0  0  0  0  0  0  0  0
   -2.5358    1.2778    9.7297 C   0  0  1  0  0  0  0  0  0  0  0  0
   -2.7358   -0.0222    8.8297 C   0  0  0  0  0  0  0  0  0  0  0  0
   -3.8358   -0.7222    8.6297 C   0  0  0  0  0  0  0  0  0  0  0  0
   -3.5358   -1.7222    7.7297 N   0  0  0  0  0  0  0  0  0  0  0  0
   -2.2358   -1.6222    7.3297 N   0  0  0  0  0  0  0  0  0  0  0  0
   -1.7358   -0.5222    8.0297 C   0  0  0  0  0  0  0  0  0  0  0  0
   -1.7011    4.0013   10.5304 H   0  0  0  0  0  0  0  0  0  0  0  0
    0.1887    4.9788   10.8171 H   0  0  0  0  0  0  0  0  0  0  0  0
    1.1127    7.3584   10.6301 H   0  0  0  0  0  0  0  0  0  0  0  0
    2.8753    8.8081    9.6986 H   0  0  0  0  0  0  0  0  0  0  0  0
    4.1317    5.4475    7.0686 H   0  0  0  0  0  0  0  0  0  0  0  0
    2.3115    4.1533    7.9595 H   0  0  0  0  0  0  0  0  0  0  0  0
    4.4077    9.0707    7.7344 H   0  0  0  0  0  0  0  0  0  0  0  0
    5.9906    5.9621    8.4370 H   0  0  0  0  0  0  0  0  0  0  0  0
    9.6464    7.1050    6.7347 H   0  0  0  0  0  0  0  0  0  0  0  0
    7.9149   10.6554    4.9027 H   0  0  0  0  0  0  0  0  0  0  0  0
    6.7475    9.8046    3.7676 H   0  0  0  0  0  0  0  0  0  0  0  0
    6.4108   12.4981    5.0480 H   0  0  0  0  0  0  0  0  0  0  0  0
    6.7641   12.1002    3.3045 H   0  0  0  0  0  0  0  0  0  0  0  0
    4.5863   10.9696    3.1070 H   0  0  0  0  0  0  0  0  0  0  0  0
    4.1769   11.9306    6.0238 H   0  0  0  0  0  0  0  0  0  0  0  0
    2.9928   11.0160    5.0399 H   0  0  0  0  0  0  0  0  0  0  0  0
    4.2024    9.7257    6.5958 H   0  0  0  0  0  0  0  0  0  0  0  0
    4.4978    9.3621    4.7335 H   0  0  0  0  0  0  0  0  0  0  0  0
    4.6393   13.3333    2.4711 H   0  0  0  0  0  0  0  0  0  0  0  0
    4.3759   13.8114    4.2215 H   0  0  0  0  0  0  0  0  0  0  0  0
    2.2220   12.7826    4.1927 H   0  0  0  0  0  0  0  0  0  0  0  0
    2.0607   11.2674    2.5040 H   0  0  0  0  0  0  0  0  0  0  0  0
    1.6117   12.5798    1.5526 H   0  0  0  0  0  0  0  0  0  0  0  0
    3.2074   12.0479    1.5526 H   0  0  0  0  0  0  0  0  0  0  0  0
   -2.0705    2.8635    8.0012 H   0  0  0  0  0  0  0  0  0  0  0  0
   -3.8317    2.7926   10.7819 H   0  0  0  0  0  0  0  0  0  0  0  0
   -4.7137    2.2857    9.6103 H   0  0  0  0  0  0  0  0  0  0  0  0
   -1.9681    0.7112   10.4826 H   0  0  0  0  0  0  0  0  0  0  0  0
   -4.8152   -0.5408    9.0966 H   0  0  0  0  0  0  0  0  0  0  0  0
   -4.1981   -2.4415    7.4059 H   0  0  0  0  0  0  0  0  0  0  0  0
   -0.7137   -0.1229    7.9538 H   0  0  0  0  0  0  0  0  0  0  0  0
  1  2  2  0
  2  3  1  0
  2  4  1  0
  5  6  2  0
  6  7  1  0
  7  8  2  0
  8  9  1  0
  9 10  2  0
 10  5  1  0
  4  5  1  0
  8 11  1  0
 12 13  2  0
 13 14  1  0
 14 15  2  0
 15 16  1  0
 16 17  2  0
 17 12  1  0
 11 12  1  0
 18 19  1  0
 19 20  1  0
 20 21  1  0
 21 22  1  0
 22 23  1  0
 23 18  1  0
 17 18  1  0
 24 25  1  0
 25 26  1  0
 25 27  1  0
 27 28  2  0
 27 29  1  0
 21 24  1  0
 30 31  1  0
 31 32  1  0
 32 30  1  0
  3 30  1  0
 33 34  2  0
 34 35  1  0
 35 36  1  0
 36 37  2  0
 37 33  1  0
 32 33  1  0
  3 38  1  0
  4 39  1  0
  6 40  1  0
  7 41  1  0
  9 42  1  0
 10 43  1  0
 11 44  1  0
 13 45  1  0
 15 46  1  0
 19 47  1  0
 19 48  1  0
 20 49  1  0
 20 50  1  0
 21 51  1  0
 22 52  1  0
 22 53  1  0
 23 54  1  0
 23 55  1  0
 24 56  1  0
 24 57  1  0
 25 58  1  1
 26 59  1  0
 26 60  1  0
 26 61  1  0
 30 62  1  6
 31 63  1  0
 31 64  1  0
 32 65  1  1
 34 66  1  0
 35 67  1  0
 37 68  1  0
M  CHG  2  26   1  29  -1
M  END
"
3odu_Lingo3DMolv2_121038,3odu,"3odu_Lingo3DMolv2_121038
     RDKit          3D

 88 89  0  0  0  0  0  0  0  0999 V2000
  -15.2622   14.1024   69.6852 N   0  0  0  0  0  0  0  0  0  0  0  0
  -16.4622   14.0024   68.8852 C   0  0  0  0  0  0  0  0  0  0  0  0
  -17.0622   12.7024   69.2852 C   0  0  0  0  0  0  0  0  0  0  0  0
  -16.6622   12.5024   70.6852 C   0  0  0  0  0  0  0  0  0  0  0  0
  -15.2622   13.0024   70.6852 C   0  0  2  0  0  0  0  0  0  0  0  0
  -14.6622   13.3024   71.9852 N   0  0  0  0  0  4  0  0  0  0  0  0
  -13.2622   13.9024   72.0852 C   0  0  2  0  0  0  0  0  0  0  0  0
  -12.8622   14.1024   73.4852 C   0  0  0  0  0  0  0  0  0  0  0  0
  -13.5622   15.2024   74.0852 O   0  0  0  0  0  0  0  0  0  0  0  0
  -13.3622   16.4024   73.4852 C   0  0  0  0  0  0  0  0  0  0  0  0
  -13.7622   16.4024   71.9852 C   0  0  2  0  0  0  0  0  0  0  0  0
  -13.1622   15.2024   71.2852 C   0  0  0  0  0  0  0  0  0  0  0  0
  -13.3622   17.8024   71.3852 N   0  0  0  0  0  4  0  0  0  0  0  0
  -11.9622   18.0024   71.3852 C   0  0  0  0  0  0  0  0  0  0  0  0
  -14.2622   19.0024   71.9852 C   0  0  0  0  0  0  0  0  0  0  0  0
  -14.2622   15.2024   69.1852 C   0  0  0  0  0  0  0  0  0  0  0  0
  -12.8622   14.7024   69.0852 C   0  0  0  0  0  0  0  0  0  0  0  0
  -11.9622   15.4024   69.3852 O   0  0  0  0  0  0  0  0  0  0  0  0
  -12.6622   13.5024   68.4852 O   0  0  0  0  0  0  0  0  0  0  0  0
  -11.4622   12.9024   68.3852 C   0  0  2  0  0  0  0  0  0  0  0  0
  -10.6622   13.7024   67.2852 C   0  0  0  0  0  0  0  0  0  0  0  0
  -11.7622   11.6024   67.5852 C   0  0  0  0  0  0  0  0  0  0  0  0
  -12.5622   11.8024   66.2852 C   0  0  0  0  0  0  0  0  0  0  0  0
  -10.6622   12.7024   69.7852 C   0  0  0  0  0  0  0  0  0  0  0  0
   -9.3622   12.1024   69.5852 O   0  0  0  0  0  0  0  0  0  0  0  0
   -8.3622   12.9024   69.2852 C   0  0  0  0  0  0  0  0  0  0  0  0
   -7.0622   12.1024   69.1852 C   0  0  1  0  0  0  0  0  0  0  0  0
   -5.9622   13.0024   68.6852 N   0  0  0  0  0  4  0  0  0  0  0  0
   -6.6622   11.4024   70.4852 C   0  0  0  0  0  0  0  0  0  0  0  0
   -6.3622   12.3024   71.5852 N   0  0  0  0  0  0  0  0  0  0  0  0
   -4.8622   12.9024   71.7852 S   0  0  0  0  0  0  0  0  0  0  0  0
   -4.8622   13.7024   72.9852 O   0  0  0  0  0  0  0  0  0  0  0  0
   -3.8622   11.7024   71.7852 O   0  0  0  0  0  0  0  0  0  0  0  0
   -4.5622   14.1024   70.2852 C   0  0  0  0  0  0  0  0  0  0  0  0
   -4.6622   13.3024   68.9852 C   0  0  0  0  0  0  0  0  0  0  0  0
   -5.4622   15.3024   70.2852 C   0  0  0  0  0  0  0  0  0  0  0  0
  -17.1486   14.8330   69.1065 H   0  0  0  0  0  0  0  0  0  0  0  0
  -16.2541   14.0553   67.8064 H   0  0  0  0  0  0  0  0  0  0  0  0
  -18.1582   12.7419   69.1999 H   0  0  0  0  0  0  0  0  0  0  0  0
  -16.7212   11.8788   68.6406 H   0  0  0  0  0  0  0  0  0  0  0  0
  -17.2950   13.0878   71.3685 H   0  0  0  0  0  0  0  0  0  0  0  0
  -16.7599   11.4619   71.0284 H   0  0  0  0  0  0  0  0  0  0  0  0
  -14.5632   12.2020   70.4012 H   0  0  0  0  0  0  0  0  0  0  0  0
  -15.2979   13.9622   72.4559 H   0  0  0  0  0  0  0  0  0  0  0  0
  -14.5379   12.3672   72.3985 H   0  0  0  0  0  0  0  0  0  0  0  0
  -12.5581   13.1822   71.6429 H   0  0  0  0  0  0  0  0  0  0  0  0
  -13.0831   13.1867   74.0534 H   0  0  0  0  0  0  0  0  0  0  0  0
  -11.7860   14.3288   73.5054 H   0  0  0  0  0  0  0  0  0  0  0  0
  -13.9629   17.1608   74.0086 H   0  0  0  0  0  0  0  0  0  0  0  0
  -12.2860   16.6232   73.5397 H   0  0  0  0  0  0  0  0  0  0  0  0
  -14.8464   16.2878   71.8388 H   0  0  0  0  0  0  0  0  0  0  0  0
  -13.6870   15.0614   70.3288 H   0  0  0  0  0  0  0  0  0  0  0  0
  -12.0908   15.4135   71.1527 H   0  0  0  0  0  0  0  0  0  0  0  0
  -13.6004   17.8088   70.3831 H   0  0  0  0  0  0  0  0  0  0  0  0
  -11.5993   18.0542   72.4223 H   0  0  0  0  0  0  0  0  0  0  0  0
  -11.4722   17.1651   70.8667 H   0  0  0  0  0  0  0  0  0  0  0  0
  -11.7263   18.9434   70.8667 H   0  0  0  0  0  0  0  0  0  0  0  0
  -14.2354   18.9666   73.0843 H   0  0  0  0  0  0  0  0  0  0  0  0
  -13.8635   19.9677   71.6399 H   0  0  0  0  0  0  0  0  0  0  0  0
  -15.3006   18.8899   71.6399 H   0  0  0  0  0  0  0  0  0  0  0  0
  -14.2853   16.0461   69.8906 H   0  0  0  0  0  0  0  0  0  0  0  0
  -14.5796   15.5071   68.1770 H   0  0  0  0  0  0  0  0  0  0  0  0
   -9.9651   14.3995   67.7732 H   0  0  0  0  0  0  0  0  0  0  0  0
  -10.0969   12.9976   66.6578 H   0  0  0  0  0  0  0  0  0  0  0  0
  -11.3670   14.2678   66.6578 H   0  0  0  0  0  0  0  0  0  0  0  0
  -10.8017   11.1337   67.3249 H   0  0  0  0  0  0  0  0  0  0  0  0
  -12.3920   10.9805   68.2384 H   0  0  0  0  0  0  0  0  0  0  0  0
  -13.6024   12.0624   66.5311 H   0  0  0  0  0  0  0  0  0  0  0  0
  -12.1101   12.6151   65.6978 H   0  0  0  0  0  0  0  0  0  0  0  0
  -12.5458   10.8725   65.6978 H   0  0  0  0  0  0  0  0  0  0  0  0
  -10.5304   13.6847   70.2623 H   0  0  0  0  0  0  0  0  0  0  0  0
  -11.2538   12.0273   70.4211 H   0  0  0  0  0  0  0  0  0  0  0  0
   -8.5639   13.3913   68.3207 H   0  0  0  0  0  0  0  0  0  0  0  0
   -8.2586   13.6615   70.0745 H   0  0  0  0  0  0  0  0  0  0  0  0
   -7.2366   11.2871   68.4676 H   0  0  0  0  0  0  0  0  0  0  0  0
   -5.4621   13.4115   69.4873 H   0  0  0  0  0  0  0  0  0  0  0  0
   -5.3037   12.4545   68.1132 H   0  0  0  0  0  0  0  0  0  0  0  0
   -6.3688   13.7563   68.1132 H   0  0  0  0  0  0  0  0  0  0  0  0
   -7.4914   10.7482   70.7926 H   0  0  0  0  0  0  0  0  0  0  0  0
   -5.7356   10.8496   70.2711 H   0  0  0  0  0  0  0  0  0  0  0  0
   -6.9911   13.1116   71.4826 H   0  0  0  0  0  0  0  0  0  0  0  0
   -3.5502   14.5224   70.3819 H   0  0  0  0  0  0  0  0  0  0  0  0
   -4.7955   12.2361   69.2202 H   0  0  0  0  0  0  0  0  0  0  0  0
   -5.5227   13.6593   68.4003 H   0  0  0  0  0  0  0  0  0  0  0  0
   -3.7403   13.4365   68.4003 H   0  0  0  0  0  0  0  0  0  0  0  0
   -5.6822   15.5957   71.3223 H   0  0  0  0  0  0  0  0  0  0  0  0
   -4.9637   16.1346   69.7667 H   0  0  0  0  0  0  0  0  0  0  0  0
   -6.4007   15.0568   69.7667 H   0  0  0  0  0  0  0  0  0  0  0  0
  1  2  1  0
  2  3  1  0
  3  4  1  0
  4  5  1  0
  5  1  1  0
  5  6  1  0
  7  8  1  0
  8  9  1  0
  9 10  1  0
 10 11  1  0
 11 12  1  0
 12  7  1  0
  6  7  1  0
 13 14  1  0
 13 15  1  0
 11 13  1  0
 16 17  1  0
 17 18  2  0
 17 19  1  0
 20 19  1  1
 20 21  1  0
 20 22  1  0
 22 23  1  0
 20 24  1  0
 24 25  1  0
 25 26  1  0
 26 27  1  0
 27 28  1  0
 27 29  1  0
 29 30  1  0
 30 31  1  0
 31 32  2  0
 31 33  2  0
 31 34  1  0
 34 35  1  0
 34 36  1  0
  1 16  1  0
  2 37  1  0
  2 38  1  0
  3 39  1  0
  3 40  1  0
  4 41  1  0
  4 42  1  0
  5 43  1  6
  6 44  1  0
  6 45  1  0
  7 46  1  6
  8 47  1  0
  8 48  1  0
 10 49  1  0
 10 50  1  0
 11 51  1  1
 12 52  1  0
 12 53  1  0
 13 54  1  0
 14 55  1  0
 14 56  1  0
 14 57  1  0
 15 58  1  0
 15 59  1  0
 15 60  1  0
 16 61  1  0
 16 62  1  0
 21 63  1  0
 21 64  1  0
 21 65  1  0
 22 66  1  0
 22 67  1  0
 23 68  1  0
 23 69  1  0
 23 70  1  0
 24 71  1  0
 24 72  1  0
 26 73  1  0
 26 74  1  0
 27 75  1  6
 28 76  1  0
 28 77  1  0
 28 78  1  0
 29 79  1  0
 29 80  1  0
 30 81  1  0
 34 82  1  0
 35 83  1  0
 35 84  1  0
 35 85  1  0
 36 86  1  0
 36 87  1  0
 36 88  1  0
M  CHG  3   6   1  13   1  28   1
M  END
"
2cnk_Lingo3DMolv2_825229,2cnk,"2cnk_Lingo3DMolv2_825229
     RDKit          3D

 22 21  0  0  0  0  0  0  0  0999 V2000
   33.7446   38.5336   33.9303 S   0  0  0  0  0  0  0  0  0  0  0  0
   34.8446   38.0336   32.5303 C   0  0  2  0  0  0  0  0  0  0  0  0
   34.0446   37.0336   31.6303 C   0  0  0  0  0  0  0  0  0  0  0  0
   34.8446   36.4336   30.4303 C   0  0  0  0  0  0  0  0  0  0  0  0
   36.2446   37.6336   33.0303 C   0  0  0  0  0  0  0  0  0  0  0  0
   36.3446   36.6336   34.0303 N   0  0  0  0  0  0  0  0  0  0  0  0
   36.2446   36.9336   35.4303 C   0  0  0  0  0  0  0  0  0  0  0  0
   35.9446   38.3336   35.8303 C   0  0  0  0  0  0  0  0  0  0  0  0
   36.2446   36.0336   36.2303 O   0  0  0  0  0  0  0  0  0  0  0  0
   34.3631   38.2524   35.1199 H   0  0  0  0  0  0  0  0  0  0  0  0
   35.1048   38.8655   31.8593 H   0  0  0  0  0  0  0  0  0  0  0  0
   33.7063   36.2008   32.2643 H   0  0  0  0  0  0  0  0  0  0  0  0
   33.2199   37.6124   31.1888 H   0  0  0  0  0  0  0  0  0  0  0  0
   35.6698   35.8147   30.8126 H   0  0  0  0  0  0  0  0  0  0  0  0
   34.1748   35.8133   29.8167 H   0  0  0  0  0  0  0  0  0  0  0  0
   35.2526   37.2503   29.8167 H   0  0  0  0  0  0  0  0  0  0  0  0
   36.8121   37.2782   32.1575 H   0  0  0  0  0  0  0  0  0  0  0  0
   36.6265   38.5424   33.5185 H   0  0  0  0  0  0  0  0  0  0  0  0
   36.4945   35.6563   33.7416 H   0  0  0  0  0  0  0  0  0  0  0  0
   35.9291   38.4060   36.9278 H   0  0  0  0  0  0  0  0  0  0  0  0
   36.7196   39.0035   35.4295 H   0  0  0  0  0  0  0  0  0  0  0  0
   34.9632   38.6271   35.4295 H   0  0  0  0  0  0  0  0  0  0  0  0
  2  1  1  0
  2  3  1  0
  3  4  1  0
  2  5  1  0
  5  6  1  0
  6  7  1  0
  7  8  1  0
  7  9  2  0
  1 10  1  0
  2 11  1  6
  3 12  1  0
  3 13  1  0
  4 14  1  0
  4 15  1  0
  4 16  1  0
  5 17  1  0
  5 18  1  0
  6 19  1  0
  8 20  1  0
  8 21  1  0
  8 22  1  0
M  END
"
3g6z_Lingo3DMolv2_848058,3g6z,"3g6z_Lingo3DMolv2_848058
     RDKit          3D

 77 82  0  0  0  0  0  0  0  0999 V2000
    8.3964    7.3241    4.9904 N   0  0  0  0  0  0  0  0  0  0  0  0
    9.3964    6.4241    4.2904 C   0  0  1  0  0  0  0  0  0  0  0  0
    9.4964    5.1241    5.0904 C   0  0  0  0  0  0  0  0  0  0  0  0
    8.2964    4.5241    5.2904 O   0  0  0  0  0  0  0  0  0  0  0  0
    7.2964    5.3241    5.7904 C   0  0  0  0  0  0  0  0  0  0  0  0
    6.9964    6.5241    4.9904 C   0  0  2  0  0  0  0  0  0  0  0  0
    6.4964    6.2241    3.4904 C   0  0  2  0  0  0  0  0  0  0  0  0
    7.6964    5.6241    2.6904 N   0  0  0  0  0  0  0  0  0  0  0  0
    8.9964    6.1241    2.8904 C   0  0  0  0  0  0  0  0  0  0  0  0
    7.3964    5.2241    1.2904 C   0  0  0  0  0  0  0  0  0  0  0  0
    6.6964    3.9241    1.0904 C   0  0  0  0  0  0  0  0  0  0  0  0
    5.4964    3.7241    0.2904 C   0  0  0  0  0  0  0  0  0  0  0  0
    4.7964    4.8241   -0.5096 C   0  0  0  0  0  0  0  0  0  0  0  0
    5.4964    6.1241   -0.5096 O   0  0  0  0  0  0  0  0  0  0  0  0
    5.8964    6.7241   -1.7096 C   0  0  0  0  0  0  0  0  0  0  0  0
    5.6964    6.2241   -2.9096 C   0  0  0  0  0  0  0  0  0  0  0  0
    6.0964    6.9241   -4.0096 C   0  0  0  0  0  0  0  0  0  0  0  0
    6.6964    8.1241   -3.8096 C   0  0  0  0  0  0  0  0  0  0  0  0
    6.8964    8.6241   -2.5096 C   0  0  0  0  0  0  0  0  0  0  0  0
    6.4964    7.9241   -1.4096 C   0  0  0  0  0  0  0  0  0  0  0  0
    5.6964    7.3241    2.8904 C   0  0  0  0  0  0  0  0  0  0  0  0
    5.8964    8.6241    3.1904 C   0  0  0  0  0  0  0  0  0  0  0  0
    5.0964    9.6241    2.6904 C   0  0  0  0  0  0  0  0  0  0  0  0
    3.9964    9.2241    1.8904 C   0  0  0  0  0  0  0  0  0  0  0  0
    3.6964    7.9241    1.5904 C   0  0  0  0  0  0  0  0  0  0  0  0
    4.5964    6.9241    2.0904 C   0  0  0  0  0  0  0  0  0  0  0  0
    4.2964    5.6241    1.8904 O   0  0  0  0  0  0  0  0  0  0  0  0
    2.8964    5.0241    2.1904 C   0  0  2  0  0  0  0  0  0  0  0  0
    1.9964    5.4241    1.0904 C   0  0  0  0  0  0  0  0  0  0  0  0
    1.1964    5.7241    0.1904 N   0  0  0  0  0  0  0  0  0  0  0  0
    2.3964    5.4241    3.5904 C   0  0  0  0  0  0  0  0  0  0  0  0
    3.2964    5.3241    4.6904 C   0  0  0  0  0  0  0  0  0  0  0  0
    2.8964    5.6241    5.9904 N   0  0  0  0  0  0  0  0  0  0  0  0
    1.5964    6.0241    6.1904 C   0  0  0  0  0  0  0  0  0  0  0  0
    0.5964    6.1241    5.0904 C   0  0  0  0  0  0  0  0  0  0  0  0
   -0.7036    6.5241    5.3904 C   0  0  0  0  0  0  0  0  0  0  0  0
   -1.6036    6.6241    4.2904 C   0  0  0  0  0  0  0  0  0  0  0  0
   -1.2036    6.3241    2.9904 C   0  0  0  0  0  0  0  0  0  0  0  0
    0.0964    5.9241    2.7904 C   0  0  0  0  0  0  0  0  0  0  0  0
    1.0964    5.8241    3.7904 C   0  0  0  0  0  0  0  0  0  0  0  0
    4.5964    4.9241    4.5904 N   0  0  0  0  0  0  0  0  0  0  0  0
    5.4964    4.9241    5.6904 C   0  0  0  0  0  0  0  0  0  0  0  0
    8.7002    7.5125    5.9564 H   0  0  0  0  0  0  0  0  0  0  0  0
   10.3670    6.9394    4.2423 H   0  0  0  0  0  0  0  0  0  0  0  0
   10.1486    4.4270    4.5439 H   0  0  0  0  0  0  0  0  0  0  0  0
    9.9016    5.3808    6.0803 H   0  0  0  0  0  0  0  0  0  0  0  0
    6.3789    4.7210    5.8570 H   0  0  0  0  0  0  0  0  0  0  0  0
    7.6538    5.6876    6.7652 H   0  0  0  0  0  0  0  0  0  0  0  0
    6.1529    7.0835    5.4214 H   0  0  0  0  0  0  0  0  0  0  0  0
    5.7198    5.4454    3.4670 H   0  0  0  0  0  0  0  0  0  0  0  0
    9.7028    5.3789    2.4960 H   0  0  0  0  0  0  0  0  0  0  0  0
    9.0111    7.0957    2.3748 H   0  0  0  0  0  0  0  0  0  0  0  0
    8.3523    5.1723    0.7487 H   0  0  0  0  0  0  0  0  0  0  0  0
    6.6930    5.9853    0.9218 H   0  0  0  0  0  0  0  0  0  0  0  0
    7.1221    3.0409    1.5892 H   0  0  0  0  0  0  0  0  0  0  0  0
    5.0637    2.7132    0.2592 H   0  0  0  0  0  0  0  0  0  0  0  0
    4.7036    4.4843   -1.5517 H   0  0  0  0  0  0  0  0  0  0  0  0
    3.8245    4.9933   -0.0228 H   0  0  0  0  0  0  0  0  0  0  0  0
    5.2083    5.2451   -3.0255 H   0  0  0  0  0  0  0  0  0  0  0  0
    5.9379    6.5292   -5.0239 H   0  0  0  0  0  0  0  0  0  0  0  0
    7.0311    8.7143   -4.6753 H   0  0  0  0  0  0  0  0  0  0  0  0
    7.3858    9.6004   -2.3777 H   0  0  0  0  0  0  0  0  0  0  0  0
    6.6401    8.2852   -0.3805 H   0  0  0  0  0  0  0  0  0  0  0  0
    6.7281    8.8932    3.8581 H   0  0  0  0  0  0  0  0  0  0  0  0
    5.3001   10.6843    2.9011 H   0  0  0  0  0  0  0  0  0  0  0  0
    3.3421   10.0100    1.4850 H   0  0  0  0  0  0  0  0  0  0  0  0
    2.8099    7.6582    0.9959 H   0  0  0  0  0  0  0  0  0  0  0  0
    2.9353    3.9253    2.2250 H   0  0  0  0  0  0  0  0  0  0  0  0
    1.2793    6.2827    7.2115 H   0  0  0  0  0  0  0  0  0  0  0  0
   -1.0182    6.7503    6.4199 H   0  0  0  0  0  0  0  0  0  0  0  0
   -2.6396    6.9461    4.4723 H   0  0  0  0  0  0  0  0  0  0  0  0
   -1.9071    6.4048    2.1487 H   0  0  0  0  0  0  0  0  0  0  0  0
    0.3864    5.6580    1.7633 H   0  0  0  0  0  0  0  0  0  0  0  0
    4.9425    4.6068    3.6737 H   0  0  0  0  0  0  0  0  0  0  0  0
    5.7285    3.8870    5.9742 H   0  0  0  0  0  0  0  0  0  0  0  0
    6.4237    5.4426    5.4055 H   0  0  0  0  0  0  0  0  0  0  0  0
    5.0334    5.4426    6.5430 H   0  0  0  0  0  0  0  0  0  0  0  0
  1  2  1  0
  2  3  1  0
  3  4  1  0
  4  5  1  0
  6  5  1  0
  6  7  1  0
  7  8  1  0
  8  9  1  0
  6  1  1  0
  9  2  1  0
 10 11  1  0
 11 12  2  0
 12 13  1  0
 13 14  1  0
  8 10  1  0
 15 16  2  0
 16 17  1  0
 17 18  2  0
 18 19  1  0
 19 20  2  0
 20 15  1  0
 14 15  1  0
 21 22  2  0
 22 23  1  0
 23 24  2  0
 24 25  1  0
 25 26  2  0
 26 21  1  0
  7 21  1  0
 27 28  1  0
 28 29  1  0
 29 30  3  0
 26 27  1  0
 31 32  2  0
 32 33  1  0
 33 34  2  0
 34 35  1  0
 35 36  2  0
 36 37  1  0
 37 38  2  0
 38 39  1  0
 39 40  2  0
 40 31  1  0
 40 35  1  0
 28 31  1  0
 41 42  1  0
 32 41  1  0
  1 43  1  0
  2 44  1  6
  3 45  1  0
  3 46  1  0
  5 47  1  0
  5 48  1  0
  6 49  1  1
  7 50  1  1
  9 51  1  0
  9 52  1  0
 10 53  1  0
 10 54  1  0
 11 55  1  0
 12 56  1  0
 13 57  1  0
 13 58  1  0
 16 59  1  0
 17 60  1  0
 18 61  1  0
 19 62  1  0
 20 63  1  0
 22 64  1  0
 23 65  1  0
 24 66  1  0
 25 67  1  0
 28 68  1  1
 34 69  1  0
 36 70  1  0
 37 71  1  0
 38 72  1  0
 39 73  1  0
 41 74  1  0
 42 75  1  0
 42 76  1  0
 42 77  1  0
M  END
"
1q4x_Lingo3DMolv2_71216,1q4x,"1q4x_Lingo3DMolv2_71216
     RDKit          3D

 21 21  0  0  0  0  0  0  0  0999 V2000
   24.7706   16.7287   61.0519 C   0  0  0  0  0  0  0  0  0  0  0  0
   25.4706   17.8287   61.7519 N   0  0  0  0  0  4  0  0  0  0  0  0
   25.2706   15.5287   61.7519 C   0  0  0  0  0  0  0  0  0  0  0  0
   26.7706   15.4287   61.9519 C   0  0  0  0  0  0  0  0  0  0  0  0
   27.5706   14.6287   61.0519 C   0  0  0  0  0  0  0  0  0  0  0  0
   28.9706   14.5287   61.2519 C   0  0  0  0  0  0  0  0  0  0  0  0
   29.5706   15.2287   62.2519 C   0  0  0  0  0  0  0  0  0  0  0  0
   28.8706   16.0287   63.1519 C   0  0  0  0  0  0  0  0  0  0  0  0
   27.4706   16.1287   62.9519 C   0  0  0  0  0  0  0  0  0  0  0  0
   23.6797   16.8230   61.1561 H   0  0  0  0  0  0  0  0  0  0  0  0
   24.9581   16.7117   59.9681 H   0  0  0  0  0  0  0  0  0  0  0  0
   25.3864   17.6963   62.7699 H   0  0  0  0  0  0  0  0  0  0  0  0
   26.4659   17.8261   61.4865 H   0  0  0  0  0  0  0  0  0  0  0  0
   25.0468   18.7292   61.4865 H   0  0  0  0  0  0  0  0  0  0  0  0
   24.8000   15.5030   62.7458 H   0  0  0  0  0  0  0  0  0  0  0  0
   25.0108   14.6842   61.0967 H   0  0  0  0  0  0  0  0  0  0  0  0
   27.0942   14.0988   60.2139 H   0  0  0  0  0  0  0  0  0  0  0  0
   29.5735   13.8830   60.5964 H   0  0  0  0  0  0  0  0  0  0  0  0
   30.6636   15.1595   62.3550 H   0  0  0  0  0  0  0  0  0  0  0  0
   29.3772   16.5550   63.9743 H   0  0  0  0  0  0  0  0  0  0  0  0
   26.8984   16.7920   63.6171 H   0  0  0  0  0  0  0  0  0  0  0  0
  1  2  1  0
  1  3  1  0
  4  5  2  0
  5  6  1  0
  6  7  2  0
  7  8  1  0
  8  9  2  0
  9  4  1  0
  3  4  1  0
  1 10  1  0
  1 11  1  0
  2 12  1  0
  2 13  1  0
  2 14  1  0
  3 15  1  0
  3 16  1  0
  5 17  1  0
  6 18  1  0
  7 19  1  0
  8 20  1  0
  9 21  1  0
M  CHG  1   2   1
M  END
"
3frj_Lingo3DMolv2_46963,3frj,"3frj_Lingo3DMolv2_46963
     RDKit          3D

 33 34  0  0  0  0  0  0  0  0999 V2000
   52.7835   19.3713   41.0276 O   0  0  0  0  0  0  0  0  0  0  0  0
   51.9835   18.4713   40.2276 C   0  0  0  0  0  0  0  0  0  0  0  0
   53.2835   20.4713   40.5276 C   0  0  0  0  0  0  0  0  0  0  0  0
   54.4835   20.9713   41.0276 C   0  0  0  0  0  0  0  0  0  0  0  0
   55.0835   22.1713   40.4276 C   0  0  0  0  0  0  0  0  0  0  0  0
   54.3835   22.8713   39.3276 C   0  0  0  0  0  0  0  0  0  0  0  0
   53.1835   22.2713   38.8276 C   0  0  0  0  0  0  0  0  0  0  0  0
   52.6835   21.0713   39.4276 C   0  0  0  0  0  0  0  0  0  0  0  0
   54.9835   23.9713   38.7276 N   0  0  0  0  0  0  0  0  0  0  0  0
   55.9835   23.8713   37.9276 N   0  0  0  0  0  0  0  0  0  0  0  0
   56.6835   22.6713   37.5276 C   0  0  2  0  0  0  0  0  0  0  0  0
   58.1835   22.7713   38.0276 C   0  0  0  0  0  0  0  0  0  0  0  0
   58.9835   21.5713   37.6276 C   0  0  0  0  0  0  0  0  0  0  0  0
   58.8835   21.2713   36.1276 C   0  0  1  0  0  0  0  0  0  0  0  0
   57.5835   21.1713   35.8276 O   0  0  0  0  0  0  0  0  0  0  0  0
   56.7835   22.3713   36.0276 C   0  0  0  0  0  0  0  0  0  0  0  0
   59.4835   22.1713   35.5276 F   0  0  0  0  0  0  0  0  0  0  0  0
   59.5835   20.1713   35.9276 O   0  0  0  0  0  0  0  0  0  0  0  0
   51.3994   17.8141   40.8885 H   0  0  0  0  0  0  0  0  0  0  0  0
   51.3000   19.0542   39.5928 H   0  0  0  0  0  0  0  0  0  0  0  0
   52.6426   17.8608   39.5928 H   0  0  0  0  0  0  0  0  0  0  0  0
   54.9813   20.4689   41.8701 H   0  0  0  0  0  0  0  0  0  0  0  0
   56.0496   22.5479   40.7949 H   0  0  0  0  0  0  0  0  0  0  0  0
   52.6471   22.7312   37.9846 H   0  0  0  0  0  0  0  0  0  0  0  0
   51.7849   20.6039   38.9988 H   0  0  0  0  0  0  0  0  0  0  0  0
   56.0763   21.8689   37.9719 H   0  0  0  0  0  0  0  0  0  0  0  0
   58.6454   23.6690   37.5908 H   0  0  0  0  0  0  0  0  0  0  0  0
   58.1750   22.8261   39.1262 H   0  0  0  0  0  0  0  0  0  0  0  0
   60.0387   21.7503   37.8818 H   0  0  0  0  0  0  0  0  0  0  0  0
   58.5780   20.7041   38.1693 H   0  0  0  0  0  0  0  0  0  0  0  0
   57.2597   23.2198   35.5144 H   0  0  0  0  0  0  0  0  0  0  0  0
   55.7756   22.2143   35.6159 H   0  0  0  0  0  0  0  0  0  0  0  0
   59.8346   19.7767   36.8002 H   0  0  0  0  0  0  0  0  0  0  0  0
  1  2  1  0
  3  4  2  0
  4  5  1  0
  5  6  2  0
  6  7  1  0
  7  8  2  0
  8  3  1  0
  1  3  1  0
  9 10  2  3
  6  9  1  0
 11 12  1  0
 12 13  1  0
 13 14  1  0
 14 15  1  0
 15 16  1  0
 16 11  1  0
 10 11  1  0
 14 17  1  6
 14 18  1  0
  2 19  1  0
  2 20  1  0
  2 21  1  0
  4 22  1  0
  5 23  1  0
  7 24  1  0
  8 25  1  0
 11 26  1  1
 12 27  1  0
 12 28  1  0
 13 29  1  0
 13 30  1  0
 16 31  1  0
 16 32  1  0
 18 33  1  0
M  END
"
1sj0_Lingo3DMolv2_1082925,1sj0,"1sj0_Lingo3DMolv2_1082925
     RDKit          3D

 55 57  0  0  0  0  0  0  0  0999 V2000
   25.7011    1.6654   27.1437 O   0  0  0  0  0  0  0  0  0  0  0  0
   26.5011    0.5654   27.3437 C   0  0  0  0  0  0  0  0  0  0  0  0
   26.0011   -0.7346   27.1437 C   0  0  0  0  0  0  0  0  0  0  0  0
   26.9011   -1.8346   27.3437 C   0  0  0  0  0  0  0  0  0  0  0  0
   28.2011   -1.6346   27.6437 C   0  0  0  0  0  0  0  0  0  0  0  0
   28.7011   -0.3346   27.7437 C   0  0  0  0  0  0  0  0  0  0  0  0
   27.8011    0.7654   27.5437 C   0  0  0  0  0  0  0  0  0  0  0  0
   30.1011   -0.0346   28.0437 C   0  0  0  0  0  0  0  0  0  0  0  0
   31.0011   -1.1346   27.9437 C   0  0  0  0  0  0  0  0  0  0  0  0
   30.5011   -2.5346   27.5437 C   0  0  1  0  0  0  0  0  0  0  0  0
   29.1011   -2.7346   28.0437 N   0  0  0  0  0  0  0  0  0  0  0  0
   30.5011   -2.6346   26.2437 O   0  0  0  0  0  0  0  0  0  0  0  0
   31.8011   -2.5346   25.5437 C   0  0  0  0  0  0  0  0  0  0  0  0
   31.7011   -3.0346   24.1437 C   0  0  0  0  0  0  0  0  0  0  0  0
   32.7011   -3.5346   23.3437 C   0  0  0  0  0  0  0  0  0  0  0  0
   34.2011   -3.6346   23.7437 C   0  0  0  0  0  0  0  0  0  0  0  0
   32.4011   -4.0346   21.9437 C   0  0  0  0  0  0  0  0  0  0  0  0
   33.3011   -4.5346   21.0437 C   0  0  0  0  0  0  0  0  0  0  0  0
   34.8011   -4.6346   21.2437 C   0  0  0  0  0  0  0  0  0  0  0  0
   32.5011   -1.0346   28.2437 C   0  0  0  0  0  0  0  0  0  0  0  0
   33.2011    0.2654   28.2437 C   0  0  0  0  0  0  0  0  0  0  0  0
   33.1011    1.1654   27.1437 C   0  0  0  0  0  0  0  0  0  0  0  0
   33.9011    2.2654   27.0437 C   0  0  0  0  0  0  0  0  0  0  0  0
   34.9011    2.4654   28.0437 C   0  0  0  0  0  0  0  0  0  0  0  0
   35.1011    1.5654   29.0437 C   0  0  0  0  0  0  0  0  0  0  0  0
   34.3011    0.4654   29.1437 C   0  0  0  0  0  0  0  0  0  0  0  0
   30.5011    1.2654   28.7437 C   0  0  0  0  0  0  0  0  0  0  0  0
   26.4011   -3.1346   27.2437 O   0  0  0  0  0  0  0  0  0  0  0  0
   26.0648    2.5748   27.2878 H   0  0  0  0  0  0  0  0  0  0  0  0
   24.9560   -0.9021   26.8442 H   0  0  0  0  0  0  0  0  0  0  0  0
   28.1935    1.7929   27.5560 H   0  0  0  0  0  0  0  0  0  0  0  0
   31.1631   -3.2954   27.9830 H   0  0  0  0  0  0  0  0  0  0  0  0
   28.8018   -3.5466   28.6023 H   0  0  0  0  0  0  0  0  0  0  0  0
   32.1189   -1.4817   25.5264 H   0  0  0  0  0  0  0  0  0  0  0  0
   32.5342   -3.1532   26.0821 H   0  0  0  0  0  0  0  0  0  0  0  0
   30.6986   -2.9991   23.6923 H   0  0  0  0  0  0  0  0  0  0  0  0
   34.2886   -3.6405   24.8402 H   0  0  0  0  0  0  0  0  0  0  0  0
   34.6279   -4.5632   23.3369 H   0  0  0  0  0  0  0  0  0  0  0  0
   34.7474   -2.7709   23.3369 H   0  0  0  0  0  0  0  0  0  0  0  0
   31.3511   -3.9905   21.6187 H   0  0  0  0  0  0  0  0  0  0  0  0
   32.8999   -4.8979   20.0860 H   0  0  0  0  0  0  0  0  0  0  0  0
   35.0273   -4.6497   22.3201 H   0  0  0  0  0  0  0  0  0  0  0  0
   35.1722   -5.5595   20.7780 H   0  0  0  0  0  0  0  0  0  0  0  0
   35.2917   -3.7672   20.7780 H   0  0  0  0  0  0  0  0  0  0  0  0
   32.6471   -1.4661   29.2449 H   0  0  0  0  0  0  0  0  0  0  0  0
   32.9505   -1.5461   27.3797 H   0  0  0  0  0  0  0  0  0  0  0  0
   32.3599    0.9680   26.3552 H   0  0  0  0  0  0  0  0  0  0  0  0
   33.7795    2.9791   26.2155 H   0  0  0  0  0  0  0  0  0  0  0  0
   35.5253    3.3702   28.0041 H   0  0  0  0  0  0  0  0  0  0  0  0
   35.9092    1.7249   29.7728 H   0  0  0  0  0  0  0  0  0  0  0  0
   34.5021   -0.2806   29.9267 H   0  0  0  0  0  0  0  0  0  0  0  0
   30.4574    1.1234   29.8336 H   0  0  0  0  0  0  0  0  0  0  0  0
   31.5252    1.5396   28.4504 H   0  0  0  0  0  0  0  0  0  0  0  0
   29.8083    2.0679   28.4504 H   0  0  0  0  0  0  0  0  0  0  0  0
   27.0038   -3.9085   27.3779 H   0  0  0  0  0  0  0  0  0  0  0  0
  2  3  2  0
  3  4  1  0
  4  5  2  0
  5  6  1  0
  6  7  2  0
  6  8  1  0
  8  9  2  0
  9 10  1  0
 10 11  1  0
  7  2  1  0
 11  5  1  0
  1  2  1  0
 12 13  1  0
 13 14  1  0
 14 15  2  0
 15 16  1  0
 15 17  1  0
 17 18  2  0
 18 19  1  0
 10 12  1  0
  9 20  1  0
 21 22  2  0
 22 23  1  0
 23 24  2  0
 24 25  1  0
 25 26  2  0
 26 21  1  0
 20 21  1  0
  8 27  1  0
  4 28  1  0
  1 29  1  0
  3 30  1  0
  7 31  1  0
 10 32  1  1
 11 33  1  0
 13 34  1  0
 13 35  1  0
 14 36  1  0
 16 37  1  0
 16 38  1  0
 16 39  1  0
 17 40  1  0
 18 41  1  0
 19 42  1  0
 19 43  1  0
 19 44  1  0
 20 45  1  0
 20 46  1  0
 22 47  1  0
 23 48  1  0
 24 49  1  0
 25 50  1  0
 26 51  1  0
 27 52  1  0
 27 53  1  0
 27 54  1  0
 28 55  1  0
M  END
"
2p2i_Lingo3DMolv2_804048,2p2i,"2p2i_Lingo3DMolv2_804048
     RDKit          3D

 47 48  0  0  0  0  0  0  0  0999 V2000
   23.2512    3.6387   28.5559 N   0  0  0  0  0  0  0  0  0  0  0  0
   23.8512    4.2387   27.4559 C   0  0  0  0  0  0  0  0  0  0  0  0
   25.0512    4.6387   27.4559 O   0  0  0  0  0  0  0  0  0  0  0  0
   23.0512    4.1387   26.1559 C   0  0  0  0  0  0  0  0  0  0  0  0
   24.0512    3.3387   24.7559 S   0  0  0  0  0  0  0  0  0  0  0  0
   25.3512    4.5387   24.4559 C   0  0  0  0  0  0  0  0  0  0  0  0
   26.3512    4.1387   23.4559 C   0  0  0  0  0  0  0  0  0  0  0  0
   27.1512    5.3387   23.1559 O   0  0  0  0  0  0  0  0  0  0  0  0
   27.9512    5.2387   22.0559 C   0  0  0  0  0  0  0  0  0  0  0  0
   28.7512    6.2387   21.5559 C   0  0  0  0  0  0  0  0  0  0  0  0
   29.4512    6.1387   20.5559 N   0  0  0  0  0  0  0  0  0  0  0  0
   29.4512    4.9387   19.8559 C   0  0  0  0  0  0  0  0  0  0  0  0
   28.7512    3.8387   20.1559 N   0  0  0  0  0  0  0  0  0  0  0  0
   27.9512    3.9387   21.2559 C   0  0  0  0  0  0  0  0  0  0  0  0
   23.5512    3.8387   29.8559 C   0  0  0  0  0  0  0  0  0  0  0  0
   22.8512    3.0387   30.7559 C   0  0  0  0  0  0  0  0  0  0  0  0
   23.0512    3.1387   32.1559 C   0  0  0  0  0  0  0  0  0  0  0  0
   24.0512    4.0387   32.6559 C   0  0  0  0  0  0  0  0  0  0  0  0
   24.7512    4.8387   31.7559 C   0  0  0  0  0  0  0  0  0  0  0  0
   24.4512    4.7387   30.3559 C   0  0  0  0  0  0  0  0  0  0  0  0
   24.2512    4.1387   34.1559 C   0  0  2  0  0  0  0  0  0  0  0  0
   24.6512    2.8387   34.6559 N   0  0  0  0  0  4  0  0  0  0  0  0
   22.9512    4.7387   34.9559 C   0  0  0  0  0  0  0  0  0  0  0  0
   22.5512    6.0387   34.5559 C   0  0  0  0  0  0  0  0  0  0  0  0
   22.4950    2.9682   28.3573 H   0  0  0  0  0  0  0  0  0  0  0  0
   22.1518    3.5325   26.3396 H   0  0  0  0  0  0  0  0  0  0  0  0
   22.7895    5.1600   25.8420 H   0  0  0  0  0  0  0  0  0  0  0  0
   24.8807    5.4720   24.1128 H   0  0  0  0  0  0  0  0  0  0  0  0
   25.8945    4.6453   25.4064 H   0  0  0  0  0  0  0  0  0  0  0  0
   26.9957    3.3445   23.8606 H   0  0  0  0  0  0  0  0  0  0  0  0
   25.8691    3.7468   22.5482 H   0  0  0  0  0  0  0  0  0  0  0  0
   28.7635    7.1986   22.0931 H   0  0  0  0  0  0  0  0  0  0  0  0
   30.0924    4.8878   18.9636 H   0  0  0  0  0  0  0  0  0  0  0  0
   27.3153    3.0950   21.5621 H   0  0  0  0  0  0  0  0  0  0  0  0
   22.1235    2.3096   30.3701 H   0  0  0  0  0  0  0  0  0  0  0  0
   22.4480    2.5347   32.8497 H   0  0  0  0  0  0  0  0  0  0  0  0
   25.5226    5.5369   32.1129 H   0  0  0  0  0  0  0  0  0  0  0  0
   24.9663    5.4137   29.6566 H   0  0  0  0  0  0  0  0  0  0  0  0
   25.0479    4.8725   34.3479 H   0  0  0  0  0  0  0  0  0  0  0  0
   24.6474    2.8510   35.6859 H   0  0  0  0  0  0  0  0  0  0  0  0
   23.9914    2.1233   34.3187 H   0  0  0  0  0  0  0  0  0  0  0  0
   25.5990    2.6179   34.3187 H   0  0  0  0  0  0  0  0  0  0  0  0
   22.1046    4.0556   34.7929 H   0  0  0  0  0  0  0  0  0  0  0  0
   23.2492    4.8192   36.0117 H   0  0  0  0  0  0  0  0  0  0  0  0
   22.3617    6.6546   35.4474 H   0  0  0  0  0  0  0  0  0  0  0  0
   23.3492    6.4993   33.9550 H   0  0  0  0  0  0  0  0  0  0  0  0
   21.6323    5.9710   33.9550 H   0  0  0  0  0  0  0  0  0  0  0  0
  1  2  1  0
  2  3  2  0
  2  4  1  0
  4  5  1  0
  5  6  1  0
  6  7  1  0
  7  8  1  0
  9 10  2  0
 10 11  1  0
 11 12  2  0
 12 13  1  0
 13 14  2  0
 14  9  1  0
  8  9  1  0
 15 16  2  0
 16 17  1  0
 17 18  2  0
 18 19  1  0
 19 20  2  0
 20 15  1  0
  1 15  1  0
 21 22  1  0
 21 23  1  0
 23 24  1  0
 18 21  1  0
  1 25  1  0
  4 26  1  0
  4 27  1  0
  6 28  1  0
  6 29  1  0
  7 30  1  0
  7 31  1  0
 10 32  1  0
 12 33  1  0
 14 34  1  0
 16 35  1  0
 17 36  1  0
 19 37  1  0
 20 38  1  0
 21 39  1  6
 22 40  1  0
 22 41  1  0
 22 42  1  0
 23 43  1  0
 23 44  1  0
 24 45  1  0
 24 46  1  0
 24 47  1  0
M  CHG  1  22   1
M  END
"
2i0e_Lingo3DMolv2_1255558,2i0e,"2i0e_Lingo3DMolv2_1255558
     RDKit          3D

 60 64  0  0  0  0  0  0  0  0999 V2000
    5.9523   36.5503    2.0975 N   0  0  0  0  0  0  0  0  0  0  0  0
    6.5523   37.6503    2.7975 C   0  0  0  0  0  0  0  0  0  0  0  0
    5.6523   38.7503    2.4975 C   0  0  0  0  0  0  0  0  0  0  0  0
    5.8523   39.9503    2.8975 N   0  0  0  0  0  0  0  0  0  0  0  0
    7.0523   40.1503    3.5975 O   0  0  0  0  0  0  0  0  0  0  0  0
    7.7523   41.2503    3.0975 C   0  0  0  0  0  0  0  0  0  0  0  0
    8.3523   41.2503    1.9975 O   0  0  0  0  0  0  0  0  0  0  0  0
    7.7523   42.2503    3.9975 N   0  0  0  0  0  0  0  0  0  0  0  0
    4.5523   38.1503    1.6975 N   0  0  0  0  0  0  0  0  0  0  0  0
    4.8523   36.8503    1.4975 C   0  0  0  0  0  0  0  0  0  0  0  0
    4.1523   36.0503    0.8975 O   0  0  0  0  0  0  0  0  0  0  0  0
    3.5523   38.8503    1.1975 C   0  0  0  0  0  0  0  0  0  0  0  0
    2.3523   38.3503    0.8975 C   0  0  0  0  0  0  0  0  0  0  0  0
    1.4523   39.2503    0.3975 N   0  0  0  0  0  0  0  0  0  0  0  0
    2.1523   40.3503    0.3975 N   0  0  0  0  0  0  0  0  0  0  0  0
    3.4523   40.2503    0.8975 C   0  0  0  0  0  0  0  0  0  0  0  0
    4.2523   41.2503    0.9975 N   0  0  0  0  0  0  0  0  0  0  0  0
    4.1523   42.3503    1.8975 C   0  0  0  0  0  0  0  0  0  0  0  0
    4.8523   43.4503    1.6975 C   0  0  0  0  0  0  0  0  0  0  0  0
    4.7523   44.5503    2.4975 N   0  0  0  0  0  0  0  0  0  0  0  0
    3.9523   44.4503    3.5975 C   0  0  0  0  0  0  0  0  0  0  0  0
    3.2523   43.3503    3.8975 C   0  0  0  0  0  0  0  0  0  0  0  0
    3.3523   42.2503    3.0975 C   0  0  0  0  0  0  0  0  0  0  0  0
    1.4523   41.5503   -0.0025 C   0  0  0  0  0  0  0  0  0  0  0  0
    2.1523   42.5503   -0.8025 C   0  0  0  0  0  0  0  0  0  0  0  0
    1.4523   43.7503   -1.1025 C   0  0  0  0  0  0  0  0  0  0  0  0
    0.1523   43.9503   -0.7025 C   0  0  0  0  0  0  0  0  0  0  0  0
   -0.5477   42.9503    0.0975 C   0  0  0  0  0  0  0  0  0  0  0  0
    0.1523   41.7503    0.3975 C   0  0  0  0  0  0  0  0  0  0  0  0
   -1.8477   43.2503    0.4975 O   0  0  0  0  0  0  0  0  0  0  0  0
   -2.5477   42.3503    1.2975 C   0  0  0  0  0  0  0  0  0  0  0  0
   -0.5477   45.0503   -1.0025 O   0  0  0  0  0  0  0  0  0  0  0  0
    0.0523   46.0503   -1.8025 C   0  0  0  0  0  0  0  0  0  0  0  0
    8.4523   43.5503    3.7975 C   0  0  0  0  0  0  0  0  0  0  0  0
    9.8523   43.5503    3.2975 C   0  0  0  0  0  0  0  0  0  0  0  0
    9.5523   43.9503    4.6975 C   0  0  0  0  0  0  0  0  0  0  0  0
    6.3639   35.6063    2.0767 H   0  0  0  0  0  0  0  0  0  0  0  0
    6.5942   37.4562    3.8794 H   0  0  0  0  0  0  0  0  0  0  0  0
    7.5925   37.8435    2.4964 H   0  0  0  0  0  0  0  0  0  0  0  0
    7.2372   42.1086    4.8781 H   0  0  0  0  0  0  0  0  0  0  0  0
    2.1042   37.2884    1.0422 H   0  0  0  0  0  0  0  0  0  0  0  0
    5.0569   41.2578    0.3544 H   0  0  0  0  0  0  0  0  0  0  0  0
    5.5485   43.4818    0.8465 H   0  0  0  0  0  0  0  0  0  0  0  0
    3.8789   45.3167    4.2712 H   0  0  0  0  0  0  0  0  0  0  0  0
    2.6005   43.3332    4.7834 H   0  0  0  0  0  0  0  0  0  0  0  0
    2.8386   41.3132    3.3580 H   0  0  0  0  0  0  0  0  0  0  0  0
    3.1794   42.3822   -1.1587 H   0  0  0  0  0  0  0  0  0  0  0  0
    1.9648   44.5408   -1.6704 H   0  0  0  0  0  0  0  0  0  0  0  0
   -0.3602   40.9598    0.9653 H   0  0  0  0  0  0  0  0  0  0  0  0
   -2.3663   42.5836    2.3570 H   0  0  0  0  0  0  0  0  0  0  0  0
   -3.6238   42.4297    1.0836 H   0  0  0  0  0  0  0  0  0  0  0  0
   -2.2059   41.3269    1.0836 H   0  0  0  0  0  0  0  0  0  0  0  0
    0.5097   46.8126   -1.1547 H   0  0  0  0  0  0  0  0  0  0  0  0
    0.8271   45.5959   -2.4376 H   0  0  0  0  0  0  0  0  0  0  0  0
   -0.7132   46.5201   -2.4376 H   0  0  0  0  0  0  0  0  0  0  0  0
    7.5078   44.0172    3.4812 H   0  0  0  0  0  0  0  0  0  0  0  0
   10.3649   42.5986    3.0939 H   0  0  0  0  0  0  0  0  0  0  0  0
   10.3781   44.0129    2.4492 H   0  0  0  0  0  0  0  0  0  0  0  0
    9.8460   43.2952    5.5309 H   0  0  0  0  0  0  0  0  0  0  0  0
    9.7674   44.8345    5.3155 H   0  0  0  0  0  0  0  0  0  0  0  0
  1  2  1  0
  2  3  1  0
  3  4  2  3
  4  5  1  0
  5  6  1  0
  6  7  2  0
  6  8  1  0
  3  9  1  0
  9 10  1  0
 10 11  2  0
 10  1  1  0
 12 13  1  0
 13 14  2  0
 14 15  1  0
 15 16  1  0
 16 12  2  0
  9 12  1  0
 16 17  1  0
 18 19  2  0
 19 20  1  0
 20 21  2  0
 21 22  1  0
 22 23  2  0
 23 18  1  0
 17 18  1  0
 24 25  2  0
 25 26  1  0
 26 27  2  0
 27 28  1  0
 28 29  2  0
 29 24  1  0
 15 24  1  0
 30 31  1  0
 28 30  1  0
 32 33  1  0
 27 32  1  0
 34 35  1  0
 35 36  1  0
 36 34  1  0
  8 34  1  0
  1 37  1  0
  2 38  1  0
  2 39  1  0
  8 40  1  0
 13 41  1  0
 17 42  1  0
 19 43  1  0
 21 44  1  0
 22 45  1  0
 23 46  1  0
 25 47  1  0
 26 48  1  0
 29 49  1  0
 31 50  1  0
 31 51  1  0
 31 52  1  0
 33 53  1  0
 33 54  1  0
 33 55  1  0
 34 56  1  0
 35 57  1  0
 35 58  1  0
 36 59  1  0
 36 60  1  0
M  END
"
1d3g_Lingo3DMolv2_498999,1d3g,"1d3g_Lingo3DMolv2_498999
     RDKit          3D

 29 31  0  0  0  0  0  0  0  0999 V2000
   47.4344   40.7703   -6.0797 O   0  0  0  0  0  0  0  0  0  0  0  0
   48.2344   41.1703   -5.1797 C   0  0  0  0  0  0  0  0  0  0  0  0
   49.4344   40.7703   -5.0797 O   0  0  0  0  0  0  0  0  0  0  0  0
   50.0344   41.3703   -3.9797 N   0  0  0  0  0  0  0  0  0  0  0  0
   49.1344   42.0703   -3.3797 C   0  0  0  0  0  0  0  0  0  0  0  0
   47.9344   41.9703   -4.0797 O   0  0  0  0  0  0  0  0  0  0  0  0
   49.3344   42.7703   -2.2797 N   0  0  0  0  0  0  0  0  0  0  0  0
   50.3344   43.7703   -1.9797 C   0  0  0  0  0  0  0  0  0  0  0  0
   50.3344   44.3703   -0.7797 C   0  0  0  0  0  0  0  0  0  0  0  0
   51.3344   45.3703   -0.4797 C   0  0  0  0  0  0  0  0  0  0  0  0
   52.2344   45.6703   -1.3797 C   0  0  0  0  0  0  0  0  0  0  0  0
   52.3344   44.9703   -2.6797 C   0  0  0  0  0  0  0  0  0  0  0  0
   51.4344   43.9703   -2.9797 C   0  0  0  0  0  0  0  0  0  0  0  0
   53.4344   46.5703   -0.9797 C   0  0  0  0  0  0  0  0  0  0  0  0
   53.9344   46.4703    0.3203 C   0  0  0  0  0  0  0  0  0  0  0  0
   55.0344   47.2703    0.7203 C   0  0  0  0  0  0  0  0  0  0  0  0
   55.7344   48.0703   -0.2797 C   0  0  0  0  0  0  0  0  0  0  0  0
   55.2344   48.1703   -1.5797 C   0  0  0  0  0  0  0  0  0  0  0  0
   54.0344   47.4703   -1.8797 C   0  0  0  0  0  0  0  0  0  0  0  0
   48.6742   42.5735   -1.5140 H   0  0  0  0  0  0  0  0  0  0  0  0
   49.5773   44.1027   -0.0279 H   0  0  0  0  0  0  0  0  0  0  0  0
   51.3382   45.8748    0.4978 H   0  0  0  0  0  0  0  0  0  0  0  0
   53.1193   45.2453   -3.3996 H   0  0  0  0  0  0  0  0  0  0  0  0
   51.5173   43.3600   -3.8911 H   0  0  0  0  0  0  0  0  0  0  0  0
   53.4748   45.7708    1.0340 H   0  0  0  0  0  0  0  0  0  0  0  0
   55.3565   47.2878    1.7720 H   0  0  0  0  0  0  0  0  0  0  0  0
   56.6609   48.5974   -0.0079 H   0  0  0  0  0  0  0  0  0  0  0  0
   55.7508   48.7694   -2.3442 H   0  0  0  0  0  0  0  0  0  0  0  0
   53.5551   47.6390   -2.8553 H   0  0  0  0  0  0  0  0  0  0  0  0
  1  2  2  0
  2  3  1  0
  3  4  1  0
  4  5  2  0
  5  6  1  0
  6  2  1  0
  5  7  1  0
  8  9  2  0
  9 10  1  0
 10 11  2  0
 11 12  1  0
 12 13  2  0
 13  8  1  0
  7  8  1  0
 14 15  2  0
 15 16  1  0
 16 17  2  0
 17 18  1  0
 18 19  2  0
 19 14  1  0
 11 14  1  0
  7 20  1  0
  9 21  1  0
 10 22  1  0
 12 23  1  0
 13 24  1  0
 15 25  1  0
 16 26  1  0
 17 27  1  0
 18 28  1  0
 19 29  1  0
M  END
"
2hzi_Lingo3DMolv2_1281993,2hzi,"2hzi_Lingo3DMolv2_1281993
     RDKit          3D

 41 42  0  0  0  0  0  0  0  0999 V2000
   24.7057   51.8573   10.9426 O   0  0  0  0  0  0  0  0  0  0  0  0
   23.4057   51.9573   11.6426 C   0  0  1  0  0  0  0  0  0  0  0  0
   23.5057   51.2573   13.0426 C   0  0  0  0  0  0  0  0  0  0  0  0
   24.3057   50.4573   13.2426 O   0  0  0  0  0  0  0  0  0  0  0  0
   22.5057   51.6573   13.9426 N   0  0  0  0  0  0  0  0  0  0  0  0
   22.9057   53.4573   11.6426 C   0  0  0  0  0  0  0  0  0  0  0  0
   22.7057   53.9573   10.2426 C   0  0  0  0  0  0  0  0  0  0  0  0
   21.5057   53.5573   12.3426 C   0  0  0  0  0  0  0  0  0  0  0  0
   23.8057   54.2573   12.1426 F   0  0  0  0  0  0  0  0  0  0  0  0
   22.4057   50.9573   15.1426 C   0  0  0  0  0  0  0  0  0  0  0  0
   21.6057   49.7573   15.4426 C   0  0  0  0  0  0  0  0  0  0  0  0
   21.8057   49.3573   16.7426 N   0  0  0  0  0  0  0  0  0  0  0  0
   22.7057   50.2573   17.2426 N   0  0  0  0  0  0  0  0  0  0  0  0
   23.1057   51.1573   16.3426 C   0  0  0  0  0  0  0  0  0  0  0  0
   24.1057   52.2573   16.5426 C   0  0  0  0  0  0  0  0  0  0  0  0
   23.1057   50.0573   18.5426 C   0  0  0  0  0  0  0  0  0  0  0  0
   24.4057   50.2573   18.9426 C   0  0  0  0  0  0  0  0  0  0  0  0
   24.8057   50.0573   20.2426 C   0  0  0  0  0  0  0  0  0  0  0  0
   23.9057   49.6573   21.2426 C   0  0  0  0  0  0  0  0  0  0  0  0
   22.6057   49.3573   20.9426 C   0  0  0  0  0  0  0  0  0  0  0  0
   22.2057   49.5573   19.5426 C   0  0  0  0  0  0  0  0  0  0  0  0
   20.9057   48.9573   14.5426 N   0  0  0  0  0  0  0  0  0  0  0  0
   25.4358   51.8011   11.6088 H   0  0  0  0  0  0  0  0  0  0  0  0
   22.6143   51.4076   11.1121 H   0  0  0  0  0  0  0  0  0  0  0  0
   21.8705   52.4381   13.7241 H   0  0  0  0  0  0  0  0  0  0  0  0
   22.2973   54.9782   10.2727 H   0  0  0  0  0  0  0  0  0  0  0  0
   23.6705   53.9637    9.7142 H   0  0  0  0  0  0  0  0  0  0  0  0
   22.0027   53.2966    9.7142 H   0  0  0  0  0  0  0  0  0  0  0  0
   21.6401   53.5477   13.4343 H   0  0  0  0  0  0  0  0  0  0  0  0
   21.0116   54.4930   12.0422 H   0  0  0  0  0  0  0  0  0  0  0  0
   20.8836   52.7013   12.0422 H   0  0  0  0  0  0  0  0  0  0  0  0
   24.2571   52.4238   17.6193 H   0  0  0  0  0  0  0  0  0  0  0  0
   25.0612   51.9732   16.0775 H   0  0  0  0  0  0  0  0  0  0  0  0
   23.7321   53.1815   16.0775 H   0  0  0  0  0  0  0  0  0  0  0  0
   25.1477   50.5871   18.2005 H   0  0  0  0  0  0  0  0  0  0  0  0
   25.8618   50.2153   20.5067 H   0  0  0  0  0  0  0  0  0  0  0  0
   24.2516   49.5839   22.2842 H   0  0  0  0  0  0  0  0  0  0  0  0
   21.9018   48.9885   21.7032 H   0  0  0  0  0  0  0  0  0  0  0  0
   21.1740   49.3137   19.2490 H   0  0  0  0  0  0  0  0  0  0  0  0
   20.3804   48.1388   14.8817 H   0  0  0  0  0  0  0  0  0  0  0  0
   20.9134   49.1842   13.5379 H   0  0  0  0  0  0  0  0  0  0  0  0
  2  1  1  0
  2  3  1  0
  3  4  2  0
  3  5  1  0
  2  6  1  0
  6  7  1  0
  6  8  1  0
  6  9  1  0
 10 11  1  0
 11 12  2  0
 12 13  1  0
 13 14  1  0
 14 10  2  0
  5 10  1  0
 14 15  1  0
 16 17  2  0
 17 18  1  0
 18 19  2  0
 19 20  1  0
 20 21  2  0
 21 16  1  0
 13 16  1  0
 11 22  1  0
  1 23  1  0
  2 24  1  6
  5 25  1  0
  7 26  1  0
  7 27  1  0
  7 28  1  0
  8 29  1  0
  8 30  1  0
  8 31  1  0
 15 32  1  0
 15 33  1  0
 15 34  1  0
 17 35  1  0
 18 36  1  0
 19 37  1  0
 20 38  1  0
 21 39  1  0
 22 40  1  0
 22 41  1  0
M  END
"
2owb_Lingo3DMolv2_1045646,2owb,"2owb_Lingo3DMolv2_1045646
     RDKit          3D

 44 46  0  0  0  0  0  0  0  0999 V2000
    2.1114   27.1945   68.7810 N   0  0  0  0  0  0  0  0  0  0  0  0
    1.8114   28.2945   67.9810 C   0  0  0  0  0  0  0  0  0  0  0  0
    0.8114   28.2945   67.0810 C   0  0  0  0  0  0  0  0  0  0  0  0
    0.1114   27.1945   66.8810 N   0  0  0  0  0  0  0  0  0  0  0  0
    0.2114   26.0945   67.6810 C   0  0  0  0  0  0  0  0  0  0  0  0
    1.2114   26.1945   68.6810 C   0  0  0  0  0  0  0  0  0  0  0  0
    1.4114   25.0945   69.6810 N   0  0  0  0  0  0  0  0  0  0  0  0
    0.6114   23.9945   69.9810 C   0  0  0  0  0  0  0  0  0  0  0  0
   -0.5886   23.6945   69.4810 C   0  0  0  0  0  0  0  0  0  0  0  0
   -1.2886   22.5945   69.7810 C   0  0  0  0  0  0  0  0  0  0  0  0
   -0.7886   21.6945   70.6810 C   0  0  0  0  0  0  0  0  0  0  0  0
    0.4114   21.9945   71.3810 C   0  0  0  0  0  0  0  0  0  0  0  0
    1.1114   23.1945   70.9810 C   0  0  0  0  0  0  0  0  0  0  0  0
    0.9114   21.0945   72.2810 O   0  0  0  0  0  0  0  0  0  0  0  0
    2.2114   21.2945   72.8810 C   0  0  0  0  0  0  0  0  0  0  0  0
   -1.4886   20.4945   71.0810 O   0  0  0  0  0  0  0  0  0  0  0  0
   -1.0886   19.3945   70.3810 C   0  0  0  0  0  0  0  0  0  0  0  0
   -2.2886   18.3945   70.1810 C   0  0  0  0  0  0  0  0  0  0  0  0
   -1.8886   17.0945   69.3810 C   0  0  0  0  0  0  0  0  0  0  0  0
   -0.7886   16.3945   70.1810 N   0  0  0  0  0  4  0  0  0  0  0  0
    0.5114   17.2945   70.4810 C   0  0  0  0  0  0  0  0  0  0  0  0
    0.0114   18.6945   71.2810 C   0  0  0  0  0  0  0  0  0  0  0  0
    0.5114   29.4945   66.1810 C   0  0  0  0  0  0  0  0  0  0  0  0
    0.3114   30.3945   65.5810 N   0  0  0  0  0  0  0  0  0  0  0  0
    2.4197   29.2045   68.0900 H   0  0  0  0  0  0  0  0  0  0  0  0
   -0.4278   25.2074   67.5608 H   0  0  0  0  0  0  0  0  0  0  0  0
    2.2779   25.1636   70.2335 H   0  0  0  0  0  0  0  0  0  0  0  0
   -1.0356   24.4042   68.7693 H   0  0  0  0  0  0  0  0  0  0  0  0
   -2.2638   22.4145   69.3049 H   0  0  0  0  0  0  0  0  0  0  0  0
    2.0518   23.4697   71.4808 H   0  0  0  0  0  0  0  0  0  0  0  0
    2.1157   21.2798   73.9767 H   0  0  0  0  0  0  0  0  0  0  0  0
    2.8904   20.4902   72.5614 H   0  0  0  0  0  0  0  0  0  0  0  0
    2.6173   22.2657   72.5614 H   0  0  0  0  0  0  0  0  0  0  0  0
   -0.7124   19.6762   69.3864 H   0  0  0  0  0  0  0  0  0  0  0  0
   -2.6622   18.0944   71.1711 H   0  0  0  0  0  0  0  0  0  0  0  0
   -3.0552   18.9181   69.5910 H   0  0  0  0  0  0  0  0  0  0  0  0
   -2.7604   16.4316   69.2781 H   0  0  0  0  0  0  0  0  0  0  0  0
   -1.5359   17.3495   68.3707 H   0  0  0  0  0  0  0  0  0  0  0  0
   -1.1882   16.0995   71.0833 H   0  0  0  0  0  0  0  0  0  0  0  0
   -0.4662   15.6076   69.5998 H   0  0  0  0  0  0  0  0  0  0  0  0
    1.2139   16.7340   71.1153 H   0  0  0  0  0  0  0  0  0  0  0  0
    1.0181   17.5552   69.5401 H   0  0  0  0  0  0  0  0  0  0  0  0
   -0.4157   18.4343   72.2607 H   0  0  0  0  0  0  0  0  0  0  0  0
    0.8635   19.3706   71.4449 H   0  0  0  0  0  0  0  0  0  0  0  0
  1  2  2  0
  2  3  1  0
  3  4  2  0
  4  5  1  0
  5  6  2  0
  6  1  1  0
  6  7  1  0
  8  9  2  0
  9 10  1  0
 10 11  2  0
 11 12  1  0
 12 13  2  0
 13  8  1  0
  7  8  1  0
 14 15  1  0
 12 14  1  0
 11 16  1  0
 17 18  1  0
 18 19  1  0
 19 20  1  0
 20 21  1  0
 21 22  1  0
 22 17  1  0
 16 17  1  0
 23 24  3  0
  3 23  1  0
  2 25  1  0
  5 26  1  0
  7 27  1  0
  9 28  1  0
 10 29  1  0
 13 30  1  0
 15 31  1  0
 15 32  1  0
 15 33  1  0
 17 34  1  0
 18 35  1  0
 18 36  1  0
 19 37  1  0
 19 38  1  0
 20 39  1  0
 20 40  1  0
 21 41  1  0
 21 42  1  0
 22 43  1  0
 22 44  1  0
M  CHG  1  20   1
M  END
"
2gtk_Lingo3DMolv2_379312,2gtk,"2gtk_Lingo3DMolv2_379312
     RDKit          3D

 24 25  0  0  0  0  0  0  0  0999 V2000
   -1.8635   27.8251   19.2462 O   0  0  0  0  0  0  0  0  0  0  0  0
   -1.6635   27.8251   18.0462 C   0  0  0  0  0  0  0  0  0  0  0  0
   -2.2635   28.6251   17.2462 O   0  0  0  0  0  1  0  0  0  0  0  0
   -0.6635   26.8251   17.5462 C   0  0  0  0  0  0  0  0  0  0  0  0
    0.6365   27.4251   17.3462 N   0  0  0  0  0  0  0  0  0  0  0  0
    1.0365   28.2251   16.2462 C   0  0  0  0  0  0  0  0  0  0  0  0
    2.3365   28.6251   16.4462 C   0  0  0  0  0  0  0  0  0  0  0  0
    2.7365   28.1251   17.6462 C   0  0  0  0  0  0  0  0  0  0  0  0
    3.9365   28.2251   18.4462 C   0  0  0  0  0  0  0  0  0  0  0  0
    4.0365   27.5251   19.6462 C   0  0  0  0  0  0  0  0  0  0  0  0
    3.0365   26.7251   20.1462 C   0  0  0  0  0  0  0  0  0  0  0  0
    1.7365   26.6251   19.4462 C   0  0  0  0  0  0  0  0  0  0  0  0
    1.6365   27.3251   18.2462 C   0  0  0  0  0  0  0  0  0  0  0  0
    3.2365   26.0251   21.2462 F   0  0  0  0  0  0  0  0  0  0  0  0
    0.0365   28.5251   15.1462 C   0  0  0  0  0  0  0  0  0  0  0  0
   -0.5721   26.0131   18.2826 H   0  0  0  0  0  0  0  0  0  0  0  0
   -1.0169   26.4404   16.5781 H   0  0  0  0  0  0  0  0  0  0  0  0
    2.9420   29.2371   15.7615 H   0  0  0  0  0  0  0  0  0  0  0  0
    4.7720   28.8550   18.1067 H   0  0  0  0  0  0  0  0  0  0  0  0
    4.9669   27.6174   20.2258 H   0  0  0  0  0  0  0  0  0  0  0  0
    0.9006   26.0342   19.8488 H   0  0  0  0  0  0  0  0  0  0  0  0
   -0.9257   28.8137   15.5942 H   0  0  0  0  0  0  0  0  0  0  0  0
    0.4131   29.3498   14.5233 H   0  0  0  0  0  0  0  0  0  0  0  0
   -0.1031   27.6292   14.5233 H   0  0  0  0  0  0  0  0  0  0  0  0
  1  2  2  0
  2  3  1  0
  2  4  1  0
  5  6  1  0
  6  7  2  0
  7  8  1  0
  8  9  2  0
  9 10  1  0
 10 11  2  0
 11 12  1  0
 12 13  2  0
 13  5  1  0
 13  8  1  0
  4  5  1  0
 11 14  1  0
  6 15  1  0
  4 16  1  0
  4 17  1  0
  7 18  1  0
  9 19  1  0
 10 20  1  0
 12 21  1  0
 15 22  1  0
 15 23  1  0
 15 24  1  0
M  CHG  1   3  -1
M  END
"
3cqw_Lingo3DMolv2_591290,3cqw,"3cqw_Lingo3DMolv2_591290
     RDKit          3D

 32 33  0  0  0  0  0  0  0  0999 V2000
    8.2230    4.2283   15.5517 O   0  0  0  0  0  0  0  0  0  0  0  0
    8.0230    3.9283   16.7517 C   0  0  0  0  0  0  0  0  0  0  0  0
    7.3230    2.6283   17.2517 C   0  0  0  0  0  0  0  0  0  0  0  0
    7.8230    1.8283   18.1517 C   0  0  0  0  0  0  0  0  0  0  0  0
    7.0230    0.7283   18.1517 N   0  0  0  0  0  0  0  0  0  0  0  0
    6.0230    0.8283   17.2517 C   0  0  0  0  0  0  0  0  0  0  0  0
    6.1230    2.1283   16.6517 C   0  0  0  0  0  0  0  0  0  0  0  0
    5.1230    2.6283   15.7517 C   0  0  0  0  0  0  0  0  0  0  0  0
    3.9230    1.9283   15.5517 C   0  0  0  0  0  0  0  0  0  0  0  0
    3.7230    0.6283   16.2517 C   0  0  1  0  0  0  0  0  0  0  0  0
    5.0230   -0.1717   16.5517 C   0  0  0  0  0  0  0  0  0  0  0  0
    3.2230    0.8283   17.4517 F   0  0  0  0  0  0  0  0  0  0  0  0
    8.9230    1.9283   19.0517 C   0  0  2  0  0  0  0  0  0  0  0  0
    8.4230    2.1283   20.4517 N   0  0  0  0  0  4  0  0  0  0  0  0
   10.2230    2.6283   18.5517 C   0  0  0  0  0  0  0  0  0  0  0  0
   11.4230    2.6283   19.5517 N   0  0  0  0  0  4  0  0  0  0  0  0
    8.3697    4.6407   17.5149 H   0  0  0  0  0  0  0  0  0  0  0  0
    7.1641   -0.0857   18.7668 H   0  0  0  0  0  0  0  0  0  0  0  0
    5.2990    3.5709   15.2126 H   0  0  0  0  0  0  0  0  0  0  0  0
    3.1433    2.3327   14.8894 H   0  0  0  0  0  0  0  0  0  0  0  0
    3.0781    0.0703   15.5569 H   0  0  0  0  0  0  0  0  0  0  0  0
    4.8018   -1.0163   17.2208 H   0  0  0  0  0  0  0  0  0  0  0  0
    5.4566   -0.5807   15.6273 H   0  0  0  0  0  0  0  0  0  0  0  0
    9.4378    0.9569   19.0879 H   0  0  0  0  0  0  0  0  0  0  0  0
    9.1500    1.8375   21.1208 H   0  0  0  0  0  0  0  0  0  0  0  0
    8.2001    3.1233   20.5979 H   0  0  0  0  0  0  0  0  0  0  0  0
    7.5754    1.5616   20.5979 H   0  0  0  0  0  0  0  0  0  0  0  0
   10.5490    2.1183   17.6333 H   0  0  0  0  0  0  0  0  0  0  0  0
    9.9558    3.6854   18.4058 H   0  0  0  0  0  0  0  0  0  0  0  0
   11.6867    1.6573   19.7715 H   0  0  0  0  0  0  0  0  0  0  0  0
   12.2251    3.1139   19.1255 H   0  0  0  0  0  0  0  0  0  0  0  0
   11.1483    3.1139   20.4176 H   0  0  0  0  0  0  0  0  0  0  0  0
  1  2  2  0
  3  4  2  0
  4  5  1  0
  5  6  1  0
  6  7  2  0
  7  8  1  0
  8  9  2  0
  9 10  1  0
 10 11  1  0
  7  3  1  0
 11  6  1  0
  2  3  1  0
 10 12  1  0
 13 14  1  0
 13 15  1  0
 15 16  1  0
  4 13  1  0
  2 17  1  0
  5 18  1  0
  8 19  1  0
  9 20  1  0
 10 21  1  6
 11 22  1  0
 11 23  1  0
 13 24  1  1
 14 25  1  0
 14 26  1  0
 14 27  1  0
 15 28  1  0
 15 29  1  0
 16 30  1  0
 16 31  1  0
 16 32  1  0
M  CHG  2  14   1  16   1
M  END
"
2owb_Lingo3DMolv2_1200239,2owb,"2owb_Lingo3DMolv2_1200239
     RDKit          3D

 44 47  0  0  0  0  0  0  0  0999 V2000
    2.0114   27.6945   68.4810 N   0  0  0  0  0  0  0  0  0  0  0  0
    1.7114   28.7945   67.5810 C   0  0  0  0  0  0  0  0  0  0  0  0
    0.8114   28.7945   66.5810 N   0  0  0  0  0  0  0  0  0  0  0  0
    0.1114   27.6945   66.3810 C   0  0  0  0  0  0  0  0  0  0  0  0
    0.1114   26.5945   67.2810 N   0  0  0  0  0  0  0  0  0  0  0  0
    1.0114   26.6945   68.2810 C   0  0  0  0  0  0  0  0  0  0  0  0
    1.1114   25.6945   69.1810 N   0  0  0  0  0  0  0  0  0  0  0  0
    0.3114   24.5945   69.3810 C   0  0  0  0  0  0  0  0  0  0  0  0
   -0.8886   24.1945   68.7810 C   0  0  0  0  0  0  0  0  0  0  0  0
   -1.2886   22.9945   69.3810 C   0  0  0  0  0  0  0  0  0  0  0  0
   -0.3886   22.6945   70.2810 N   0  0  0  0  0  0  0  0  0  0  0  0
    0.6114   23.5945   70.2810 N   0  0  0  0  0  0  0  0  0  0  0  0
    1.7114   23.4945   71.1810 C   0  0  0  0  0  0  0  0  0  0  0  0
   -2.3886   22.2945   69.0810 N   0  0  0  0  0  0  0  0  0  0  0  0
   -2.5886   20.8945   69.4810 C   0  0  0  0  0  0  0  0  0  0  0  0
   -3.6886   20.2945   69.1810 O   0  0  0  0  0  0  0  0  0  0  0  0
   -1.5886   20.0945   70.1810 C   0  0  0  0  0  0  0  0  0  0  0  0
   -1.9886   19.0945   71.1810 C   0  0  0  0  0  0  0  0  0  0  0  0
   -1.4886   18.5945   69.7810 C   0  0  0  0  0  0  0  0  0  0  0  0
   -0.7886   27.6945   65.2810 N   0  0  0  0  0  0  0  0  0  0  0  0
   -1.5886   26.4945   64.8810 C   0  0  0  0  0  0  0  0  0  0  0  0
   -2.2886   26.7945   63.4810 C   0  0  0  0  0  0  0  0  0  0  0  0
   -1.4886   26.6945   62.2810 C   0  0  0  0  0  0  0  0  0  0  0  0
   -2.4886   25.6945   62.5810 C   0  0  0  0  0  0  0  0  0  0  0  0
    2.2792   29.7243   67.7329 H   0  0  0  0  0  0  0  0  0  0  0  0
    1.9156   25.7667   69.8204 H   0  0  0  0  0  0  0  0  0  0  0  0
   -1.4222   24.7281   67.9806 H   0  0  0  0  0  0  0  0  0  0  0  0
    1.3421   23.5281   72.2166 H   0  0  0  0  0  0  0  0  0  0  0  0
    2.2394   22.5447   71.0106 H   0  0  0  0  0  0  0  0  0  0  0  0
    2.4020   24.3336   71.0106 H   0  0  0  0  0  0  0  0  0  0  0  0
   -3.1329   22.7603   68.5425 H   0  0  0  0  0  0  0  0  0  0  0  0
   -0.8945   20.9467   70.2248 H   0  0  0  0  0  0  0  0  0  0  0  0
   -1.3646   18.9343   72.0725 H   0  0  0  0  0  0  0  0  0  0  0  0
   -2.8964   18.9252   71.7786 H   0  0  0  0  0  0  0  0  0  0  0  0
   -0.5084   18.1062   69.6776 H   0  0  0  0  0  0  0  0  0  0  0  0
   -1.8764   17.9540   68.9751 H   0  0  0  0  0  0  0  0  0  0  0  0
   -0.8952   28.5605   64.7337 H   0  0  0  0  0  0  0  0  0  0  0  0
   -0.9254   25.6222   64.7844 H   0  0  0  0  0  0  0  0  0  0  0  0
   -2.3510   26.2793   65.6441 H   0  0  0  0  0  0  0  0  0  0  0  0
   -2.9346   27.5696   63.9191 H   0  0  0  0  0  0  0  0  0  0  0  0
   -1.6465   27.4009   61.4527 H   0  0  0  0  0  0  0  0  0  0  0  0
   -0.4111   26.6793   62.0601 H   0  0  0  0  0  0  0  0  0  0  0  0
   -3.4070   25.6379   61.9782 H   0  0  0  0  0  0  0  0  0  0  0  0
   -2.4856   24.5991   62.6810 H   0  0  0  0  0  0  0  0  0  0  0  0
  1  2  2  0
  2  3  1  0
  3  4  2  0
  4  5  1  0
  5  6  2  0
  6  1  1  0
  6  7  1  0
  8  9  2  0
  9 10  1  0
 10 11  2  0
 11 12  1  0
 12  8  1  0
  7  8  1  0
 12 13  1  0
 14 15  1  0
 15 16  2  0
 10 14  1  0
 17 18  1  0
 18 19  1  0
 19 17  1  0
 15 17  1  0
 20 21  1  0
  4 20  1  0
 22 23  1  0
 23 24  1  0
 24 22  1  0
 21 22  1  0
  2 25  1  0
  7 26  1  0
  9 27  1  0
 13 28  1  0
 13 29  1  0
 13 30  1  0
 14 31  1  0
 17 32  1  0
 18 33  1  0
 18 34  1  0
 19 35  1  0
 19 36  1  0
 20 37  1  0
 21 38  1  0
 21 39  1  0
 22 40  1  0
 23 41  1  0
 23 42  1  0
 24 43  1  0
 24 44  1  0
M  END
"
2of2_Lingo3DMolv2_626332,2of2,"2of2_Lingo3DMolv2_626332
     RDKit          3D

 54 57  0  0  0  0  0  0  0  0999 V2000
   21.6770   41.6761   83.2043 F   0  0  0  0  0  0  0  0  0  0  0  0
   22.5770   41.3761   84.1043 C   0  0  0  0  0  0  0  0  0  0  0  0
   23.7770   42.1761   84.2043 C   0  0  0  0  0  0  0  0  0  0  0  0
   24.7770   41.8761   85.1043 C   0  0  0  0  0  0  0  0  0  0  0  0
   24.6770   40.7761   86.0043 C   0  0  0  0  0  0  0  0  0  0  0  0
   23.4770   39.9761   85.9043 C   0  0  0  0  0  0  0  0  0  0  0  0
   22.4770   40.2761   84.9043 C   0  0  0  0  0  0  0  0  0  0  0  0
   21.2770   39.4761   84.9043 C   0  0  0  0  0  0  0  0  0  0  0  0
   20.1770   39.9761   84.9043 O   0  0  0  0  0  0  0  0  0  0  0  0
   21.3770   38.0761   84.8043 N   0  0  0  0  0  0  0  0  0  0  0  0
   22.4770   37.2761   84.5043 C   0  0  0  0  0  0  0  0  0  0  0  0
   22.2770   36.2761   83.6043 C   0  0  0  0  0  0  0  0  0  0  0  0
   23.3770   35.5761   83.1043 C   0  0  0  0  0  0  0  0  0  0  0  0
   24.6770   35.9761   83.4043 N   0  0  0  0  0  0  0  0  0  0  0  0
   25.7770   35.4761   82.9043 N   0  0  0  0  0  0  0  0  0  0  0  0
   26.6770   36.2761   83.3043 C   0  0  0  0  0  0  0  0  0  0  0  0
   26.2770   37.2761   84.1043 N   0  0  0  0  0  0  0  0  0  0  0  0
   24.9770   37.0761   84.1043 C   0  0  0  0  0  0  0  0  0  0  0  0
   23.8770   37.7761   84.7043 C   0  0  0  0  0  0  0  0  0  0  0  0
   27.9770   36.1761   82.8043 N   0  0  0  0  0  0  0  0  0  0  0  0
   29.0770   36.9761   83.2043 C   0  0  0  0  0  0  0  0  0  0  0  0
   30.3770   36.4761   82.4043 C   0  0  0  0  0  0  0  0  0  0  0  0
   31.6770   37.2761   82.8043 C   0  0  0  0  0  0  0  0  0  0  0  0
   31.4770   38.6761   82.7043 O   0  0  0  0  0  0  0  0  0  0  0  0
   30.4770   39.1761   83.5043 C   0  0  0  0  0  0  0  0  0  0  0  0
   29.1770   38.4761   83.2043 C   0  0  0  0  0  0  0  0  0  0  0  0
   25.5770   40.3761   86.9043 O   0  0  0  0  0  0  0  0  0  0  0  0
   26.8770   41.0761   87.0043 C   0  0  0  0  0  0  0  0  0  0  0  0
   27.8770   40.3761   86.0043 C   0  0  0  0  0  0  0  0  0  0  0  0
   27.3770   40.8761   88.3043 C   0  0  0  0  0  0  0  0  0  0  0  0
   23.8953   43.0480   83.5441 H   0  0  0  0  0  0  0  0  0  0  0  0
   25.6793   42.5048   85.1284 H   0  0  0  0  0  0  0  0  0  0  0  0
   23.3237   39.1330   86.5941 H   0  0  0  0  0  0  0  0  0  0  0  0
   20.5011   37.5635   84.9802 H   0  0  0  0  0  0  0  0  0  0  0  0
   21.2592   36.0214   83.2737 H   0  0  0  0  0  0  0  0  0  0  0  0
   23.2145   34.6962   82.4644 H   0  0  0  0  0  0  0  0  0  0  0  0
   24.0601   38.6765   85.3090 H   0  0  0  0  0  0  0  0  0  0  0  0
   28.1515   35.4607   82.0841 H   0  0  0  0  0  0  0  0  0  0  0  0
   28.9388   36.8072   84.2824 H   0  0  0  0  0  0  0  0  0  0  0  0
   30.5375   35.4100   82.6229 H   0  0  0  0  0  0  0  0  0  0  0  0
   30.1961   36.6462   81.3327 H   0  0  0  0  0  0  0  0  0  0  0  0
   31.9453   37.0265   83.8415 H   0  0  0  0  0  0  0  0  0  0  0  0
   32.4835   36.9924   82.1121 H   0  0  0  0  0  0  0  0  0  0  0  0
   30.7413   39.0164   84.5601 H   0  0  0  0  0  0  0  0  0  0  0  0
   30.3612   40.2519   83.3067 H   0  0  0  0  0  0  0  0  0  0  0  0
   28.4513   38.8359   83.9485 H   0  0  0  0  0  0  0  0  0  0  0  0
   29.0119   38.7251   82.1457 H   0  0  0  0  0  0  0  0  0  0  0  0
   26.7651   42.1469   86.7792 H   0  0  0  0  0  0  0  0  0  0  0  0
   28.6478   39.8365   86.5742 H   0  0  0  0  0  0  0  0  0  0  0  0
   27.3251   39.6661   85.3708 H   0  0  0  0  0  0  0  0  0  0  0  0
   28.3552   41.1376   85.3708 H   0  0  0  0  0  0  0  0  0  0  0  0
   26.6177   41.1798   89.0399 H   0  0  0  0  0  0  0  0  0  0  0  0
   27.6185   39.8121   88.4446 H   0  0  0  0  0  0  0  0  0  0  0  0
   28.2857   41.4799   88.4446 H   0  0  0  0  0  0  0  0  0  0  0  0
  2  3  2  0
  3  4  1  0
  4  5  2  0
  5  6  1  0
  6  7  2  0
  7  2  1  0
  1  2  1  0
  8  9  2  0
  8 10  1  0
  7  8  1  0
 11 12  1  0
 12 13  2  0
 13 14  1  0
 14 15  1  0
 15 16  2  0
 16 17  1  0
 17 18  2  0
 18 19  1  0
 19 11  2  0
 18 14  1  0
 10 11  1  0
 16 20  1  0
 21 22  1  0
 22 23  1  0
 23 24  1  0
 24 25  1  0
 25 26  1  0
 26 21  1  0
 20 21  1  0
 27 28  1  0
 28 29  1  0
 28 30  1  0
  5 27  1  0
  3 31  1  0
  4 32  1  0
  6 33  1  0
 10 34  1  0
 12 35  1  0
 13 36  1  0
 19 37  1  0
 20 38  1  0
 21 39  1  0
 22 40  1  0
 22 41  1  0
 23 42  1  0
 23 43  1  0
 25 44  1  0
 25 45  1  0
 26 46  1  0
 26 47  1  0
 28 48  1  0
 29 49  1  0
 29 50  1  0
 29 51  1  0
 30 52  1  0
 30 53  1  0
 30 54  1  0
M  END
"
3nxu_Lingo3DMolv2_42987,3nxu,"3nxu_Lingo3DMolv2_42987
     RDKit          3D

 12 13  0  0  0  0  0  0  0  0999 V2000
   21.0366  -36.1693  -19.0177 N   0  0  0  0  0  0  0  0  0  0  0  0
   21.7366  -36.3693  -20.0177 C   0  0  0  0  0  0  0  0  0  0  0  0
   22.0366  -35.2693  -20.8177 C   0  0  0  0  0  0  0  0  0  0  0  0
   21.4366  -34.1693  -20.1177 C   0  0  0  0  0  0  0  0  0  0  0  0
   21.1366  -32.4693  -20.1177 S   0  0  0  0  0  0  0  0  0  0  0  0
   20.3366  -32.6693  -18.5177 C   0  0  0  0  0  0  0  0  0  0  0  0
   20.3366  -33.9693  -18.0177 C   0  0  0  0  0  0  0  0  0  0  0  0
   20.9366  -34.7693  -18.9177 N   0  0  0  0  0  0  0  0  0  0  0  0
   22.1071  -37.3750  -20.2651 H   0  0  0  0  0  0  0  0  0  0  0  0
   22.5999  -35.2485  -21.7623 H   0  0  0  0  0  0  0  0  0  0  0  0
   19.8816  -31.8275  -17.9752 H   0  0  0  0  0  0  0  0  0  0  0  0
   19.9175  -34.2876  -17.0517 H   0  0  0  0  0  0  0  0  0  0  0  0
  1  2  2  0
  2  3  1  0
  3  4  2  0
  4  5  1  0
  5  6  1  0
  6  7  2  0
  7  8  1  0
  8  1  1  0
  8  4  1  0
  2  9  1  0
  3 10  1  0
  6 11  1  0
  7 12  1  0
M  END
"
3ny8_Lingo3DMolv2_905081,3ny8,"3ny8_Lingo3DMolv2_905081
     RDKit          3D

 44 45  0  0  0  0  0  0  0  0999 V2000
    4.3167    7.4095   50.7810 O   0  0  0  0  0  0  0  0  0  0  0  0
    3.5167    6.4095   51.1810 C   0  0  1  0  0  0  0  0  0  0  0  0
    2.6167    6.8095   52.3810 C   0  0  0  0  0  0  0  0  0  0  0  0
    3.2167    8.0095   53.1810 N   0  0  0  0  0  4  0  0  0  0  0  0
    2.6167    8.3095   54.5810 C   0  0  0  0  0  0  0  0  0  0  0  0
    1.1167    8.6095   54.3810 C   0  0  0  0  0  0  0  0  0  0  0  0
    0.9167    9.7095   53.5810 O   0  0  0  0  0  0  0  0  0  0  0  0
    3.4167    9.4095   55.0810 C   0  0  0  0  0  0  0  0  0  0  0  0
    4.7167    9.1095   55.1810 O   0  0  0  0  0  0  0  0  0  0  0  0
    2.8167    6.9095   55.3810 C   0  0  0  0  0  0  0  0  0  0  0  0
    4.2167    6.4095   55.2810 O   0  0  0  0  0  0  0  0  0  0  0  0
    2.8167    5.8095   49.9810 C   0  0  0  0  0  0  0  0  0  0  0  0
    2.2167    4.6095   50.3810 O   0  0  0  0  0  0  0  0  0  0  0  0
    1.6167    3.9095   49.2810 C   0  0  0  0  0  0  0  0  0  0  0  0
    1.1167    2.5095   49.7810 C   0  0  0  0  0  0  0  0  0  0  0  0
    0.5167    1.8095   48.8810 O   0  0  0  0  0  0  0  0  0  0  0  0
    0.2167    0.6095   49.4810 N   0  0  0  0  0  0  0  0  0  0  0  0
    0.7167    0.6095   50.7810 C   0  0  0  0  0  0  0  0  0  0  0  0
    0.7167   -0.1905   51.7810 N   0  0  0  0  0  0  0  0  0  0  0  0
    1.4167    0.4095   52.6810 C   0  0  0  0  0  0  0  0  0  0  0  0
    1.9167    1.7095   52.2810 C   0  0  0  0  0  0  0  0  0  0  0  0
    1.4167    1.8095   50.9810 C   0  0  0  0  0  0  0  0  0  0  0  0
    2.9167    2.7095   53.0810 Cl  0  0  0  0  0  0  0  0  0  0  0  0
    4.6874    7.8728   51.5735 H   0  0  0  0  0  0  0  0  0  0  0  0
    4.1170    5.5932   51.6091 H   0  0  0  0  0  0  0  0  0  0  0  0
    1.6242    7.0948   52.0022 H   0  0  0  0  0  0  0  0  0  0  0  0
    2.5478    5.9464   53.0594 H   0  0  0  0  0  0  0  0  0  0  0  0
    4.2215    7.8230   53.3095 H   0  0  0  0  0  0  0  0  0  0  0  0
    2.9915    8.8405   52.6155 H   0  0  0  0  0  0  0  0  0  0  0  0
    0.6389    7.7368   53.9118 H   0  0  0  0  0  0  0  0  0  0  0  0
    0.6765    8.8201   55.3668 H   0  0  0  0  0  0  0  0  0  0  0  0
    0.7716   10.5079   54.1480 H   0  0  0  0  0  0  0  0  0  0  0  0
    3.3060   10.2628   54.3957 H   0  0  0  0  0  0  0  0  0  0  0  0
    3.0554    9.6447   56.0930 H   0  0  0  0  0  0  0  0  0  0  0  0
    4.9694    9.0512   56.1364 H   0  0  0  0  0  0  0  0  0  0  0  0
    2.5699    7.0671   56.4413 H   0  0  0  0  0  0  0  0  0  0  0  0
    2.1527    6.1590   54.9274 H   0  0  0  0  0  0  0  0  0  0  0  0
    4.5858    6.2777   56.1901 H   0  0  0  0  0  0  0  0  0  0  0  0
    2.0488    6.5050   49.6113 H   0  0  0  0  0  0  0  0  0  0  0  0
    3.5394    5.6228   49.1729 H   0  0  0  0  0  0  0  0  0  0  0  0
    0.7654    4.4892   48.8948 H   0  0  0  0  0  0  0  0  0  0  0  0
    2.3556    3.7758   48.4771 H   0  0  0  0  0  0  0  0  0  0  0  0
   -0.2965   -0.1666   49.0391 H   0  0  0  0  0  0  0  0  0  0  0  0
    1.6179   -0.0282   53.6699 H   0  0  0  0  0  0  0  0  0  0  0  0
  2  1  1  0
  2  3  1  0
  3  4  1  0
  4  5  1  0
  5  6  1  0
  6  7  1  0
  5  8  1  0
  8  9  1  0
  5 10  1  0
 10 11  1  0
  2 12  1  0
 12 13  1  0
 13 14  1  0
 15 16  1  0
 16 17  1  0
 17 18  1  0
 18 19  2  0
 19 20  1  0
 20 21  2  0
 21 22  1  0
 22 15  2  0
 22 18  1  0
 14 15  1  0
 21 23  1  0
  1 24  1  0
  2 25  1  1
  3 26  1  0
  3 27  1  0
  4 28  1  0
  4 29  1  0
  6 30  1  0
  6 31  1  0
  7 32  1  0
  8 33  1  0
  8 34  1  0
  9 35  1  0
 10 36  1  0
 10 37  1  0
 11 38  1  0
 12 39  1  0
 12 40  1  0
 14 41  1  0
 14 42  1  0
 17 43  1  0
 20 44  1  0
M  CHG  1   4   1
M  END
"
1qw6_Lingo3DMolv2_770573,1qw6,"1qw6_Lingo3DMolv2_770573
     RDKit          3D

 34 35  0  0  0  0  0  0  0  0999 V2000
    1.7679    3.3973   47.1932 N   0  0  0  0  0  0  0  0  0  0  0  0
    3.0679    3.0973   47.8933 C   0  0  1  0  0  0  0  0  0  0  0  0
    4.1679    3.9973   47.2933 C   0  0  0  0  0  0  0  0  0  0  0  0
    5.7679    3.6973   48.0932 S   0  0  0  0  0  0  0  0  0  0  0  0
    2.8679    3.1973   49.3933 C   0  0  0  0  0  0  0  0  0  0  0  0
    1.8679    1.9973   50.0932 S   0  0  0  0  0  0  0  0  0  0  0  0
    1.9679    2.3973   51.8933 C   0  0  0  0  0  0  0  0  0  0  0  0
    6.8679    4.7973   47.1932 C   0  0  0  0  0  0  0  0  0  0  0  0
    6.4679    5.5973   46.1932 N   0  0  0  0  0  0  0  0  0  0  0  0
    7.5679    6.1973   45.7933 C   0  0  0  0  0  0  0  0  0  0  0  0
    7.7679    7.0973   44.7933 C   0  0  0  0  0  0  0  0  0  0  0  0
    9.1679    7.5973   44.5932 C   0  0  0  0  0  0  0  0  0  0  0  0
   10.2679    7.0973   45.3933 C   0  0  0  0  0  0  0  0  0  0  0  0
   10.0679    6.0973   46.2933 C   0  0  0  0  0  0  0  0  0  0  0  0
    8.8679    5.5973   46.3933 C   0  0  0  0  0  0  0  0  0  0  0  0
    8.2679    4.5973   47.1932 N   0  0  0  0  0  0  0  0  0  0  0  0
    8.9679    3.7973   48.1932 C   0  0  0  0  0  0  0  0  0  0  0  0
    1.0321    3.5671   47.8937 H   0  0  0  0  0  0  0  0  0  0  0  0
    1.8806    4.2344   46.6038 H   0  0  0  0  0  0  0  0  0  0  0  0
    3.4106    2.0651   47.7284 H   0  0  0  0  0  0  0  0  0  0  0  0
    4.2588    3.7847   46.2178 H   0  0  0  0  0  0  0  0  0  0  0  0
    3.8872    5.0480   47.4580 H   0  0  0  0  0  0  0  0  0  0  0  0
    3.8569    3.1330   49.8706 H   0  0  0  0  0  0  0  0  0  0  0  0
    2.3506    4.1532   49.5625 H   0  0  0  0  0  0  0  0  0  0  0  0
    1.7426    1.4960   52.4822 H   0  0  0  0  0  0  0  0  0  0  0  0
    2.9817    2.7492   52.1349 H   0  0  0  0  0  0  0  0  0  0  0  0
    1.2391    3.1849   52.1349 H   0  0  0  0  0  0  0  0  0  0  0  0
    6.9389    7.4435   44.1586 H   0  0  0  0  0  0  0  0  0  0  0  0
    9.3636    8.3588   43.8239 H   0  0  0  0  0  0  0  0  0  0  0  0
   11.2721    7.5297   45.2717 H   0  0  0  0  0  0  0  0  0  0  0  0
   10.8926    5.7222   46.9171 H   0  0  0  0  0  0  0  0  0  0  0  0
    8.6759    4.1311   49.1999 H   0  0  0  0  0  0  0  0  0  0  0  0
    8.7019    2.7375   48.0668 H   0  0  0  0  0  0  0  0  0  0  0  0
   10.0537    3.9203   48.0668 H   0  0  0  0  0  0  0  0  0  0  0  0
  2  1  1  0
  2  3  1  0
  3  4  1  0
  2  5  1  0
  5  6  1  0
  6  7  1  0
  8  9  2  0
  9 10  1  0
 10 11  2  0
 11 12  1  0
 12 13  2  0
 13 14  1  0
 14 15  2  0
 15 16  1  0
 16  8  1  0
 15 10  1  0
  4  8  1  0
 16 17  1  0
  1 18  1  0
  1 19  1  0
  2 20  1  1
  3 21  1  0
  3 22  1  0
  5 23  1  0
  5 24  1  0
  7 25  1  0
  7 26  1  0
  7 27  1  0
 11 28  1  0
 12 29  1  0
 13 30  1  0
 14 31  1  0
 17 32  1  0
 17 33  1  0
 17 34  1  0
M  END
"
1qw6_Lingo3DMolv2_695432,1qw6,"1qw6_Lingo3DMolv2_695432
     RDKit          3D

 16 16  0  0  0  0  0  0  0  0999 V2000
    4.6679    2.5973   47.1932 F   0  0  0  0  0  0  0  0  0  0  0  0
    4.1679    3.6973   47.3933 C   0  0  0  0  0  0  0  0  0  0  0  0
    3.0679    3.6973   46.7933 F   0  0  0  0  0  0  0  0  0  0  0  0
    3.9679    3.7973   48.6932 F   0  0  0  0  0  0  0  0  0  0  0  0
    5.1679    4.8973   46.8933 C   0  0  0  0  0  0  0  0  0  0  0  0
    5.1679    6.0973   47.2933 N   0  0  0  0  0  4  0  0  0  0  0  0
    6.0679    6.9973   46.4933 C   0  0  0  0  0  0  0  0  0  0  0  0
    6.9679    5.9973   45.7933 C   0  0  0  0  0  0  0  0  0  0  0  0
    6.1679    4.6973   45.7933 C   0  0  0  0  0  0  0  0  0  0  0  0
    4.6052    6.4263   48.0907 H   0  0  0  0  0  0  0  0  0  0  0  0
    5.4949    7.5951   45.7693 H   0  0  0  0  0  0  0  0  0  0  0  0
    6.6118    7.7358   47.1006 H   0  0  0  0  0  0  0  0  0  0  0  0
    7.1830    6.3215   44.7643 H   0  0  0  0  0  0  0  0  0  0  0  0
    7.9416    5.8891   46.2936 H   0  0  0  0  0  0  0  0  0  0  0  0
    5.6640    4.5465   44.8272 H   0  0  0  0  0  0  0  0  0  0  0  0
    6.7978    3.8083   45.9452 H   0  0  0  0  0  0  0  0  0  0  0  0
  1  2  1  0
  2  3  1  0
  2  4  1  0
  5  6  2  0
  6  7  1  0
  7  8  1  0
  8  9  1  0
  9  5  1  0
  2  5  1  0
  6 10  1  0
  7 11  1  0
  7 12  1  0
  8 13  1  0
  8 14  1  0
  9 15  1  0
  9 16  1  0
M  CHG  1   6   1
M  END
"
1ype_Lingo3DMolv2_564295,1ype,"1ype_Lingo3DMolv2_564295
     RDKit          3D

 82 82  0  0  0  0  0  0  0  0999 V2000
   11.7164  -10.6710   23.6037 N   0  0  0  0  0  0  0  0  0  0  0  0
   11.9164   -9.3711   24.2037 C   0  0  0  0  0  0  0  0  0  0  0  0
   10.8164  -11.4710   24.4037 N   0  0  0  0  0  0  0  0  0  0  0  0
   12.2164  -11.0710   22.4037 C   0  0  0  0  0  0  0  0  0  0  0  0
   11.9164  -12.2711   21.9037 N   0  0  0  0  0  4  0  0  0  0  0  0
   13.0164  -10.2711   21.7037 N   0  0  0  0  0  0  0  0  0  0  0  0
   13.5164  -10.4710   20.4037 C   0  0  0  0  0  0  0  0  0  0  0  0
   14.7164  -11.3711   20.3037 C   0  0  2  0  0  0  0  0  0  0  0  0
   15.9164  -10.6710   20.8037 N   0  0  0  0  0  0  0  0  0  0  0  0
   17.3164  -11.3711   20.5037 C   0  0  0  0  0  0  0  0  0  0  0  0
   17.5164  -12.7711   21.2037 C   0  0  1  0  0  0  0  0  0  0  0  0
   16.5164  -13.6710   20.7037 O   0  0  0  0  0  0  0  0  0  0  0  0
   18.9164  -13.3711   20.8037 C   0  0  0  0  0  0  0  0  0  0  0  0
   20.2164  -12.4710   21.1037 C   0  0  0  0  0  0  0  0  0  0  0  0
   17.3164  -12.6710   22.6037 N   0  0  0  0  0  0  0  0  0  0  0  0
   17.6164  -13.7711   23.4037 N   0  0  0  0  0  4  0  0  0  0  0  0
   19.1164  -13.7711   23.9037 C   0  0  0  0  0  0  0  0  0  0  0  0
   19.3164  -14.8711   25.0037 C   0  0  0  0  0  0  0  0  0  0  0  0
   20.6164  -14.6710   25.7037 C   0  0  0  0  0  0  0  0  0  0  0  0
   21.9164  -14.7711   24.8037 C   0  0  0  0  0  0  0  0  0  0  0  0
   23.1164  -14.4710   25.5037 C   0  0  0  0  0  0  0  0  0  0  0  0
   24.3164  -14.4710   24.6037 N   0  0  0  0  0  0  0  0  0  0  0  0
   24.5164  -13.1710   23.8037 C   0  0  0  0  0  0  0  0  0  0  0  0
   24.7164  -15.6710   24.3037 C   0  0  0  0  0  0  0  0  0  0  0  0
   25.8164  -15.7711   23.5037 N   0  0  0  0  0  0  0  0  0  0  0  0
   24.2164  -16.8711   24.7037 N   0  0  0  0  0  4  0  0  0  0  0  0
   14.9164  -11.8711   18.8037 C   0  0  2  0  0  0  0  0  0  0  0  0
   13.9164  -12.7711   18.3037 C   0  0  0  0  0  0  0  0  0  0  0  0
   16.2164  -12.4710   18.6037 O   0  0  0  0  0  0  0  0  0  0  0  0
   20.9164  -11.9710   19.8037 C   0  0  1  0  0  0  0  0  0  0  0  0
   21.2164  -12.9710   18.8037 C   0  0  0  0  0  0  0  0  0  0  0  0
   20.8164  -11.9710   17.7037 C   0  0  0  0  0  0  0  0  0  0  0  0
   20.7164  -11.8711   16.5037 O   0  0  0  0  0  0  0  0  0  0  0  0
   20.3164  -11.8711   19.0037 N   0  0  0  0  0  0  0  0  0  0  0  0
   11.9016   -9.4668   25.2994 H   0  0  0  0  0  0  0  0  0  0  0  0
   12.8875   -8.9652   23.8841 H   0  0  0  0  0  0  0  0  0  0  0  0
   11.1121   -8.6921   23.8841 H   0  0  0  0  0  0  0  0  0  0  0  0
   11.0043  -11.3040   25.4025 H   0  0  0  0  0  0  0  0  0  0  0  0
    9.8431  -11.2110   24.1892 H   0  0  0  0  0  0  0  0  0  0  0  0
   12.3021  -12.5609   20.9937 H   0  0  0  0  0  0  0  0  0  0  0  0
   11.2990  -12.9076   22.4276 H   0  0  0  0  0  0  0  0  0  0  0  0
   13.3048   -9.3992   22.1701 H   0  0  0  0  0  0  0  0  0  0  0  0
   12.7120  -10.9096   19.7948 H   0  0  0  0  0  0  0  0  0  0  0  0
   13.8494   -9.4832   20.0527 H   0  0  0  0  0  0  0  0  0  0  0  0
   14.5525  -12.2596   20.9311 H   0  0  0  0  0  0  0  0  0  0  0  0
   15.9352   -9.7346   20.3751 H   0  0  0  0  0  0  0  0  0  0  0  0
   17.4010  -11.5162   19.4166 H   0  0  0  0  0  0  0  0  0  0  0  0
   18.0908  -10.7055   20.9127 H   0  0  0  0  0  0  0  0  0  0  0  0
   16.0448  -14.0955   21.4636 H   0  0  0  0  0  0  0  0  0  0  0  0
   19.0376  -14.3191   21.3482 H   0  0  0  0  0  0  0  0  0  0  0  0
   18.8824  -13.4629   19.7080 H   0  0  0  0  0  0  0  0  0  0  0  0
   19.9096  -11.5967   21.6965 H   0  0  0  0  0  0  0  0  0  0  0  0
   20.9368  -13.0997   21.6476 H   0  0  0  0  0  0  0  0  0  0  0  0
   17.8953  -11.8871   22.9371 H   0  0  0  0  0  0  0  0  0  0  0  0
   16.9952  -13.7602   24.2252 H   0  0  0  0  0  0  0  0  0  0  0  0
   17.4786  -14.6175   22.8331 H   0  0  0  0  0  0  0  0  0  0  0  0
   19.7833  -13.9801   23.0542 H   0  0  0  0  0  0  0  0  0  0  0  0
   19.3539  -12.7859   24.3315 H   0  0  0  0  0  0  0  0  0  0  0  0
   18.4969  -14.8067   25.7346 H   0  0  0  0  0  0  0  0  0  0  0  0
   19.3164  -15.8611   24.5242 H   0  0  0  0  0  0  0  0  0  0  0  0
   20.6009  -13.6710   26.1615 H   0  0  0  0  0  0  0  0  0  0  0  0
   20.6930  -15.4976   26.4255 H   0  0  0  0  0  0  0  0  0  0  0  0
   21.9896  -15.7959   24.4109 H   0  0  0  0  0  0  0  0  0  0  0  0
   21.8136  -14.0232   24.0035 H   0  0  0  0  0  0  0  0  0  0  0  0
   23.0187  -13.4762   25.9628 H   0  0  0  0  0  0  0  0  0  0  0  0
   23.2663  -15.2518   26.2639 H   0  0  0  0  0  0  0  0  0  0  0  0
   24.6460  -12.3288   24.4992 H   0  0  0  0  0  0  0  0  0  0  0  0
   25.4107  -13.2643   23.1701 H   0  0  0  0  0  0  0  0  0  0  0  0
   23.6353  -12.9912   23.1701 H   0  0  0  0  0  0  0  0  0  0  0  0
   26.1755  -16.6984   23.2355 H   0  0  0  0  0  0  0  0  0  0  0  0
   26.2880  -14.9192   23.1677 H   0  0  0  0  0  0  0  0  0  0  0  0
   24.6502  -17.7453   24.3744 H   0  0  0  0  0  0  0  0  0  0  0  0
   23.4039  -16.9055   25.3359 H   0  0  0  0  0  0  0  0  0  0  0  0
   14.8181  -10.9416   18.2237 H   0  0  0  0  0  0  0  0  0  0  0  0
   13.3924  -13.2427   19.1481 H   0  0  0  0  0  0  0  0  0  0  0  0
   13.1943  -12.2125   17.6899 H   0  0  0  0  0  0  0  0  0  0  0  0
   14.3960  -13.5477   17.6899 H   0  0  0  0  0  0  0  0  0  0  0  0
   16.6304  -12.6621   19.4824 H   0  0  0  0  0  0  0  0  0  0  0  0
   21.5745  -11.2545   20.3168 H   0  0  0  0  0  0  0  0  0  0  0  0
   22.2728  -13.2761   18.7735 H   0  0  0  0  0  0  0  0  0  0  0  0
   20.7543  -13.9682   18.8507 H   0  0  0  0  0  0  0  0  0  0  0  0
   19.3122  -11.6911   19.1455 H   0  0  0  0  0  0  0  0  0  0  0  0
  1  2  1  0
  1  3  1  0
  1  4  1  0
  4  5  2  0
  4  6  1  0
  6  7  1  0
  8  7  1  0
  8  9  1  0
  9 10  1  0
 10 11  1  0
 11 12  1  6
 11 13  1  0
 13 14  1  0
 11 15  1  0
 15 16  1  0
 16 17  1  0
 17 18  1  0
 18 19  1  0
 19 20  1  0
 20 21  1  0
 21 22  1  0
 22 23  1  0
 22 24  1  0
 24 25  1  0
 24 26  2  0
  8 27  1  0
 27 28  1  0
 27 29  1  0
 30 31  1  0
 31 32  1  0
 32 33  2  0
 32 34  1  0
 34 30  1  0
 14 30  1  0
  2 35  1  0
  2 36  1  0
  2 37  1  0
  3 38  1  0
  3 39  1  0
  5 40  1  0
  5 41  1  0
  6 42  1  0
  7 43  1  0
  7 44  1  0
  8 45  1  1
  9 46  1  0
 10 47  1  0
 10 48  1  0
 12 49  1  0
 13 50  1  0
 13 51  1  0
 14 52  1  0
 14 53  1  0
 15 54  1  0
 16 55  1  0
 16 56  1  0
 17 57  1  0
 17 58  1  0
 18 59  1  0
 18 60  1  0
 19 61  1  0
 19 62  1  0
 20 63  1  0
 20 64  1  0
 21 65  1  0
 21 66  1  0
 23 67  1  0
 23 68  1  0
 23 69  1  0
 25 70  1  0
 25 71  1  0
 26 72  1  0
 26 73  1  0
 27 74  1  6
 28 75  1  0
 28 76  1  0
 28 77  1  0
 29 78  1  0
 30 79  1  1
 31 80  1  0
 31 81  1  0
 34 82  1  0
M  CHG  3   5   1  16   1  26   1
M  END
"
2oyu_Lingo3DMolv2_710337,2oyu,"2oyu_Lingo3DMolv2_710337
     RDKit          3D

 33 33  0  0  0  0  0  0  0  0999 V2000
   19.1969   48.7392    6.1544 Cl  0  0  0  0  0  0  0  0  0  0  0  0
   19.7969   48.4392    7.7544 C   0  0  0  0  0  0  0  0  0  0  0  0
   20.1969   49.6392    8.4544 C   0  0  0  0  0  0  0  0  0  0  0  0
   20.1969   49.8392    9.7544 C   0  0  0  0  0  0  0  0  0  0  0  0
   19.6969   48.8392   10.8544 C   0  0  0  0  0  0  0  0  0  0  0  0
   20.4969   48.7392   12.0544 N   0  0  0  0  0  0  0  0  0  0  0  0
   20.5969   50.0392   12.9544 C   0  0  0  0  0  0  0  0  0  0  0  0
   20.2969   47.6392   12.8544 C   0  0  0  0  0  0  0  0  0  0  0  0
   19.4969   47.6392   13.7544 O   0  0  0  0  0  0  0  0  0  0  0  0
   20.9969   46.6392   12.5544 O   0  0  0  0  0  0  0  0  0  0  0  0
   20.2969   45.5392   12.0544 C   0  0  0  0  0  0  0  0  0  0  0  0
   21.8969   50.8392   12.7544 C   0  0  0  0  0  0  0  0  0  0  0  0
   22.1969   51.9392   13.4544 C   0  0  0  0  0  0  0  0  0  0  0  0
   23.3969   52.7392   13.2544 C   0  0  0  0  0  0  0  0  0  0  0  0
   24.1969   52.3392   12.2544 C   0  0  0  0  0  0  0  0  0  0  0  0
   23.9969   51.2392   11.4544 C   0  0  0  0  0  0  0  0  0  0  0  0
   22.7969   50.4392   11.6544 C   0  0  0  0  0  0  0  0  0  0  0  0
   25.3969   53.0392   12.0544 F   0  0  0  0  0  0  0  0  0  0  0  0
   19.0053   47.9443    8.3360 H   0  0  0  0  0  0  0  0  0  0  0  0
   20.6936   47.8106    7.6512 H   0  0  0  0  0  0  0  0  0  0  0  0
   20.5392   50.4781    7.8306 H   0  0  0  0  0  0  0  0  0  0  0  0
   20.5871   50.8058   10.1057 H   0  0  0  0  0  0  0  0  0  0  0  0
   18.6854   49.1515   11.1534 H   0  0  0  0  0  0  0  0  0  0  0  0
   19.7521   47.8450   10.3870 H   0  0  0  0  0  0  0  0  0  0  0  0
   19.7468   50.6940   12.7123 H   0  0  0  0  0  0  0  0  0  0  0  0
   20.5872   49.7034   14.0018 H   0  0  0  0  0  0  0  0  0  0  0  0
   19.9137   44.9371   12.8914 H   0  0  0  0  0  0  0  0  0  0  0  0
   19.4550   45.8892   11.4389 H   0  0  0  0  0  0  0  0  0  0  0  0
   20.9705   44.9248   11.4389 H   0  0  0  0  0  0  0  0  0  0  0  0
   21.4896   52.2608   14.2331 H   0  0  0  0  0  0  0  0  0  0  0  0
   23.6317   53.6125   13.8808 H   0  0  0  0  0  0  0  0  0  0  0  0
   24.7287   50.9689   10.6788 H   0  0  0  0  0  0  0  0  0  0  0  0
   22.5706   49.5742   11.0136 H   0  0  0  0  0  0  0  0  0  0  0  0
  1  2  1  0
  2  3  1  0
  3  4  2  3
  4  5  1  0
  5  6  1  0
  6  7  1  0
  6  8  1  0
  8  9  2  0
 10 11  1  0
  8 10  1  0
 12 13  2  0
 13 14  1  0
 14 15  2  0
 15 16  1  0
 16 17  2  0
 17 12  1  0
  7 12  1  0
 15 18  1  0
  2 19  1  0
  2 20  1  0
  3 21  1  0
  4 22  1  0
  5 23  1  0
  5 24  1  0
  7 25  1  0
  7 26  1  0
 11 27  1  0
 11 28  1  0
 11 29  1  0
 13 30  1  0
 14 31  1  0
 16 32  1  0
 17 33  1  0
M  END
"
3ln1_Lingo3DMolv2_1181598,3ln1,"3ln1_Lingo3DMolv2_1181598
     RDKit          3D

 31 31  0  0  0  0  0  0  0  0999 V2000
   14.7786  -53.5159   51.7102 O   0  0  0  0  0  0  0  0  0  0  0  0
   14.5786  -53.5159   52.9102 C   0  0  0  0  0  0  0  0  0  0  0  0
   13.2786  -53.7159   53.4102 C   0  0  0  0  0  0  0  0  0  0  0  0
   15.5786  -53.2159   53.9102 O   0  0  0  0  0  0  0  0  0  0  0  0
   16.8786  -53.0159   53.5102 C   0  0  0  0  0  0  0  0  0  0  0  0
   17.7786  -52.8159   54.8102 C   0  0  0  0  0  0  0  0  0  0  0  0
   19.1786  -52.3159   54.5102 C   0  0  2  0  0  0  0  0  0  0  0  0
   20.2786  -53.0159   55.5102 C   0  0  0  0  0  0  0  0  0  0  0  0
   19.2786  -50.8159   54.7102 C   0  0  0  0  0  0  0  0  0  0  0  0
   18.3786  -49.8159   54.3102 C   0  0  0  0  0  0  0  0  0  0  0  0
   18.7786  -48.6159   54.7102 N   0  0  0  0  0  0  0  0  0  0  0  0
   19.9786  -48.7159   55.5102 C   0  0  0  0  0  0  0  0  0  0  0  0
   20.2786  -50.1159   55.5102 C   0  0  0  0  0  0  0  0  0  0  0  0
   20.5786  -47.6159   56.2102 C   0  0  0  0  0  0  0  0  0  0  0  0
   13.3041  -53.7119   54.5099 H   0  0  0  0  0  0  0  0  0  0  0  0
   12.6212  -52.9083   53.0558 H   0  0  0  0  0  0  0  0  0  0  0  0
   12.8943  -54.6837   53.0558 H   0  0  0  0  0  0  0  0  0  0  0  0
   17.2322  -53.8904   52.9443 H   0  0  0  0  0  0  0  0  0  0  0  0
   16.9435  -52.1275   52.8647 H   0  0  0  0  0  0  0  0  0  0  0  0
   17.2826  -52.0865   55.4674 H   0  0  0  0  0  0  0  0  0  0  0  0
   17.8840  -53.8031   55.2838 H   0  0  0  0  0  0  0  0  0  0  0  0
   19.3883  -52.5765   53.4623 H   0  0  0  0  0  0  0  0  0  0  0  0
   19.9916  -52.8332   56.5563 H   0  0  0  0  0  0  0  0  0  0  0  0
   20.3082  -54.0992   55.3219 H   0  0  0  0  0  0  0  0  0  0  0  0
   21.2725  -52.5838   55.3219 H   0  0  0  0  0  0  0  0  0  0  0  0
   17.4583  -50.0034   53.7376 H   0  0  0  0  0  0  0  0  0  0  0  0
   18.2995  -47.7331   54.4819 H   0  0  0  0  0  0  0  0  0  0  0  0
   21.1260  -50.5876   56.0293 H   0  0  0  0  0  0  0  0  0  0  0  0
   20.4897  -47.7789   57.2944 H   0  0  0  0  0  0  0  0  0  0  0  0
   21.6415  -47.5429   55.9363 H   0  0  0  0  0  0  0  0  0  0  0  0
   20.0646  -46.6827   55.9363 H   0  0  0  0  0  0  0  0  0  0  0  0
  1  2  2  0
  2  3  1  0
  2  4  1  0
  4  5  1  0
  5  6  1  0
  6  7  1  0
  7  8  1  0
  9 10  2  0
 10 11  1  0
 11 12  1  0
 12 13  2  0
 13  9  1  0
  7  9  1  0
 12 14  1  0
  3 15  1  0
  3 16  1  0
  3 17  1  0
  5 18  1  0
  5 19  1  0
  6 20  1  0
  6 21  1  0
  7 22  1  6
  8 23  1  0
  8 24  1  0
  8 25  1  0
 10 26  1  0
 11 27  1  0
 13 28  1  0
 14 29  1  0
 14 30  1  0
 14 31  1  0
M  END
"
1syn_Lingo3DMolv2_1173144,1syn,"1syn_Lingo3DMolv2_1173144
     RDKit          3D

 55 58  0  0  0  0  0  0  0  0999 V2000
   49.8266   35.0890   24.4552 N   0  0  0  0  0  0  0  0  0  0  0  0
   48.8266   35.7890   23.7552 C   0  0  0  0  0  0  0  0  0  0  0  0
   48.5266   35.3890   22.5552 N   0  0  0  0  0  0  0  0  0  0  0  0
   47.5266   36.0890   22.0552 C   0  0  0  0  0  0  0  0  0  0  0  0
   46.9266   35.6890   20.4552 S   0  0  0  0  0  0  0  0  0  0  0  0
   45.7266   36.8890   20.5552 C   0  0  0  0  0  0  0  0  0  0  0  0
   45.7266   37.5890   21.8552 C   0  0  0  0  0  0  0  0  0  0  0  0
   46.7266   37.0890   22.6552 C   0  0  0  0  0  0  0  0  0  0  0  0
   47.1266   37.4890   24.0552 C   0  0  0  0  0  0  0  0  0  0  0  0
   46.7266   38.2890   24.7552 O   0  0  0  0  0  0  0  0  0  0  0  0
   48.2266   36.6890   24.4552 N   0  0  0  0  0  0  0  0  0  0  0  0
   44.7266   38.6890   22.2552 C   0  0  0  0  0  0  0  0  0  0  0  0
   45.2266   39.8890   21.9552 O   0  0  0  0  0  0  0  0  0  0  0  0
   44.4266   40.9890   21.3552 C   0  0  0  0  0  0  0  0  0  0  0  0
   43.1266   40.8890   21.2552 C   0  0  0  0  0  0  0  0  0  0  0  0
   42.4266   41.9890   20.7552 C   0  0  0  0  0  0  0  0  0  0  0  0
   43.0266   43.0890   20.3552 N   0  0  0  0  0  0  0  0  0  0  0  0
   44.3266   43.1890   20.4552 C   0  0  0  0  0  0  0  0  0  0  0  0
   44.9266   44.3890   19.9552 C   0  0  0  0  0  0  0  0  0  0  0  0
   46.3266   44.5890   20.0552 C   0  0  0  0  0  0  0  0  0  0  0  0
   47.1266   43.5890   20.6552 C   0  0  0  0  0  0  0  0  0  0  0  0
   46.5266   42.3890   21.1552 C   0  0  0  0  0  0  0  0  0  0  0  0
   45.1266   42.1890   21.0552 C   0  0  0  0  0  0  0  0  0  0  0  0
   48.6266   43.7890   20.7552 C   0  0  0  0  0  0  0  0  0  0  0  0
   49.3266   42.8890   20.6552 O   0  0  0  0  0  0  0  0  0  0  0  0
   49.0266   45.0890   20.9552 N   0  0  0  0  0  0  0  0  0  0  0  0
   50.4266   45.5890   21.0552 C   0  0  1  0  0  0  0  0  0  0  0  0
   51.1266   44.9890   22.2552 C   0  0  0  0  0  0  0  0  0  0  0  0
   51.2266   43.4890   22.2552 C   0  0  0  0  0  0  0  0  0  0  0  0
   52.0266   42.8890   23.4552 C   0  0  0  0  0  0  0  0  0  0  0  0
   53.2266   42.9890   23.4552 O   0  0  0  0  0  0  0  0  0  0  0  0
   51.4266   42.4890   24.3552 O   0  0  0  0  0  1  0  0  0  0  0  0
   51.2266   45.4890   19.7552 C   0  0  0  0  0  0  0  0  0  0  0  0
   52.5266   45.9890   19.7552 O   0  0  0  0  0  0  0  0  0  0  0  0
   50.7266   44.9890   18.7552 O   0  0  0  0  0  1  0  0  0  0  0  0
   42.1266   39.5890   21.7552 Cl  0  0  0  0  0  0  0  0  0  0  0  0
   44.8266   37.0890   19.4552 C   0  0  0  0  0  0  0  0  0  0  0  0
   50.0881   35.3802   25.4079 H   0  0  0  0  0  0  0  0  0  0  0  0
   50.2970   34.2855   24.0148 H   0  0  0  0  0  0  0  0  0  0  0  0
   48.5848   36.8441   25.4084 H   0  0  0  0  0  0  0  0  0  0  0  0
   44.5368   38.6333   23.3373 H   0  0  0  0  0  0  0  0  0  0  0  0
   43.7861   38.5408   21.7042 H   0  0  0  0  0  0  0  0  0  0  0  0
   41.3297   41.9334   20.6934 H   0  0  0  0  0  0  0  0  0  0  0  0
   44.2966   45.1615   19.4900 H   0  0  0  0  0  0  0  0  0  0  0  0
   46.7854   45.5117   19.6704 H   0  0  0  0  0  0  0  0  0  0  0  0
   47.1565   41.6165   21.6204 H   0  0  0  0  0  0  0  0  0  0  0  0
   48.2792   45.7920   21.0455 H   0  0  0  0  0  0  0  0  0  0  0  0
   50.3641   46.6742   21.2239 H   0  0  0  0  0  0  0  0  0  0  0  0
   52.1471   45.3979   22.2933 H   0  0  0  0  0  0  0  0  0  0  0  0
   50.5137   45.2537   23.1295 H   0  0  0  0  0  0  0  0  0  0  0  0
   50.2069   43.0775   22.2830 H   0  0  0  0  0  0  0  0  0  0  0  0
   51.7790   43.2141   21.3446 H   0  0  0  0  0  0  0  0  0  0  0  0
   43.8208   37.3125   19.8404 H   0  0  0  0  0  0  0  0  0  0  0  0
   45.1795   37.9307   18.8411 H   0  0  0  0  0  0  0  0  0  0  0  0
   44.7898   36.1772   18.8411 H   0  0  0  0  0  0  0  0  0  0  0  0
  2  3  2  0
  3  4  1  0
  4  5  1  0
  5  6  1  0
  6  7  2  0
  7  8  1  0
  8  9  1  0
  9 10  2  0
  9 11  1  0
 11  2  1  0
  8  4  2  0
  1  2  1  0
 12 13  1  0
  7 12  1  0
 14 15  2  0
 15 16  1  0
 16 17  2  0
 17 18  1  0
 18 19  2  0
 19 20  1  0
 20 21  2  0
 21 22  1  0
 22 23  2  0
 23 14  1  0
 23 18  1  0
 13 14  1  0
 24 25  2  0
 24 26  1  0
 26 27  1  0
 27 28  1  0
 28 29  1  0
 29 30  1  0
 30 31  2  0
 30 32  1  0
 27 33  1  0
 33 34  2  0
 33 35  1  0
 21 24  1  0
 15 36  1  0
  6 37  1  0
  1 38  1  0
  1 39  1  0
 11 40  1  0
 12 41  1  0
 12 42  1  0
 16 43  1  0
 19 44  1  0
 20 45  1  0
 22 46  1  0
 26 47  1  0
 27 48  1  1
 28 49  1  0
 28 50  1  0
 29 51  1  0
 29 52  1  0
 37 53  1  0
 37 54  1  0
 37 55  1  0
M  CHG  2  32  -1  35  -1
M  END
"
1xl2_Lingo3DMolv2_69553,1xl2,"1xl2_Lingo3DMolv2_69553
     RDKit          3D

 69 71  0  0  0  0  0  0  0  0999 V2000
   15.7937   -5.7637   14.2709 N   0  0  0  0  0  0  0  0  0  0  0  0
   16.5938   -6.4637   15.0709 C   0  0  0  0  0  0  0  0  0  0  0  0
   17.4937   -5.6637   15.7709 N   0  0  0  0  0  0  0  0  0  0  0  0
   17.1938   -4.3637   15.3709 C   0  0  0  0  0  0  0  0  0  0  0  0
   16.1938   -4.4637   14.4709 C   0  0  0  0  0  0  0  0  0  0  0  0
   17.9937   -3.1637   15.9709 C   0  0  0  0  0  0  0  0  0  0  0  0
   19.3938   -3.0637   15.4709 C   0  0  1  0  0  0  0  0  0  0  0  0
   19.4937   -2.8637   13.9709 C   0  0  0  0  0  0  0  0  0  0  0  0
   20.7937   -2.3637   13.6709 N   0  0  0  0  0  4  0  0  0  0  0  0
   20.1938   -1.9637   16.2709 N   0  0  0  0  0  4  0  0  0  0  0  0
   19.5938   -0.5637   16.2709 C   0  0  0  0  0  0  0  0  0  0  0  0
   19.7937    0.1363   17.6709 C   0  0  1  0  0  0  0  0  0  0  0  0
   18.5938   -0.3637   18.6709 C   0  0  0  0  0  0  0  0  0  0  0  0
   18.5938    0.2363   19.9709 C   0  0  0  0  0  0  0  0  0  0  0  0
   21.0938   -0.0637   18.1709 N   0  0  0  0  0  0  0  0  0  0  0  0
   21.5938   -1.0637   18.7709 C   0  0  0  0  0  0  0  0  0  0  0  0
   20.9937   -2.1637   19.0709 O   0  0  0  0  0  0  0  0  0  0  0  0
   23.0938   -0.9637   19.1709 C   0  0  0  0  0  0  0  0  0  0  0  0
   23.5938    0.2363   19.8709 C   0  0  0  0  0  0  0  0  0  0  0  0
   24.8938    0.2363   20.2709 C   0  0  0  0  0  0  0  0  0  0  0  0
   25.7937   -0.8637   19.9709 C   0  0  0  0  0  0  0  0  0  0  0  0
   25.2937   -1.9637   19.1709 C   0  0  0  0  0  0  0  0  0  0  0  0
   23.9937   -1.9637   18.7709 C   0  0  0  0  0  0  0  0  0  0  0  0
   23.5938   -3.0637   18.0709 F   0  0  0  0  0  0  0  0  0  0  0  0
   22.6938    1.4363   20.2709 C   0  0  0  0  0  0  0  0  0  0  0  0
   22.6938    1.7363   21.6709 C   0  0  0  0  0  0  0  0  0  0  0  0
   23.0938    2.7363   19.4709 C   0  0  0  0  0  0  0  0  0  0  0  0
   18.0938   -0.5637   21.0709 C   0  0  0  0  0  0  0  0  0  0  0  0
   18.5938   -0.3637   22.3709 C   0  0  0  0  0  0  0  0  0  0  0  0
   18.0938   -1.0637   23.4709 C   0  0  0  0  0  0  0  0  0  0  0  0
   17.0938   -2.0637   23.2709 C   0  0  0  0  0  0  0  0  0  0  0  0
   16.5938   -2.2637   21.9709 C   0  0  0  0  0  0  0  0  0  0  0  0
   17.0938   -1.5637   20.8709 C   0  0  0  0  0  0  0  0  0  0  0  0
   16.5491   -7.5584   15.1691 H   0  0  0  0  0  0  0  0  0  0  0  0
   18.2196   -5.9661   16.4362 H   0  0  0  0  0  0  0  0  0  0  0  0
   15.7479   -3.6009   13.9544 H   0  0  0  0  0  0  0  0  0  0  0  0
   18.0235   -3.2790   17.0644 H   0  0  0  0  0  0  0  0  0  0  0  0
   17.4757   -2.2452   15.6581 H   0  0  0  0  0  0  0  0  0  0  0  0
   19.8638   -4.0403   15.6587 H   0  0  0  0  0  0  0  0  0  0  0  0
   19.3367   -3.8233   13.4566 H   0  0  0  0  0  0  0  0  0  0  0  0
   18.7268   -2.1517   13.6320 H   0  0  0  0  0  0  0  0  0  0  0  0
   21.2979   -2.1698   14.5479 H   0  0  0  0  0  0  0  0  0  0  0  0
   21.3135   -3.0649   13.1239 H   0  0  0  0  0  0  0  0  0  0  0  0
   20.7097   -1.4950   13.1239 H   0  0  0  0  0  0  0  0  0  0  0  0
   20.2638   -2.2757   17.2500 H   0  0  0  0  0  0  0  0  0  0  0  0
   21.0995   -1.8758   15.7885 H   0  0  0  0  0  0  0  0  0  0  0  0
   20.0863    0.0389   15.4936 H   0  0  0  0  0  0  0  0  0  0  0  0
   18.5153   -0.6442   16.0698 H   0  0  0  0  0  0  0  0  0  0  0  0
   19.7134    1.2292   17.5754 H   0  0  0  0  0  0  0  0  0  0  0  0
   17.6317   -0.1333   18.1898 H   0  0  0  0  0  0  0  0  0  0  0  0
   18.7584   -1.4394   18.8312 H   0  0  0  0  0  0  0  0  0  0  0  0
   19.6319    0.5121   20.2078 H   0  0  0  0  0  0  0  0  0  0  0  0
   17.8924    1.0801   19.8930 H   0  0  0  0  0  0  0  0  0  0  0  0
   21.7406    0.7249   18.0274 H   0  0  0  0  0  0  0  0  0  0  0  0
   25.2758    1.0968   20.8397 H   0  0  0  0  0  0  0  0  0  0  0  0
   26.8293   -0.8618   20.3418 H   0  0  0  0  0  0  0  0  0  0  0  0
   25.9603   -2.7922   18.8893 H   0  0  0  0  0  0  0  0  0  0  0  0
   21.6738    1.1175   20.0100 H   0  0  0  0  0  0  0  0  0  0  0  0
   23.7308    1.8131   22.0294 H   0  0  0  0  0  0  0  0  0  0  0  0
   22.1752    2.6913   21.8412 H   0  0  0  0  0  0  0  0  0  0  0  0
   22.1752    0.9349   22.2176 H   0  0  0  0  0  0  0  0  0  0  0  0
   23.3413    3.5409   20.1789 H   0  0  0  0  0  0  0  0  0  0  0  0
   23.9678    2.5230   18.8380 H   0  0  0  0  0  0  0  0  0  0  0  0
   22.2510    3.0512   18.8380 H   0  0  0  0  0  0  0  0  0  0  0  0
   19.4025    0.3657   22.5252 H   0  0  0  0  0  0  0  0  0  0  0  0
   18.4668   -0.8468   24.4827 H   0  0  0  0  0  0  0  0  0  0  0  0
   16.7227   -2.6643   24.1145 H   0  0  0  0  0  0  0  0  0  0  0  0
   15.7850   -2.9932   21.8165 H   0  0  0  0  0  0  0  0  0  0  0  0
   16.7207   -1.7806   19.8591 H   0  0  0  0  0  0  0  0  0  0  0  0
  1  2  2  0
  2  3  1  0
  3  4  1  0
  4  5  2  0
  5  1  1  0
  7  6  1  0
  7  8  1  0
  8  9  1  0
  7 10  1  0
 10 11  1  0
 12 11  1  0
 12 13  1  0
 13 14  1  0
 12 15  1  0
 15 16  1  0
 16 17  2  0
  4  6  1  0
 18 19  2  0
 19 20  1  0
 20 21  2  0
 21 22  1  0
 22 23  2  0
 23 18  1  0
 16 18  1  0
 23 24  1  0
 25 26  1  0
 25 27  1  0
 19 25  1  0
 28 29  2  0
 29 30  1  0
 30 31  2  0
 31 32  1  0
 32 33  2  0
 33 28  1  0
 14 28  1  0
  2 34  1  0
  3 35  1  0
  5 36  1  0
  6 37  1  0
  6 38  1  0
  7 39  1  6
  8 40  1  0
  8 41  1  0
  9 42  1  0
  9 43  1  0
  9 44  1  0
 10 45  1  0
 10 46  1  0
 11 47  1  0
 11 48  1  0
 12 49  1  6
 13 50  1  0
 13 51  1  0
 14 52  1  0
 14 53  1  0
 15 54  1  0
 20 55  1  0
 21 56  1  0
 22 57  1  0
 25 58  1  0
 26 59  1  0
 26 60  1  0
 26 61  1  0
 27 62  1  0
 27 63  1  0
 27 64  1  0
 29 65  1  0
 30 66  1  0
 31 67  1  0
 32 68  1  0
 33 69  1  0
M  CHG  2   9   1  10   1
M  END
"
1c8k_Lingo3DMolv2_81675,1c8k,"1c8k_Lingo3DMolv2_81675
     RDKit          3D

 33 34  0  0  0  0  0  0  0  0999 V2000
   38.7534   33.9413   26.3511 C   0  0  0  0  0  0  0  0  0  0  0  0
   38.1534   32.6413   25.6511 C   0  0  0  0  0  0  0  0  0  0  0  0
   39.0534   32.1413   24.5511 C   0  0  0  0  0  0  0  0  0  0  0  0
   37.8534   31.6413   26.6511 C   0  0  0  0  0  0  0  0  0  0  0  0
   38.1534   34.2413   27.7511 C   0  0  0  0  0  0  0  0  0  0  0  0
   38.9534   35.3413   28.3511 O   0  0  0  0  0  0  0  0  0  0  0  0
   38.6534   35.7413   29.5511 C   0  0  0  0  0  0  0  0  0  0  0  0
   39.4534   36.7413   30.1511 C   0  0  0  0  0  0  0  0  0  0  0  0
   39.2534   37.2413   31.4511 C   0  0  0  0  0  0  0  0  0  0  0  0
   38.2534   36.6413   32.2511 C   0  0  0  0  0  0  0  0  0  0  0  0
   38.0534   37.0413   33.5511 C   0  0  0  0  0  0  0  0  0  0  0  0
   37.1534   36.4413   34.3511 C   0  0  0  0  0  0  0  0  0  0  0  0
   36.4534   35.3413   33.8511 C   0  0  0  0  0  0  0  0  0  0  0  0
   36.6534   34.8413   32.5511 N   0  0  0  0  0  0  0  0  0  0  0  0
   37.5534   35.5413   31.7511 C   0  0  0  0  0  0  0  0  0  0  0  0
   37.7534   35.0413   30.3511 C   0  0  0  0  0  0  0  0  0  0  0  0
   39.8390   33.8036   26.4628 H   0  0  0  0  0  0  0  0  0  0  0  0
   38.4976   34.7952   25.7067 H   0  0  0  0  0  0  0  0  0  0  0  0
   37.2057   32.8984   25.1553 H   0  0  0  0  0  0  0  0  0  0  0  0
   39.9343   31.6519   24.9921 H   0  0  0  0  0  0  0  0  0  0  0  0
   38.5053   31.4183   23.9290 H   0  0  0  0  0  0  0  0  0  0  0  0
   39.3777   32.9886   23.9290 H   0  0  0  0  0  0  0  0  0  0  0  0
   37.9835   32.0748   27.6537 H   0  0  0  0  0  0  0  0  0  0  0  0
   36.8140   31.3022   26.5302 H   0  0  0  0  0  0  0  0  0  0  0  0
   38.5345   30.7860   26.5302 H   0  0  0  0  0  0  0  0  0  0  0  0
   37.1028   34.5516   27.6512 H   0  0  0  0  0  0  0  0  0  0  0  0
   38.1863   33.3450   28.3880 H   0  0  0  0  0  0  0  0  0  0  0  0
   40.2861   37.1551   29.5633 H   0  0  0  0  0  0  0  0  0  0  0  0
   39.8584   38.0761   31.8346 H   0  0  0  0  0  0  0  0  0  0  0  0
   38.6472   37.8772   33.9492 H   0  0  0  0  0  0  0  0  0  0  0  0
   36.9736   36.8077   35.3725 H   0  0  0  0  0  0  0  0  0  0  0  0
   35.7160   34.8457   34.4996 H   0  0  0  0  0  0  0  0  0  0  0  0
   37.2132   34.1608   29.9730 H   0  0  0  0  0  0  0  0  0  0  0  0
  1  2  1  0
  2  3  1  0
  2  4  1  0
  1  5  1  0
  5  6  1  0
  7  8  2  0
  8  9  1  0
  9 10  2  0
 10 11  1  0
 11 12  2  0
 12 13  1  0
 13 14  2  0
 14 15  1  0
 15 16  2  0
 16  7  1  0
 15 10  1  0
  6  7  1  0
  1 17  1  0
  1 18  1  0
  2 19  1  0
  3 20  1  0
  3 21  1  0
  3 22  1  0
  4 23  1  0
  4 24  1  0
  4 25  1  0
  5 26  1  0
  5 27  1  0
  8 28  1  0
  9 29  1  0
 11 30  1  0
 12 31  1  0
 13 32  1  0
 16 33  1  0
M  END
"
3f9m_Lingo3DMolv2_1272300,3f9m,"3f9m_Lingo3DMolv2_1272300
     RDKit          3D

 29 29  0  0  0  0  0  0  0  0999 V2000
   -9.1297    0.1079   21.2101 N   0  0  0  0  0  0  0  0  0  0  0  0
   -8.6297   -1.0921   21.4101 C   0  0  0  0  0  0  0  0  0  0  0  0
   -7.9297   -1.5921   20.4101 N   0  0  0  0  0  0  0  0  0  0  0  0
   -8.1297   -0.6921   19.4101 N   0  0  0  0  0  0  0  0  0  0  0  0
   -8.7297    0.4079   20.0101 C   0  0  0  0  0  0  0  0  0  0  0  0
   -8.8297    1.6079   19.3101 N   0  0  0  0  0  0  0  0  0  0  0  0
   -8.1297    1.7079   18.0101 C   0  0  0  0  0  0  0  0  0  0  0  0
   -9.1297    2.8079   20.0101 C   0  0  0  0  0  0  0  0  0  0  0  0
   -8.8297    3.9079   19.4101 O   0  0  0  0  0  0  0  0  0  0  0  0
  -10.0297    2.8079   21.0101 N   0  0  0  0  0  0  0  0  0  0  0  0
  -10.7297    4.0079   21.6101 C   0  0  0  0  0  0  0  0  0  0  0  0
  -11.5297    4.8079   20.7101 C   0  0  0  0  0  0  0  0  0  0  0  0
  -12.4297    5.7079   21.1101 N   0  0  0  0  0  4  0  0  0  0  0  0
  -13.2297    6.6079   20.0101 S   0  0  0  0  0  0  0  0  0  0  0  0
   -8.5297   -1.8921   22.9101 S   0  0  0  0  0  0  0  0  0  0  0  0
   -7.7297   -3.3921   22.6101 C   0  0  0  0  0  0  0  0  0  0  0  0
   -7.5297   -4.2921   24.1101 Cl  0  0  0  0  0  0  0  0  0  0  0  0
   -7.8869   -0.8030   18.4153 H   0  0  0  0  0  0  0  0  0  0  0  0
   -7.0544    1.8615   18.1836 H   0  0  0  0  0  0  0  0  0  0  0  0
   -8.2802    0.7792   17.4403 H   0  0  0  0  0  0  0  0  0  0  0  0
   -8.5342    2.5574   17.4403 H   0  0  0  0  0  0  0  0  0  0  0  0
  -10.2686    1.8900   21.4116 H   0  0  0  0  0  0  0  0  0  0  0  0
  -11.3912    3.6430   22.4097 H   0  0  0  0  0  0  0  0  0  0  0  0
   -9.9230    4.6738   21.9506 H   0  0  0  0  0  0  0  0  0  0  0  0
  -11.3876    4.6658   19.6287 H   0  0  0  0  0  0  0  0  0  0  0  0
  -12.6195    5.8345   22.1146 H   0  0  0  0  0  0  0  0  0  0  0  0
  -14.0325    7.5110   20.6558 H   0  0  0  0  0  0  0  0  0  0  0  0
   -8.3296   -3.9884   21.9069 H   0  0  0  0  0  0  0  0  0  0  0  0
   -6.7374   -3.1877   22.1818 H   0  0  0  0  0  0  0  0  0  0  0  0
  1  2  1  0
  2  3  2  0
  3  4  1  0
  4  5  1  0
  5  1  2  0
  6  7  1  0
  6  8  1  0
  8  9  2  0
  8 10  1  0
 10 11  1  0
 11 12  1  0
 12 13  2  0
 13 14  1  0
  5  6  1  0
 15 16  1  0
 16 17  1  0
  2 15  1  0
  4 18  1  0
  7 19  1  0
  7 20  1  0
  7 21  1  0
 10 22  1  0
 11 23  1  0
 11 24  1  0
 12 25  1  0
 13 26  1  0
 14 27  1  0
 16 28  1  0
 16 29  1  0
M  CHG  1  13   1
M  END
"
3el8_Lingo3DMolv2_1080787,3el8,"3el8_Lingo3DMolv2_1080787
     RDKit          3D

 49 53  0  0  0  0  0  0  0  0999 V2000
   -1.7358    5.5778    8.7297 N   0  0  0  0  0  0  0  0  0  0  0  0
   -1.0358    4.3778    8.9297 C   0  0  0  0  0  0  0  0  0  0  0  0
   -1.7358    3.2778    8.7297 N   0  0  0  0  0  0  0  0  0  0  0  0
   -1.0358    2.0778    8.7297 C   0  0  0  0  0  0  0  0  0  0  0  0
    0.3642    2.0778    8.9297 C   0  0  0  0  0  0  0  0  0  0  0  0
    1.0642    3.1778    9.2297 N   0  0  0  0  0  0  0  0  0  0  0  0
    0.3642    4.3778    9.2297 C   0  0  0  0  0  0  0  0  0  0  0  0
    1.1642    5.6778    9.5297 C   0  0  0  0  0  0  0  0  0  0  0  0
    0.7642    6.7778    9.0297 O   0  0  0  0  0  0  0  0  0  0  0  0
    2.3642    5.5778    9.9297 N   0  0  0  0  0  0  0  0  0  0  0  0
    3.3642    6.6778   10.1297 C   0  0  0  0  0  0  0  0  0  0  0  0
    4.1642    6.9778    8.9297 C   0  0  0  0  0  0  0  0  0  0  0  0
    5.2642    6.2778    8.7297 N   0  0  0  0  0  2  0  0  0  0  0  0
    6.1642    6.6778    7.8297 C   0  0  0  0  0  0  0  0  0  0  0  0
    7.2642    6.0778    7.6297 O   0  0  0  0  0  0  0  0  0  0  0  0
    5.8642    7.8778    6.9297 C   0  0  0  0  0  0  0  0  0  0  0  0
    6.7642    8.3778    6.0297 C   0  0  0  0  0  0  0  0  0  0  0  0
    6.3642    9.4778    5.2297 C   0  0  0  0  0  0  0  0  0  0  0  0
    5.0642   10.0778    5.2297 C   0  0  0  0  0  0  0  0  0  0  0  0
    4.1642    9.4778    6.1297 C   0  0  0  0  0  0  0  0  0  0  0  0
    4.5642    8.3778    6.9297 C   0  0  0  0  0  0  0  0  0  0  0  0
    3.5642    7.8778    7.9297 N   0  0  0  0  0  0  0  0  0  0  0  0
    4.6642   11.1778    4.3297 C   0  0  0  0  0  0  0  0  0  0  0  0
    5.4642   11.8778    3.3297 C   0  0  0  0  0  0  0  0  0  0  0  0
    4.5642   13.0778    2.6297 S   0  0  0  0  0  0  0  0  0  0  0  0
    3.2642   12.6778    3.6297 C   0  0  0  0  0  0  0  0  0  0  0  0
    3.4642   11.6778    4.4297 N   0  0  0  0  0  0  0  0  0  0  0  0
    1.9642   13.3778    3.6297 C   0  0  0  0  0  0  0  0  0  0  0  0
   -1.8358    0.7778    8.5297 C   0  0  0  0  0  0  0  0  0  0  0  0
   -1.3358   -0.2222    7.9297 N   0  0  0  0  0  0  0  0  0  0  0  0
   -2.2358   -1.1222    7.9297 C   0  0  0  0  0  0  0  0  0  0  0  0
   -3.4358   -0.7222    8.5297 C   0  0  0  0  0  0  0  0  0  0  0  0
   -3.1358    0.5778    8.9297 N   0  0  0  0  0  0  0  0  0  0  0  0
   -2.0358   -2.3222    7.3297 F   0  0  0  0  0  0  0  0  0  0  0  0
   -1.2594    6.4807    8.8659 H   0  0  0  0  0  0  0  0  0  0  0  0
   -2.7259    5.5554    8.4468 H   0  0  0  0  0  0  0  0  0  0  0  0
    0.9052    1.1248    8.8338 H   0  0  0  0  0  0  0  0  0  0  0  0
    2.6916    4.6248   10.1432 H   0  0  0  0  0  0  0  0  0  0  0  0
    2.8232    7.5895   10.4230 H   0  0  0  0  0  0  0  0  0  0  0  0
    4.0652    6.3369   10.9059 H   0  0  0  0  0  0  0  0  0  0  0  0
    7.7682    7.9397    5.9295 H   0  0  0  0  0  0  0  0  0  0  0  0
    7.1165    9.9067    4.5514 H   0  0  0  0  0  0  0  0  0  0  0  0
    3.1386    9.8666    6.2135 H   0  0  0  0  0  0  0  0  0  0  0  0
    6.5091   11.6430    3.0787 H   0  0  0  0  0  0  0  0  0  0  0  0
    1.6414   13.5516    4.6668 H   0  0  0  0  0  0  0  0  0  0  0  0
    2.0672   14.3424    3.1112 H   0  0  0  0  0  0  0  0  0  0  0  0
    1.2155   12.7608    3.1112 H   0  0  0  0  0  0  0  0  0  0  0  0
   -4.3715   -1.2873    8.6531 H   0  0  0  0  0  0  0  0  0  0  0  0
   -3.7524    1.2430    9.4179 H   0  0  0  0  0  0  0  0  0  0  0  0
  2  3  2  0
  3  4  1  0
  4  5  2  0
  5  6  1  0
  6  7  2  0
  7  2  1  0
  1  2  1  0
  8  9  2  0
  8 10  1  0
 10 11  1  0
  7  8  1  0
 12 13  1  0
 13 14  1  0
 14 15  2  0
 14 16  1  0
 16 17  2  0
 17 18  1  0
 18 19  2  0
 19 20  1  0
 20 21  2  0
 21 22  1  0
 22 12  2  0
 21 16  1  0
 11 12  1  0
 23 24  2  0
 24 25  1  0
 25 26  1  0
 26 27  2  0
 27 23  1  0
 19 23  1  0
 26 28  1  0
 29 30  2  0
 30 31  1  0
 31 32  2  0
 32 33  1  0
 33 29  1  0
  4 29  1  0
 31 34  1  0
  1 35  1  0
  1 36  1  0
  5 37  1  0
 10 38  1  0
 11 39  1  0
 11 40  1  0
 17 41  1  0
 18 42  1  0
 20 43  1  0
 24 44  1  0
 28 45  1  0
 28 46  1  0
 28 47  1  0
 32 48  1  0
 33 49  1  0
M  CHG  1  13  -1
M  END
"
3nxo_Lingo3DMolv2_38233,3nxo,"3nxo_Lingo3DMolv2_38233
     RDKit          3D

 42 44  0  0  0  0  0  0  0  0999 V2000
   17.6229    7.2015    4.4424 N   0  0  0  0  0  0  0  0  0  0  0  0
   17.5229    6.7015    3.1424 C   0  0  0  0  0  0  0  0  0  0  0  0
   18.1229    7.3015    2.1424 N   0  0  0  0  0  0  0  0  0  0  0  0
   18.0229    6.8015    1.0424 C   0  0  0  0  0  0  0  0  0  0  0  0
   17.3229    5.7015    0.6424 C   0  0  0  0  0  0  0  0  0  0  0  0
   16.6229    5.0015    1.7424 C   0  0  0  0  0  0  0  0  0  0  0  0
   16.8229    5.5015    2.9424 N   0  0  0  0  0  4  0  0  0  0  0  0
   15.8229    3.9015    1.6424 N   0  0  0  0  0  0  0  0  0  0  0  0
   17.2229    5.2015   -0.7576 C   0  0  0  0  0  0  0  0  0  0  0  0
   15.8229    5.2015   -1.3576 N   0  0  0  0  0  0  0  0  0  0  0  0
   15.2229    6.4015   -1.5576 C   0  0  0  0  0  0  0  0  0  0  0  0
   15.9229    7.4015   -2.3576 C   0  0  0  0  0  0  0  0  0  0  0  0
   15.2229    8.2015   -3.1576 C   0  0  0  0  0  0  0  0  0  0  0  0
   14.0229    8.1015   -3.2576 N   0  0  0  0  0  4  0  0  0  0  0  0
   13.2229    7.2015   -2.5576 C   0  0  0  0  0  0  0  0  0  0  0  0
   13.9229    6.3015   -1.6576 C   0  0  0  0  0  0  0  0  0  0  0  0
   13.1229    5.3015   -0.9576 C   0  0  0  0  0  0  0  0  0  0  0  0
   13.3229    3.8015   -1.3576 C   0  0  0  0  0  0  0  0  0  0  0  0
   14.7229    3.4015   -1.6576 C   0  0  0  0  0  0  0  0  0  0  0  0
   15.6229    4.4015   -2.3576 C   0  0  0  0  0  0  0  0  0  0  0  0
   18.7229    7.5015    0.0424 N   0  0  0  0  0  0  0  0  0  0  0  0
   17.1461    6.7194    5.2177 H   0  0  0  0  0  0  0  0  0  0  0  0
   18.1735    8.0525    4.6259 H   0  0  0  0  0  0  0  0  0  0  0  0
   16.4543    4.9967    3.7610 H   0  0  0  0  0  0  0  0  0  0  0  0
   15.3882    3.5024    2.4865 H   0  0  0  0  0  0  0  0  0  0  0  0
   15.6534    3.4699    0.7227 H   0  0  0  0  0  0  0  0  0  0  0  0
   17.8621    5.8353   -1.3899 H   0  0  0  0  0  0  0  0  0  0  0  0
   17.5361    4.1476   -0.7240 H   0  0  0  0  0  0  0  0  0  0  0  0
   17.0176    7.4928   -2.2998 H   0  0  0  0  0  0  0  0  0  0  0  0
   15.7485    8.9716   -3.7414 H   0  0  0  0  0  0  0  0  0  0  0  0
   13.5510    8.7364   -3.9173 H   0  0  0  0  0  0  0  0  0  0  0  0
   12.1299    7.1740   -2.6787 H   0  0  0  0  0  0  0  0  0  0  0  0
   13.3518    5.3892    0.1147 H   0  0  0  0  0  0  0  0  0  0  0  0
   12.0841    5.5288   -1.2392 H   0  0  0  0  0  0  0  0  0  0  0  0
   12.9628    3.1779   -0.5261 H   0  0  0  0  0  0  0  0  0  0  0  0
   12.7609    3.6603   -2.2927 H   0  0  0  0  0  0  0  0  0  0  0  0
   15.2012    3.1477   -0.7001 H   0  0  0  0  0  0  0  0  0  0  0  0
   14.6207    2.5774   -2.3790 H   0  0  0  0  0  0  0  0  0  0  0  0
   16.5560    3.9419   -2.7156 H   0  0  0  0  0  0  0  0  0  0  0  0
   15.2126    4.8629   -3.2680 H   0  0  0  0  0  0  0  0  0  0  0  0
   18.7060    7.1638   -0.9305 H   0  0  0  0  0  0  0  0  0  0  0  0
   19.2522    8.3517    0.2833 H   0  0  0  0  0  0  0  0  0  0  0  0
  2  3  2  0
  3  4  1  0
  4  5  2  0
  5  6  1  0
  6  7  2  0
  7  2  1  0
  1  2  1  0
  6  8  1  0
  5  9  1  0
 10 11  1  0
 11 12  2  0
 12 13  1  0
 13 14  2  0
 14 15  1  0
 15 16  2  0
 16 17  1  0
 17 18  1  0
 18 19  1  0
 19 20  1  0
 20 10  1  0
 16 11  1  0
  9 10  1  0
  4 21  1  0
  1 22  1  0
  1 23  1  0
  7 24  1  0
  8 25  1  0
  8 26  1  0
  9 27  1  0
  9 28  1  0
 12 29  1  0
 13 30  1  0
 14 31  1  0
 15 32  1  0
 17 33  1  0
 17 34  1  0
 18 35  1  0
 18 36  1  0
 19 37  1  0
 19 38  1  0
 20 39  1  0
 20 40  1  0
 21 41  1  0
 21 42  1  0
M  CHG  2   7   1  14   1
M  END
"
2i0e_Lingo3DMolv2_1318557,2i0e,"2i0e_Lingo3DMolv2_1318557
     RDKit          3D

 52 55  0  0  0  0  0  0  0  0999 V2000
    6.0523   36.9503    2.4975 N   0  0  0  0  0  0  0  0  0  0  0  0
    4.8523   37.3503    1.9975 C   0  0  0  0  0  0  0  0  0  0  0  0
    4.0523   36.4503    1.3975 N   0  0  0  0  0  0  0  0  0  0  0  0
    2.8523   36.8503    0.8975 C   0  0  0  0  0  0  0  0  0  0  0  0
    2.3523   38.1503    0.8975 N   0  0  0  0  0  0  0  0  0  0  0  0
    3.1523   39.0503    1.4975 C   0  0  0  0  0  0  0  0  0  0  0  0
    4.4523   38.7503    1.9975 C   0  0  0  0  0  0  0  0  0  0  0  0
    5.0523   39.9503    2.4975 N   0  0  0  0  0  0  0  0  0  0  0  0
    4.0523   40.9503    2.2975 C   0  0  0  0  0  0  0  0  0  0  0  0
    2.9523   40.4503    1.6975 C   0  0  0  0  0  0  0  0  0  0  0  0
    1.6523   41.1503    1.2975 C   0  0  2  0  0  0  0  0  0  0  0  0
    1.5523   41.4503   -0.2025 C   0  0  0  0  0  0  0  0  0  0  0  0
    2.5523   42.5503   -0.7025 C   0  0  0  0  0  0  0  0  0  0  0  0
    2.3523   43.8503    0.0975 C   0  0  0  0  0  0  0  0  0  0  0  0
    2.4523   43.5503    1.5975 N   0  0  2  0  0  4  0  0  0  0  0  0
    1.3523   42.4503    1.9975 C   0  0  0  0  0  0  0  0  0  0  0  0
    2.2523   44.8503    2.3975 C   0  0  0  0  0  0  0  0  0  0  0  0
    2.5523   44.5503    3.8975 C   0  0  0  0  0  0  0  0  0  0  0  0
    0.8523   45.5503    2.1975 C   0  0  0  0  0  0  0  0  0  0  0  0
    6.2523   40.2503    3.0975 C   0  0  0  0  0  0  0  0  0  0  0  0
    6.9523   39.3503    3.8975 C   0  0  0  0  0  0  0  0  0  0  0  0
    8.0523   39.7503    4.4975 C   0  0  0  0  0  0  0  0  0  0  0  0
    8.5523   41.0503    4.3975 C   0  0  0  0  0  0  0  0  0  0  0  0
    7.8523   41.9503    3.6975 C   0  0  0  0  0  0  0  0  0  0  0  0
    6.6523   41.5503    3.0975 C   0  0  0  0  0  0  0  0  0  0  0  0
    8.3523   43.3503    3.4975 C   0  0  0  0  0  0  0  0  0  0  0  0
    8.7523   44.4503    3.3975 N   0  0  0  0  0  0  0  0  0  0  0  0
    6.6713   37.6324    2.9585 H   0  0  0  0  0  0  0  0  0  0  0  0
    6.3420   35.9653    2.4151 H   0  0  0  0  0  0  0  0  0  0  0  0
    2.2157   36.0726    0.4503 H   0  0  0  0  0  0  0  0  0  0  0  0
    4.1655   42.0027    2.5970 H   0  0  0  0  0  0  0  0  0  0  0  0
    0.9172   40.3958    1.6144 H   0  0  0  0  0  0  0  0  0  0  0  0
    1.7558   40.5212   -0.7552 H   0  0  0  0  0  0  0  0  0  0  0  0
    0.5384   41.8374   -0.3822 H   0  0  0  0  0  0  0  0  0  0  0  0
    3.5838   42.1937   -0.5652 H   0  0  0  0  0  0  0  0  0  0  0  0
    2.3640   42.7505   -1.7676 H   0  0  0  0  0  0  0  0  0  0  0  0
    3.1293   44.5764   -0.1834 H   0  0  0  0  0  0  0  0  0  0  0  0
    1.3599   44.2686   -0.1265 H   0  0  0  0  0  0  0  0  0  0  0  0
    3.3848   43.1737    1.8198 H   0  0  0  0  0  0  0  0  0  0  0  0
    1.3729   42.2922    3.0859 H   0  0  0  0  0  0  0  0  0  0  0  0
    0.3565   42.8052    1.6932 H   0  0  0  0  0  0  0  0  0  0  0  0
    2.9600   45.5936    2.0017 H   0  0  0  0  0  0  0  0  0  0  0  0
    1.9172   45.1854    4.5326 H   0  0  0  0  0  0  0  0  0  0  0  0
    2.3406   43.4918    4.1092 H   0  0  0  0  0  0  0  0  0  0  0  0
    3.6107   44.7620    4.1092 H   0  0  0  0  0  0  0  0  0  0  0  0
    0.4094   45.7717    3.1797 H   0  0  0  0  0  0  0  0  0  0  0  0
    0.9874   46.4869    1.6366 H   0  0  0  0  0  0  0  0  0  0  0  0
    0.1841   44.8802    1.6366 H   0  0  0  0  0  0  0  0  0  0  0  0
    6.5902   38.3195    4.0257 H   0  0  0  0  0  0  0  0  0  0  0  0
    8.6067   39.0236    5.1094 H   0  0  0  0  0  0  0  0  0  0  0  0
    9.4995   41.3279    4.8829 H   0  0  0  0  0  0  0  0  0  0  0  0
    6.0167   42.3066    2.6137 H   0  0  0  0  0  0  0  0  0  0  0  0
  2  3  2  0
  3  4  1  0
  4  5  2  0
  5  6  1  0
  6  7  2  0
  7  8  1  0
  8  9  1  0
  9 10  2  0
  7  2  1  0
 10  6  1  0
  1  2  1  0
 11 12  1  0
 12 13  1  0
 13 14  1  0
 14 15  1  0
 15 16  1  0
 16 11  1  0
 10 11  1  0
 17 18  1  0
 17 19  1  0
 15 17  1  0
 20 21  2  0
 21 22  1  0
 22 23  2  0
 23 24  1  0
 24 25  2  0
 25 20  1  0
  8 20  1  0
 26 27  3  0
 24 26  1  0
  1 28  1  0
  1 29  1  0
  4 30  1  0
  9 31  1  0
 11 32  1  1
 12 33  1  0
 12 34  1  0
 13 35  1  0
 13 36  1  0
 14 37  1  0
 14 38  1  0
 15 39  1  6
 16 40  1  0
 16 41  1  0
 17 42  1  0
 18 43  1  0
 18 44  1  0
 18 45  1  0
 19 46  1  0
 19 47  1  0
 19 48  1  0
 21 49  1  0
 22 50  1  0
 23 51  1  0
 25 52  1  0
M  CHG  1  15   1
M  END
"
2azr_Lingo3DMolv2_792575,2azr,"2azr_Lingo3DMolv2_792575
     RDKit          3D

 27 29  0  0  0  0  0  0  0  0999 V2000
   44.2206   17.4031    4.5659 O   0  0  0  0  0  0  0  0  0  0  0  0
   45.4206   16.5031    4.7659 S   0  0  0  0  0  0  0  0  0  0  0  0
   45.2206   15.3031    5.4659 O   0  0  0  0  0  0  0  0  0  0  0  0
   46.7206   17.2031    5.0659 N   0  0  0  0  0  2  0  0  0  0  0  0
   47.8206   16.7031    4.4659 C   0  0  0  0  0  0  0  0  0  0  0  0
   48.9206   17.1031    4.4659 O   0  0  0  0  0  0  0  0  0  0  0  0
   47.3206   15.6031    3.5659 C   0  0  0  0  0  0  0  0  0  0  0  0
   45.9206   15.8031    3.2659 N   0  0  0  0  0  0  0  0  0  0  0  0
   45.2206   15.0031    2.4659 C   0  0  0  0  0  0  0  0  0  0  0  0
   44.3206   15.4031    1.5659 C   0  0  0  0  0  0  0  0  0  0  0  0
   44.0206   14.4031    0.7659 N   0  0  0  0  0  0  0  0  0  0  0  0
   44.7206   13.4031    1.1659 C   0  0  0  0  0  0  0  0  0  0  0  0
   44.7206   12.2031    0.6659 O   0  0  0  0  0  0  0  0  0  0  0  0
   45.6206   11.2031    1.1659 C   0  0  0  0  0  0  0  0  0  0  0  0
   46.4206   11.4031    2.2659 C   0  0  0  0  0  0  0  0  0  0  0  0
   46.4206   12.7031    2.9659 C   0  0  0  0  0  0  0  0  0  0  0  0
   47.0206   12.9031    3.9659 O   0  0  0  0  0  0  0  0  0  0  0  0
   45.5206   13.7031    2.2659 N   0  0  0  0  0  0  0  0  0  0  0  0
   45.4206    9.9031    0.3659 C   0  0  0  0  0  0  0  0  0  0  0  0
   43.8206   16.6031    1.2659 N   0  0  0  0  0  2  0  0  0  0  0  0
   47.8976   15.6090    2.6294 H   0  0  0  0  0  0  0  0  0  0  0  0
   47.4444   14.6367    4.0764 H   0  0  0  0  0  0  0  0  0  0  0  0
   47.0655   10.5886    2.6272 H   0  0  0  0  0  0  0  0  0  0  0  0
   45.2910    9.0609    1.0614 H   0  0  0  0  0  0  0  0  0  0  0  0
   44.5262    9.9964   -0.2677 H   0  0  0  0  0  0  0  0  0  0  0  0
   46.3016    9.7233   -0.2677 H   0  0  0  0  0  0  0  0  0  0  0  0
   43.1180   16.6961    0.5185 H   0  0  0  0  0  0  0  0  0  0  0  0
  1  2  2  0
  2  3  2  0
  2  4  1  0
  4  5  1  0
  5  6  2  0
  5  7  1  0
  7  8  1  0
  8  2  1  0
  9 10  2  0
 10 11  1  0
 11 12  2  0
 12 13  1  0
 13 14  1  0
 14 15  2  0
 15 16  1  0
 16 17  2  0
 16 18  1  0
 18  9  1  0
 18 12  1  0
  8  9  1  0
 14 19  1  0
 10 20  1  0
  7 21  1  0
  7 22  1  0
 15 23  1  0
 19 24  1  0
 19 25  1  0
 19 26  1  0
 20 27  1  0
M  CHG  2   4  -1  20  -1
M  END
"
2b8t_Lingo3DMolv2_437985,2b8t,"2b8t_Lingo3DMolv2_437985
     RDKit          3D

 26 27  0  0  0  0  0  0  0  0999 V2000
   30.0825   11.6717    5.9397 O   0  0  0  0  0  0  0  0  0  0  0  0
   30.1825   10.5717    6.7397 C   0  0  0  0  0  0  0  0  0  0  0  0
   31.0825    9.4717    6.3397 C   0  0  0  0  0  0  0  0  0  0  0  0
   31.1825    8.3717    7.1397 C   0  0  0  0  0  0  0  0  0  0  0  0
   30.5825    8.3717    8.4397 C   0  0  0  0  0  0  0  0  0  0  0  0
   30.6825    7.2717    9.2397 N   0  0  0  0  0  0  0  0  0  0  0  0
   30.0825    7.2717   10.4397 C   0  0  0  0  0  0  0  0  0  0  0  0
   29.2825    8.3717   10.8397 C   0  0  0  0  0  0  0  0  0  0  0  0
   29.0825    9.3717    9.9397 N   0  0  0  0  0  4  0  0  0  0  0  0
   29.7825    9.4717    8.8397 C   0  0  0  0  0  0  0  0  0  0  0  0
   29.5825   10.5717    8.0397 C   0  0  0  0  0  0  0  0  0  0  0  0
   28.4825   11.8717    8.4397 Cl  0  0  0  0  0  0  0  0  0  0  0  0
   30.1825    6.1717   11.2397 N   0  0  0  0  0  0  0  0  0  0  0  0
   30.8825    4.9717   10.9397 C   0  0  1  0  0  0  0  0  0  0  0  0
   30.1825    4.2717    9.8397 N   0  0  0  0  0  0  0  0  0  0  0  0
   32.3825    5.0717   10.8397 C   0  0  0  0  0  0  0  0  0  0  0  0
   33.4825    5.1717   10.8397 N   0  0  0  0  0  0  0  0  0  0  0  0
   29.4830   12.4169    6.1954 H   0  0  0  0  0  0  0  0  0  0  0  0
   31.6646    9.5385    5.4088 H   0  0  0  0  0  0  0  0  0  0  0  0
   31.7251    7.4828    6.7855 H   0  0  0  0  0  0  0  0  0  0  0  0
   28.8381    8.4150   11.8450 H   0  0  0  0  0  0  0  0  0  0  0  0
   28.3544   10.0746   10.1312 H   0  0  0  0  0  0  0  0  0  0  0  0
   29.7038    6.2148   12.1507 H   0  0  0  0  0  0  0  0  0  0  0  0
   30.8379    4.3230   11.8269 H   0  0  0  0  0  0  0  0  0  0  0  0
   29.5097    3.5989   10.2341 H   0  0  0  0  0  0  0  0  0  0  0  0
   29.6806    4.9592    9.2597 H   0  0  0  0  0  0  0  0  0  0  0  0
  2  3  2  0
  3  4  1  0
  4  5  2  0
  5  6  1  0
  6  7  2  0
  7  8  1  0
  8  9  2  0
  9 10  1  0
 10 11  2  0
 11  2  1  0
 10  5  1  0
  1  2  1  0
 11 12  1  0
 13 14  1  0
 14 15  1  0
 14 16  1  0
 16 17  3  0
  7 13  1  0
  1 18  1  0
  3 19  1  0
  4 20  1  0
  8 21  1  0
  9 22  1  0
 13 23  1  0
 14 24  1  1
 15 25  1  0
 15 26  1  0
M  CHG  1   9   1
M  END
"
2b8t_Lingo3DMolv2_355634,2b8t,"2b8t_Lingo3DMolv2_355634
     RDKit          3D

 24 26  0  0  0  0  0  0  0  0999 V2000
   30.3825   11.3717    6.4397 N   0  0  0  0  0  0  0  0  0  0  0  0
   29.2825   11.5717    7.2397 C   0  0  0  0  0  0  0  0  0  0  0  0
   28.9825   10.7717    8.3397 C   0  0  0  0  0  0  0  0  0  0  0  0
   29.8825    9.7717    8.6397 C   0  0  0  0  0  0  0  0  0  0  0  0
   30.8825    9.4717    7.8397 C   0  0  0  0  0  0  0  0  0  0  0  0
   30.9825   10.1717    6.6397 C   0  0  0  0  0  0  0  0  0  0  0  0
   31.8825    8.3717    8.2397 C   0  0  0  0  0  0  0  0  0  0  0  0
   31.5825    7.3717    9.1397 N   0  0  0  0  0  0  0  0  0  0  0  0
   32.6825    6.6717    9.1397 C   0  0  0  0  0  0  0  0  0  0  0  0
   33.6825    7.0717    8.3397 N   0  0  0  0  0  0  0  0  0  0  0  0
   33.0825    8.1717    7.7397 N   0  0  0  0  0  0  0  0  0  0  0  0
   32.8825    5.3717   10.0397 C   0  0  0  0  0  0  0  0  0  0  0  0
   32.2825    5.3717   11.4397 C   0  0  0  0  0  0  0  0  0  0  0  0
   31.6825    4.4717   10.3397 C   0  0  0  0  0  0  0  0  0  0  0  0
   28.6057   12.4048    6.9991 H   0  0  0  0  0  0  0  0  0  0  0  0
   28.0735   10.9299    8.9386 H   0  0  0  0  0  0  0  0  0  0  0  0
   29.7607    9.2077    9.5762 H   0  0  0  0  0  0  0  0  0  0  0  0
   31.5720    9.7336    5.8208 H   0  0  0  0  0  0  0  0  0  0  0  0
   33.5166    8.7497    7.0060 H   0  0  0  0  0  0  0  0  0  0  0  0
   33.8830    5.1972    9.6172 H   0  0  0  0  0  0  0  0  0  0  0  0
   32.8376    4.9225   12.2764 H   0  0  0  0  0  0  0  0  0  0  0  0
   31.8864    6.1426   12.1171 H   0  0  0  0  0  0  0  0  0  0  0  0
   31.8104    3.3803   10.3894 H   0  0  0  0  0  0  0  0  0  0  0  0
   30.6822    4.3324    9.9037 H   0  0  0  0  0  0  0  0  0  0  0  0
  1  2  2  0
  2  3  1  0
  3  4  2  0
  4  5  1  0
  5  6  2  0
  6  1  1  0
  7  8  2  0
  8  9  1  0
  9 10  2  0
 10 11  1  0
 11  7  1  0
  5  7  1  0
 12 13  1  0
 13 14  1  0
 14 12  1  0
  9 12  1  0
  2 15  1  0
  3 16  1  0
  4 17  1  0
  6 18  1  0
 11 19  1  0
 12 20  1  0
 13 21  1  0
 13 22  1  0
 14 23  1  0
 14 24  1  0
M  END
"
3lq8_Lingo3DMolv2_16867,3lq8,"3lq8_Lingo3DMolv2_16867
     RDKit          3D

 61 65  0  0  0  0  0  0  0  0999 V2000
    5.4430    3.8971   29.1394 N   0  0  0  0  0  0  0  0  0  0  0  0
    6.5430    4.1971   29.8394 C   0  0  0  0  0  0  0  0  0  0  0  0
    6.5430    4.5971   31.0394 O   0  0  0  0  0  0  0  0  0  0  0  0
    7.9430    3.9971   29.1394 C   0  0  0  0  0  0  0  0  0  0  0  0
    9.0430    3.7971   30.0394 C   0  0  0  0  0  0  0  0  0  0  0  0
    8.5430    2.5971   29.3394 C   0  0  0  0  0  0  0  0  0  0  0  0
    8.0430    4.3971   27.5394 C   0  0  0  0  0  0  0  0  0  0  0  0
    7.0430    4.8971   26.9394 O   0  0  0  0  0  0  0  0  0  0  0  0
    9.1430    3.9971   26.9394 N   0  0  0  0  0  0  0  0  0  0  0  0
    9.3430    4.1971   25.5394 C   0  0  0  0  0  0  0  0  0  0  0  0
    8.8430    5.2971   24.7394 C   0  0  0  0  0  0  0  0  0  0  0  0
    8.9430    5.2971   23.4394 C   0  0  0  0  0  0  0  0  0  0  0  0
    9.5430    4.1971   22.7394 C   0  0  0  0  0  0  0  0  0  0  0  0
   10.0430    3.0971   23.5394 C   0  0  0  0  0  0  0  0  0  0  0  0
    9.9430    3.1971   24.8394 C   0  0  0  0  0  0  0  0  0  0  0  0
    4.1430    3.8971   29.5394 C   0  0  0  0  0  0  0  0  0  0  0  0
    3.2430    3.4971   28.5394 C   0  0  0  0  0  0  0  0  0  0  0  0
    1.8430    3.4971   28.8394 C   0  0  0  0  0  0  0  0  0  0  0  0
    1.4430    3.7971   30.1394 C   0  0  0  0  0  0  0  0  0  0  0  0
    2.3430    4.0971   31.1394 C   0  0  0  0  0  0  0  0  0  0  0  0
    3.7430    4.0971   30.8394 C   0  0  0  0  0  0  0  0  0  0  0  0
    1.9430    4.3971   32.4394 F   0  0  0  0  0  0  0  0  0  0  0  0
    0.0430    3.7971   30.4394 O   0  0  0  0  0  0  0  0  0  0  0  0
   -0.6570    4.9971   30.3394 C   0  0  0  0  0  0  0  0  0  0  0  0
   -0.0570    6.1971   30.1394 N   0  0  0  0  0  0  0  0  0  0  0  0
   -0.8570    7.2971   30.0394 C   0  0  0  0  0  0  0  0  0  0  0  0
   -2.1570    7.2971   30.2394 N   0  0  0  0  0  0  0  0  0  0  0  0
   -2.7570    6.0971   30.4394 C   0  0  0  0  0  0  0  0  0  0  0  0
   -2.0570    4.8971   30.5394 C   0  0  0  0  0  0  0  0  0  0  0  0
   -2.7570    3.6971   30.6394 N   0  0  0  0  0  0  0  0  0  0  0  0
   -4.1570    3.3971   30.4394 C   0  0  0  0  0  0  0  0  0  0  0  0
   -3.8570    1.8971   30.3394 C   0  0  0  0  0  0  0  0  0  0  0  0
   -2.5570    2.2971   31.0394 C   0  0  0  0  0  0  0  0  0  0  0  0
   -4.8570    0.9971   31.0394 C   0  0  0  0  0  0  0  0  0  0  0  0
   -3.6570    1.3971   28.8394 N   0  0  0  0  0  4  0  0  0  0  0  0
    5.6034    3.6279   28.1582 H   0  0  0  0  0  0  0  0  0  0  0  0
   10.0330    4.2001   29.7795 H   0  0  0  0  0  0  0  0  0  0  0  0
    9.2056    4.0405   31.0997 H   0  0  0  0  0  0  0  0  0  0  0  0
    9.1387    2.1259   28.5437 H   0  0  0  0  0  0  0  0  0  0  0  0
    8.1680    1.6047   29.6300 H   0  0  0  0  0  0  0  0  0  0  0  0
    9.8762    3.5294   27.4912 H   0  0  0  0  0  0  0  0  0  0  0  0
    8.3676    6.1528   25.2411 H   0  0  0  0  0  0  0  0  0  0  0  0
    8.5604    6.1560   22.8686 H   0  0  0  0  0  0  0  0  0  0  0  0
    9.6201    4.1893   21.6421 H   0  0  0  0  0  0  0  0  0  0  0  0
   10.4910    2.2091   23.0696 H   0  0  0  0  0  0  0  0  0  0  0  0
   10.3924    2.3853   25.4303 H   0  0  0  0  0  0  0  0  0  0  0  0
    3.6053    3.1904   27.5471 H   0  0  0  0  0  0  0  0  0  0  0  0
    1.1007    3.2656   28.0614 H   0  0  0  0  0  0  0  0  0  0  0  0
    4.4857    4.2544   31.6354 H   0  0  0  0  0  0  0  0  0  0  0  0
   -0.3812    8.2523   29.7725 H   0  0  0  0  0  0  0  0  0  0  0  0
   -3.8532    6.0703   30.5272 H   0  0  0  0  0  0  0  0  0  0  0  0
   -4.7952    3.6662   31.2940 H   0  0  0  0  0  0  0  0  0  0  0  0
   -4.7118    3.8971   29.6318 H   0  0  0  0  0  0  0  0  0  0  0  0
   -2.5677    2.1372   32.1277 H   0  0  0  0  0  0  0  0  0  0  0  0
   -1.6166    1.7817   30.7943 H   0  0  0  0  0  0  0  0  0  0  0  0
   -4.7430    1.0997   32.1287 H   0  0  0  0  0  0  0  0  0  0  0  0
   -5.8775    1.2870   30.7486 H   0  0  0  0  0  0  0  0  0  0  0  0
   -4.6758   -0.0482   30.7486 H   0  0  0  0  0  0  0  0  0  0  0  0
   -3.2745    0.4408   28.8444 H   0  0  0  0  0  0  0  0  0  0  0  0
   -4.5645    1.4013   28.3522 H   0  0  0  0  0  0  0  0  0  0  0  0
   -3.0028    2.0260   28.3522 H   0  0  0  0  0  0  0  0  0  0  0  0
  1  2  1  0
  2  3  2  0
  4  5  1  0
  5  6  1  0
  6  4  1  0
  2  4  1  0
  7  8  2  0
  7  9  1  0
  4  7  1  0
 10 11  2  0
 11 12  1  0
 12 13  2  0
 13 14  1  0
 14 15  2  0
 15 10  1  0
  9 10  1  0
 16 17  2  0
 17 18  1  0
 18 19  2  0
 19 20  1  0
 20 21  2  0
 21 16  1  0
  1 16  1  0
 20 22  1  0
 19 23  1  0
 24 25  2  0
 25 26  1  0
 26 27  2  0
 27 28  1  0
 28 29  2  0
 29 24  1  0
 23 24  1  0
 30 31  1  0
 31 32  1  0
 32 33  1  0
 33 30  1  0
 29 30  1  0
 32 34  1  0
 32 35  1  0
  1 36  1  0
  5 37  1  0
  5 38  1  0
  6 39  1  0
  6 40  1  0
  9 41  1  0
 11 42  1  0
 12 43  1  0
 13 44  1  0
 14 45  1  0
 15 46  1  0
 17 47  1  0
 18 48  1  0
 21 49  1  0
 26 50  1  0
 28 51  1  0
 31 52  1  0
 31 53  1  0
 33 54  1  0
 33 55  1  0
 34 56  1  0
 34 57  1  0
 34 58  1  0
 35 59  1  0
 35 60  1  0
 35 61  1  0
M  CHG  1  35   1
M  END
"
3eml_Lingo3DMolv2_1273616,3eml,"3eml_Lingo3DMolv2_1273616
     RDKit          3D

 36 39  0  0  0  0  0  0  0  0999 V2000
   -7.2968   -4.9269   55.9819 N   0  0  0  0  0  0  0  0  0  0  0  0
   -7.9968   -6.0269   55.4819 C   0  0  0  0  0  0  0  0  0  0  0  0
   -8.6968   -6.8269   56.3819 N   0  0  0  0  0  0  0  0  0  0  0  0
   -9.2968   -7.9269   55.8819 C   0  0  0  0  0  0  0  0  0  0  0  0
   -9.1968   -8.3269   54.5819 N   0  0  0  0  0  0  0  0  0  0  0  0
   -8.4968   -7.6269   53.7819 C   0  0  0  0  0  0  0  0  0  0  0  0
   -8.1968   -7.8269   52.4819 N   0  0  0  0  0  0  0  0  0  0  0  0
   -7.4968   -6.8269   52.1819 C   0  0  0  0  0  0  0  0  0  0  0  0
   -7.2968   -5.9269   53.0819 N   0  0  0  0  0  0  0  0  0  0  0  0
   -7.9968   -6.4269   54.0819 N   0  0  0  0  0  0  0  0  0  0  0  0
   -6.9968   -6.7269   50.7819 C   0  0  0  0  0  0  0  0  0  0  0  0
   -6.5968   -5.4269   50.4819 O   0  0  0  0  0  0  0  0  0  0  0  0
   -6.0968   -5.2269   49.1819 C   0  0  0  0  0  0  0  0  0  0  0  0
   -9.9968   -8.7269   56.8819 N   0  0  0  0  0  0  0  0  0  0  0  0
  -10.1968  -10.0269   56.6819 N   0  0  0  0  0  0  0  0  0  0  0  0
  -10.7968  -10.4269   57.7819 C   0  0  0  0  0  0  0  0  0  0  0  0
  -10.9968   -9.4269   58.6819 C   0  0  0  0  0  0  0  0  0  0  0  0
  -10.4968   -8.2269   57.9819 C   0  0  0  0  0  0  0  0  0  0  0  0
  -10.3968   -6.9269   58.4819 O   0  0  0  0  0  0  0  0  0  0  0  0
  -11.0968   -6.8269   59.7819 C   0  0  0  0  0  0  0  0  0  0  0  0
  -10.8968   -8.0269   60.6819 C   0  0  0  0  0  0  0  0  0  0  0  0
  -11.4968   -9.3269   60.0819 C   0  0  0  0  0  0  0  0  0  0  0  0
   -6.7699   -4.3170   55.3406 H   0  0  0  0  0  0  0  0  0  0  0  0
   -7.3074   -4.7255   56.9920 H   0  0  0  0  0  0  0  0  0  0  0  0
   -7.8004   -7.0234   50.0918 H   0  0  0  0  0  0  0  0  0  0  0  0
   -6.1278   -7.3926   50.6738 H   0  0  0  0  0  0  0  0  0  0  0  0
   -5.0769   -4.8190   49.2400 H   0  0  0  0  0  0  0  0  0  0  0  0
   -6.0777   -6.1867   48.6447 H   0  0  0  0  0  0  0  0  0  0  0  0
   -6.7449   -4.5188   48.6447 H   0  0  0  0  0  0  0  0  0  0  0  0
  -11.1064  -11.4679   57.9568 H   0  0  0  0  0  0  0  0  0  0  0  0
  -10.7253   -5.9347   60.3072 H   0  0  0  0  0  0  0  0  0  0  0  0
  -12.1728   -6.7705   59.5607 H   0  0  0  0  0  0  0  0  0  0  0  0
   -9.8180   -8.1754   60.8373 H   0  0  0  0  0  0  0  0  0  0  0  0
  -11.4179   -7.8247   61.6292 H   0  0  0  0  0  0  0  0  0  0  0  0
  -11.1675  -10.1999   60.6647 H   0  0  0  0  0  0  0  0  0  0  0  0
  -12.5962   -9.3019   60.1070 H   0  0  0  0  0  0  0  0  0  0  0  0
  2  3  2  0
  3  4  1  0
  4  5  2  0
  5  6  1  0
  6  7  2  0
  7  8  1  0
  8  9  2  0
  9 10  1  0
 10  2  1  0
 10  6  1  0
  1  2  1  0
 11 12  1  0
 12 13  1  0
  8 11  1  0
 14 15  1  0
 15 16  2  0
 16 17  1  0
 17 18  2  0
 18 19  1  0
 19 20  1  0
 20 21  1  0
 21 22  1  0
 18 14  1  0
 22 17  1  0
  4 14  1  0
  1 23  1  0
  1 24  1  0
 11 25  1  0
 11 26  1  0
 13 27  1  0
 13 28  1  0
 13 29  1  0
 16 30  1  0
 20 31  1  0
 20 32  1  0
 21 33  1  0
 21 34  1  0
 22 35  1  0
 22 36  1  0
M  END
"
2b8t_Lingo3DMolv2_1144398,2b8t,"2b8t_Lingo3DMolv2_1144398
     RDKit          3D

 16 15  0  0  0  0  0  0  0  0999 V2000
   29.7825   11.3717    6.3397 O   0  0  0  0  0  0  0  0  0  0  0  0
   29.9825   10.5717    7.2397 C   0  0  0  0  0  0  0  0  0  0  0  0
   30.9825    9.5717    7.2397 N   0  0  0  0  0  0  0  0  0  0  0  0
   31.7825    9.4717    6.0397 C   0  0  0  0  0  0  0  0  0  0  0  0
   31.1825    8.6717    8.3397 C   0  0  0  0  0  0  0  0  0  0  0  0
   32.6825    8.3717    8.7397 C   0  0  0  0  0  0  0  0  0  0  0  0
   33.1825    8.5717    9.8397 C   0  0  0  0  0  0  0  0  0  0  0  0
   29.3310   10.6337    8.1239 H   0  0  0  0  0  0  0  0  0  0  0  0
   32.8396    9.3396    6.3137 H   0  0  0  0  0  0  0  0  0  0  0  0
   31.4469    8.6085    5.4462 H   0  0  0  0  0  0  0  0  0  0  0  0
   31.6697   10.3909    5.4462 H   0  0  0  0  0  0  0  0  0  0  0  0
   30.6813    9.1019    9.2193 H   0  0  0  0  0  0  0  0  0  0  0  0
   30.7708    7.7076    8.0066 H   0  0  0  0  0  0  0  0  0  0  0  0
   33.3339    7.9462    7.9621 H   0  0  0  0  0  0  0  0  0  0  0  0
   34.2404    8.3272   10.0157 H   0  0  0  0  0  0  0  0  0  0  0  0
   32.5736    8.9959   10.6517 H   0  0  0  0  0  0  0  0  0  0  0  0
  1  2  2  0
  2  3  1  0
  3  4  1  0
  3  5  1  0
  5  6  1  0
  6  7  2  0
  2  8  1  0
  4  9  1  0
  4 10  1  0
  4 11  1  0
  5 12  1  0
  5 13  1  0
  6 14  1  0
  7 15  1  0
  7 16  1  0
M  END
"
3krj_Lingo3DMolv2_117459,3krj,"3krj_Lingo3DMolv2_117459
     RDKit          3D

 38 40  0  0  0  0  0  0  0  0999 V2000
    9.5149   27.6681   10.8720 O   0  0  0  0  0  0  0  0  0  0  0  0
    9.0149   27.5681    9.7720 C   0  0  0  0  0  0  0  0  0  0  0  0
    9.5149   26.5681    8.8720 N   0  0  0  0  0  0  0  0  0  0  0  0
    9.1149   26.3681    7.6720 C   0  0  0  0  0  0  0  0  0  0  0  0
    9.8149   25.0681    6.8720 S   0  0  0  0  0  0  0  0  0  0  0  0
    8.0149   27.2681    7.0720 C   0  0  0  0  0  0  0  0  0  0  0  0
    7.5149   28.2681    7.9720 C   0  0  0  0  0  0  0  0  0  0  0  0
    8.0149   28.3681    9.2720 N   0  0  0  0  0  0  0  0  0  0  0  0
    7.6149   29.5681    9.9720 C   0  0  0  0  0  0  0  0  0  0  0  0
    6.8149   30.5681    9.5720 C   0  0  0  0  0  0  0  0  0  0  0  0
    6.7149   31.4681   10.6720 C   0  0  0  0  0  0  0  0  0  0  0  0
    7.5149   30.8681   11.6720 N   0  0  0  0  0  0  0  0  0  0  0  0
    8.1149   29.6681   11.2720 N   0  0  0  0  0  0  0  0  0  0  0  0
    6.0149   32.6681   10.8720 C   0  0  0  0  0  0  0  0  0  0  0  0
    6.0149   33.5681   12.0720 C   0  0  0  0  0  0  0  0  0  0  0  0
    5.3149   34.5681   11.8720 N   0  0  0  0  0  0  0  0  0  0  0  0
    4.8149   34.4681   10.6720 N   0  0  0  0  0  0  0  0  0  0  0  0
    5.2149   33.3681    9.9720 C   0  0  0  0  0  0  0  0  0  0  0  0
    4.7149   33.0681    8.5720 C   0  0  0  0  0  0  0  0  0  0  0  0
    3.9149   35.5681   10.1720 C   0  0  0  0  0  0  0  0  0  0  0  0
    6.7149   33.3681   13.3720 C   0  0  0  0  0  0  0  0  0  0  0  0
    7.5149   27.1681    5.6720 C   0  0  0  0  0  0  0  0  0  0  0  0
   10.2643   25.9551    9.2236 H   0  0  0  0  0  0  0  0  0  0  0  0
    6.7309   28.9620    7.6347 H   0  0  0  0  0  0  0  0  0  0  0  0
    6.3318   30.6725    8.5893 H   0  0  0  0  0  0  0  0  0  0  0  0
    7.6443   31.2765   12.6087 H   0  0  0  0  0  0  0  0  0  0  0  0
    3.7731   32.5030    8.6323 H   0  0  0  0  0  0  0  0  0  0  0  0
    4.5424   34.0120    8.0341 H   0  0  0  0  0  0  0  0  0  0  0  0
    5.4666   32.4717    8.0341 H   0  0  0  0  0  0  0  0  0  0  0  0
    3.4780   36.1022   11.0286 H   0  0  0  0  0  0  0  0  0  0  0  0
    4.5000   36.2714    9.5612 H   0  0  0  0  0  0  0  0  0  0  0  0
    3.1098   35.1339    9.5612 H   0  0  0  0  0  0  0  0  0  0  0  0
    6.0172   33.5675   14.1987 H   0  0  0  0  0  0  0  0  0  0  0  0
    7.0755   32.3310   13.4386 H   0  0  0  0  0  0  0  0  0  0  0  0
    7.5690   34.0582   13.4386 H   0  0  0  0  0  0  0  0  0  0  0  0
    6.4364   26.9524    5.6824 H   0  0  0  0  0  0  0  0  0  0  0  0
    7.6935   28.1198    5.1500 H   0  0  0  0  0  0  0  0  0  0  0  0
    8.0458   26.3584    5.1500 H   0  0  0  0  0  0  0  0  0  0  0  0
  1  2  2  0
  2  3  1  0
  3  4  1  0
  4  5  2  0
  4  6  1  0
  6  7  2  0
  7  8  1  0
  8  2  1  0
  9 10  1  0
 10 11  2  0
 11 12  1  0
 12 13  1  0
 13  9  2  0
  8  9  1  0
 14 15  1  0
 15 16  2  0
 16 17  1  0
 17 18  1  0
 18 14  2  0
 11 14  1  0
 18 19  1  0
 17 20  1  0
 15 21  1  0
  6 22  1  0
  3 23  1  0
  7 24  1  0
 10 25  1  0
 12 26  1  0
 19 27  1  0
 19 28  1  0
 19 29  1  0
 20 30  1  0
 20 31  1  0
 20 32  1  0
 21 33  1  0
 21 34  1  0
 21 35  1  0
 22 36  1  0
 22 37  1  0
 22 38  1  0
M  END
"
2hzi_Lingo3DMolv2_931803,2hzi,"2hzi_Lingo3DMolv2_931803
     RDKit          3D

 37 41  0  0  0  0  0  0  0  0999 V2000
   21.6057   48.5573   15.7426 N   0  0  0  0  0  0  0  0  0  0  0  0
   21.5057   49.0573   14.5426 C   0  0  0  0  0  0  0  0  0  0  0  0
   22.1057   50.2573   14.1426 C   0  0  0  0  0  0  0  0  0  0  0  0
   22.1057   50.9573   13.0426 N   0  0  0  0  0  0  0  0  0  0  0  0
   22.9057   52.0573   13.1426 C   0  0  0  0  0  0  0  0  0  0  0  0
   23.5057   52.0573   14.4426 C   0  0  0  0  0  0  0  0  0  0  0  0
   22.9057   50.9573   15.1426 C   0  0  0  0  0  0  0  0  0  0  0  0
   23.0057   50.4573   16.4426 N   0  0  0  0  0  0  0  0  0  0  0  0
   22.3057   49.3573   16.7426 C   0  0  0  0  0  0  0  0  0  0  0  0
   22.3057   48.8573   17.9426 N   0  0  0  0  0  0  0  0  0  0  0  0
   22.9057   49.1573   19.1426 C   0  0  0  0  0  0  0  0  0  0  0  0
   24.1057   49.8573   19.1426 C   0  0  0  0  0  0  0  0  0  0  0  0
   24.7057   50.1573   20.3426 C   0  0  0  0  0  0  0  0  0  0  0  0
   24.1057   49.8573   21.5426 C   0  0  0  0  0  0  0  0  0  0  0  0
   22.9057   49.1573   21.5426 C   0  0  0  0  0  0  0  0  0  0  0  0
   22.3057   48.8573   20.3426 C   0  0  0  0  0  0  0  0  0  0  0  0
   24.7057   50.1573   22.7426 F   0  0  0  0  0  0  0  0  0  0  0  0
   24.3057   52.8573   14.9426 N   0  0  0  0  0  0  0  0  0  0  0  0
   23.0057   52.9573   12.0426 C   0  0  0  0  0  0  0  0  0  0  0  0
   24.1057   53.4573   11.6426 N   0  0  0  0  0  0  0  0  0  0  0  0
   23.7057   54.2573   10.5426 N   0  0  0  0  0  0  0  0  0  0  0  0
   24.3057   55.1573    9.5426 C   0  0  0  0  0  0  0  0  0  0  0  0
   23.1057   55.5573    8.7426 C   0  0  0  0  0  0  0  0  0  0  0  0
   22.0057   54.9573    9.1426 N   0  0  0  0  0  0  0  0  0  0  0  0
   22.4057   54.1573   10.1426 C   0  0  0  0  0  0  0  0  0  0  0  0
   21.7057   53.0573   11.3426 S   0  0  0  0  0  0  0  0  0  0  0  0
   20.9140   48.5026   13.7994 H   0  0  0  0  0  0  0  0  0  0  0  0
   21.5670   50.7096   12.2004 H   0  0  0  0  0  0  0  0  0  0  0  0
   21.7031   48.0249   18.0119 H   0  0  0  0  0  0  0  0  0  0  0  0
   24.5698   50.1675   18.1947 H   0  0  0  0  0  0  0  0  0  0  0  0
   25.6896   50.6492   20.3426 H   0  0  0  0  0  0  0  0  0  0  0  0
   22.4416   48.8471   22.4904 H   0  0  0  0  0  0  0  0  0  0  0  0
   21.3218   48.3653   20.3426 H   0  0  0  0  0  0  0  0  0  0  0  0
   24.6462   52.7123   15.9038 H   0  0  0  0  0  0  0  0  0  0  0  0
   24.6314   53.6684   14.3977 H   0  0  0  0  0  0  0  0  0  0  0  0
   25.3569   55.4561    9.4171 H   0  0  0  0  0  0  0  0  0  0  0  0
   23.1400   56.2754    7.9101 H   0  0  0  0  0  0  0  0  0  0  0  0
  1  2  2  0
  2  3  1  0
  3  4  1  0
  4  5  1  0
  5  6  2  0
  6  7  1  0
  7  8  1  0
  8  9  2  0
  9  1  1  0
  7  3  2  0
  9 10  1  0
 11 12  2  0
 12 13  1  0
 13 14  2  0
 14 15  1  0
 15 16  2  0
 16 11  1  0
 10 11  1  0
 14 17  1  0
  6 18  1  0
 19 20  2  0
 20 21  1  0
 21 22  1  0
 22 23  2  0
 23 24  1  0
 24 25  2  0
 25 26  1  0
 26 19  1  0
 25 21  1  0
  5 19  1  0
  2 27  1  0
  4 28  1  0
 10 29  1  0
 12 30  1  0
 13 31  1  0
 15 32  1  0
 16 33  1  0
 18 34  1  0
 18 35  1  0
 22 36  1  0
 23 37  1  0
M  END
"
3nf7_Lingo3DMolv2_396741,3nf7,"3nf7_Lingo3DMolv2_396741
     RDKit          3D

 26 27  0  0  0  0  0  0  0  0999 V2000
   17.4398  -21.0941   21.7109 N   0  0  0  0  0  0  0  0  0  0  0  0
   18.5398  -21.8941   21.5109 N   0  0  0  0  0  0  0  0  0  0  0  0
   19.6398  -21.1941   21.3109 N   0  0  0  0  0  0  0  0  0  0  0  0
   19.2398  -19.7941   21.3109 N   0  0  0  0  0  0  0  0  0  0  0  0
   18.0398  -19.7941   21.5109 C   0  0  0  0  0  0  0  0  0  0  0  0
   17.3398  -18.7941   21.6109 O   0  0  0  0  0  0  0  0  0  0  0  0
   16.1398  -21.4941   22.0109 C   0  0  0  0  0  0  0  0  0  0  0  0
   15.0398  -20.7941   21.5109 C   0  0  0  0  0  0  0  0  0  0  0  0
   13.7398  -21.0941   21.9109 C   0  0  0  0  0  0  0  0  0  0  0  0
   13.5398  -22.0941   22.8109 C   0  0  0  0  0  0  0  0  0  0  0  0
   14.5398  -22.8941   23.3109 N   0  0  0  0  0  0  0  0  0  0  0  0
   15.8398  -22.6941   22.7109 C   0  0  0  0  0  0  0  0  0  0  0  0
   16.8398  -23.5941   23.3109 C   0  0  0  0  0  0  0  0  0  0  0  0
   16.6398  -25.0941   23.1109 C   0  0  0  0  0  0  0  0  0  0  0  0
   16.2398  -25.7941   24.1109 O   0  0  0  0  0  0  0  0  0  0  0  0
   16.9398  -25.4941   21.8109 O   0  0  0  0  0  0  0  0  0  0  0  0
   16.8398  -26.8941   21.5109 C   0  0  0  0  0  0  0  0  0  0  0  0
   18.5085  -22.9236   21.5165 H   0  0  0  0  0  0  0  0  0  0  0  0
   15.2040  -19.9858   20.7831 H   0  0  0  0  0  0  0  0  0  0  0  0
   12.8870  -20.5303   21.5047 H   0  0  0  0  0  0  0  0  0  0  0  0
   12.5126  -22.2742   23.1609 H   0  0  0  0  0  0  0  0  0  0  0  0
   16.8485  -23.4033   24.3941 H   0  0  0  0  0  0  0  0  0  0  0  0
   17.7792  -23.3618   22.7878 H   0  0  0  0  0  0  0  0  0  0  0  0
   16.7988  -27.4680   22.4484 H   0  0  0  0  0  0  0  0  0  0  0  0
   15.9261  -27.0796   20.9271 H   0  0  0  0  0  0  0  0  0  0  0  0
   17.7178  -27.2076   20.9271 H   0  0  0  0  0  0  0  0  0  0  0  0
  1  2  1  0
  2  3  1  0
  3  4  2  0
  4  5  1  0
  5  6  2  0
  5  1  1  0
  7  8  2  0
  8  9  1  0
  9 10  2  0
 10 11  1  0
 11 12  2  0
 12  7  1  0
  1  7  1  0
 13 14  1  0
 14 15  2  0
 14 16  1  0
 16 17  1  0
 12 13  1  0
  2 18  1  0
  8 19  1  0
  9 20  1  0
 10 21  1  0
 13 22  1  0
 13 23  1  0
 17 24  1  0
 17 25  1  0
 17 26  1  0
M  END
"
2h7l_Lingo3DMolv2_777124,2h7l,"2h7l_Lingo3DMolv2_777124
     RDKit          3D

 29 30  0  0  0  0  0  0  0  0999 V2000
   13.9997   31.8730   63.5505 Cl  0  0  0  0  0  0  0  0  0  0  0  0
   12.6997   32.7730   62.8505 C   0  0  0  0  0  0  0  0  0  0  0  0
   12.9997   34.0730   62.2505 C   0  0  0  0  0  0  0  0  0  0  0  0
   11.9997   34.7730   61.6505 C   0  0  0  0  0  0  0  0  0  0  0  0
   10.6997   34.2730   61.5505 C   0  0  0  0  0  0  0  0  0  0  0  0
   10.3997   32.9730   62.0505 C   0  0  0  0  0  0  0  0  0  0  0  0
   11.3997   32.2730   62.7505 C   0  0  0  0  0  0  0  0  0  0  0  0
   10.9997   30.7730   63.5505 Cl  0  0  0  0  0  0  0  0  0  0  0  0
    9.6997   35.0730   60.8505 N   0  0  0  0  0  0  0  0  0  0  0  0
    9.4997   35.0730   59.4505 C   0  0  0  0  0  0  0  0  0  0  0  0
    8.3997   35.3730   58.8505 C   0  0  0  0  0  0  0  0  0  0  0  0
    7.2997   35.7730   59.6505 O   0  0  0  0  0  0  0  0  0  0  0  0
    6.2997   36.5730   58.9505 C   0  0  0  0  0  0  0  0  0  0  0  0
    5.6997   35.7730   57.8505 C   0  0  0  0  0  0  0  0  0  0  0  0
    6.5997   34.7730   57.2505 C   0  0  0  0  0  0  0  0  0  0  0  0
    7.8997   34.5730   57.7505 C   0  0  0  0  0  0  0  0  0  0  0  0
    8.6997   33.6730   57.1505 O   0  0  0  0  0  1  0  0  0  0  0  0
    5.9997   34.0730   56.1505 N   0  0  0  0  0  4  0  0  0  0  0  0
    5.3997   34.6730   55.3505 O   0  0  0  0  0  0  0  0  0  0  0  0
    6.1997   32.8730   56.0505 O   0  0  0  0  0  1  0  0  0  0  0  0
   14.0213   34.4794   62.2842 H   0  0  0  0  0  0  0  0  0  0  0  0
   12.2222   35.7650   61.2305 H   0  0  0  0  0  0  0  0  0  0  0  0
    9.4071   32.5259   61.8926 H   0  0  0  0  0  0  0  0  0  0  0  0
    9.0945   35.6831   61.4185 H   0  0  0  0  0  0  0  0  0  0  0  0
   10.3564   34.7930   58.8200 H   0  0  0  0  0  0  0  0  0  0  0  0
    5.5114   36.8730   59.6567 H   0  0  0  0  0  0  0  0  0  0  0  0
    6.7789   37.4694   58.5300 H   0  0  0  0  0  0  0  0  0  0  0  0
    4.8212   35.2459   58.2509 H   0  0  0  0  0  0  0  0  0  0  0  0
    5.4515   36.4854   57.0500 H   0  0  0  0  0  0  0  0  0  0  0  0
  2  3  2  0
  3  4  1  0
  4  5  2  0
  5  6  1  0
  6  7  2  0
  7  2  1  0
  1  2  1  0
  7  8  1  0
  9 10  1  0
 10 11  2  0
 11 12  1  0
 12 13  1  0
 13 14  1  0
 14 15  1  0
 15 16  2  0
 16 11  1  0
  5  9  1  0
 16 17  1  0
 18 19  2  0
 18 20  1  0
 15 18  1  0
  3 21  1  0
  4 22  1  0
  6 23  1  0
  9 24  1  0
 10 25  1  0
 13 26  1  0
 13 27  1  0
 14 28  1  0
 14 29  1  0
M  CHG  3  17  -1  18   1  20  -1
M  END
"
3lq8_Lingo3DMolv2_702177,3lq8,"3lq8_Lingo3DMolv2_702177
     RDKit          3D

 61 65  0  0  0  0  0  0  0  0999 V2000
    5.2430    4.5971   29.2394 N   0  0  0  0  0  0  0  0  0  0  0  0
    6.4430    4.2971   29.8394 C   0  0  0  0  0  0  0  0  0  0  0  0
    6.5430    4.1971   31.0394 O   0  0  0  0  0  0  0  0  0  0  0  0
    7.5430    4.0971   29.0394 N   0  0  0  0  0  0  0  0  0  0  0  0
    8.8430    3.6971   29.5394 C   0  0  0  0  0  0  0  0  0  0  0  0
    9.7430    3.4971   28.2394 C   0  0  0  0  0  0  0  0  0  0  0  0
    8.8430    4.0971   27.1394 N   0  0  0  0  0  0  0  0  0  0  0  0
    7.6430    4.3971   27.6394 C   0  0  0  0  0  0  0  0  0  0  0  0
    6.6430    4.8971   26.9394 O   0  0  0  0  0  0  0  0  0  0  0  0
    9.2430    4.1971   25.7394 C   0  0  0  0  0  0  0  0  0  0  0  0
    8.6430    5.0971   24.9394 C   0  0  0  0  0  0  0  0  0  0  0  0
    8.8430    5.0971   23.5394 C   0  0  0  0  0  0  0  0  0  0  0  0
    9.6430    4.0971   22.9394 C   0  0  0  0  0  0  0  0  0  0  0  0
   10.2430    3.0971   23.7394 C   0  0  0  0  0  0  0  0  0  0  0  0
   10.0430    3.0971   25.1394 C   0  0  0  0  0  0  0  0  0  0  0  0
   10.5430    2.1971   25.9394 O   0  0  0  0  0  0  0  0  0  0  0  0
   11.4430    1.1971   25.4394 C   0  0  0  0  0  0  0  0  0  0  0  0
    8.2430    5.9971   22.7394 F   0  0  0  0  0  0  0  0  0  0  0  0
    4.0430    4.3971   29.7394 C   0  0  0  0  0  0  0  0  0  0  0  0
    2.9430    4.4971   28.8394 C   0  0  0  0  0  0  0  0  0  0  0  0
    1.6430    4.2971   29.2394 C   0  0  0  0  0  0  0  0  0  0  0  0
    1.3430    3.9971   30.5394 C   0  0  0  0  0  0  0  0  0  0  0  0
    2.4430    3.8971   31.5394 C   0  0  0  0  0  0  0  0  0  0  0  0
    3.7430    4.0971   31.1394 C   0  0  0  0  0  0  0  0  0  0  0  0
    2.1430    3.6971   32.8394 F   0  0  0  0  0  0  0  0  0  0  0  0
    0.0430    3.7971   30.9394 O   0  0  0  0  0  0  0  0  0  0  0  0
   -0.8570    4.7971   30.7394 C   0  0  0  0  0  0  0  0  0  0  0  0
   -0.5570    6.1971   30.4394 C   0  0  0  0  0  0  0  0  0  0  0  0
   -1.6570    7.0971   30.2394 C   0  0  0  0  0  0  0  0  0  0  0  0
   -2.9570    6.6971   30.3394 N   0  0  0  0  0  0  0  0  0  0  0  0
   -3.2570    5.3971   30.5394 C   0  0  0  0  0  0  0  0  0  0  0  0
   -2.2570    4.3971   30.7394 C   0  0  0  0  0  0  0  0  0  0  0  0
   -4.6570    5.0971   30.5394 N   0  0  0  0  0  0  0  0  0  0  0  0
   -5.3570    3.8971   30.4394 C   0  0  0  0  0  0  0  0  0  0  0  0
   -4.7570    2.7971   30.3394 O   0  0  0  0  0  0  0  0  0  0  0  0
   -6.8570    3.9971   30.5394 C   0  0  0  0  0  0  0  0  0  0  0  0
   -7.5570    2.7971   31.1394 C   0  0  0  0  0  0  0  0  0  0  0  0
   -7.5570    2.9971   29.7394 C   0  0  0  0  0  0  0  0  0  0  0  0
    5.2883    5.0220   28.3023 H   0  0  0  0  0  0  0  0  0  0  0  0
    9.2662    4.4803   30.1855 H   0  0  0  0  0  0  0  0  0  0  0  0
    8.7875    2.7822   30.1475 H   0  0  0  0  0  0  0  0  0  0  0  0
   10.6937    4.0441   28.3221 H   0  0  0  0  0  0  0  0  0  0  0  0
   10.0359    2.4528   28.0559 H   0  0  0  0  0  0  0  0  0  0  0  0
    7.9797    5.8525   25.3858 H   0  0  0  0  0  0  0  0  0  0  0  0
    9.7986    4.0971   21.8505 H   0  0  0  0  0  0  0  0  0  0  0  0
   10.8653    2.3193   23.2727 H   0  0  0  0  0  0  0  0  0  0  0  0
   11.9146    0.6731   26.2838 H   0  0  0  0  0  0  0  0  0  0  0  0
   10.8845    0.4751   24.8256 H   0  0  0  0  0  0  0  0  0  0  0  0
   12.2197    1.6767   24.8256 H   0  0  0  0  0  0  0  0  0  0  0  0
    3.1412    4.7434   27.7858 H   0  0  0  0  0  0  0  0  0  0  0  0
    0.8311    4.3797   28.5019 H   0  0  0  0  0  0  0  0  0  0  0  0
    4.5594    4.0314   31.8737 H   0  0  0  0  0  0  0  0  0  0  0  0
    0.4824    6.5501   30.3691 H   0  0  0  0  0  0  0  0  0  0  0  0
   -1.4436    8.1485   29.9965 H   0  0  0  0  0  0  0  0  0  0  0  0
   -2.5392    3.3447   30.8906 H   0  0  0  0  0  0  0  0  0  0  0  0
   -5.2613    5.9262   30.6307 H   0  0  0  0  0  0  0  0  0  0  0  0
   -6.8946    5.0857   30.6931 H   0  0  0  0  0  0  0  0  0  0  0  0
   -6.9680    1.9786   31.5789 H   0  0  0  0  0  0  0  0  0  0  0  0
   -8.3321    2.6493   31.9058 H   0  0  0  0  0  0  0  0  0  0  0  0
   -6.9778    2.3176   29.0969 H   0  0  0  0  0  0  0  0  0  0  0  0
   -8.3541    3.0557   28.9836 H   0  0  0  0  0  0  0  0  0  0  0  0
  1  2  1  0
  2  3  2  0
  4  5  1  0
  5  6  1  0
  6  7  1  0
  7  8  1  0
  8  9  2  0
  8  4  1  0
  2  4  1  0
 10 11  2  0
 11 12  1  0
 12 13  2  0
 13 14  1  0
 14 15  2  0
 15 10  1  0
  7 10  1  0
 16 17  1  0
 15 16  1  0
 12 18  1  0
 19 20  2  0
 20 21  1  0
 21 22  2  0
 22 23  1  0
 23 24  2  0
 24 19  1  0
  1 19  1  0
 23 25  1  0
 22 26  1  0
 27 28  2  0
 28 29  1  0
 29 30  2  0
 30 31  1  0
 31 32  2  0
 32 27  1  0
 26 27  1  0
 33 34  1  0
 34 35  2  0
 31 33  1  0
 36 37  1  0
 37 38  1  0
 38 36  1  0
 34 36  1  0
  1 39  1  0
  5 40  1  0
  5 41  1  0
  6 42  1  0
  6 43  1  0
 11 44  1  0
 13 45  1  0
 14 46  1  0
 17 47  1  0
 17 48  1  0
 17 49  1  0
 20 50  1  0
 21 51  1  0
 24 52  1  0
 28 53  1  0
 29 54  1  0
 32 55  1  0
 33 56  1  0
 36 57  1  0
 37 58  1  0
 37 59  1  0
 38 60  1  0
 38 61  1  0
M  END
"
1mv9_Lingo3DMolv2_566324,1mv9,"1mv9_Lingo3DMolv2_566324
     RDKit          3D

 49 48  0  0  0  0  0  0  0  0999 V2000
   54.7929   44.9723   30.8652 O   0  0  0  0  0  0  0  0  0  0  0  0
   54.9929   45.6723   29.8652 C   0  0  0  0  0  0  0  0  0  0  0  0
   54.2929   46.5723   29.4652 O   0  0  0  0  0  1  0  0  0  0  0  0
   56.2929   45.3723   29.0652 C   0  0  0  0  0  0  0  0  0  0  0  0
   57.4929   45.1723   29.8652 C   0  0  0  0  0  0  0  0  0  0  0  0
   58.3929   46.2723   29.9652 C   0  0  0  0  0  0  0  0  0  0  0  0
   59.3929   46.5723   29.0652 C   0  0  0  0  0  0  0  0  0  0  0  0
   60.2929   47.7723   29.1652 C   0  0  0  0  0  0  0  0  0  0  0  0
   61.6929   47.4723   28.8652 C   0  0  2  0  0  0  0  0  0  0  0  0
   61.8929   47.3723   27.3652 C   0  0  0  0  0  0  0  0  0  0  0  0
   62.2929   46.1723   29.6652 C   0  0  0  0  0  0  0  0  0  0  0  0
   63.7929   45.8723   29.3652 C   0  0  0  0  0  0  0  0  0  0  0  0
   64.6929   45.3723   30.2652 C   0  0  0  0  0  0  0  0  0  0  0  0
   64.3929   44.9723   31.6652 C   0  0  0  0  0  0  0  0  0  0  0  0
   65.1929   45.6723   32.6652 C   0  0  0  0  0  0  0  0  0  0  0  0
   64.9929   45.1723   34.0652 C   0  0  0  0  0  0  0  0  0  0  0  0
   64.1929   45.5723   34.9652 C   0  0  0  0  0  0  0  0  0  0  0  0
   63.1929   46.7723   34.8652 C   0  0  0  0  0  0  0  0  0  0  0  0
   63.5929   47.9723   35.7652 C   0  0  0  0  0  0  0  0  0  0  0  0
   61.7929   46.3723   35.0652 C   0  0  0  0  0  0  0  0  0  0  0  0
   56.1238   44.4596   28.4750 H   0  0  0  0  0  0  0  0  0  0  0  0
   56.4840   46.2677   28.4555 H   0  0  0  0  0  0  0  0  0  0  0  0
   57.1727   44.9115   30.8847 H   0  0  0  0  0  0  0  0  0  0  0  0
   58.0580   44.3867   29.3422 H   0  0  0  0  0  0  0  0  0  0  0  0
   58.2803   46.9381   30.8336 H   0  0  0  0  0  0  0  0  0  0  0  0
   59.5424   45.8879   28.2171 H   0  0  0  0  0  0  0  0  0  0  0  0
   59.9392   48.5342   28.4550 H   0  0  0  0  0  0  0  0  0  0  0  0
   60.2512   48.1249   30.2063 H   0  0  0  0  0  0  0  0  0  0  0  0
   62.2860   48.3161   29.2477 H   0  0  0  0  0  0  0  0  0  0  0  0
   62.8587   46.8894   27.1555 H   0  0  0  0  0  0  0  0  0  0  0  0
   61.0809   46.7742   26.9261 H   0  0  0  0  0  0  0  0  0  0  0  0
   61.8842   48.3808   26.9261 H   0  0  0  0  0  0  0  0  0  0  0  0
   62.1867   46.3529   30.7451 H   0  0  0  0  0  0  0  0  0  0  0  0
   61.7212   45.2981   29.3204 H   0  0  0  0  0  0  0  0  0  0  0  0
   64.1566   46.0794   28.3479 H   0  0  0  0  0  0  0  0  0  0  0  0
   65.7317   45.2557   29.9226 H   0  0  0  0  0  0  0  0  0  0  0  0
   63.3311   45.1793   31.8645 H   0  0  0  0  0  0  0  0  0  0  0  0
   64.6385   43.9035   31.7512 H   0  0  0  0  0  0  0  0  0  0  0  0
   66.2548   45.5535   32.4038 H   0  0  0  0  0  0  0  0  0  0  0  0
   64.8689   46.7234   32.6532 H   0  0  0  0  0  0  0  0  0  0  0  0
   65.6383   44.3303   34.3560 H   0  0  0  0  0  0  0  0  0  0  0  0
   64.2032   45.0177   35.9151 H   0  0  0  0  0  0  0  0  0  0  0  0
   63.2676   47.1264   33.8264 H   0  0  0  0  0  0  0  0  0  0  0  0
   63.4972   47.6853   36.8228 H   0  0  0  0  0  0  0  0  0  0  0  0
   64.6345   48.2569   35.5553 H   0  0  0  0  0  0  0  0  0  0  0  0
   62.9304   48.8249   35.5553 H   0  0  0  0  0  0  0  0  0  0  0  0
   61.5793   46.3113   36.1425 H   0  0  0  0  0  0  0  0  0  0  0  0
   61.1290   47.1167   34.6014 H   0  0  0  0  0  0  0  0  0  0  0  0
   61.6225   45.3895   34.6014 H   0  0  0  0  0  0  0  0  0  0  0  0
  1  2  2  0
  2  3  1  0
  2  4  1  0
  4  5  1  0
  5  6  1  0
  6  7  2  0
  7  8  1  0
  8  9  1  0
  9 10  1  0
  9 11  1  0
 11 12  1  0
 12 13  2  0
 13 14  1  0
 14 15  1  0
 15 16  1  0
 16 17  2  3
 17 18  1  0
 18 19  1  0
 18 20  1  0
  4 21  1  0
  4 22  1  0
  5 23  1  0
  5 24  1  0
  6 25  1  0
  7 26  1  0
  8 27  1  0
  8 28  1  0
  9 29  1  1
 10 30  1  0
 10 31  1  0
 10 32  1  0
 11 33  1  0
 11 34  1  0
 12 35  1  0
 13 36  1  0
 14 37  1  0
 14 38  1  0
 15 39  1  0
 15 40  1  0
 16 41  1  0
 17 42  1  0
 18 43  1  0
 19 44  1  0
 19 45  1  0
 19 46  1  0
 20 47  1  0
 20 48  1  0
 20 49  1  0
M  CHG  1   3  -1
M  END
"
3m2w_Lingo3DMolv2_1142510,3m2w,"3m2w_Lingo3DMolv2_1142510
     RDKit          3D

 78 85  0  0  0  0  0  0  0  0999 V2000
   40.4297    8.4712   21.4712 O   0  0  0  0  0  0  0  0  0  0  0  0
   39.2297    8.5712   22.1712 C   0  0  0  0  0  0  0  0  0  0  0  0
   38.3297    7.2712   21.9712 C   0  0  1  0  0  0  0  0  0  0  0  0
   38.2297    7.0712   20.5712 N   0  0  0  0  0  0  0  0  0  0  0  0
   39.0297    7.5712   19.6712 C   0  0  0  0  0  0  0  0  0  0  0  0
   40.1297    8.3712   19.9712 C   0  0  0  0  0  0  0  0  0  0  0  0
   38.7297    7.0712   18.3712 C   0  0  0  0  0  0  0  0  0  0  0  0
   39.1297    7.1712   16.9712 C   0  0  0  0  0  0  0  0  0  0  0  0
   40.1297    7.9712   16.4712 N   0  0  0  0  0  0  0  0  0  0  0  0
   40.1297    7.9712   15.1712 C   0  0  0  0  0  0  0  0  0  0  0  0
   39.3297    7.2712   14.3712 N   0  0  0  0  0  4  0  0  0  0  0  0
   38.3297    6.4712   14.7712 C   0  0  0  0  0  0  0  0  0  0  0  0
   38.2297    6.4712   16.1712 C   0  0  0  0  0  0  0  0  0  0  0  0
   37.3297    5.7712   17.0712 N   0  0  0  0  0  0  0  0  0  0  0  0
   37.6297    6.1712   18.3712 C   0  0  0  0  0  0  0  0  0  0  0  0
   37.5297    5.7712   13.7712 C   0  0  2  0  0  0  0  0  0  0  0  0
   36.6297    6.5712   12.7712 C   0  0  0  0  0  0  0  0  0  0  0  0
   36.0297    5.4712   11.8712 C   0  0  0  0  0  0  0  0  0  0  0  0
   35.8297    4.3712   12.7712 N   0  0  0  0  0  0  0  0  0  0  0  0
   36.6297    4.5712   13.9712 C   0  0  0  0  0  0  0  0  0  0  0  0
   34.9297    3.3712   12.5712 C   0  0  0  0  0  0  0  0  0  0  0  0
   34.5297    2.2712   13.4712 C   0  0  0  0  0  0  0  0  0  0  0  0
   33.5297    1.4712   12.7712 N   0  0  0  0  0  4  0  0  0  0  0  0
   33.3297    2.0712   11.5712 N   0  0  0  0  0  0  0  0  0  0  0  0
   32.4297    1.6712   10.5712 C   0  0  0  0  0  0  0  0  0  0  0  0
   32.3297    2.3712    9.4712 C   0  0  0  0  0  0  0  0  0  0  0  0
   33.1297    3.4712    9.2712 C   0  0  0  0  0  0  0  0  0  0  0  0
   34.1297    3.8712   10.2712 C   0  0  0  0  0  0  0  0  0  0  0  0
   34.2297    3.1712   11.4712 C   0  0  0  0  0  0  0  0  0  0  0  0
   31.3297    1.9712    8.3712 C   0  0  0  0  0  0  0  0  0  0  0  0
   38.9297    6.0712   22.7712 C   0  0  0  0  0  0  0  0  0  0  0  0
   37.9297    4.9712   22.9712 N   0  0  0  0  0  4  0  0  0  0  0  0
   36.7297    5.2712   23.8712 C   0  0  0  0  0  0  0  0  0  0  0  0
   35.8297    3.9712   24.0712 C   0  0  0  0  0  0  0  0  0  0  0  0
   35.0297    3.5712   22.8712 N   0  0  0  0  0  0  0  0  0  0  0  0
   33.9297    4.4712   22.5712 C   0  0  0  0  0  0  0  0  0  0  0  0
   33.0297    3.8712   21.3712 C   0  0  0  0  0  0  0  0  0  0  0  0
   32.6297    2.6712   21.6712 O   0  0  0  0  0  0  0  0  0  0  0  0
   33.6297    1.7712   21.8712 C   0  0  0  0  0  0  0  0  0  0  0  0
   34.5297    2.2712   23.0712 C   0  0  0  0  0  0  0  0  0  0  0  0
   39.4492    8.6932   23.2421 H   0  0  0  0  0  0  0  0  0  0  0  0
   38.6750    9.4390   21.7850 H   0  0  0  0  0  0  0  0  0  0  0  0
   37.3128    7.3796   22.3763 H   0  0  0  0  0  0  0  0  0  0  0  0
   40.7276    8.8836   19.2031 H   0  0  0  0  0  0  0  0  0  0  0  0
   40.8705    8.6193   14.6801 H   0  0  0  0  0  0  0  0  0  0  0  0
   39.4921    7.3503   13.3571 H   0  0  0  0  0  0  0  0  0  0  0  0
   36.5995    5.0986   16.7968 H   0  0  0  0  0  0  0  0  0  0  0  0
   38.5408    5.4495   13.4809 H   0  0  0  0  0  0  0  0  0  0  0  0
   35.8385    7.1181   13.3048 H   0  0  0  0  0  0  0  0  0  0  0  0
   37.1877    7.3318   12.2055 H   0  0  0  0  0  0  0  0  0  0  0  0
   35.0754    5.7991   11.4334 H   0  0  0  0  0  0  0  0  0  0  0  0
   36.6774    5.2148   11.0198 H   0  0  0  0  0  0  0  0  0  0  0  0
   35.9666    4.7472   14.8310 H   0  0  0  0  0  0  0  0  0  0  0  0
   37.2410    3.6770   14.1627 H   0  0  0  0  0  0  0  0  0  0  0  0
   34.9153    2.0880   14.4850 H   0  0  0  0  0  0  0  0  0  0  0  0
   33.0672    0.6193   13.1195 H   0  0  0  0  0  0  0  0  0  0  0  0
   31.8111    0.7726   10.7122 H   0  0  0  0  0  0  0  0  0  0  0  0
   33.0198    4.0607    8.3490 H   0  0  0  0  0  0  0  0  0  0  0  0
   34.7981    4.7219   10.0723 H   0  0  0  0  0  0  0  0  0  0  0  0
   30.4035    1.6007    8.8348 H   0  0  0  0  0  0  0  0  0  0  0  0
   31.1020    2.8474    7.7464 H   0  0  0  0  0  0  0  0  0  0  0  0
   31.7691    1.1796    7.7464 H   0  0  0  0  0  0  0  0  0  0  0  0
   39.2622    6.4319   23.7558 H   0  0  0  0  0  0  0  0  0  0  0  0
   39.7708    5.6636   22.1911 H   0  0  0  0  0  0  0  0  0  0  0  0
   37.5642    4.7126   22.0436 H   0  0  0  0  0  0  0  0  0  0  0  0
   38.4481    4.2273   23.4598 H   0  0  0  0  0  0  0  0  0  0  0  0
   37.0918    5.6130   24.8521 H   0  0  0  0  0  0  0  0  0  0  0  0
   36.1188    6.0515   23.3939 H   0  0  0  0  0  0  0  0  0  0  0  0
   36.4921    3.1337   24.3356 H   0  0  0  0  0  0  0  0  0  0  0  0
   35.1034    4.2157   24.8602 H   0  0  0  0  0  0  0  0  0  0  0  0
   33.3048    4.5930   23.4682 H   0  0  0  0  0  0  0  0  0  0  0  0
   34.3368    5.4453   22.2622 H   0  0  0  0  0  0  0  0  0  0  0  0
   32.1541    4.5182   21.2143 H   0  0  0  0  0  0  0  0  0  0  0  0
   33.6339    3.8308   20.4528 H   0  0  0  0  0  0  0  0  0  0  0  0
   33.1999    0.7885   22.1154 H   0  0  0  0  0  0  0  0  0  0  0  0
   34.2384    1.6787   20.9596 H   0  0  0  0  0  0  0  0  0  0  0  0
   33.9258    2.2642   23.9905 H   0  0  0  0  0  0  0  0  0  0  0  0
   35.3917    1.5918   23.1450 H   0  0  0  0  0  0  0  0  0  0  0  0
  1  2  1  0
  2  3  1  0
  3  4  1  0
  4  5  1  0
  5  6  2  0
  5  7  1  0
  7  8  1  0
  8  9  2  0
  9 10  1  0
 10 11  2  0
 11 12  1  0
 12 13  2  0
 13 14  1  0
 14 15  1  0
  6  1  1  0
 15  7  2  0
 15  4  1  0
 13  8  1  0
 16 17  1  0
 17 18  1  0
 18 19  1  0
 19 20  1  0
 20 16  1  0
 12 16  1  0
 21 22  1  0
 22 23  2  0
 23 24  1  0
 24 25  1  0
 25 26  2  0
 26 27  1  0
 27 28  2  0
 28 29  1  0
 29 21  2  0
 29 24  1  0
 19 21  1  0
 26 30  1  0
 31 32  1  0
 32 33  1  0
 33 34  1  0
  3 31  1  0
 35 36  1  0
 36 37  1  0
 37 38  1  0
 38 39  1  0
 39 40  1  0
 40 35  1  0
 34 35  1  0
  2 41  1  0
  2 42  1  0
  3 43  1  1
  6 44  1  0
 10 45  1  0
 11 46  1  0
 14 47  1  0
 16 48  1  6
 17 49  1  0
 17 50  1  0
 18 51  1  0
 18 52  1  0
 20 53  1  0
 20 54  1  0
 22 55  1  0
 23 56  1  0
 25 57  1  0
 27 58  1  0
 28 59  1  0
 30 60  1  0
 30 61  1  0
 30 62  1  0
 31 63  1  0
 31 64  1  0
 32 65  1  0
 32 66  1  0
 33 67  1  0
 33 68  1  0
 34 69  1  0
 34 70  1  0
 36 71  1  0
 36 72  1  0
 37 73  1  0
 37 74  1  0
 39 75  1  0
 39 76  1  0
 40 77  1  0
 40 78  1  0
M  CHG  3  11   1  23   1  32   1
M  END
"
1w7x_Lingo3DMolv2_1305628,1w7x,"1w7x_Lingo3DMolv2_1305628
     RDKit          3D

 42 44  0  0  0  0  0  0  0  0999 V2000
   10.4501   40.5898   32.0895 O   0  0  0  0  0  0  0  0  0  0  0  0
   10.4501   41.8898   32.5895 C   0  0  0  0  0  0  0  0  0  0  0  0
    9.4501   42.7898   32.1895 C   0  0  0  0  0  0  0  0  0  0  0  0
    9.4501   44.0898   32.6895 C   0  0  0  0  0  0  0  0  0  0  0  0
   10.4501   44.4898   33.5895 C   0  0  0  0  0  0  0  0  0  0  0  0
   11.5501   43.5898   33.9895 C   0  0  0  0  0  0  0  0  0  0  0  0
   11.5501   42.2898   33.3895 C   0  0  0  0  0  0  0  0  0  0  0  0
   12.3501   44.2898   34.8895 C   0  0  0  0  0  0  0  0  0  0  0  0
   11.8501   45.4898   35.0895 N   0  0  0  0  0  0  0  0  0  0  0  0
   10.7501   45.5898   34.2895 N   0  0  0  0  0  0  0  0  0  0  0  0
    9.9501   46.8898   34.3895 C   0  0  0  0  0  0  0  0  0  0  0  0
   13.6501   43.8898   35.4895 C   0  0  0  0  0  0  0  0  0  0  0  0
   11.2501   39.9898   30.9895 C   0  0  0  0  0  0  0  0  0  0  0  0
   10.8501   40.2898   29.7895 N   0  0  0  0  0  0  0  0  0  0  0  0
   11.5501   39.6898   28.7895 N   0  0  0  0  0  4  0  0  0  0  0  0
   12.5501   38.7898   28.8895 C   0  0  0  0  0  0  0  0  0  0  0  0
   12.9501   38.3898   30.2895 C   0  0  0  0  0  0  0  0  0  0  0  0
   12.2501   38.9898   31.2895 C   0  0  0  0  0  0  0  0  0  0  0  0
   12.5501   38.6898   32.6895 N   0  0  0  0  0  0  0  0  0  0  0  0
   14.0501   37.3898   30.3895 C   0  0  0  0  0  0  0  0  0  0  0  0
   14.9501   37.1898   29.1895 C   0  0  0  0  0  0  0  0  0  0  0  0
   14.2501   36.6898   27.9895 N   0  0  0  0  0  4  0  0  0  0  0  0
    8.6694   42.4697   31.4838 H   0  0  0  0  0  0  0  0  0  0  0  0
    8.6694   44.8003   32.3802 H   0  0  0  0  0  0  0  0  0  0  0  0
   12.3974   41.6064   33.5481 H   0  0  0  0  0  0  0  0  0  0  0  0
    9.7939   47.1437   35.4483 H   0  0  0  0  0  0  0  0  0  0  0  0
   10.5055   47.7010   33.8960 H   0  0  0  0  0  0  0  0  0  0  0  0
    8.9757   46.7596   33.8960 H   0  0  0  0  0  0  0  0  0  0  0  0
   13.5707   43.9142   36.5863 H   0  0  0  0  0  0  0  0  0  0  0  0
   13.9067   42.8712   35.1630 H   0  0  0  0  0  0  0  0  0  0  0  0
   14.4349   44.5880   35.1630 H   0  0  0  0  0  0  0  0  0  0  0  0
   11.2819   39.9573   27.8316 H   0  0  0  0  0  0  0  0  0  0  0  0
   13.0460   38.3711   28.0014 H   0  0  0  0  0  0  0  0  0  0  0  0
   12.0151   39.1487   33.4406 H   0  0  0  0  0  0  0  0  0  0  0  0
   13.2963   38.0197   32.9241 H   0  0  0  0  0  0  0  0  0  0  0  0
   13.5869   36.4178   30.6146 H   0  0  0  0  0  0  0  0  0  0  0  0
   14.7171   37.7969   31.1637 H   0  0  0  0  0  0  0  0  0  0  0  0
   15.4151   38.1553   28.9413 H   0  0  0  0  0  0  0  0  0  0  0  0
   15.6878   36.4234   29.4696 H   0  0  0  0  0  0  0  0  0  0  0  0
   13.4451   36.1148   28.2762 H   0  0  0  0  0  0  0  0  0  0  0  0
   13.9196   37.4872   27.4275 H   0  0  0  0  0  0  0  0  0  0  0  0
   14.8973   36.1186   27.4275 H   0  0  0  0  0  0  0  0  0  0  0  0
  2  3  2  0
  3  4  1  0
  4  5  2  0
  5  6  1  0
  6  7  2  0
  6  8  1  0
  8  9  2  0
  9 10  1  0
  7  2  1  0
 10  5  1  0
  1  2  1  0
 10 11  1  0
  8 12  1  0
 13 14  2  0
 14 15  1  0
 15 16  2  0
 16 17  1  0
 17 18  2  0
 18 13  1  0
  1 13  1  0
 18 19  1  0
 20 21  1  0
 21 22  1  0
 17 20  1  0
  3 23  1  0
  4 24  1  0
  7 25  1  0
 11 26  1  0
 11 27  1  0
 11 28  1  0
 12 29  1  0
 12 30  1  0
 12 31  1  0
 15 32  1  0
 16 33  1  0
 19 34  1  0
 19 35  1  0
 20 36  1  0
 20 37  1  0
 21 38  1  0
 21 39  1  0
 22 40  1  0
 22 41  1  0
 22 42  1  0
M  CHG  2  15   1  22   1
M  END
"
2h7l_Lingo3DMolv2_510784,2h7l,"2h7l_Lingo3DMolv2_510784
     RDKit          3D

 12 12  0  0  0  0  0  0  0  0999 V2000
   13.2997   32.9730   63.0505 C   0  0  0  0  0  0  0  0  0  0  0  0
   14.3997   33.1730   63.2505 O   0  0  0  0  0  0  0  0  0  0  0  0
   12.5997   31.7730   63.2505 C   0  0  0  0  0  0  0  0  0  0  0  0
   11.2997   31.9730   62.8505 C   0  0  0  0  0  0  0  0  0  0  0  0
   11.1997   33.2730   62.3505 N   0  0  0  0  0  0  0  0  0  0  0  0
   12.3997   33.7730   62.4505 N   0  0  0  0  0  0  0  0  0  0  0  0
   12.5997   35.1730   61.9505 N   0  0  0  0  0  0  0  0  0  0  0  0
   13.0168   30.8391   63.6552 H   0  0  0  0  0  0  0  0  0  0  0  0
   10.4829   31.2390   62.9132 H   0  0  0  0  0  0  0  0  0  0  0  0
   10.3577   33.7377   61.9815 H   0  0  0  0  0  0  0  0  0  0  0  0
   13.5295   35.6124   62.0076 H   0  0  0  0  0  0  0  0  0  0  0  0
   11.8072   35.6950   61.5501 H   0  0  0  0  0  0  0  0  0  0  0  0
  1  2  2  0
  1  3  1  0
  3  4  2  0
  4  5  1  0
  5  6  1  0
  6  1  1  0
  6  7  1  0
  3  8  1  0
  4  9  1  0
  5 10  1  0
  7 11  1  0
  7 12  1  0
M  END
"
3lan_Lingo3DMolv2_906807,3lan,"3lan_Lingo3DMolv2_906807
     RDKit          3D

 40 41  0  0  0  0  0  0  0  0999 V2000
    8.2853   12.8400   13.9445 N   0  0  0  0  0  0  0  0  0  0  0  0
    7.0853   12.2400   14.1445 C   0  0  0  0  0  0  0  0  0  0  0  0
    6.3853   11.7400   13.2445 O   0  0  0  0  0  0  0  0  0  0  0  0
    6.6853   12.0400   15.6445 C   0  0  0  0  0  0  0  0  0  0  0  0
    7.2853   10.7400   16.2445 C   0  0  0  0  0  0  0  0  0  0  0  0
    6.3853   10.1400   17.2445 C   0  0  0  0  0  0  0  0  0  0  0  0
    5.8853    8.8400   17.2445 C   0  0  0  0  0  0  0  0  0  0  0  0
    9.4853   12.8400   14.8445 C   0  0  2  0  0  0  0  0  0  0  0  0
   10.6853   13.4400   14.1445 C   0  0  0  0  0  0  0  0  0  0  0  0
   10.7853   14.2400   13.1445 O   0  0  0  0  0  0  0  0  0  0  0  0
   11.7853   12.9400   14.6445 O   0  0  0  0  0  0  0  0  0  0  0  0
   11.4853   11.6400   15.6445 S   0  0  0  0  0  0  0  0  0  0  0  0
   12.1853   10.3400   15.1445 O   0  0  0  0  0  0  0  0  0  0  0  0
   11.7853   11.9400   17.0445 O   0  0  0  0  0  0  0  0  0  0  0  0
    9.7853   11.6400   15.3445 N   0  0  0  0  0  0  0  0  0  0  0  0
    8.9853   10.8400   16.3445 C   0  0  0  0  0  0  0  0  0  0  0  0
    9.0853   11.3400   17.7445 C   0  0  0  0  0  0  0  0  0  0  0  0
    9.2853   10.4400   18.8445 C   0  0  0  0  0  0  0  0  0  0  0  0
    9.6853   10.9400   20.1445 C   0  0  0  0  0  0  0  0  0  0  0  0
    9.8853   12.3400   20.3445 C   0  0  0  0  0  0  0  0  0  0  0  0
    9.6853   13.2400   19.2445 C   0  0  0  0  0  0  0  0  0  0  0  0
    9.2853   12.7400   18.0445 C   0  0  0  0  0  0  0  0  0  0  0  0
   10.2853   12.8400   21.7445 N   0  0  0  0  0  4  0  0  0  0  0  0
   10.0853   14.0400   21.9445 O   0  0  0  0  0  0  0  0  0  0  0  0
   10.2853   12.0400   22.6445 O   0  0  0  0  0  1  0  0  0  0  0  0
    8.3852   13.3621   13.0623 H   0  0  0  0  0  0  0  0  0  0  0  0
    7.0503   12.8995   16.2259 H   0  0  0  0  0  0  0  0  0  0  0  0
    5.5893   11.9592   15.6933 H   0  0  0  0  0  0  0  0  0  0  0  0
    7.4515   10.0158   15.4334 H   0  0  0  0  0  0  0  0  0  0  0  0
    8.2323   10.9954   16.7425 H   0  0  0  0  0  0  0  0  0  0  0  0
    6.0756   10.7865   18.0789 H   0  0  0  0  0  0  0  0  0  0  0  0
    5.2168    8.5078   18.0525 H   0  0  0  0  0  0  0  0  0  0  0  0
    6.1589    8.1455   16.4366 H   0  0  0  0  0  0  0  0  0  0  0  0
    9.2128   13.4690   15.7048 H   0  0  0  0  0  0  0  0  0  0  0  0
    7.9279   10.8682   16.0425 H   0  0  0  0  0  0  0  0  0  0  0  0
    9.4016    9.8218   16.3413 H   0  0  0  0  0  0  0  0  0  0  0  0
    9.1335    9.3602   18.6994 H   0  0  0  0  0  0  0  0  0  0  0  0
    9.8353   10.2396   20.9794 H   0  0  0  0  0  0  0  0  0  0  0  0
    9.8533   14.3198   19.3703 H   0  0  0  0  0  0  0  0  0  0  0  0
    9.0984   13.4608   17.2349 H   0  0  0  0  0  0  0  0  0  0  0  0
  1  2  1  0
  2  3  2  0
  2  4  1  0
  4  5  1  0
  5  6  1  0
  6  7  2  0
  8  9  1  0
  9 10  2  0
  9 11  1  0
 11 12  1  0
 12 13  2  0
 12 14  2  0
 12 15  1  0
 15  8  1  0
  1  8  1  0
 15 16  1  0
 17 18  2  0
 18 19  1  0
 19 20  2  0
 20 21  1  0
 21 22  2  0
 22 17  1  0
 16 17  1  0
 23 24  2  0
 23 25  1  0
 20 23  1  0
  1 26  1  0
  4 27  1  0
  4 28  1  0
  5 29  1  0
  5 30  1  0
  6 31  1  0
  7 32  1  0
  7 33  1  0
  8 34  1  1
 16 35  1  0
 16 36  1  0
 18 37  1  0
 19 38  1  0
 21 39  1  0
 22 40  1  0
M  CHG  2  23   1  25  -1
M  END
"
1mv9_Lingo3DMolv2_944297,1mv9,"1mv9_Lingo3DMolv2_944297
     RDKit          3D

 34 33  0  0  0  0  0  0  0  0999 V2000
   62.8929   47.0723   28.6652 C   0  0  0  0  0  0  0  0  0  0  0  0
   63.8929   47.2723   27.7652 N   0  0  0  0  0  4  0  0  0  0  0  0
   65.0929   46.3723   27.7652 C   0  0  0  0  0  0  0  0  0  0  0  0
   63.8929   48.0723   26.9652 O   0  0  0  0  0  1  0  0  0  0  0  0
   61.8929   45.9723   28.3652 C   0  0  0  0  0  0  0  0  0  0  0  0
   60.5929   46.1723   29.1652 C   0  0  0  0  0  0  0  0  0  0  0  0
   59.7929   47.4723   28.7652 C   0  0  0  0  0  0  0  0  0  0  0  0
   60.1929   45.2723   30.0652 C   0  0  0  0  0  0  0  0  0  0  0  0
   58.9929   45.3723   30.9652 C   0  0  0  0  0  0  0  0  0  0  0  0
   57.5929   44.7723   30.3652 C   0  0  0  0  0  0  0  0  0  0  0  0
   56.6929   45.7723   29.6652 C   0  0  0  0  0  0  0  0  0  0  0  0
   57.1929   46.5723   28.7652 N   0  0  0  0  0  0  0  0  0  0  0  0
   55.3929   45.7723   29.9652 N   0  0  0  0  0  4  0  0  0  0  0  0
   54.3929   46.7723   29.3652 C   0  0  0  0  0  0  0  0  0  0  0  0
   54.7929   44.9723   30.7652 O   0  0  0  0  0  1  0  0  0  0  0  0
   62.8126   47.6847   29.5754 H   0  0  0  0  0  0  0  0  0  0  0  0
   65.3862   46.1523   28.8023 H   0  0  0  0  0  0  0  0  0  0  0  0
   64.8473   45.4338   27.2467 H   0  0  0  0  0  0  0  0  0  0  0  0
   65.9251   46.8708   27.2467 H   0  0  0  0  0  0  0  0  0  0  0  0
   61.6587   45.9829   27.2905 H   0  0  0  0  0  0  0  0  0  0  0  0
   62.3365   45.0082   28.6545 H   0  0  0  0  0  0  0  0  0  0  0  0
   59.4692   47.9983   29.6755 H   0  0  0  0  0  0  0  0  0  0  0  0
   60.4408   48.1331   28.1706 H   0  0  0  0  0  0  0  0  0  0  0  0
   58.9110   47.1917   28.1706 H   0  0  0  0  0  0  0  0  0  0  0  0
   60.8046   44.3628   30.1584 H   0  0  0  0  0  0  0  0  0  0  0  0
   59.2220   44.8277   31.8931 H   0  0  0  0  0  0  0  0  0  0  0  0
   58.8174   46.4490   31.1063 H   0  0  0  0  0  0  0  0  0  0  0  0
   57.8463   43.9826   29.6426 H   0  0  0  0  0  0  0  0  0  0  0  0
   57.0231   44.4157   31.2359 H   0  0  0  0  0  0  0  0  0  0  0  0
   56.5857   47.2532   28.2870 H   0  0  0  0  0  0  0  0  0  0  0  0
   58.1951   46.5234   28.5324 H   0  0  0  0  0  0  0  0  0  0  0  0
   53.8678   47.2974   30.1767 H   0  0  0  0  0  0  0  0  0  0  0  0
   54.9325   47.5029   28.7446 H   0  0  0  0  0  0  0  0  0  0  0  0
   53.6623   46.2327   28.7446 H   0  0  0  0  0  0  0  0  0  0  0  0
  1  2  2  3
  2  3  1  0
  2  4  1  0
  1  5  1  0
  5  6  1  0
  6  7  1  0
  6  8  2  0
  8  9  1  0
  9 10  1  0
 10 11  1  0
 11 12  1  0
 11 13  2  3
 13 14  1  0
 13 15  1  0
  1 16  1  0
  3 17  1  0
  3 18  1  0
  3 19  1  0
  5 20  1  0
  5 21  1  0
  7 22  1  0
  7 23  1  0
  7 24  1  0
  8 25  1  0
  9 26  1  0
  9 27  1  0
 10 28  1  0
 10 29  1  0
 12 30  1  0
 12 31  1  0
 14 32  1  0
 14 33  1  0
 14 34  1  0
M  CHG  4   2   1   4  -1  13   1  15  -1
M  END
"
2gtk_Lingo3DMolv2_895236,2gtk,"2gtk_Lingo3DMolv2_895236
     RDKit          3D

 26 28  0  0  0  0  0  0  0  0999 V2000
    5.7365   26.0251   14.8462 N   0  0  0  0  0  0  0  0  0  0  0  0
    7.0365   26.3251   14.4462 C   0  0  0  0  0  0  0  0  0  0  0  0
    7.9365   25.5251   15.0462 O   0  0  0  0  0  0  0  0  0  0  0  0
    7.2365   24.7251   15.8462 C   0  0  0  0  0  0  0  0  0  0  0  0
    5.9365   24.8251   15.5462 C   0  0  0  0  0  0  0  0  0  0  0  0
    8.0365   23.8251   16.6462 C   0  0  0  0  0  0  0  0  0  0  0  0
    9.2365   24.4251   17.4462 C   0  0  0  0  0  0  0  0  0  0  0  0
    8.0365   23.9251   18.1462 C   0  0  0  0  0  0  0  0  0  0  0  0
    7.8365   22.5251   16.3462 O   0  0  0  0  0  0  0  0  0  0  0  0
    7.1365   22.0251   15.1462 C   0  0  0  0  0  0  0  0  0  0  0  0
    7.5365   22.4251   13.9462 C   0  0  0  0  0  0  0  0  0  0  0  0
    6.9365   21.9251   12.8462 C   0  0  0  0  0  0  0  0  0  0  0  0
    5.9365   20.9251   12.9462 C   0  0  0  0  0  0  0  0  0  0  0  0
    5.5365   20.5251   14.2462 C   0  0  0  0  0  0  0  0  0  0  0  0
    6.1365   21.0251   15.3462 C   0  0  0  0  0  0  0  0  0  0  0  0
    5.7365   20.7251   16.5462 F   0  0  0  0  0  0  0  0  0  0  0  0
    5.2365   20.2251   11.5462 Cl  0  0  0  0  0  0  0  0  0  0  0  0
    7.2953   27.1177   13.7287 H   0  0  0  0  0  0  0  0  0  0  0  0
    5.1578   24.0922   15.8040 H   0  0  0  0  0  0  0  0  0  0  0  0
   10.1857   23.8732   17.5145 H   0  0  0  0  0  0  0  0  0  0  0  0
    9.7930   25.3738   17.4276 H   0  0  0  0  0  0  0  0  0  0  0  0
    8.1052   23.0078   18.7494 H   0  0  0  0  0  0  0  0  0  0  0  0
    7.3444   24.3694   18.8766 H   0  0  0  0  0  0  0  0  0  0  0  0
    8.3507   23.1583   13.8489 H   0  0  0  0  0  0  0  0  0  0  0  0
    7.2284   22.2999   11.8541 H   0  0  0  0  0  0  0  0  0  0  0  0
    4.7225   19.7940   14.3599 H   0  0  0  0  0  0  0  0  0  0  0  0
  1  2  2  0
  2  3  1  0
  3  4  1  0
  4  5  2  0
  5  1  1  0
  6  7  1  0
  7  8  1  0
  8  6  1  0
  4  6  1  0
  6  9  1  0
 10 11  2  0
 11 12  1  0
 12 13  2  0
 13 14  1  0
 14 15  2  0
 15 10  1  0
  9 10  1  0
 15 16  1  0
 13 17  1  0
  2 18  1  0
  5 19  1  0
  7 20  1  0
  7 21  1  0
  8 22  1  0
  8 23  1  0
 11 24  1  0
 12 25  1  0
 14 26  1  0
M  END
"
3bqd_Lingo3DMolv2_610125,3bqd,"3bqd_Lingo3DMolv2_610125
     RDKit          3D

 40 39  0  0  0  0  0  0  0  0999 V2000
   38.5918   27.3998   11.1806 N   0  0  0  0  0  0  0  0  0  0  0  0
   37.8918   26.6998    9.9806 C   0  0  1  0  0  0  0  0  0  0  0  0
   37.0918   25.4998   10.5806 C   0  0  0  0  0  0  0  0  0  0  0  0
   36.7918   27.6998    9.4806 C   0  0  0  0  0  0  0  0  0  0  0  0
   37.2918   28.9998    8.8806 C   0  0  0  0  0  0  0  0  0  0  0  0
   40.1918   27.8998   11.0806 S   0  0  0  0  0  0  0  0  0  0  0  0
   40.4918   28.7998   12.2806 O   0  0  0  0  0  0  0  0  0  0  0  0
   40.4918   28.4998    9.6806 O   0  0  0  0  0  0  0  0  0  0  0  0
   41.1918   26.2998   11.2806 C   0  0  2  0  0  0  0  0  0  0  0  0
   40.7918   25.5998   12.5806 C   0  0  0  0  0  0  0  0  0  0  0  0
   41.3918   26.0998   13.7806 C   0  0  0  0  0  0  0  0  0  0  0  0
   42.6918   26.5998   11.2806 C   0  0  1  0  0  0  0  0  0  0  0  0
   43.4918   25.5998   11.9806 C   0  0  0  0  0  0  0  0  0  0  0  0
   43.1918   26.7998    9.7806 C   0  0  0  0  0  0  0  0  0  0  0  0
   44.6918   26.5998    9.6806 C   0  0  0  0  0  0  0  0  0  0  0  0
   38.0357   28.2402   11.3937 H   0  0  0  0  0  0  0  0  0  0  0  0
   38.6054   26.4013    9.1985 H   0  0  0  0  0  0  0  0  0  0  0  0
   37.1250   25.5496   11.6790 H   0  0  0  0  0  0  0  0  0  0  0  0
   36.0462   25.5506   10.2427 H   0  0  0  0  0  0  0  0  0  0  0  0
   37.5408   24.5542   10.2427 H   0  0  0  0  0  0  0  0  0  0  0  0
   36.1933   27.1849    8.7146 H   0  0  0  0  0  0  0  0  0  0  0  0
   36.2261   27.9884   10.3788 H   0  0  0  0  0  0  0  0  0  0  0  0
   37.5600   29.6971    9.6880 H   0  0  0  0  0  0  0  0  0  0  0  0
   38.1773   28.8002    8.2593 H   0  0  0  0  0  0  0  0  0  0  0  0
   36.5008   29.4450    8.2593 H   0  0  0  0  0  0  0  0  0  0  0  0
   40.9727   25.6360   10.4313 H   0  0  0  0  0  0  0  0  0  0  0  0
   39.7009   25.6907   12.6883 H   0  0  0  0  0  0  0  0  0  0  0  0
   41.1536   24.5658   12.4804 H   0  0  0  0  0  0  0  0  0  0  0  0
   40.8777   25.6714   14.6536 H   0  0  0  0  0  0  0  0  0  0  0  0
   42.4543   25.8161   13.8050 H   0  0  0  0  0  0  0  0  0  0  0  0
   41.3043   27.1960   13.8050 H   0  0  0  0  0  0  0  0  0  0  0  0
   42.8379   27.5303   11.8488 H   0  0  0  0  0  0  0  0  0  0  0  0
   43.3820   25.7370   13.0665 H   0  0  0  0  0  0  0  0  0  0  0  0
   43.1468   24.5933   11.7015 H   0  0  0  0  0  0  0  0  0  0  0  0
   44.5495   25.7154   11.7015 H   0  0  0  0  0  0  0  0  0  0  0  0
   42.6867   26.0691    9.1318 H   0  0  0  0  0  0  0  0  0  0  0  0
   42.9513   27.8251    9.4630 H   0  0  0  0  0  0  0  0  0  0  0  0
   45.1222   26.5424   10.6913 H   0  0  0  0  0  0  0  0  0  0  0  0
   44.9019   25.6657    9.1390 H   0  0  0  0  0  0  0  0  0  0  0  0
   45.1393   27.4462    9.1390 H   0  0  0  0  0  0  0  0  0  0  0  0
  1  2  1  0
  2  3  1  0
  2  4  1  0
  4  5  1  0
  1  6  1  0
  6  7  2  0
  6  8  2  0
  6  9  1  0
  9 10  1  0
 10 11  1  0
  9 12  1  0
 12 13  1  0
 12 14  1  0
 14 15  1  0
  1 16  1  0
  2 17  1  6
  3 18  1  0
  3 19  1  0
  3 20  1  0
  4 21  1  0
  4 22  1  0
  5 23  1  0
  5 24  1  0
  5 25  1  0
  9 26  1  6
 10 27  1  0
 10 28  1  0
 11 29  1  0
 11 30  1  0
 11 31  1  0
 12 32  1  1
 13 33  1  0
 13 34  1  0
 13 35  1  0
 14 36  1  0
 14 37  1  0
 15 38  1  0
 15 39  1  0
 15 40  1  0
M  END
"
3eml_Lingo3DMolv2_1231878,3eml,"3eml_Lingo3DMolv2_1231878
     RDKit          3D

 34 36  0  0  0  0  0  0  0  0999 V2000
   -7.8968   -6.1269   53.4819 N   0  0  0  0  0  0  0  0  0  0  0  0
   -7.6968   -7.0269   52.4819 C   0  0  0  0  0  0  0  0  0  0  0  0
   -7.9968   -8.3269   52.6819 C   0  0  0  0  0  0  0  0  0  0  0  0
   -8.4968   -8.8269   53.8819 N   0  0  0  0  0  0  0  0  0  0  0  0
   -8.6968   -7.9269   54.8819 C   0  0  0  0  0  0  0  0  0  0  0  0
   -9.1968   -8.0269   56.1819 C   0  0  0  0  0  0  0  0  0  0  0  0
   -8.9968   -6.8269   56.6819 N   0  0  0  0  0  0  0  0  0  0  0  0
   -8.4968   -5.9269   55.7819 N   0  0  0  0  0  0  0  0  0  0  0  0
   -8.2968   -6.6269   54.5819 C   0  0  0  0  0  0  0  0  0  0  0  0
   -9.6968   -9.1269   56.8819 C   0  0  0  0  0  0  0  0  0  0  0  0
   -9.7968  -10.2269   56.3819 O   0  0  0  0  0  0  0  0  0  0  0  0
   -9.9968   -8.9269   58.1819 N   0  0  0  0  0  0  0  0  0  0  0  0
  -10.4968   -9.9269   59.1819 C   0  0  0  0  0  0  0  0  0  0  0  0
  -10.6968   -9.4269   60.4819 C   0  0  0  0  0  0  0  0  0  0  0  0
  -11.7968   -8.2269   60.6819 C   0  0  0  0  0  0  0  0  0  0  0  0
  -11.4968   -6.9269   61.0819 C   0  0  0  0  0  0  0  0  0  0  0  0
   -7.0968   -6.4269   51.2819 C   0  0  0  0  0  0  0  0  0  0  0  0
   -6.6968   -7.0269   50.0819 C   0  0  0  0  0  0  0  0  0  0  0  0
   -6.1968   -5.9269   49.2819 C   0  0  0  0  0  0  0  0  0  0  0  0
   -6.3968   -4.8269   49.9819 C   0  0  0  0  0  0  0  0  0  0  0  0
   -6.8968   -5.1269   51.1819 O   0  0  0  0  0  0  0  0  0  0  0  0
   -7.8378   -9.0308   51.8516 H   0  0  0  0  0  0  0  0  0  0  0  0
   -8.3044   -4.9294   55.9516 H   0  0  0  0  0  0  0  0  0  0  0  0
   -9.8661   -7.9670   58.5317 H   0  0  0  0  0  0  0  0  0  0  0  0
  -11.4569  -10.3212   58.8177 H   0  0  0  0  0  0  0  0  0  0  0  0
   -9.7109  -10.6919   59.2671 H   0  0  0  0  0  0  0  0  0  0  0  0
  -11.0143  -10.2707   61.1121 H   0  0  0  0  0  0  0  0  0  0  0  0
   -9.7347   -8.9669   60.7515 H   0  0  0  0  0  0  0  0  0  0  0  0
  -12.8520   -8.4672   60.4851 H   0  0  0  0  0  0  0  0  0  0  0  0
  -12.3018   -6.1852   61.1901 H   0  0  0  0  0  0  0  0  0  0  0  0
  -10.4548   -6.6420   61.2895 H   0  0  0  0  0  0  0  0  0  0  0  0
   -6.7499   -8.0911   49.8085 H   0  0  0  0  0  0  0  0  0  0  0  0
   -5.7391   -5.9959   48.2840 H   0  0  0  0  0  0  0  0  0  0  0  0
   -6.1821   -3.8081   49.6270 H   0  0  0  0  0  0  0  0  0  0  0  0
  1  2  2  0
  2  3  1  0
  3  4  2  0
  4  5  1  0
  5  6  1  0
  6  7  2  0
  7  8  1  0
  8  9  1  0
  9  1  1  0
  9  5  2  0
 10 11  2  0
 10 12  1  0
 12 13  1  0
 13 14  1  0
 14 15  1  0
 15 16  2  0
  6 10  1  0
 17 18  2  0
 18 19  1  0
 19 20  2  0
 20 21  1  0
 21 17  1  0
  2 17  1  0
  3 22  1  0
  8 23  1  0
 12 24  1  0
 13 25  1  0
 13 26  1  0
 14 27  1  0
 14 28  1  0
 15 29  1  0
 16 30  1  0
 16 31  1  0
 18 32  1  0
 19 33  1  0
 20 34  1  0
M  END
"
3bz3_Lingo3DMolv2_504139,3bz3,"3bz3_Lingo3DMolv2_504139
     RDKit          3D

 52 55  0  0  0  0  0  0  0  0999 V2000
   14.2463    4.2514    6.7918 N   0  0  0  0  0  0  0  0  0  0  0  0
   13.8463    5.3514    7.5918 C   0  0  0  0  0  0  0  0  0  0  0  0
   12.5463    5.8514    7.5918 C   0  0  0  0  0  0  0  0  0  0  0  0
   11.6463    5.1514    6.7918 C   0  0  0  0  0  0  0  0  0  0  0  0
   11.9463    4.0514    6.0918 N   0  0  0  0  0  0  0  0  0  0  0  0
   13.2463    3.5514    6.1918 C   0  0  0  0  0  0  0  0  0  0  0  0
   13.6463    2.4514    5.4918 N   0  0  0  0  0  0  0  0  0  0  0  0
   12.9463    1.5514    4.5918 C   0  0  0  0  0  0  0  0  0  0  0  0
   11.6463    1.2514    4.6918 C   0  0  0  0  0  0  0  0  0  0  0  0
   11.0463    0.3514    3.7918 C   0  0  0  0  0  0  0  0  0  0  0  0
   11.8463   -0.2486    2.7918 C   0  0  0  0  0  0  0  0  0  0  0  0
   13.1463    0.0514    2.6918 C   0  0  0  0  0  0  0  0  0  0  0  0
   13.7463    0.8514    3.5918 C   0  0  0  0  0  0  0  0  0  0  0  0
   13.6463   -0.7486    1.5918 C   0  0  0  0  0  0  0  0  0  0  0  0
   12.4463   -1.5486    1.0918 C   0  0  0  0  0  0  0  0  0  0  0  0
   12.4463   -2.3486    0.1918 O   0  0  0  0  0  0  0  0  0  0  0  0
   11.4463   -1.1486    1.8918 N   0  0  0  0  0  0  0  0  0  0  0  0
   10.1463   -1.6486    1.6918 C   0  0  0  0  0  0  0  0  0  0  0  0
   10.3463    5.5514    6.7918 N   0  0  0  0  0  0  0  0  0  0  0  0
    9.2463    4.7514    6.0918 C   0  0  1  0  0  0  0  0  0  0  0  0
    8.9463    3.4514    6.5918 C   0  0  0  0  0  0  0  0  0  0  0  0
    7.9463    4.5514    6.6918 C   0  0  2  0  0  0  0  0  0  0  0  0
    6.7463    4.4514    5.8918 N   0  0  0  0  0  0  0  0  0  0  0  0
    6.0463    5.6514    5.5918 C   0  0  0  0  0  0  0  0  0  0  0  0
    5.8463    3.3514    6.1918 C   0  0  0  0  0  0  0  0  0  0  0  0
    4.6463    3.3514    5.3918 C   0  0  0  0  0  0  0  0  0  0  0  0
    6.0463    2.5514    6.9918 O   0  0  0  0  0  0  0  0  0  0  0  0
   12.2463    7.0514    8.4918 C   0  0  0  0  0  0  0  0  0  0  0  0
   13.2463    7.3514    9.1918 F   0  0  0  0  0  0  0  0  0  0  0  0
   11.8463    8.0514    7.6918 F   0  0  0  0  0  0  0  0  0  0  0  0
   14.5946    5.8305    8.2402 H   0  0  0  0  0  0  0  0  0  0  0  0
   14.6388    2.2120    5.6279 H   0  0  0  0  0  0  0  0  0  0  0  0
   11.0405    1.7129    5.4855 H   0  0  0  0  0  0  0  0  0  0  0  0
    9.9737    0.1186    3.8647 H   0  0  0  0  0  0  0  0  0  0  0  0
   14.8389    0.9778    3.5739 H   0  0  0  0  0  0  0  0  0  0  0  0
   14.0373   -0.1018    0.7925 H   0  0  0  0  0  0  0  0  0  0  0  0
   14.4719   -1.4041    1.9058 H   0  0  0  0  0  0  0  0  0  0  0  0
    9.6700   -1.8318    2.6662 H   0  0  0  0  0  0  0  0  0  0  0  0
    9.5539   -0.9141    1.1264 H   0  0  0  0  0  0  0  0  0  0  0  0
   10.1988   -2.5907    1.1264 H   0  0  0  0  0  0  0  0  0  0  0  0
   10.0939    6.4227    7.2797 H   0  0  0  0  0  0  0  0  0  0  0  0
    9.5558    5.1695    5.1225 H   0  0  0  0  0  0  0  0  0  0  0  0
    8.7805    2.6169    5.8945 H   0  0  0  0  0  0  0  0  0  0  0  0
    9.4204    2.7596    7.3035 H   0  0  0  0  0  0  0  0  0  0  0  0
    7.3800    5.0632    7.4838 H   0  0  0  0  0  0  0  0  0  0  0  0
    5.7554    6.1501    6.5281 H   0  0  0  0  0  0  0  0  0  0  0  0
    6.6967    6.3190    5.0075 H   0  0  0  0  0  0  0  0  0  0  0  0
    5.1451    5.4139    5.0075 H   0  0  0  0  0  0  0  0  0  0  0  0
    4.3412    2.3143    5.1884 H   0  0  0  0  0  0  0  0  0  0  0  0
    3.8430    3.8700    5.9357 H   0  0  0  0  0  0  0  0  0  0  0  0
    4.8394    3.8700    4.4411 H   0  0  0  0  0  0  0  0  0  0  0  0
   11.4487    6.8219    9.2137 H   0  0  0  0  0  0  0  0  0  0  0  0
  1  2  2  0
  2  3  1  0
  3  4  2  0
  4  5  1  0
  5  6  2  0
  6  1  1  0
  6  7  1  0
  8  9  2  0
  9 10  1  0
 10 11  2  0
 11 12  1  0
 12 13  2  0
 12 14  1  0
 14 15  1  0
 15 16  2  0
 15 17  1  0
 13  8  1  0
 17 11  1  0
  7  8  1  0
 17 18  1  0
  4 19  1  0
 20 21  1  0
 21 22  1  0
 22 20  1  0
 19 20  1  0
 23 24  1  0
 23 25  1  0
 25 26  1  0
 25 27  2  0
 22 23  1  0
 28 29  1  0
 28 30  1  0
  3 28  1  0
  2 31  1  0
  7 32  1  0
  9 33  1  0
 10 34  1  0
 13 35  1  0
 14 36  1  0
 14 37  1  0
 18 38  1  0
 18 39  1  0
 18 40  1  0
 19 41  1  0
 20 42  1  6
 21 43  1  0
 21 44  1  0
 22 45  1  1
 24 46  1  0
 24 47  1  0
 24 48  1  0
 26 49  1  0
 26 50  1  0
 26 51  1  0
 28 52  1  0
M  END
"
1d3g_Lingo3DMolv2_1066548,1d3g,"1d3g_Lingo3DMolv2_1066548
     RDKit          3D

 56 61  0  0  0  0  0  0  0  0999 V2000
   47.6344   41.5703   -6.0797 O   0  0  0  0  0  0  0  0  0  0  0  0
   48.4344   41.3703   -5.0797 C   0  0  0  0  0  0  0  0  0  0  0  0
   49.6344   42.2703   -4.6797 C   0  0  0  0  0  0  0  0  0  0  0  0
   50.0344   41.8703   -3.4797 C   0  0  0  0  0  0  0  0  0  0  0  0
   51.0344   42.4703   -2.7797 N   0  0  0  0  0  0  0  0  0  0  0  0
   51.6344   43.5703   -3.3797 C   0  0  0  0  0  0  0  0  0  0  0  0
   51.1344   44.0703   -4.5797 C   0  0  0  0  0  0  0  0  0  0  0  0
   50.1344   43.3703   -5.3797 C   0  0  0  0  0  0  0  0  0  0  0  0
   49.8344   43.7703   -6.5797 O   0  0  0  0  0  0  0  0  0  0  0  0
   49.1344   40.7703   -2.9797 C   0  0  0  0  0  0  0  0  0  0  0  0
   48.9344   40.0703   -1.6797 C   0  0  0  0  0  0  0  0  0  0  0  0
   47.8344   39.1703   -1.5797 C   0  0  0  0  0  0  0  0  0  0  0  0
   46.9344   38.9703   -2.6797 C   0  0  0  0  0  0  0  0  0  0  0  0
   47.1344   39.6703   -3.8797 N   0  0  0  0  0  0  0  0  0  0  0  0
   48.1344   40.5703   -3.9797 C   0  0  0  0  0  0  0  0  0  0  0  0
   52.5344   44.4703   -2.6797 C   0  0  0  0  0  0  0  0  0  0  0  0
   53.8344   44.6703   -3.0797 C   0  0  0  0  0  0  0  0  0  0  0  0
   54.6344   45.6703   -2.4797 C   0  0  0  0  0  0  0  0  0  0  0  0
   54.0344   46.5703   -1.4797 C   0  0  0  0  0  0  0  0  0  0  0  0
   52.7344   46.3703   -1.0797 O   0  0  0  0  0  0  0  0  0  0  0  0
   51.9344   45.3703   -1.6797 C   0  0  0  0  0  0  0  0  0  0  0  0
   50.9344   45.1703   -1.0797 O   0  0  0  0  0  0  0  0  0  0  0  0
   54.7344   47.5703   -0.8797 N   0  0  0  0  0  0  0  0  0  0  0  0
   55.9344   48.1703   -1.4797 C   0  0  0  0  0  0  0  0  0  0  0  0
   56.5344   49.0703   -0.9797 O   0  0  0  0  0  0  0  0  0  0  0  0
   56.2344   47.5703   -2.6797 N   0  0  0  0  0  0  0  0  0  0  0  0
   55.9344   46.1703   -3.0797 C   0  0  0  0  0  0  0  0  0  0  0  0
   57.3344   48.2703   -3.4797 C   0  0  0  0  0  0  0  0  0  0  0  0
   56.9344   49.5703   -3.8797 C   0  0  0  0  0  0  0  0  0  0  0  0
   57.5344   47.7703   -4.8797 C   0  0  0  0  0  0  0  0  0  0  0  0
   54.7344   47.6703    0.5203 C   0  0  0  0  0  0  0  0  0  0  0  0
   53.3344   47.7703    1.0203 C   0  0  0  0  0  0  0  0  0  0  0  0
   52.5344   46.5703    1.0203 C   0  0  0  0  0  0  0  0  0  0  0  0
   53.0344   47.1703    2.3203 C   0  0  0  0  0  0  0  0  0  0  0  0
   54.5344   43.7703   -3.7797 O   0  0  0  0  0  1  0  0  0  0  0  0
   51.3308   42.1276   -1.8547 H   0  0  0  0  0  0  0  0  0  0  0  0
   51.5110   45.0384   -4.9415 H   0  0  0  0  0  0  0  0  0  0  0  0
   49.6105   40.2419   -0.8292 H   0  0  0  0  0  0  0  0  0  0  0  0
   47.6719   38.6185   -0.6421 H   0  0  0  0  0  0  0  0  0  0  0  0
   46.0909   38.2709   -2.5826 H   0  0  0  0  0  0  0  0  0  0  0  0
   55.8600   46.1232   -4.1762 H   0  0  0  0  0  0  0  0  0  0  0  0
   56.7474   45.5303   -2.7063 H   0  0  0  0  0  0  0  0  0  0  0  0
   58.1888   48.1463   -2.7980 H   0  0  0  0  0  0  0  0  0  0  0  0
   56.7449   50.1862   -2.9882 H   0  0  0  0  0  0  0  0  0  0  0  0
   57.7324   50.0308   -4.4806 H   0  0  0  0  0  0  0  0  0  0  0  0
   56.0156   49.5026   -4.4806 H   0  0  0  0  0  0  0  0  0  0  0  0
   57.9428   46.7494   -4.8496 H   0  0  0  0  0  0  0  0  0  0  0  0
   56.5696   47.7639   -5.4081 H   0  0  0  0  0  0  0  0  0  0  0  0
   58.2375   48.4310   -5.4081 H   0  0  0  0  0  0  0  0  0  0  0  0
   55.2125   46.7777    0.9500 H   0  0  0  0  0  0  0  0  0  0  0  0
   55.2916   48.5703    0.8196 H   0  0  0  0  0  0  0  0  0  0  0  0
   53.1963   48.7756    0.5956 H   0  0  0  0  0  0  0  0  0  0  0  0
   51.4657   46.6191    0.7646 H   0  0  0  0  0  0  0  0  0  0  0  0
   52.6020   45.5848    0.5363 H   0  0  0  0  0  0  0  0  0  0  0  0
   52.3338   47.6622    3.0111 H   0  0  0  0  0  0  0  0  0  0  0  0
   53.6205   46.8149    3.1807 H   0  0  0  0  0  0  0  0  0  0  0  0
  1  2  2  0
  2  3  1  0
  3  4  2  0
  4  5  1  0
  5  6  1  0
  6  7  2  0
  7  8  1  0
  8  9  2  0
  4 10  1  0
 10 11  2  0
 11 12  1  0
 12 13  2  0
 13 14  1  0
 14 15  2  0
 15  2  1  0
  8  3  1  0
 15 10  1  0
 16 17  2  0
 17 18  1  0
 18 19  2  0
 19 20  1  0
 20 21  1  0
 21 22  2  0
 19 23  1  0
 23 24  1  0
 24 25  2  0
 24 26  1  0
 26 27  1  0
 21 16  1  0
 27 18  1  0
  6 16  1  0
 28 29  1  0
 28 30  1  0
 26 28  1  0
 23 31  1  0
 32 33  1  0
 33 34  1  0
 34 32  1  0
 31 32  1  0
 17 35  1  0
  5 36  1  0
  7 37  1  0
 11 38  1  0
 12 39  1  0
 13 40  1  0
 27 41  1  0
 27 42  1  0
 28 43  1  0
 29 44  1  0
 29 45  1  0
 29 46  1  0
 30 47  1  0
 30 48  1  0
 30 49  1  0
 31 50  1  0
 31 51  1  0
 32 52  1  0
 33 53  1  0
 33 54  1  0
 34 55  1  0
 34 56  1  0
M  CHG  1  35  -1
M  END
"
1b9v_Lingo3DMolv2_1290570,1b9v,"1b9v_Lingo3DMolv2_1290570
     RDKit          3D

 42 42  0  0  0  0  0  0  0  0999 V2000
   32.4875  -13.0909   66.5233 O   0  0  0  0  0  0  0  0  0  0  0  0
   33.0874  -11.9909   66.4233 C   0  0  0  0  0  0  0  0  0  0  0  0
   33.9875  -11.5909   67.1233 O   0  0  0  0  0  1  0  0  0  0  0  0
   32.4875  -10.9909   65.3233 C   0  0  0  0  0  0  0  0  0  0  0  0
   31.3875  -11.2909   64.6233 C   0  0  0  0  0  0  0  0  0  0  0  0
   30.6874  -10.3909   63.6233 C   0  0  2  0  0  0  0  0  0  0  0  0
   31.5875   -9.0909   63.2233 C   0  0  2  0  0  0  0  0  0  0  0  0
   32.5874   -8.6909   64.4233 C   0  0  1  0  0  0  0  0  0  0  0  0
   33.3875   -9.8909   64.9233 N   0  0  0  0  0  0  0  0  0  0  0  0
   33.6874   -7.6909   63.9233 N   0  0  0  0  0  4  0  0  0  0  0  0
   30.7874   -8.0909   62.6233 N   0  0  0  0  0  0  0  0  0  0  0  0
   31.0875   -6.6909   62.6233 C   0  0  0  0  0  0  0  0  0  0  0  0
   31.8875   -6.1909   61.4233 C   0  0  0  0  0  0  0  0  0  0  0  0
   30.6874   -5.9909   63.4233 O   0  0  0  0  0  0  0  0  0  0  0  0
   29.1874  -10.1909   64.0233 C   0  0  2  0  0  0  0  0  0  0  0  0
   28.9874   -9.4909   65.3233 N   0  0  0  0  0  0  0  0  0  0  0  0
   29.2874   -8.1909   65.6233 C   0  0  0  0  0  0  0  0  0  0  0  0
   28.9874   -7.7909   67.1233 C   0  0  0  0  0  0  0  0  0  0  0  0
   29.7874   -7.3909   64.8233 O   0  0  0  0  0  0  0  0  0  0  0  0
   28.3875  -11.4909   64.1233 C   0  0  0  0  0  0  0  0  0  0  0  0
   28.3875  -12.1909   63.0233 O   0  0  0  0  0  0  0  0  0  0  0  0
   28.7874  -12.1909   65.3233 O   0  0  0  0  0  0  0  0  0  0  0  0
   30.9486  -12.2859   64.7890 H   0  0  0  0  0  0  0  0  0  0  0  0
   30.6066  -10.8775   62.6401 H   0  0  0  0  0  0  0  0  0  0  0  0
   32.2986   -9.3170   62.4151 H   0  0  0  0  0  0  0  0  0  0  0  0
   31.9422   -8.2681   65.2074 H   0  0  0  0  0  0  0  0  0  0  0  0
   34.4155   -9.9282   64.9747 H   0  0  0  0  0  0  0  0  0  0  0  0
   34.1573   -7.2638   64.7343 H   0  0  0  0  0  0  0  0  0  0  0  0
   34.3794   -8.1984   63.3537 H   0  0  0  0  0  0  0  0  0  0  0  0
   33.2480   -6.9539   63.3537 H   0  0  0  0  0  0  0  0  0  0  0  0
   29.9235   -8.3926   62.1505 H   0  0  0  0  0  0  0  0  0  0  0  0
   32.7710   -5.6387   61.7760 H   0  0  0  0  0  0  0  0  0  0  0  0
   32.2099   -7.0485   60.8146 H   0  0  0  0  0  0  0  0  0  0  0  0
   31.2579   -5.5253   60.8146 H   0  0  0  0  0  0  0  0  0  0  0  0
   28.8204   -9.5719   63.1915 H   0  0  0  0  0  0  0  0  0  0  0  0
   28.5758  -10.0507   66.0837 H   0  0  0  0  0  0  0  0  0  0  0  0
   29.5082   -8.4853   67.7991 H   0  0  0  0  0  0  0  0  0  0  0  0
   29.3412   -6.7657   67.3072 H   0  0  0  0  0  0  0  0  0  0  0  0
   27.9042   -7.8435   67.3072 H   0  0  0  0  0  0  0  0  0  0  0  0
   27.3168  -11.2617   64.2291 H   0  0  0  0  0  0  0  0  0  0  0  0
   29.3208  -12.3681   62.7449 H   0  0  0  0  0  0  0  0  0  0  0  0
   28.4944  -11.6780   66.1178 H   0  0  0  0  0  0  0  0  0  0  0  0
  1  2  2  0
  2  3  1  0
  4  5  2  0
  5  6  1  0
  6  7  1  0
  7  8  1  0
  8  9  1  0
  9  4  1  0
  2  4  1  0
  8 10  1  0
 11 12  1  0
 12 13  1  0
 12 14  2  0
  7 11  1  0
 15 16  1  0
 16 17  1  0
 17 18  1  0
 17 19  2  0
 15 20  1  0
 20 21  1  0
 20 22  1  0
  6 15  1  0
  5 23  1  0
  6 24  1  6
  7 25  1  6
  8 26  1  1
  9 27  1  0
 10 28  1  0
 10 29  1  0
 10 30  1  0
 11 31  1  0
 13 32  1  0
 13 33  1  0
 13 34  1  0
 15 35  1  6
 16 36  1  0
 18 37  1  0
 18 38  1  0
 18 39  1  0
 20 40  1  0
 21 41  1  0
 22 42  1  0
M  CHG  2   3  -1  10   1
M  END
"
3kgc_Lingo3DMolv2_608832,3kgc,"3kgc_Lingo3DMolv2_608832
     RDKit          3D

 23 22  0  0  0  0  0  0  0  0999 V2000
   13.4547   49.8805   -3.1402 O   0  0  0  0  0  0  0  0  0  0  0  0
   14.0547   51.1805   -3.5402 C   0  0  2  0  0  0  0  0  0  0  0  0
   15.3547   50.8805   -4.2402 C   0  0  0  0  0  0  0  0  0  0  0  0
   15.2547   49.9805   -5.3402 O   0  0  0  0  0  0  0  0  0  0  0  0
   14.3547   51.9805   -2.3402 C   0  0  0  0  0  0  0  0  0  0  0  0
   12.9547   51.8805   -4.5402 C   0  0  2  0  0  0  0  0  0  0  0  0
   12.6547   51.0805   -5.8402 C   0  0  0  0  0  0  0  0  0  0  0  0
   13.4547   53.2805   -5.0402 C   0  0  0  0  0  0  0  0  0  0  0  0
   13.7547   54.1805   -4.0402 O   0  0  0  0  0  0  0  0  0  0  0  0
   13.4268   49.8200   -2.1524 H   0  0  0  0  0  0  0  0  0  0  0  0
   15.7682   51.8294   -4.6126 H   0  0  0  0  0  0  0  0  0  0  0  0
   15.9962   50.3853   -3.4964 H   0  0  0  0  0  0  0  0  0  0  0  0
   15.1520   49.0558   -5.0017 H   0  0  0  0  0  0  0  0  0  0  0  0
   14.1327   51.3886   -1.4400 H   0  0  0  0  0  0  0  0  0  0  0  0
   15.4187   52.2598   -2.3423 H   0  0  0  0  0  0  0  0  0  0  0  0
   13.7367   52.8905   -2.3423 H   0  0  0  0  0  0  0  0  0  0  0  0
   12.0489   51.9348   -3.9185 H   0  0  0  0  0  0  0  0  0  0  0  0
   12.2797   50.0805   -5.5770 H   0  0  0  0  0  0  0  0  0  0  0  0
   11.8952   51.6130   -6.4314 H   0  0  0  0  0  0  0  0  0  0  0  0
   13.5771   50.9823   -6.4314 H   0  0  0  0  0  0  0  0  0  0  0  0
   14.3617   53.1243   -5.6427 H   0  0  0  0  0  0  0  0  0  0  0  0
   12.6231   53.7193   -5.6110 H   0  0  0  0  0  0  0  0  0  0  0  0
   13.6124   53.7536   -3.1584 H   0  0  0  0  0  0  0  0  0  0  0  0
  2  1  1  1
  2  3  1  0
  3  4  1  0
  2  5  1  0
  2  6  1  0
  6  7  1  0
  6  8  1  0
  8  9  1  0
  1 10  1  0
  3 11  1  0
  3 12  1  0
  4 13  1  0
  5 14  1  0
  5 15  1  0
  5 16  1  0
  6 17  1  1
  7 18  1  0
  7 19  1  0
  7 20  1  0
  8 21  1  0
  8 22  1  0
  9 23  1  0
M  END
"
2i78_Lingo3DMolv2_767539,2i78,"2i78_Lingo3DMolv2_767539
     RDKit          3D

 17 17  0  0  0  0  0  0  0  0999 V2000
  -16.7235   -4.8741   59.7784 N   0  0  0  0  0  0  0  0  0  0  0  0
  -17.9235   -4.9741   59.2784 C   0  0  0  0  0  0  0  0  0  0  0  0
  -18.9235   -5.8741   59.8784 C   0  0  0  0  0  0  0  0  0  0  0  0
  -18.5235   -6.6741   60.9784 C   0  0  0  0  0  0  0  0  0  0  0  0
  -17.2235   -6.5741   61.4784 C   0  0  0  0  0  0  0  0  0  0  0  0
  -16.3235   -5.7741   60.8784 C   0  0  0  0  0  0  0  0  0  0  0  0
  -15.0235   -5.6741   61.2784 N   0  0  0  0  0  0  0  0  0  0  0  0
  -19.5235   -7.4741   61.5784 O   0  0  0  0  0  0  0  0  0  0  0  0
  -19.2235   -8.2741   62.6784 C   0  0  0  0  0  0  0  0  0  0  0  0
  -18.1934   -4.3771   58.3948 H   0  0  0  0  0  0  0  0  0  0  0  0
  -19.9495   -5.9239   59.4849 H   0  0  0  0  0  0  0  0  0  0  0  0
  -16.9337   -7.1527   62.3679 H   0  0  0  0  0  0  0  0  0  0  0  0
  -14.3785   -5.0441   60.7805 H   0  0  0  0  0  0  0  0  0  0  0  0
  -14.6867   -6.2285   62.0785 H   0  0  0  0  0  0  0  0  0  0  0  0
  -19.4321   -7.7178   63.6042 H   0  0  0  0  0  0  0  0  0  0  0  0
  -19.8417   -9.1835   62.6499 H   0  0  0  0  0  0  0  0  0  0  0  0
  -18.1598   -8.5527   62.6499 H   0  0  0  0  0  0  0  0  0  0  0  0
  1  2  2  0
  2  3  1  0
  3  4  2  0
  4  5  1  0
  5  6  2  0
  6  1  1  0
  6  7  1  0
  8  9  1  0
  4  8  1  0
  2 10  1  0
  3 11  1  0
  5 12  1  0
  7 13  1  0
  7 14  1  0
  9 15  1  0
  9 16  1  0
  9 17  1  0
M  END
"
3lan_Lingo3DMolv2_515528,3lan,"3lan_Lingo3DMolv2_515528
     RDKit          3D

 34 35  0  0  0  0  0  0  0  0999 V2000
   10.6853   12.5400   14.2445 N   0  0  0  0  0  0  0  0  0  0  0  0
   11.3853   13.6400   13.5445 C   0  0  0  0  0  0  0  0  0  0  0  0
   11.7853   14.5400   14.7445 C   0  0  0  0  0  0  0  0  0  0  0  0
   12.3853   15.5400   14.6445 O   0  0  0  0  0  0  0  0  0  0  0  0
   11.3853   13.9400   15.8445 N   0  0  0  0  0  0  0  0  0  0  0  0
   10.6853   12.7400   15.6445 C   0  0  2  0  0  0  0  0  0  0  0  0
   11.1853   11.4400   16.4445 C   0  0  0  0  0  0  0  0  0  0  0  0
   10.0853   11.7400   17.4445 C   0  0  2  0  0  0  0  0  0  0  0  0
    9.2853   12.5400   16.2445 C   0  0  0  0  0  0  0  0  0  0  0  0
   10.4853   12.5400   18.6445 N   0  0  0  0  0  0  0  0  0  0  0  0
   10.8853   13.9400   18.8445 C   0  0  0  0  0  0  0  0  0  0  0  0
   11.4853   14.6400   18.0445 N   0  0  0  0  0  0  0  0  0  0  0  0
   12.1853   14.1400   17.0445 C   0  0  0  0  0  0  0  0  0  0  0  0
   12.8853   13.6400   16.2445 N   0  0  0  0  0  0  0  0  0  0  0  0
   10.3853   14.5400   20.1445 C   0  0  0  0  0  0  0  0  0  0  0  0
   10.2853   15.8400   20.0445 F   0  0  0  0  0  0  0  0  0  0  0  0
    9.1853   14.1400   20.4445 F   0  0  0  0  0  0  0  0  0  0  0  0
   11.1853   14.2400   21.1445 F   0  0  0  0  0  0  0  0  0  0  0  0
    9.2853   10.5400   17.8445 C   0  0  0  0  0  0  0  0  0  0  0  0
    9.4853   11.9400   13.6445 C   0  0  0  0  0  0  0  0  0  0  0  0
   12.2686   13.2757   12.9995 H   0  0  0  0  0  0  0  0  0  0  0  0
   10.7834   14.1467   12.7758 H   0  0  0  0  0  0  0  0  0  0  0  0
   11.5718   14.3222   16.7826 H   0  0  0  0  0  0  0  0  0  0  0  0
   11.0692   10.4905   15.9014 H   0  0  0  0  0  0  0  0  0  0  0  0
   12.2338   11.3078   16.7498 H   0  0  0  0  0  0  0  0  0  0  0  0
    8.6005   11.9231   15.6441 H   0  0  0  0  0  0  0  0  0  0  0  0
    8.5858   13.3677   16.4333 H   0  0  0  0  0  0  0  0  0  0  0  0
   10.4789   11.9922   19.5168 H   0  0  0  0  0  0  0  0  0  0  0  0
    9.2431   10.4766   18.9419 H   0  0  0  0  0  0  0  0  0  0  0  0
    8.2651   10.6289   17.4429 H   0  0  0  0  0  0  0  0  0  0  0  0
    9.7597    9.6325   17.4429 H   0  0  0  0  0  0  0  0  0  0  0  0
    8.8072   11.6009   14.4416 H   0  0  0  0  0  0  0  0  0  0  0  0
    8.9736   12.6883   13.0215 H   0  0  0  0  0  0  0  0  0  0  0  0
    9.7769   11.0816   13.0215 H   0  0  0  0  0  0  0  0  0  0  0  0
  1  2  1  0
  2  3  1  0
  3  4  2  0
  3  5  1  0
  6  5  1  6
  6  7  1  0
  7  8  1  0
  8  9  1  0
  6  1  1  0
  9  6  1  0
 10 11  1  0
 11 12  2  0
 12 13  1  0
 13 14  3  0
 11 15  1  0
 15 16  1  0
 15 17  1  0
 15 18  1  0
  8 10  1  1
  8 19  1  0
  1 20  1  0
  2 21  1  0
  2 22  1  0
  5 23  1  0
  7 24  1  0
  7 25  1  0
  9 26  1  0
  9 27  1  0
 10 28  1  0
 19 29  1  0
 19 30  1  0
 19 31  1  0
 20 32  1  0
 20 33  1  0
 20 34  1  0
M  END
"
2p2i_Lingo3DMolv2_804046,2p2i,"2p2i_Lingo3DMolv2_804046
     RDKit          3D

 48 51  0  0  0  0  0  0  0  0999 V2000
   23.7512    3.5387   28.9559 N   0  0  0  0  0  0  0  0  0  0  0  0
   23.8512    4.3387   27.8559 C   0  0  0  0  0  0  0  0  0  0  0  0
   23.4512    5.5387   27.8559 O   0  0  0  0  0  0  0  0  0  0  0  0
   24.4512    3.7387   26.8559 N   0  0  0  0  0  0  0  0  0  0  0  0
   24.0512    3.8387   25.4559 C   0  0  0  0  0  0  0  0  0  0  0  0
   22.7512    4.1387   25.0559 C   0  0  0  0  0  0  0  0  0  0  0  0
   22.4512    4.2387   23.7559 C   0  0  0  0  0  0  0  0  0  0  0  0
   23.4512    4.0387   22.7559 C   0  0  0  0  0  0  0  0  0  0  0  0
   24.7512    3.7387   23.1559 C   0  0  0  0  0  0  0  0  0  0  0  0
   25.0512    3.6387   24.5559 C   0  0  0  0  0  0  0  0  0  0  0  0
   26.6512    3.2387   24.9559 Cl  0  0  0  0  0  0  0  0  0  0  0  0
   23.7512    3.8387   30.2559 C   0  0  0  0  0  0  0  0  0  0  0  0
   24.4512    4.8387   31.0559 C   0  0  0  0  0  0  0  0  0  0  0  0
   23.9512    4.6387   32.3559 C   0  0  0  0  0  0  0  0  0  0  0  0
   23.0512    3.6387   32.4559 N   0  0  0  0  0  0  0  0  0  0  0  0
   22.9512    3.2387   31.1559 N   0  0  0  0  0  0  0  0  0  0  0  0
   22.1512    2.0387   30.9559 C   0  0  0  0  0  0  0  0  0  0  0  0
   24.3512    5.3387   33.4559 O   0  0  0  0  0  0  0  0  0  0  0  0
   23.8512    5.0387   34.6559 N   0  0  0  0  0  0  0  0  0  0  0  0
   22.4512    5.4387   34.9559 C   0  0  0  0  0  0  0  0  0  0  0  0
   22.0512    4.6387   36.1559 C   0  0  0  0  0  0  0  0  0  0  0  0
   22.8512    3.4387   36.0559 C   0  0  1  0  0  0  0  0  0  0  0  0
   22.2512    2.2387   35.4559 C   0  0  0  0  0  0  0  0  0  0  0  0
   23.3512    1.5387   34.7559 C   0  0  0  0  0  0  0  0  0  0  0  0
   24.2512    2.6387   34.1559 C   0  0  0  0  0  0  0  0  0  0  0  0
   24.2512    3.8387   35.2559 C   0  0  1  0  0  0  0  0  0  0  0  0
   25.2512    5.7387   30.6559 F   0  0  0  0  0  0  0  0  0  0  0  0
   23.6604    2.5340   28.7481 H   0  0  0  0  0  0  0  0  0  0  0  0
   25.2682    3.1513   27.0757 H   0  0  0  0  0  0  0  0  0  0  0  0
   21.9677    4.2941   25.8122 H   0  0  0  0  0  0  0  0  0  0  0  0
   21.4210    4.4781   23.4533 H   0  0  0  0  0  0  0  0  0  0  0  0
   23.1990    4.1202   21.6883 H   0  0  0  0  0  0  0  0  0  0  0  0
   25.5402    3.5800   22.4062 H   0  0  0  0  0  0  0  0  0  0  0  0
   21.8707    1.6180   31.9328 H   0  0  0  0  0  0  0  0  0  0  0  0
   21.2419    2.2940   30.3919 H   0  0  0  0  0  0  0  0  0  0  0  0
   22.7365    1.2976   30.3919 H   0  0  0  0  0  0  0  0  0  0  0  0
   22.3986    6.5150   35.1772 H   0  0  0  0  0  0  0  0  0  0  0  0
   21.7832    5.2524   34.1020 H   0  0  0  0  0  0  0  0  0  0  0  0
   22.2783    5.1844   37.0836 H   0  0  0  0  0  0  0  0  0  0  0  0
   20.9719    4.4280   36.1849 H   0  0  0  0  0  0  0  0  0  0  0  0
   23.0020    3.1162   37.0967 H   0  0  0  0  0  0  0  0  0  0  0  0
   21.8239    1.5935   36.2377 H   0  0  0  0  0  0  0  0  0  0  0  0
   21.4353    2.4987   34.7654 H   0  0  0  0  0  0  0  0  0  0  0  0
   23.9235    0.9232   35.4655 H   0  0  0  0  0  0  0  0  0  0  0  0
   22.9650    0.8675   33.9747 H   0  0  0  0  0  0  0  0  0  0  0  0
   25.2717    2.2592   33.9994 H   0  0  0  0  0  0  0  0  0  0  0  0
   23.8854    2.9797   33.1762 H   0  0  0  0  0  0  0  0  0  0  0  0
   25.2100    3.9414   35.7851 H   0  0  0  0  0  0  0  0  0  0  0  0
  1  2  1  0
  2  3  2  0
  2  4  1  0
  5  6  2  0
  6  7  1  0
  7  8  2  0
  8  9  1  0
  9 10  2  0
 10  5  1  0
  4  5  1  0
 10 11  1  0
 12 13  2  0
 13 14  1  0
 14 15  2  0
 15 16  1  0
 16 12  1  0
  1 12  1  0
 16 17  1  0
 14 18  1  0
 19 20  1  0
 20 21  1  0
 21 22  1  0
 22 23  1  0
 23 24  1  0
 24 25  1  0
 26 25  1  0
 26 19  1  0
 26 22  1  0
 18 19  1  0
 13 27  1  0
  1 28  1  0
  4 29  1  0
  6 30  1  0
  7 31  1  0
  8 32  1  0
  9 33  1  0
 17 34  1  0
 17 35  1  0
 17 36  1  0
 20 37  1  0
 20 38  1  0
 21 39  1  0
 21 40  1  0
 22 41  1  1
 23 42  1  0
 23 43  1  0
 24 44  1  0
 24 45  1  0
 25 46  1  0
 25 47  1  0
 26 48  1  1
M  END
"
3m2w_Lingo3DMolv2_829230,3m2w,"3m2w_Lingo3DMolv2_829230
     RDKit          3D

 45 49  0  0  0  0  0  0  0  0999 V2000
   39.5297    6.1712   12.9712 N   0  0  0  0  0  0  0  0  0  0  0  0
   40.4297    6.8712   13.7712 C   0  0  0  0  0  0  0  0  0  0  0  0
   40.3297    7.1712   15.0712 N   0  0  0  0  0  0  0  0  0  0  0  0
   39.2297    6.7712   15.6712 C   0  0  0  0  0  0  0  0  0  0  0  0
   38.2297    6.0712   14.9712 C   0  0  0  0  0  0  0  0  0  0  0  0
   37.0297    5.5712   15.3712 N   0  0  0  0  0  0  0  0  0  0  0  0
   36.5297    5.0712   14.2712 C   0  0  0  0  0  0  0  0  0  0  0  0
   37.3297    5.2712   13.1712 C   0  0  0  0  0  0  0  0  0  0  0  0
   38.4297    5.8712   13.6712 N   0  0  0  0  0  0  0  0  0  0  0  0
   37.2297    4.9712   11.8712 O   0  0  0  0  0  0  0  0  0  0  0  0
   36.0297    4.3712   11.3712 C   0  0  0  0  0  0  0  0  0  0  0  0
   39.2297    7.0712   17.1712 C   0  0  0  0  0  0  0  0  0  0  0  0
   38.5297    6.5712   18.0712 C   0  0  0  0  0  0  0  0  0  0  0  0
   38.8297    7.1712   19.3712 C   0  0  0  0  0  0  0  0  0  0  0  0
   38.3297    6.9712   20.5712 C   0  0  0  0  0  0  0  0  0  0  0  0
   38.7297    7.6712   21.6712 N   0  0  0  0  0  0  0  0  0  0  0  0
   37.9297    8.6712   22.3712 C   0  0  0  0  0  0  0  0  0  0  0  0
   39.9297    8.0712   19.0712 C   0  0  0  0  0  0  0  0  0  0  0  0
   40.6297    8.7712   19.7712 O   0  0  0  0  0  0  0  0  0  0  0  0
   40.1297    7.9712   17.6712 N   0  0  0  0  0  0  0  0  0  0  0  0
   37.2297    5.8712   20.7712 C   0  0  0  0  0  0  0  0  0  0  0  0
   35.9297    6.2712   21.3712 C   0  0  0  0  0  0  0  0  0  0  0  0
   35.0297    5.2712   21.5712 C   0  0  0  0  0  0  0  0  0  0  0  0
   35.3297    3.9712   21.2712 C   0  0  0  0  0  0  0  0  0  0  0  0
   36.6297    3.5712   20.7712 C   0  0  0  0  0  0  0  0  0  0  0  0
   37.5297    4.5712   20.5712 C   0  0  0  0  0  0  0  0  0  0  0  0
   36.6297    2.2712   20.5712 O   0  0  0  0  0  0  0  0  0  0  0  0
   35.4297    1.7712   21.1712 C   0  0  0  0  0  0  0  0  0  0  0  0
   34.6297    2.8712   21.3712 O   0  0  0  0  0  0  0  0  0  0  0  0
   41.3424    7.2236   13.2682 H   0  0  0  0  0  0  0  0  0  0  0  0
   35.5655    4.5434   14.2301 H   0  0  0  0  0  0  0  0  0  0  0  0
   35.3985    4.0556   12.2149 H   0  0  0  0  0  0  0  0  0  0  0  0
   35.4827    5.1018   10.7572 H   0  0  0  0  0  0  0  0  0  0  0  0
   36.2861    3.4952   10.7572 H   0  0  0  0  0  0  0  0  0  0  0  0
   37.7823    5.7805   17.9097 H   0  0  0  0  0  0  0  0  0  0  0  0
   39.6729    7.4785   22.0376 H   0  0  0  0  0  0  0  0  0  0  0  0
   38.0395    8.5340   23.4571 H   0  0  0  0  0  0  0  0  0  0  0  0
   38.2747    9.6777   22.0920 H   0  0  0  0  0  0  0  0  0  0  0  0
   36.8720    8.5556   22.0920 H   0  0  0  0  0  0  0  0  0  0  0  0
   40.8328    8.4881   17.1241 H   0  0  0  0  0  0  0  0  0  0  0  0
   35.7085    7.3152   21.6379 H   0  0  0  0  0  0  0  0  0  0  0  0
   34.0390    5.5134   21.9832 H   0  0  0  0  0  0  0  0  0  0  0  0
   38.5431    4.3094   20.2327 H   0  0  0  0  0  0  0  0  0  0  0  0
   34.9351    1.0537   20.5000 H   0  0  0  0  0  0  0  0  0  0  0  0
   35.6359    1.2415   22.1129 H   0  0  0  0  0  0  0  0  0  0  0  0
  1  2  2  0
  2  3  1  0
  3  4  2  0
  4  5  1  0
  5  6  2  0
  6  7  1  0
  7  8  2  0
  8  9  1  0
  9  1  1  0
  9  5  1  0
 10 11  1  0
  8 10  1  0
 12 13  2  0
 13 14  1  0
 14 15  2  0
 15 16  1  0
 16 17  1  0
 14 18  1  0
 18 19  2  0
 18 20  1  0
 20 12  1  0
  4 12  1  0
 21 22  2  0
 22 23  1  0
 23 24  2  0
 24 25  1  0
 25 26  2  0
 25 27  1  0
 27 28  1  0
 28 29  1  0
 26 21  1  0
 29 24  1  0
 15 21  1  0
  2 30  1  0
  7 31  1  0
 11 32  1  0
 11 33  1  0
 11 34  1  0
 13 35  1  0
 16 36  1  0
 17 37  1  0
 17 38  1  0
 17 39  1  0
 20 40  1  0
 22 41  1  0
 23 42  1  0
 26 43  1  0
 28 44  1  0
 28 45  1  0
M  END
"
3g6z_Lingo3DMolv2_398603,3g6z,"3g6z_Lingo3DMolv2_398603
     RDKit          3D

 64 66  0  0  0  0  0  0  0  0999 V2000
    1.7964    9.8241    5.3904 F   0  0  0  0  0  0  0  0  0  0  0  0
    1.5964    8.6241    4.9904 C   0  0  0  0  0  0  0  0  0  0  0  0
    0.4964    7.9241    5.3904 N   0  0  0  0  0  0  0  0  0  0  0  0
    0.2964    6.7241    4.8904 C   0  0  0  0  0  0  0  0  0  0  0  0
    1.0964    6.1241    3.9904 C   0  0  0  0  0  0  0  0  0  0  0  0
    2.1964    6.8241    3.4904 C   0  0  0  0  0  0  0  0  0  0  0  0
    2.4964    8.1241    4.0904 C   0  0  0  0  0  0  0  0  0  0  0  0
    3.7964    9.0241    3.4904 Cl  0  0  0  0  0  0  0  0  0  0  0  0
    3.0964    6.1241    2.3904 C   0  0  0  0  0  0  0  0  0  0  0  0
    2.4964    5.4241    1.4904 O   0  0  0  0  0  0  0  0  0  0  0  0
    4.3964    6.2241    2.4904 N   0  0  0  0  0  2  0  0  0  0  0  0
    5.1964    5.7241    1.6904 C   0  0  0  0  0  0  0  0  0  0  0  0
    4.8964    5.0241    0.6904 O   0  0  0  0  0  0  0  0  0  0  0  0
    6.6964    5.9241    1.9904 C   0  0  2  0  0  0  0  0  0  0  0  0
    7.0964    4.9241    3.1904 C   0  0  0  0  0  0  0  0  0  0  0  0
    8.4964    5.2241    3.6904 N   0  0  0  0  0  0  0  0  0  0  0  0
    8.6964    6.5241    4.1904 C   0  0  0  0  0  0  0  0  0  0  0  0
    9.5964    6.9241    5.0904 N   0  0  0  0  0  4  0  0  0  0  0  0
    7.6964    7.5241    3.6904 N   0  0  0  0  0  0  0  0  0  0  0  0
    6.8964    7.2241    2.6904 C   0  0  0  0  0  0  0  0  0  0  0  0
    6.0964    8.2241    2.3904 O   0  0  0  0  0  0  0  0  0  0  0  0
    5.0964    8.5241    3.1904 C   0  0  0  0  0  0  0  0  0  0  0  0
    5.4964    9.3241    4.1904 F   0  0  0  0  0  0  0  0  0  0  0  0
    3.9964    7.7241    2.9904 F   0  0  0  0  0  0  0  0  0  0  0  0
    4.6964    9.9241    2.8904 F   0  0  0  0  0  0  0  0  0  0  0  0
    9.4964    4.2241    3.6904 C   0  0  0  0  0  0  0  0  0  0  0  0
   10.6964    4.5241    2.5904 C   0  0  0  0  0  0  0  0  0  0  0  0
   10.0964    3.9241    5.0904 C   0  0  0  0  0  0  0  0  0  0  0  0
    8.9964    2.7241    3.1904 C   0  0  0  0  0  0  0  0  0  0  0  0
    7.5964    5.6241    0.6904 C   0  0  0  0  0  0  0  0  0  0  0  0
    7.2964    6.4241   -0.5096 C   0  0  0  0  0  0  0  0  0  0  0  0
    7.9964    7.6241   -0.7096 C   0  0  0  0  0  0  0  0  0  0  0  0
    7.6964    8.4241   -1.9096 C   0  0  0  0  0  0  0  0  0  0  0  0
    6.6964    7.9241   -2.8096 C   0  0  0  0  0  0  0  0  0  0  0  0
    6.0964    6.7241   -2.6096 C   0  0  0  0  0  0  0  0  0  0  0  0
    6.3964    5.9241   -1.4096 C   0  0  0  0  0  0  0  0  0  0  0  0
   -1.0036    6.0241    5.3904 C   0  0  0  0  0  0  0  0  0  0  0  0
   -1.4036    6.2241    6.5904 O   0  0  0  0  0  0  0  0  0  0  0  0
   -1.6036    5.2241    4.4904 O   0  0  0  0  0  0  0  0  0  0  0  0
   -2.8036    4.5241    4.6904 C   0  0  0  0  0  0  0  0  0  0  0  0
    0.8872    5.0980    3.6537 H   0  0  0  0  0  0  0  0  0  0  0  0
    6.3824    5.0485    4.0180 H   0  0  0  0  0  0  0  0  0  0  0  0
    7.0674    3.8904    2.8154 H   0  0  0  0  0  0  0  0  0  0  0  0
    9.6378    7.9139    5.3725 H   0  0  0  0  0  0  0  0  0  0  0  0
   10.2497    6.2431    5.5032 H   0  0  0  0  0  0  0  0  0  0  0  0
   11.6308    4.7577    3.1217 H   0  0  0  0  0  0  0  0  0  0  0  0
   10.8457    3.6356    1.9593 H   0  0  0  0  0  0  0  0  0  0  0  0
   10.4100    5.3783    1.9593 H   0  0  0  0  0  0  0  0  0  0  0  0
    9.4015    4.2715    5.8692 H   0  0  0  0  0  0  0  0  0  0  0  0
   10.2547    2.8408    5.1970 H   0  0  0  0  0  0  0  0  0  0  0  0
   11.0580    4.4474    5.1970 H   0  0  0  0  0  0  0  0  0  0  0  0
    8.7869    2.0958    4.0687 H   0  0  0  0  0  0  0  0  0  0  0  0
    8.0832    2.8248    2.5855 H   0  0  0  0  0  0  0  0  0  0  0  0
    9.7873    2.2567    2.5855 H   0  0  0  0  0  0  0  0  0  0  0  0
    8.6469    5.8063    0.9608 H   0  0  0  0  0  0  0  0  0  0  0  0
    7.3729    4.5835    0.4127 H   0  0  0  0  0  0  0  0  0  0  0  0
    8.7531    7.9601    0.0146 H   0  0  0  0  0  0  0  0  0  0  0  0
    8.2200    9.3708   -2.1087 H   0  0  0  0  0  0  0  0  0  0  0  0
    6.4096    8.5286   -3.6827 H   0  0  0  0  0  0  0  0  0  0  0  0
    5.3782    6.3444   -3.3513 H   0  0  0  0  0  0  0  0  0  0  0  0
    5.9100    4.9517   -1.2421 H   0  0  0  0  0  0  0  0  0  0  0  0
   -2.9895    4.4157    5.7692 H   0  0  0  0  0  0  0  0  0  0  0  0
   -3.6335    5.0798    4.2294 H   0  0  0  0  0  0  0  0  0  0  0  0
   -2.7284    3.5282    4.2294 H   0  0  0  0  0  0  0  0  0  0  0  0
  2  3  2  0
  3  4  1  0
  4  5  2  0
  5  6  1  0
  6  7  2  0
  7  2  1  0
  1  2  1  0
  7  8  1  0
  9 10  2  0
  9 11  1  0
 11 12  1  0
 12 13  2  0
  6  9  1  0
 14 15  1  0
 15 16  1  0
 16 17  1  0
 17 18  2  0
 17 19  1  0
 19 20  2  0
 20 14  1  0
 12 14  1  0
 21 22  1  0
 22 23  1  0
 22 24  1  0
 22 25  1  0
 20 21  1  0
 26 27  1  0
 26 28  1  0
 26 29  1  0
 16 26  1  0
 14 30  1  6
 31 32  2  0
 32 33  1  0
 33 34  2  0
 34 35  1  0
 35 36  2  0
 36 31  1  0
 30 31  1  0
 37 38  2  0
 37 39  1  0
 39 40  1  0
  4 37  1  0
  5 41  1  0
 15 42  1  0
 15 43  1  0
 18 44  1  0
 18 45  1  0
 27 46  1  0
 27 47  1  0
 27 48  1  0
 28 49  1  0
 28 50  1  0
 28 51  1  0
 29 52  1  0
 29 53  1  0
 29 54  1  0
 30 55  1  0
 30 56  1  0
 32 57  1  0
 33 58  1  0
 34 59  1  0
 35 60  1  0
 36 61  1  0
 40 62  1  0
 40 63  1  0
 40 64  1  0
M  CHG  2  11  -1  18   1
M  END
"
2h7l_Lingo3DMolv2_607660,2h7l,"2h7l_Lingo3DMolv2_607660
     RDKit          3D

 30 33  0  0  0  0  0  0  0  0999 V2000
    9.7997   33.6730   57.6505 N   0  0  0  0  0  0  0  0  0  0  0  0
   10.0997   34.5730   58.6505 C   0  0  0  0  0  0  0  0  0  0  0  0
    8.9997   34.9730   59.3505 N   0  0  0  0  0  0  0  0  0  0  0  0
    7.8997   34.2730   58.8505 C   0  0  0  0  0  0  0  0  0  0  0  0
    6.4997   34.2730   59.1505 C   0  0  0  0  0  0  0  0  0  0  0  0
    5.6997   33.3730   58.4505 C   0  0  0  0  0  0  0  0  0  0  0  0
    6.1997   32.4730   57.5505 N   0  0  0  0  0  0  0  0  0  0  0  0
    7.4997   32.4730   57.2505 C   0  0  0  0  0  0  0  0  0  0  0  0
    8.3997   33.3730   57.8505 C   0  0  0  0  0  0  0  0  0  0  0  0
    8.9997   35.8730   60.4505 C   0  0  0  0  0  0  0  0  0  0  0  0
    7.9997   36.6730   60.6505 O   0  0  0  0  0  0  0  0  0  0  0  0
   10.0997   35.7730   61.3505 C   0  0  0  0  0  0  0  0  0  0  0  0
   10.4997   36.7730   62.1505 N   0  0  0  0  0  0  0  0  0  0  0  0
   11.5997   36.3730   62.8505 O   0  0  0  0  0  0  0  0  0  0  0  0
   11.7997   35.0730   62.4505 C   0  0  0  0  0  0  0  0  0  0  0  0
   10.8997   34.6730   61.5505 N   0  0  0  0  0  0  0  0  0  0  0  0
   12.8997   34.3730   62.9505 N   0  0  0  0  0  0  0  0  0  0  0  0
   12.9997   33.1730   63.0505 C   0  0  0  0  0  0  0  0  0  0  0  0
   14.0997   32.4730   63.4505 C   0  0  0  0  0  0  0  0  0  0  0  0
   14.0997   31.0730   63.6505 N   0  0  0  0  0  0  0  0  0  0  0  0
   12.8997   30.4730   63.4505 C   0  0  0  0  0  0  0  0  0  0  0  0
   11.7997   31.1730   63.1505 N   0  0  0  0  0  0  0  0  0  0  0  0
   11.7997   32.4730   62.9505 N   0  0  0  0  0  0  0  0  0  0  0  0
   11.1183   34.9307   58.8616 H   0  0  0  0  0  0  0  0  0  0  0  0
    6.0741   34.9547   59.9017 H   0  0  0  0  0  0  0  0  0  0  0  0
    4.6145   33.3869   58.6301 H   0  0  0  0  0  0  0  0  0  0  0  0
    7.8784   31.7494   56.5137 H   0  0  0  0  0  0  0  0  0  0  0  0
   13.7041   34.9343   63.2647 H   0  0  0  0  0  0  0  0  0  0  0  0
   15.0344   33.0255   63.6265 H   0  0  0  0  0  0  0  0  0  0  0  0
   12.8289   29.3788   63.5375 H   0  0  0  0  0  0  0  0  0  0  0  0
  1  2  2  0
  2  3  1  0
  3  4  1  0
  4  5  2  0
  5  6  1  0
  6  7  2  0
  7  8  1  0
  8  9  2  0
  9  1  1  0
  9  4  1  0
 10 11  2  0
  3 10  1  0
 12 13  2  0
 13 14  1  0
 14 15  1  0
 15 16  2  0
 16 12  1  0
 10 12  1  0
 15 17  1  0
 18 19  2  0
 19 20  1  0
 20 21  2  0
 21 22  1  0
 22 23  2  0
 23 18  1  0
 17 18  1  0
  2 24  1  0
  5 25  1  0
  6 26  1  0
  8 27  1  0
 17 28  1  0
 19 29  1  0
 21 30  1  0
M  END
"
2h7l_Lingo3DMolv2_515840,2h7l,"2h7l_Lingo3DMolv2_515840
     RDKit          3D

 29 31  0  0  0  0  0  0  0  0999 V2000
    9.6997   33.4730   56.6505 O   0  0  0  0  0  0  0  0  0  0  0  0
    8.6997   33.6730   57.3505 C   0  0  0  0  0  0  0  0  0  0  0  0
    7.4997   34.3730   57.0505 N   0  0  0  0  0  0  0  0  0  0  0  0
    6.5997   34.3730   58.2505 N   0  0  0  0  0  0  0  0  0  0  0  0
    5.3997   34.8730   58.4505 C   0  0  0  0  0  0  0  0  0  0  0  0
    4.7997   34.7730   59.6505 C   0  0  0  0  0  0  0  0  0  0  0  0
    5.4997   34.0730   60.7505 C   0  0  0  0  0  0  0  0  0  0  0  0
    6.6997   33.5730   60.5505 C   0  0  0  0  0  0  0  0  0  0  0  0
    7.2997   33.6730   59.2505 C   0  0  0  0  0  0  0  0  0  0  0  0
    8.4997   33.2730   58.6505 N   0  0  0  0  0  4  0  0  0  0  0  0
    9.4997   32.5730   59.4505 O   0  0  0  0  0  0  0  0  0  0  0  0
   10.0997   33.2730   60.4505 C   0  0  0  0  0  0  0  0  0  0  0  0
   10.2997   34.5730   60.4505 C   0  0  0  0  0  0  0  0  0  0  0  0
   10.9997   35.2730   61.4505 C   0  0  0  0  0  0  0  0  0  0  0  0
   11.5997   34.4730   62.4505 C   0  0  0  0  0  0  0  0  0  0  0  0
   11.5997   33.0730   62.3505 C   0  0  0  0  0  0  0  0  0  0  0  0
   12.2997   32.2730   63.0505 O   0  0  0  0  0  0  0  0  0  0  0  0
   10.7997   32.5730   61.3505 N   0  0  0  0  0  0  0  0  0  0  0  0
   12.2997   35.0730   63.4505 O   0  0  0  0  0  0  0  0  0  0  0  0
    4.7997   35.4730   57.5505 O   0  0  0  0  0  1  0  0  0  0  0  0
    7.2997   34.9730   55.8505 O   0  0  0  0  0  0  0  0  0  0  0  0
    3.8015   35.2061   59.8120 H   0  0  0  0  0  0  0  0  0  0  0  0
    5.0172   33.9710   61.7338 H   0  0  0  0  0  0  0  0  0  0  0  0
    7.2394   33.0818   61.3735 H   0  0  0  0  0  0  0  0  0  0  0  0
    9.8912   35.1535   59.6102 H   0  0  0  0  0  0  0  0  0  0  0  0
   11.0752   36.3704   61.4542 H   0  0  0  0  0  0  0  0  0  0  0  0
   10.7318   31.5472   61.2873 H   0  0  0  0  0  0  0  0  0  0  0  0
   12.7242   34.5237   64.1563 H   0  0  0  0  0  0  0  0  0  0  0  0
    6.4524   35.4532   55.6722 H   0  0  0  0  0  0  0  0  0  0  0  0
  1  2  2  0
  2  3  1  0
  3  4  1  0
  4  5  1  0
  5  6  2  0
  6  7  1  0
  7  8  2  0
  8  9  1  0
  9 10  2  0
 10  2  1  0
  9  4  1  0
 10 11  1  0
 12 13  2  0
 13 14  1  0
 14 15  2  0
 15 16  1  0
 16 17  2  0
 16 18  1  0
 18 12  1  0
 11 12  1  0
 15 19  1  0
  5 20  1  0
  3 21  1  0
  6 22  1  0
  7 23  1  0
  8 24  1  0
 13 25  1  0
 14 26  1  0
 18 27  1  0
 19 28  1  0
 21 29  1  0
M  CHG  2  10   1  20  -1
M  END
"
1r9o_Lingo3DMolv2_18883,1r9o,"1r9o_Lingo3DMolv2_18883
     RDKit          3D

 34 34  0  0  0  0  0  0  0  0999 V2000
   10.5672   37.1558   -1.9874 O   0  0  0  0  0  0  0  0  0  0  0  0
   10.3672   36.7558   -0.6874 C   0  0  1  0  0  0  0  0  0  0  0  0
   11.6672   36.9558    0.1126 C   0  0  0  0  0  0  0  0  0  0  0  0
   11.4672   36.4558    1.8126 S   0  0  0  0  0  0  0  0  0  0  0  0
    9.4672   37.5558   -0.1874 F   0  0  0  0  0  0  0  0  0  0  0  0
    9.8672   35.2558   -0.5874 C   0  0  0  0  0  0  0  0  0  0  0  0
   10.8672   34.4558   -0.3874 F   0  0  0  0  0  0  0  0  0  0  0  0
    9.1672   35.1558    0.5126 F   0  0  0  0  0  0  0  0  0  0  0  0
    9.0672   34.7558   -1.6874 C   0  0  0  0  0  0  0  0  0  0  0  0
    8.9672   33.4558   -2.2874 C   0  0  0  0  0  0  0  0  0  0  0  0
    8.1672   33.1558   -3.3874 O   0  0  0  0  0  0  0  0  0  0  0  0
    8.1672   31.9558   -3.8874 C   0  0  0  0  0  0  0  0  0  0  0  0
    9.5672   32.4558   -1.8874 O   0  0  0  0  0  1  0  0  0  0  0  0
    8.6672   32.0558   -5.3874 C   0  0  0  0  0  0  0  0  0  0  0  0
    9.8672   31.5558   -5.6874 C   0  0  0  0  0  0  0  0  0  0  0  0
   10.2672   31.5558   -6.9874 C   0  0  0  0  0  0  0  0  0  0  0  0
    9.3672   32.0558   -7.9874 C   0  0  0  0  0  0  0  0  0  0  0  0
    8.1672   32.5558   -7.6874 C   0  0  0  0  0  0  0  0  0  0  0  0
    7.7672   32.5558   -6.3874 C   0  0  0  0  0  0  0  0  0  0  0  0
    6.4672   33.1558   -6.0874 C   0  0  0  0  0  0  0  0  0  0  0  0
    5.8672   33.6558   -7.1874 F   0  0  0  0  0  0  0  0  0  0  0  0
    5.5672   32.2558   -5.5874 F   0  0  0  0  0  0  0  0  0  0  0  0
    6.5672   34.1558   -5.1874 F   0  0  0  0  0  0  0  0  0  0  0  0
   11.0099   38.0413   -1.9958 H   0  0  0  0  0  0  0  0  0  0  0  0
   12.4659   36.3544   -0.3459 H   0  0  0  0  0  0  0  0  0  0  0  0
   11.9247   38.0251    0.0939 H   0  0  0  0  0  0  0  0  0  0  0  0
   11.8733   37.4711    2.6380 H   0  0  0  0  0  0  0  0  0  0  0  0
    8.4157   35.5131   -2.1479 H   0  0  0  0  0  0  0  0  0  0  0  0
    8.8444   31.3097   -3.3095 H   0  0  0  0  0  0  0  0  0  0  0  0
    7.1567   31.5231   -3.8474 H   0  0  0  0  0  0  0  0  0  0  0  0
   10.5198   31.1518   -4.8994 H   0  0  0  0  0  0  0  0  0  0  0  0
   11.2622   31.1795   -7.2672 H   0  0  0  0  0  0  0  0  0  0  0  0
    9.6788   32.0256   -9.0419 H   0  0  0  0  0  0  0  0  0  0  0  0
    7.5146   32.9598   -8.4753 H   0  0  0  0  0  0  0  0  0  0  0  0
  1  2  1  0
  2  3  1  0
  3  4  1  0
  2  5  1  1
  2  6  1  0
  6  7  1  0
  6  8  1  0
  6  9  1  0
  9 10  2  0
 10 11  1  0
 11 12  1  0
 10 13  1  0
 14 15  2  0
 15 16  1  0
 16 17  2  0
 17 18  1  0
 18 19  2  0
 19 14  1  0
 12 14  1  0
 20 21  1  0
 20 22  1  0
 20 23  1  0
 19 20  1  0
  1 24  1  0
  3 25  1  0
  3 26  1  0
  4 27  1  0
  9 28  1  0
 12 29  1  0
 12 30  1  0
 15 31  1  0
 16 32  1  0
 17 33  1  0
 18 34  1  0
M  CHG  1  13  -1
M  END
"
3cjo_Lingo3DMolv2_131079,3cjo,"3cjo_Lingo3DMolv2_131079
     RDKit          3D

 51 53  0  0  0  0  0  0  0  0999 V2000
   41.6470   18.6232   55.2084 O   0  0  0  0  0  0  0  0  0  0  0  0
   42.4470   17.7232   54.9084 C   0  0  0  0  0  0  0  0  0  0  0  0
   43.7470   17.5232   55.6084 C   0  0  0  0  0  0  0  0  0  0  0  0
   44.5470   16.5232   54.8084 C   0  0  0  0  0  0  0  0  0  0  0  0
   45.6470   16.1232   55.0084 O   0  0  0  0  0  0  0  0  0  0  0  0
   43.6470   16.1232   53.7084 N   0  0  0  0  0  0  0  0  0  0  0  0
   42.4470   16.7232   53.8084 C   0  0  0  0  0  0  0  0  0  0  0  0
   41.4470   16.6232   53.0084 C   0  0  0  0  0  0  0  0  0  0  0  0
   41.3470   15.8232   51.8084 C   0  0  0  0  0  0  0  0  0  0  0  0
   42.0470   14.5232   51.6084 N   0  0  0  0  0  0  0  0  0  0  0  0
   41.7470   14.1232   50.4084 C   0  0  0  0  0  0  0  0  0  0  0  0
   40.9470   15.0232   49.7084 C   0  0  0  0  0  0  0  0  0  0  0  0
   40.7470   16.1232   50.6084 C   0  0  0  0  0  0  0  0  0  0  0  0
   39.9470   17.4232   50.3084 C   0  0  0  0  0  0  0  0  0  0  0  0
   40.7470   18.5232   49.7084 C   0  0  0  0  0  0  0  0  0  0  0  0
   41.4470   18.2232   48.3084 C   0  0  1  0  0  0  0  0  0  0  0  0
   40.5470   17.9232   47.4084 O   0  0  0  0  0  0  0  0  0  0  0  0
   42.2470   19.4232   47.8084 C   0  0  0  0  0  0  0  0  0  0  0  0
   41.5470   20.6232   47.5084 C   0  0  2  0  0  0  0  0  0  0  0  0
   42.4470   21.6232   46.8084 C   0  0  0  0  0  0  0  0  0  0  0  0
   40.7470   21.1232   48.6084 O   0  0  0  0  0  0  0  0  0  0  0  0
   40.5470   14.8232   48.4084 C   0  0  0  0  0  0  0  0  0  0  0  0
   39.3470   15.2232   47.8084 C   0  0  0  0  0  0  0  0  0  0  0  0
   39.3470   14.9232   46.5084 O   0  0  0  0  0  0  0  0  0  0  0  0
   40.4470   14.2232   46.2084 C   0  0  0  0  0  0  0  0  0  0  0  0
   41.2470   14.1232   47.4084 C   0  0  0  0  0  0  0  0  0  0  0  0
   40.6470   13.7232   44.8084 C   0  0  0  0  0  0  0  0  0  0  0  0
   44.2914   18.4771   55.6683 H   0  0  0  0  0  0  0  0  0  0  0  0
   43.5822   17.1558   56.6320 H   0  0  0  0  0  0  0  0  0  0  0  0
   43.9056   15.4667   52.9580 H   0  0  0  0  0  0  0  0  0  0  0  0
   40.5591   17.2184   53.2678 H   0  0  0  0  0  0  0  0  0  0  0  0
   42.6500   14.0371   52.2873 H   0  0  0  0  0  0  0  0  0  0  0  0
   42.0914   13.1672   49.9869 H   0  0  0  0  0  0  0  0  0  0  0  0
   39.5193   17.7876   51.2540 H   0  0  0  0  0  0  0  0  0  0  0  0
   39.1848   17.1525   49.5629 H   0  0  0  0  0  0  0  0  0  0  0  0
   40.0762   19.3835   49.5672 H   0  0  0  0  0  0  0  0  0  0  0  0
   41.5746   18.6938   50.4127 H   0  0  0  0  0  0  0  0  0  0  0  0
   42.1324   17.3770   48.4644 H   0  0  0  0  0  0  0  0  0  0  0  0
   39.7105   17.6443   47.8584 H   0  0  0  0  0  0  0  0  0  0  0  0
   42.9899   19.6647   48.5829 H   0  0  0  0  0  0  0  0  0  0  0  0
   42.6502   19.0951   46.8389 H   0  0  0  0  0  0  0  0  0  0  0  0
   40.7687   20.3898   46.7669 H   0  0  0  0  0  0  0  0  0  0  0  0
   42.9848   22.2208   47.5591 H   0  0  0  0  0  0  0  0  0  0  0  0
   43.1721   21.0862   46.1791 H   0  0  0  0  0  0  0  0  0  0  0  0
   41.8369   22.2879   46.1791 H   0  0  0  0  0  0  0  0  0  0  0  0
   41.1657   20.8615   49.4665 H   0  0  0  0  0  0  0  0  0  0  0  0
   38.5179   15.7170   48.3363 H   0  0  0  0  0  0  0  0  0  0  0  0
   42.2104   13.6037   47.5178 H   0  0  0  0  0  0  0  0  0  0  0  0
   41.0554   12.7022   44.8385 H   0  0  0  0  0  0  0  0  0  0  0  0
   39.6823   13.7168   44.2800 H   0  0  0  0  0  0  0  0  0  0  0  0
   41.3501   14.3839   44.2800 H   0  0  0  0  0  0  0  0  0  0  0  0
  1  2  2  0
  2  3  1  0
  3  4  1  0
  4  5  2  0
  4  6  1  0
  6  7  1  0
  7  8  2  3
  7  2  1  0
  9 10  1  0
 10 11  1  0
 11 12  2  0
 12 13  1  0
 13  9  2  0
  8  9  1  0
 14 15  1  0
 15 16  1  0
 16 17  1  0
 16 18  1  0
 18 19  1  0
 19 20  1  0
 19 21  1  0
 13 14  1  0
 22 23  2  0
 23 24  1  0
 24 25  1  0
 25 26  2  0
 26 22  1  0
 12 22  1  0
 25 27  1  0
  3 28  1  0
  3 29  1  0
  6 30  1  0
  8 31  1  0
 10 32  1  0
 11 33  1  0
 14 34  1  0
 14 35  1  0
 15 36  1  0
 15 37  1  0
 16 38  1  1
 17 39  1  0
 18 40  1  0
 18 41  1  0
 19 42  1  6
 20 43  1  0
 20 44  1  0
 20 45  1  0
 21 46  1  0
 23 47  1  0
 26 48  1  0
 27 49  1  0
 27 50  1  0
 27 51  1  0
M  END
"
3cqw_Lingo3DMolv2_585531,3cqw,"3cqw_Lingo3DMolv2_585531
     RDKit          3D

 39 40  0  0  0  0  0  0  0  0999 V2000
    8.1230    4.4283   16.3517 O   0  0  0  0  0  0  0  0  0  0  0  0
    8.2230    3.6283   17.5517 C   0  0  2  0  0  0  0  0  0  0  0  0
    9.6230    3.5283   17.8517 C   0  0  0  0  0  0  0  0  0  0  0  0
    7.4230    2.3283   17.3517 C   0  0  1  0  0  0  0  0  0  0  0  0
    7.6230    1.5283   18.4517 O   0  0  0  0  0  0  0  0  0  0  0  0
    8.9230    1.0283   18.6517 C   0  0  0  0  0  0  0  0  0  0  0  0
    6.0230    2.4283   16.7517 C   0  0  0  0  0  0  0  0  0  0  0  0
    5.3230    3.6283   16.3517 C   0  0  0  0  0  0  0  0  0  0  0  0
    4.0230    3.3283   15.8517 N   0  0  0  0  0  0  0  0  0  0  0  0
    3.9230    2.0283   15.9517 N   0  0  0  0  0  0  0  0  0  0  0  0
    5.1230    1.4283   16.4517 C   0  0  0  0  0  0  0  0  0  0  0  0
    5.2230    0.1283   16.5517 O   0  0  0  0  0  1  0  0  0  0  0  0
    2.7230    1.4283   15.4517 C   0  0  0  0  0  0  0  0  0  0  0  0
    5.6230    5.0283   16.3517 C   0  0  0  0  0  0  0  0  0  0  0  0
    9.9230    2.8283   19.1517 N   0  0  0  0  0  4  0  0  0  0  0  0
   11.3230    2.7283   19.6517 C   0  0  0  0  0  0  0  0  0  0  0  0
   11.1230    1.3283   20.0517 C   0  0  0  0  0  0  0  0  0  0  0  0
    9.7230    1.5283   19.8517 C   0  0  0  0  0  0  0  0  0  0  0  0
   11.8230    0.3283   19.2517 F   0  0  0  0  0  0  0  0  0  0  0  0
   11.5230    1.0283   21.2517 F   0  0  0  0  0  0  0  0  0  0  0  0
    8.0040    5.3797   16.5983 H   0  0  0  0  0  0  0  0  0  0  0  0
    7.7599    4.0604   18.4511 H   0  0  0  0  0  0  0  0  0  0  0  0
   10.1120    2.9720   17.0385 H   0  0  0  0  0  0  0  0  0  0  0  0
   10.0016    4.5565   17.9493 H   0  0  0  0  0  0  0  0  0  0  0  0
    7.8320    1.7960   16.4803 H   0  0  0  0  0  0  0  0  0  0  0  0
    9.1241    0.9510   19.7304 H   0  0  0  0  0  0  0  0  0  0  0  0
    9.0081    0.0333   18.1906 H   0  0  0  0  0  0  0  0  0  0  0  0
    9.6529    1.7099   18.1906 H   0  0  0  0  0  0  0  0  0  0  0  0
    2.0917    1.1127   16.2955 H   0  0  0  0  0  0  0  0  0  0  0  0
    2.1760    2.1590   14.8378 H   0  0  0  0  0  0  0  0  0  0  0  0
    2.9793    0.5524   14.8378 H   0  0  0  0  0  0  0  0  0  0  0  0
    5.6998    5.3869   17.3888 H   0  0  0  0  0  0  0  0  0  0  0  0
    6.5780    5.1987   15.8332 H   0  0  0  0  0  0  0  0  0  0  0  0
    4.8216    5.5751   15.8332 H   0  0  0  0  0  0  0  0  0  0  0  0
    9.1144    3.4618   19.2283 H   0  0  0  0  0  0  0  0  0  0  0  0
   12.0836    2.8607   18.8682 H   0  0  0  0  0  0  0  0  0  0  0  0
   11.6888    3.4568   20.3903 H   0  0  0  0  0  0  0  0  0  0  0  0
    9.2585    0.7586   19.2179 H   0  0  0  0  0  0  0  0  0  0  0  0
    9.0554    1.4968   20.7254 H   0  0  0  0  0  0  0  0  0  0  0  0
  2  1  1  0
  2  3  1  0
  2  4  1  0
  4  5  1  0
  5  6  1  0
  7  8  1  0
  8  9  2  0
  9 10  1  0
 10 11  1  0
 11  7  2  0
  4  7  1  0
 11 12  1  0
 10 13  1  0
  8 14  1  0
 15 16  1  0
 16 17  1  0
 17 18  1  0
 18 15  1  0
  3 15  1  0
 17 19  1  0
 17 20  1  0
  1 21  1  0
  2 22  1  1
  3 23  1  0
  3 24  1  0
  4 25  1  6
  6 26  1  0
  6 27  1  0
  6 28  1  0
 13 29  1  0
 13 30  1  0
 13 31  1  0
 14 32  1  0
 14 33  1  0
 14 34  1  0
 15 35  1  0
 16 36  1  0
 16 37  1  0
 18 38  1  0
 18 39  1  0
M  CHG  2  12  -1  15   1
M  END
"
2vt4_Lingo3DMolv2_542588,2vt4,"2vt4_Lingo3DMolv2_542588
     RDKit          3D

 44 45  0  0  0  0  0  0  0  0999 V2000
   37.5268   20.7446  -30.9023 O   0  0  0  0  0  0  0  0  0  0  0  0
   37.9268   20.0446  -32.0023 C   0  0  0  0  0  0  0  0  0  0  0  0
   39.2268   20.0446  -32.3023 C   0  0  0  0  0  0  0  0  0  0  0  0
   39.7268   19.3446  -33.3023 C   0  0  0  0  0  0  0  0  0  0  0  0
   38.8268   18.5446  -34.1023 C   0  0  0  0  0  0  0  0  0  0  0  0
   37.6268   18.4446  -33.8023 C   0  0  0  0  0  0  0  0  0  0  0  0
   37.0268   19.1446  -32.7023 C   0  0  0  0  0  0  0  0  0  0  0  0
   35.5268   19.0446  -32.4023 C   0  0  0  0  0  0  0  0  0  0  0  0
   39.4268   17.8446  -35.2023 O   0  0  0  0  0  0  0  0  0  0  0  0
   38.6268   17.0446  -36.0023 C   0  0  0  0  0  0  0  0  0  0  0  0
   37.8268   15.9446  -35.2023 N   0  0  0  0  0  4  0  0  0  0  0  0
   36.8268   15.0446  -36.0023 C   0  0  0  0  0  0  0  0  0  0  0  0
   35.8268   14.3446  -35.0023 C   0  0  1  0  0  0  0  0  0  0  0  0
   36.5268   13.5446  -34.0023 O   0  0  0  0  0  0  0  0  0  0  0  0
   35.7268   12.9446  -33.1023 C   0  0  0  0  0  0  0  0  0  0  0  0
   34.7268   15.3446  -34.6023 N   0  0  0  0  0  0  0  0  0  0  0  0
   33.3268   15.1446  -34.8023 C   0  0  0  0  0  0  0  0  0  0  0  0
   32.5268   16.1446  -34.5023 C   0  0  0  0  0  0  0  0  0  0  0  0
   31.1268   16.0446  -34.7023 C   0  0  0  0  0  0  0  0  0  0  0  0
   30.6268   14.8446  -35.1023 C   0  0  0  0  0  0  0  0  0  0  0  0
   31.4268   13.7446  -35.4023 N   0  0  0  0  0  0  0  0  0  0  0  0
   32.7268   13.9446  -35.2023 C   0  0  0  0  0  0  0  0  0  0  0  0
   36.5696   20.7662  -30.6504 H   0  0  0  0  0  0  0  0  0  0  0  0
   39.9094   20.6531  -31.6909 H   0  0  0  0  0  0  0  0  0  0  0  0
   40.8042   19.3690  -33.5225 H   0  0  0  0  0  0  0  0  0  0  0  0
   36.9901   17.7855  -34.4108 H   0  0  0  0  0  0  0  0  0  0  0  0
   35.3705   19.0342  -31.3135 H   0  0  0  0  0  0  0  0  0  0  0  0
   35.0070   19.9101  -32.8391 H   0  0  0  0  0  0  0  0  0  0  0  0
   35.1265   18.1178  -32.8391 H   0  0  0  0  0  0  0  0  0  0  0  0
   37.9038   17.6885  -36.5246 H   0  0  0  0  0  0  0  0  0  0  0  0
   39.2952   16.5143  -36.6966 H   0  0  0  0  0  0  0  0  0  0  0  0
   38.5182   15.3203  -34.7629 H   0  0  0  0  0  0  0  0  0  0  0  0
   37.2328   16.4775  -34.5511 H   0  0  0  0  0  0  0  0  0  0  0  0
   36.2602   15.6672  -36.7105 H   0  0  0  0  0  0  0  0  0  0  0  0
   37.3884   14.2765  -36.5542 H   0  0  0  0  0  0  0  0  0  0  0  0
   35.2368   13.5384  -35.4628 H   0  0  0  0  0  0  0  0  0  0  0  0
   36.0638   13.1974  -32.0862 H   0  0  0  0  0  0  0  0  0  0  0  0
   34.6923   13.2915  -33.2425 H   0  0  0  0  0  0  0  0  0  0  0  0
   35.7701   11.8544  -33.2425 H   0  0  0  0  0  0  0  0  0  0  0  0
   35.0229   16.2247  -34.1566 H   0  0  0  0  0  0  0  0  0  0  0  0
   32.9503   17.0724  -34.0901 H   0  0  0  0  0  0  0  0  0  0  0  0
   30.4665   16.9092  -34.5393 H   0  0  0  0  0  0  0  0  0  0  0  0
   29.5358   14.7375  -35.1935 H   0  0  0  0  0  0  0  0  0  0  0  0
   33.3936   13.0854  -35.3669 H   0  0  0  0  0  0  0  0  0  0  0  0
  2  3  2  0
  3  4  1  0
  4  5  2  0
  5  6  1  0
  6  7  2  0
  7  2  1  0
  1  2  1  0
  7  8  1  0
  9 10  1  0
 10 11  1  0
 11 12  1  0
 13 12  1  0
 13 14  1  0
 14 15  1  0
 13 16  1  0
  5  9  1  0
 17 18  2  0
 18 19  1  0
 19 20  2  0
 20 21  1  0
 21 22  2  0
 22 17  1  0
 16 17  1  0
  1 23  1  0
  3 24  1  0
  4 25  1  0
  6 26  1  0
  8 27  1  0
  8 28  1  0
  8 29  1  0
 10 30  1  0
 10 31  1  0
 11 32  1  0
 11 33  1  0
 12 34  1  0
 12 35  1  0
 13 36  1  6
 15 37  1  0
 15 38  1  0
 15 39  1  0
 16 40  1  0
 18 41  1  0
 19 42  1  0
 20 43  1  0
 22 44  1  0
M  CHG  1  11   1
M  END
"
1c8k_Lingo3DMolv2_419827,1c8k,"1c8k_Lingo3DMolv2_419827
     RDKit          3D

 27 28  0  0  0  0  0  0  0  0999 V2000
   37.2534   34.4413   25.6511 O   0  0  0  0  0  0  0  0  0  0  0  0
   38.0534   33.5413   26.0511 C   0  0  0  0  0  0  0  0  0  0  0  0
   38.6534   32.6413   25.0511 C   0  0  0  0  0  0  0  0  0  0  0  0
   38.3534   33.2413   27.3511 O   0  0  0  0  0  0  0  0  0  0  0  0
   37.7534   33.9413   28.3511 C   0  0  0  0  0  0  0  0  0  0  0  0
   38.5534   35.1413   28.8511 C   0  0  0  0  0  0  0  0  0  0  0  0
   39.5534   35.6413   28.0511 C   0  0  0  0  0  0  0  0  0  0  0  0
   40.3534   36.7413   28.4511 N   0  0  0  0  0  4  0  0  0  0  0  0
   40.1534   37.3413   29.6511 C   0  0  0  0  0  0  0  0  0  0  0  0
   40.9534   38.4413   30.0511 C   0  0  0  0  0  0  0  0  0  0  0  0
   40.7534   39.0413   31.3511 C   0  0  0  0  0  0  0  0  0  0  0  0
   39.8534   38.5413   32.2511 C   0  0  0  0  0  0  0  0  0  0  0  0
   39.0534   37.4413   31.8511 C   0  0  0  0  0  0  0  0  0  0  0  0
   39.2534   36.8413   30.5511 C   0  0  0  0  0  0  0  0  0  0  0  0
   38.4534   35.7413   30.1511 C   0  0  0  0  0  0  0  0  0  0  0  0
   37.5534   35.2413   30.8511 O   0  0  0  0  0  1  0  0  0  0  0  0
   37.9534   36.9413   33.1511 Cl  0  0  0  0  0  0  0  0  0  0  0  0
   39.1933   31.8315   25.5637 H   0  0  0  0  0  0  0  0  0  0  0  0
   37.8602   32.2119   24.4214 H   0  0  0  0  0  0  0  0  0  0  0  0
   39.3548   33.2083   24.4214 H   0  0  0  0  0  0  0  0  0  0  0  0
   36.7831   34.3048   27.9819 H   0  0  0  0  0  0  0  0  0  0  0  0
   37.6582   33.2516   29.2027 H   0  0  0  0  0  0  0  0  0  0  0  0
   39.7382   35.1744   27.0724 H   0  0  0  0  0  0  0  0  0  0  0  0
   41.0936   37.0882   27.8244 H   0  0  0  0  0  0  0  0  0  0  0  0
   41.7245   38.8373   29.3739 H   0  0  0  0  0  0  0  0  0  0  0  0
   41.3439   39.9280   31.6249 H   0  0  0  0  0  0  0  0  0  0  0  0
   39.7532   38.9793   33.2551 H   0  0  0  0  0  0  0  0  0  0  0  0
  1  2  2  0
  2  3  1  0
  2  4  1  0
  4  5  1  0
  6  7  2  0
  7  8  1  0
  8  9  2  0
  9 10  1  0
 10 11  2  0
 11 12  1  0
 12 13  2  0
 13 14  1  0
 14 15  2  0
 15  6  1  0
 14  9  1  0
  5  6  1  0
 15 16  1  0
 13 17  1  0
  3 18  1  0
  3 19  1  0
  3 20  1  0
  5 21  1  0
  5 22  1  0
  7 23  1  0
  8 24  1  0
 10 25  1  0
 11 26  1  0
 12 27  1  0
M  CHG  2   8   1  16  -1
M  END
"
3hmm_Lingo3DMolv2_295178,3hmm,"3hmm_Lingo3DMolv2_295178
     RDKit          3D

 46 49  0  0  0  0  0  0  0  0999 V2000
   12.4388   68.7490    2.1769 Cl  0  0  0  0  0  0  0  0  0  0  0  0
   14.1388   68.7490    2.4769 C   0  0  0  0  0  0  0  0  0  0  0  0
   15.0388   69.4490    1.6769 C   0  0  0  0  0  0  0  0  0  0  0  0
   16.3388   69.4490    1.8769 N   0  0  0  0  0  0  0  0  0  0  0  0
   16.8388   68.6490    2.8769 C   0  0  0  0  0  0  0  0  0  0  0  0
   16.0388   67.7490    3.6769 C   0  0  0  0  0  0  0  0  0  0  0  0
   14.6388   67.7490    3.3769 C   0  0  0  0  0  0  0  0  0  0  0  0
   16.5388   67.0490    4.6769 N   0  0  0  0  0  0  0  0  0  0  0  0
   15.7388   66.2490    5.5769 N   0  0  0  0  0  0  0  0  0  0  0  0
   15.6388   66.7490    6.9769 C   0  0  0  0  0  0  0  0  0  0  0  0
   14.9388   66.1490    7.7769 O   0  0  0  0  0  0  0  0  0  0  0  0
   16.3388   67.8490    7.2769 N   0  0  0  0  0  0  0  0  0  0  0  0
   16.3388   68.5490    8.5769 C   0  0  0  0  0  0  0  0  0  0  0  0
   14.8388   65.3490    5.1769 C   0  0  0  0  0  0  0  0  0  0  0  0
   15.1388   64.5490    4.0769 C   0  0  0  0  0  0  0  0  0  0  0  0
   14.1388   63.7490    3.4769 C   0  0  0  0  0  0  0  0  0  0  0  0
   12.8388   63.7490    3.9769 C   0  0  0  0  0  0  0  0  0  0  0  0
   12.5388   64.5490    5.0769 C   0  0  0  0  0  0  0  0  0  0  0  0
   11.4388   64.7490    5.7769 C   0  0  0  0  0  0  0  0  0  0  0  0
   11.6388   65.6490    6.7769 N   0  0  0  0  0  0  0  0  0  0  0  0
   12.9388   66.0490    6.6769 O   0  0  0  0  0  0  0  0  0  0  0  0
   13.4388   65.3490    5.5769 C   0  0  0  0  0  0  0  0  0  0  0  0
   10.0388   64.1490    5.6769 C   0  0  0  0  0  0  0  0  0  0  0  0
    8.8388   64.8490    6.2769 C   0  0  0  0  0  0  0  0  0  0  0  0
    9.0388   64.7490    4.7769 C   0  0  0  0  0  0  0  0  0  0  0  0
   18.1388   68.7490    3.0769 N   0  0  0  0  0  0  0  0  0  0  0  0
   19.1388   69.6490    2.2769 C   0  0  0  0  0  0  0  0  0  0  0  0
   14.6414   70.0325    0.8334 H   0  0  0  0  0  0  0  0  0  0  0  0
   13.9650   67.0031    3.8239 H   0  0  0  0  0  0  0  0  0  0  0  0
   17.5578   67.0738    4.8251 H   0  0  0  0  0  0  0  0  0  0  0  0
   16.9319   68.2435    6.5330 H   0  0  0  0  0  0  0  0  0  0  0  0
   17.3759   68.7228    8.8998 H   0  0  0  0  0  0  0  0  0  0  0  0
   15.8203   69.5136    8.4740 H   0  0  0  0  0  0  0  0  0  0  0  0
   15.8203   67.9320    9.3256 H   0  0  0  0  0  0  0  0  0  0  0  0
   16.1614   64.5393    3.6718 H   0  0  0  0  0  0  0  0  0  0  0  0
   14.3896   63.1219    2.6087 H   0  0  0  0  0  0  0  0  0  0  0  0
   12.0610   63.1267    3.5102 H   0  0  0  0  0  0  0  0  0  0  0  0
   10.4786   63.1476    5.7950 H   0  0  0  0  0  0  0  0  0  0  0  0
    8.0468   64.2673    6.7712 H   0  0  0  0  0  0  0  0  0  0  0  0
    8.6809   65.6640    6.9986 H   0  0  0  0  0  0  0  0  0  0  0  0
    8.3815   64.1009    4.1787 H   0  0  0  0  0  0  0  0  0  0  0  0
    9.0783   65.4757    3.9521 H   0  0  0  0  0  0  0  0  0  0  0  0
   18.5359   68.1772    3.8361 H   0  0  0  0  0  0  0  0  0  0  0  0
   19.7671   70.2144    2.9809 H   0  0  0  0  0  0  0  0  0  0  0  0
   19.7769   69.0149    1.6438 H   0  0  0  0  0  0  0  0  0  0  0  0
   18.5752   70.3501    1.6438 H   0  0  0  0  0  0  0  0  0  0  0  0
  2  3  2  0
  3  4  1  0
  4  5  2  0
  5  6  1  0
  6  7  2  0
  7  2  1  0
  1  2  1  0
  8  9  1  0
  9 10  1  0
 10 11  2  0
 10 12  1  0
 12 13  1  0
  6  8  1  0
 14 15  2  0
 15 16  1  0
 16 17  2  0
 17 18  1  0
 18 19  1  0
 19 20  2  0
 20 21  1  0
 21 22  1  0
 22 14  1  0
 22 18  2  0
  9 14  1  0
 23 24  1  0
 24 25  1  0
 25 23  1  0
 19 23  1  0
 26 27  1  0
  5 26  1  0
  3 28  1  0
  7 29  1  0
  8 30  1  0
 12 31  1  0
 13 32  1  0
 13 33  1  0
 13 34  1  0
 15 35  1  0
 16 36  1  0
 17 37  1  0
 23 38  1  0
 24 39  1  0
 24 40  1  0
 25 41  1  0
 25 42  1  0
 26 43  1  0
 27 44  1  0
 27 45  1  0
 27 46  1  0
M  END
"
2i0e_Lingo3DMolv2_1325125,2i0e,"2i0e_Lingo3DMolv2_1325125
     RDKit          3D

 56 60  0  0  0  0  0  0  0  0999 V2000
    5.7523   36.5503    3.1975 N   0  0  0  0  0  0  0  0  0  0  0  0
    4.9523   37.2503    2.2975 C   0  0  0  0  0  0  0  0  0  0  0  0
    4.0523   36.5503    1.4975 N   0  0  0  0  0  0  0  0  0  0  0  0
    3.3523   37.2503    0.5975 C   0  0  0  0  0  0  0  0  0  0  0  0
    3.4523   38.6503    0.4975 C   0  0  0  0  0  0  0  0  0  0  0  0
    4.3523   39.3503    1.2975 C   0  0  0  0  0  0  0  0  0  0  0  0
    5.1523   38.6503    2.0975 C   0  0  0  0  0  0  0  0  0  0  0  0
    4.2523   40.7503    0.8975 C   0  0  0  0  0  0  0  0  0  0  0  0
    3.2523   40.7503   -0.1025 C   0  0  0  0  0  0  0  0  0  0  0  0
    2.7523   39.4503   -0.3025 N   0  0  0  0  0  0  0  0  0  0  0  0
    1.6523   39.0503   -1.2025 C   0  0  0  0  0  0  0  0  0  0  0  0
    0.3523   39.0503   -0.5025 C   0  0  0  0  0  0  0  0  0  0  0  0
   -0.6477   38.7503   -1.3025 O   0  0  0  0  0  0  0  0  0  0  0  0
   -1.9477   38.7503   -0.7025 C   0  0  0  0  0  0  0  0  0  0  0  0
    2.7523   41.8503   -0.9025 C   0  0  0  0  0  0  0  0  0  0  0  0
    3.2523   43.2503   -0.8025 C   0  0  0  0  0  0  0  0  0  0  0  0
    1.8523   42.9503   -0.3025 C   0  0  0  0  0  0  0  0  0  0  0  0
    5.0523   41.8503    1.4975 C   0  0  0  0  0  0  0  0  0  0  0  0
    4.6523   43.0503    1.7975 C   0  0  0  0  0  0  0  0  0  0  0  0
    5.7523   43.7503    2.3975 N   0  0  0  0  0  0  0  0  0  0  0  0
    6.8523   42.8503    2.5975 C   0  0  0  0  0  0  0  0  0  0  0  0
    8.0523   43.0503    3.0975 C   0  0  0  0  0  0  0  0  0  0  0  0
    8.9523   41.9503    3.1975 C   0  0  0  0  0  0  0  0  0  0  0  0
    8.5523   40.7503    2.6975 C   0  0  0  0  0  0  0  0  0  0  0  0
    7.3523   40.5503    2.0975 C   0  0  0  0  0  0  0  0  0  0  0  0
    6.4523   41.5503    1.9975 C   0  0  0  0  0  0  0  0  0  0  0  0
    3.4523   43.8503    1.6975 C   0  0  0  0  0  0  0  0  0  0  0  0
    2.7523   43.8503    2.8975 O   0  0  0  0  0  0  0  0  0  0  0  0
    1.5523   44.6503    2.8975 C   0  0  0  0  0  0  0  0  0  0  0  0
    1.8523   45.9503    2.9975 N   0  0  0  0  0  0  0  0  0  0  0  0
    0.4523   44.1503    2.7975 O   0  0  0  0  0  0  0  0  0  0  0  0
    6.4214   37.0574    3.7941 H   0  0  0  0  0  0  0  0  0  0  0  0
    5.6747   35.5255    3.2663 H   0  0  0  0  0  0  0  0  0  0  0  0
    2.6772   36.7144   -0.0860 H   0  0  0  0  0  0  0  0  0  0  0  0
    5.9809   39.1578    2.6131 H   0  0  0  0  0  0  0  0  0  0  0  0
    1.8527   38.0382   -1.5839 H   0  0  0  0  0  0  0  0  0  0  0  0
    1.5999   39.7766   -2.0270 H   0  0  0  0  0  0  0  0  0  0  0  0
    0.3887   38.3101    0.3104 H   0  0  0  0  0  0  0  0  0  0  0  0
    0.1795   40.0654   -0.1157 H   0  0  0  0  0  0  0  0  0  0  0  0
   -2.2806   37.7132   -0.5489 H   0  0  0  0  0  0  0  0  0  0  0  0
   -1.9043   39.2688    0.2666 H   0  0  0  0  0  0  0  0  0  0  0  0
   -2.6570   39.2688   -1.3644 H   0  0  0  0  0  0  0  0  0  0  0  0
    2.6731   41.1225   -1.7236 H   0  0  0  0  0  0  0  0  0  0  0  0
    4.0473   43.4951   -0.0829 H   0  0  0  0  0  0  0  0  0  0  0  0
    3.6728   43.9683   -1.5220 H   0  0  0  0  0  0  0  0  0  0  0  0
    1.6340   42.9616    0.7755 H   0  0  0  0  0  0  0  0  0  0  0  0
    0.8435   43.3397   -0.5042 H   0  0  0  0  0  0  0  0  0  0  0  0
    5.7523   44.7495    2.6473 H   0  0  0  0  0  0  0  0  0  0  0  0
    8.3566   44.0525    3.4336 H   0  0  0  0  0  0  0  0  0  0  0  0
    9.9410   42.0680    3.6650 H   0  0  0  0  0  0  0  0  0  0  0  0
    9.2392   39.8956    2.7844 H   0  0  0  0  0  0  0  0  0  0  0  0
    7.1096   39.5591    1.6868 H   0  0  0  0  0  0  0  0  0  0  0  0
    2.8095   43.4372    0.9061 H   0  0  0  0  0  0  0  0  0  0  0  0
    3.7398   44.8850    1.4596 H   0  0  0  0  0  0  0  0  0  0  0  0
    1.0994   46.6530    3.0109 H   0  0  0  0  0  0  0  0  0  0  0  0
    2.8361   46.2484    3.0611 H   0  0  0  0  0  0  0  0  0  0  0  0
  2  3  2  0
  3  4  1  0
  4  5  2  0
  5  6  1  0
  6  7  2  0
  6  8  1  0
  8  9  2  0
  9 10  1  0
  7  2  1  0
 10  5  1  0
  1  2  1  0
 11 12  1  0
 12 13  1  0
 13 14  1  0
 10 11  1  0
 15 16  1  0
 16 17  1  0
 17 15  1  0
  9 15  1  0
 18 19  2  0
 19 20  1  0
 20 21  1  0
 21 22  2  0
 22 23  1  0
 23 24  2  0
 24 25  1  0
 25 26  2  0
 26 18  1  0
 26 21  1  0
  8 18  1  0
 27 28  1  0
 28 29  1  0
 29 30  1  0
 29 31  2  0
 19 27  1  0
  1 32  1  0
  1 33  1  0
  4 34  1  0
  7 35  1  0
 11 36  1  0
 11 37  1  0
 12 38  1  0
 12 39  1  0
 14 40  1  0
 14 41  1  0
 14 42  1  0
 15 43  1  0
 16 44  1  0
 16 45  1  0
 17 46  1  0
 17 47  1  0
 20 48  1  0
 22 49  1  0
 23 50  1  0
 24 51  1  0
 25 52  1  0
 27 53  1  0
 27 54  1  0
 30 55  1  0
 30 56  1  0
M  END
"
3kl6_Lingo3DMolv2_360586,3kl6,"3kl6_Lingo3DMolv2_360586
     RDKit          3D

 87 91  0  0  0  0  0  0  0  0999 V2000
   -0.6576   -3.8912  -14.4735 F   0  0  0  0  0  0  0  0  0  0  0  0
   -1.1576   -3.3912  -15.4735 C   0  0  0  0  0  0  0  0  0  0  0  0
   -0.5576   -3.8912  -16.6735 C   0  0  2  0  0  0  0  0  0  0  0  0
    0.6424   -4.9912  -16.3735 C   0  0  0  0  0  0  0  0  0  0  0  0
    1.9424   -4.5912  -16.8735 C   0  0  0  0  0  0  0  0  0  0  0  0
    2.2424   -3.1912  -16.5735 C   0  0  2  0  0  0  0  0  0  0  0  0
    1.1424   -2.2912  -17.1735 C   0  0  0  0  0  0  0  0  0  0  0  0
   -0.0576   -2.5912  -17.2735 N   0  0  0  0  0  0  0  0  0  0  0  0
    3.5424   -2.7912  -16.9735 N   0  0  0  0  0  0  0  0  0  0  0  0
    4.6424   -3.3912  -16.2735 N   0  0  1  0  0  4  0  0  0  0  0  0
    4.3424   -3.6912  -14.9735 C   0  0  0  0  0  0  0  0  0  0  0  0
    5.6424   -4.1912  -14.2735 C   0  0  0  0  0  0  0  0  0  0  0  0
    6.2424   -5.4912  -14.9735 C   0  0  1  0  0  0  0  0  0  0  0  0
    5.4424   -5.7912  -16.1735 C   0  0  0  0  0  0  0  0  0  0  0  0
    4.9424   -4.5912  -16.9735 C   0  0  0  0  0  0  0  0  0  0  0  0
    7.1424   -6.0912  -14.0735 C   0  0  0  0  0  0  0  0  0  0  0  0
    5.2424   -6.7912  -14.6735 C   0  0  0  0  0  0  0  0  0  0  0  0
    5.7424   -8.0912  -15.3735 C   0  0  0  0  0  0  0  0  0  0  0  0
    4.7424   -9.0912  -15.1735 N   0  0  2  0  0  4  0  0  0  0  0  0
    5.0424  -10.5912  -16.2735 Cl  0  0  0  0  0  0  0  0  0  0  0  0
    3.3424   -8.6912  -15.6735 C   0  0  0  0  0  0  0  0  0  0  0  0
    2.2424   -9.7912  -15.3735 C   0  0  2  0  0  0  0  0  0  0  0  0
    0.9424   -9.4912  -16.0735 C   0  0  0  0  0  0  0  0  0  0  0  0
   -0.0576  -10.5912  -15.7735 C   0  0  0  0  0  0  0  0  0  0  0  0
   -0.3576  -10.7912  -14.2735 C   0  0  0  0  0  0  0  0  0  0  0  0
   -1.4576  -11.2912  -13.8735 O   0  0  0  0  0  0  0  0  0  0  0  0
    0.7424  -10.4912  -13.3735 N   0  0  0  0  0  0  0  0  0  0  0  0
    2.0424  -10.0912  -13.8735 C   0  0  0  0  0  0  0  0  0  0  0  0
    0.5424  -10.5912  -12.0735 C   0  0  0  0  0  0  0  0  0  0  0  0
    1.0424  -11.6912  -11.3735 C   0  0  0  0  0  0  0  0  0  0  0  0
    0.7424  -11.7912   -9.9735 C   0  0  0  0  0  0  0  0  0  0  0  0
    0.0424  -10.7912   -9.2735 C   0  0  0  0  0  0  0  0  0  0  0  0
   -0.3576   -9.5912  -10.0735 C   0  0  0  0  0  0  0  0  0  0  0  0
   -0.0576   -9.4912  -11.3735 C   0  0  0  0  0  0  0  0  0  0  0  0
   -1.0576   -8.5912   -9.4735 O   0  0  0  0  0  0  0  0  0  0  0  0
   -1.7576   -8.9912   -8.2735 C   0  0  0  0  0  0  0  0  0  0  0  0
   -0.7576   -9.7912   -7.3735 C   0  0  2  0  0  0  0  0  0  0  0  0
   -0.4576  -10.9912   -7.9735 O   0  0  0  0  0  0  0  0  0  0  0  0
   -1.4576  -10.1912   -6.0735 C   0  0  0  0  0  0  0  0  0  0  0  0
   -0.5576   -8.1912  -12.1735 C   0  0  0  0  0  0  0  0  0  0  0  0
   -2.2325   -3.6242  -15.4888 H   0  0  0  0  0  0  0  0  0  0  0  0
   -0.9895   -2.3049  -15.4336 H   0  0  0  0  0  0  0  0  0  0  0  0
   -1.2283   -4.4631  -17.3317 H   0  0  0  0  0  0  0  0  0  0  0  0
    0.7183   -5.1332  -15.2854 H   0  0  0  0  0  0  0  0  0  0  0  0
    0.3675   -5.9164  -16.9013 H   0  0  0  0  0  0  0  0  0  0  0  0
    2.7114   -5.2259  -16.4088 H   0  0  0  0  0  0  0  0  0  0  0  0
    1.9345   -4.7083  -17.9672 H   0  0  0  0  0  0  0  0  0  0  0  0
    2.2439   -3.0770  -15.4795 H   0  0  0  0  0  0  0  0  0  0  0  0
    1.4472   -1.3012  -17.5435 H   0  0  0  0  0  0  0  0  0  0  0  0
    3.6461   -3.0191  -17.9726 H   0  0  0  0  0  0  0  0  0  0  0  0
    5.4333   -2.7321  -16.2433 H   0  0  0  0  0  0  0  0  0  0  0  0
    3.9665   -2.7930  -14.4618 H   0  0  0  0  0  0  0  0  0  0  0  0
    3.5671   -4.4705  -14.9338 H   0  0  0  0  0  0  0  0  0  0  0  0
    6.3951   -3.3899  -14.3104 H   0  0  0  0  0  0  0  0  0  0  0  0
    5.3873   -4.4540  -13.2363 H   0  0  0  0  0  0  0  0  0  0  0  0
    6.0618   -6.4056  -16.8436 H   0  0  0  0  0  0  0  0  0  0  0  0
    4.5365   -6.2931  -15.8027 H   0  0  0  0  0  0  0  0  0  0  0  0
    5.7170   -4.3498  -17.7163 H   0  0  0  0  0  0  0  0  0  0  0  0
    3.9730   -4.9193  -17.3767 H   0  0  0  0  0  0  0  0  0  0  0  0
    6.8250   -5.8796  -13.0418 H   0  0  0  0  0  0  0  0  0  0  0  0
    7.1547   -7.1789  -14.2376 H   0  0  0  0  0  0  0  0  0  0  0  0
    8.1511   -5.6843  -14.2376 H   0  0  0  0  0  0  0  0  0  0  0  0
    4.2337   -6.5552  -15.0432 H   0  0  0  0  0  0  0  0  0  0  0  0
    5.2386   -6.9716  -13.5884 H   0  0  0  0  0  0  0  0  0  0  0  0
    5.8835   -7.9095  -16.4492 H   0  0  0  0  0  0  0  0  0  0  0  0
    6.7065   -8.4142  -14.9536 H   0  0  0  0  0  0  0  0  0  0  0  0
    4.7909   -9.2501  -14.1570 H   0  0  0  0  0  0  0  0  0  0  0  0
    3.0469   -7.7550  -15.1774 H   0  0  0  0  0  0  0  0  0  0  0  0
    3.4031   -8.5747  -16.7656 H   0  0  0  0  0  0  0  0  0  0  0  0
    2.6405  -10.7245  -15.7985 H   0  0  0  0  0  0  0  0  0  0  0  0
    0.5472   -8.5288  -15.7166 H   0  0  0  0  0  0  0  0  0  0  0  0
    1.1138   -9.4369  -17.1587 H   0  0  0  0  0  0  0  0  0  0  0  0
   -1.0012  -10.3461  -16.2829 H   0  0  0  0  0  0  0  0  0  0  0  0
    0.3927  -11.5293  -16.1303 H   0  0  0  0  0  0  0  0  0  0  0  0
    2.3230   -9.1778  -13.3286 H   0  0  0  0  0  0  0  0  0  0  0  0
    2.6572  -10.9896  -13.7153 H   0  0  0  0  0  0  0  0  0  0  0  0
    1.6477  -12.4577  -11.8796 H   0  0  0  0  0  0  0  0  0  0  0  0
    1.0731  -12.6859   -9.4255 H   0  0  0  0  0  0  0  0  0  0  0  0
   -2.1140   -8.1008   -7.7350 H   0  0  0  0  0  0  0  0  0  0  0  0
   -2.6261   -9.6164   -8.5284 H   0  0  0  0  0  0  0  0  0  0  0  0
    0.1296   -9.1617   -7.2103 H   0  0  0  0  0  0  0  0  0  0  0  0
   -0.8601   -9.8498   -5.2153 H   0  0  0  0  0  0  0  0  0  0  0  0
   -2.4536   -9.7260   -6.0352 H   0  0  0  0  0  0  0  0  0  0  0  0
   -1.5624  -11.2856   -6.0352 H   0  0  0  0  0  0  0  0  0  0  0  0
   -0.8571   -7.4124  -11.4568 H   0  0  0  0  0  0  0  0  0  0  0  0
    0.2593   -7.8131  -12.8058 H   0  0  0  0  0  0  0  0  0  0  0  0
   -1.4173   -8.4580  -12.8058 H   0  0  0  0  0  0  0  0  0  0  0  0
  1  2  1  0
  3  4  1  0
  4  5  1  0
  5  6  1  0
  6  7  1  0
  7  8  2  0
  8  3  1  0
  2  3  1  0
  6  9  1  0
 10 11  1  0
 11 12  1  0
 12 13  1  0
 13 14  1  0
 14 15  1  0
 15 10  1  0
  9 10  1  0
 13 16  1  1
 17 18  1  0
 18 19  1  0
 19 20  1  0
 19 21  1  0
 13 17  1  0
 22 23  1  0
 23 24  1  0
 24 25  1  0
 25 26  2  0
 25 27  1  0
 27 28  1  0
 28 22  1  0
 21 22  1  0
 29 30  2  0
 30 31  1  0
 31 32  2  0
 32 33  1  0
 33 34  2  0
 33 35  1  0
 35 36  1  0
 36 37  1  0
 37 38  1  0
 34 29  1  0
 38 32  1  0
 27 29  1  0
 37 39  1  0
 34 40  1  0
  2 41  1  0
  2 42  1  0
  3 43  1  6
  4 44  1  0
  4 45  1  0
  5 46  1  0
  5 47  1  0
  6 48  1  1
  7 49  1  0
  9 50  1  0
 10 51  1  1
 11 52  1  0
 11 53  1  0
 12 54  1  0
 12 55  1  0
 14 56  1  0
 14 57  1  0
 15 58  1  0
 15 59  1  0
 16 60  1  0
 16 61  1  0
 16 62  1  0
 17 63  1  0
 17 64  1  0
 18 65  1  0
 18 66  1  0
 19 67  1  1
 21 68  1  0
 21 69  1  0
 22 70  1  6
 23 71  1  0
 23 72  1  0
 24 73  1  0
 24 74  1  0
 28 75  1  0
 28 76  1  0
 30 77  1  0
 31 78  1  0
 36 79  1  0
 36 80  1  0
 37 81  1  1
 39 82  1  0
 39 83  1  0
 39 84  1  0
 40 85  1  0
 40 86  1  0
 40 87  1  0
M  CHG  2  10   1  19   1
M  END
"
1l2s_Lingo3DMolv2_12427,1l2s,"1l2s_Lingo3DMolv2_12427
     RDKit          3D

 32 32  0  0  0  0  0  0  0  0999 V2000
   51.2110    1.9890   22.7062 Cl  0  0  0  0  0  0  0  0  0  0  0  0
   51.8110    0.3890   22.7062 C   0  0  0  0  0  0  0  0  0  0  0  0
   53.1110    0.1890   22.4062 C   0  0  0  0  0  0  0  0  0  0  0  0
   53.6110   -1.1110   22.4062 C   0  0  0  0  0  0  0  0  0  0  0  0
   52.8110   -2.2110   22.8062 C   0  0  0  0  0  0  0  0  0  0  0  0
   51.5110   -2.0110   23.1062 C   0  0  0  0  0  0  0  0  0  0  0  0
   50.9110   -0.7110   23.1062 C   0  0  0  0  0  0  0  0  0  0  0  0
   49.6110   -0.5110   23.4062 N   0  0  0  0  0  0  0  0  0  0  0  0
   50.7110   -3.1110   23.5062 O   0  0  0  0  0  0  0  0  0  0  0  0
   53.4110   -3.4110   22.8062 O   0  0  0  0  0  0  0  0  0  0  0  0
   52.7110   -4.5110   22.4062 C   0  0  0  0  0  0  0  0  0  0  0  0
   51.7110   -4.9110   23.3062 C   0  0  0  0  0  0  0  0  0  0  0  0
   50.4110   -4.8110   23.1062 C   0  0  0  0  0  0  0  0  0  0  0  0
   49.7110   -4.2110   21.8062 C   0  0  0  0  0  0  0  0  0  0  0  0
   50.6110   -3.8110   20.7062 N   0  0  0  0  0  0  0  0  0  0  0  0
   50.4110   -4.3110   19.6062 C   0  0  0  0  0  0  0  0  0  0  0  0
   51.2110   -4.0110   18.4062 N   0  0  0  0  0  4  0  0  0  0  0  0
   51.7110   -5.1110   17.9062 O   0  0  0  0  0  1  0  0  0  0  0  0
   53.7659    1.0394   22.1653 H   0  0  0  0  0  0  0  0  0  0  0  0
   54.6492   -1.2880   22.0889 H   0  0  0  0  0  0  0  0  0  0  0  0
   49.2203    0.4420   23.3939 H   0  0  0  0  0  0  0  0  0  0  0  0
   49.0091   -1.3112   23.6474 H   0  0  0  0  0  0  0  0  0  0  0  0
   49.7560   -2.9737   23.7282 H   0  0  0  0  0  0  0  0  0  0  0  0
   52.2363   -4.2860   21.4397 H   0  0  0  0  0  0  0  0  0  0  0  0
   53.4311   -5.3400   22.3424 H   0  0  0  0  0  0  0  0  0  0  0  0
   52.0400   -5.3457   24.2615 H   0  0  0  0  0  0  0  0  0  0  0  0
   49.7513   -5.1740   23.9080 H   0  0  0  0  0  0  0  0  0  0  0  0
   49.0209   -4.9730   21.4148 H   0  0  0  0  0  0  0  0  0  0  0  0
   49.2213   -3.2834   22.1375 H   0  0  0  0  0  0  0  0  0  0  0  0
   49.5828   -5.0283   19.5082 H   0  0  0  0  0  0  0  0  0  0  0  0
   50.6101   -3.5600   17.7015 H   0  0  0  0  0  0  0  0  0  0  0  0
   51.9829   -3.3811   18.6675 H   0  0  0  0  0  0  0  0  0  0  0  0
  2  3  2  0
  3  4  1  0
  4  5  2  0
  5  6  1  0
  6  7  2  0
  7  2  1  0
  1  2  1  0
  7  8  1  0
  6  9  1  0
 10 11  1  0
 11 12  1  0
 12 13  2  0
 13 14  1  0
 14 15  1  0
 15 16  2  3
 16 17  1  0
 17 18  1  0
  5 10  1  0
  3 19  1  0
  4 20  1  0
  8 21  1  0
  8 22  1  0
  9 23  1  0
 11 24  1  0
 11 25  1  0
 12 26  1  0
 13 27  1  0
 14 28  1  0
 14 29  1  0
 16 30  1  0
 17 31  1  0
 17 32  1  0
M  CHG  2  17   1  18  -1
M  END
"
1e66_Lingo3DMolv2_426991,1e66,"1e66_Lingo3DMolv2_426991
     RDKit          3D

 37 38  0  0  0  0  0  0  0  0999 V2000
    4.8288   69.4352   63.9631 N   0  0  0  0  0  0  0  0  0  0  0  0
    3.8288   68.7352   63.0631 C   0  0  0  0  0  0  0  0  0  0  0  0
    3.6288   67.2352   63.3631 C   0  0  0  0  0  0  0  0  0  0  0  0
    3.0288   66.9352   64.7631 C   0  0  0  0  0  0  0  0  0  0  0  0
    2.7288   65.4352   64.9631 C   0  0  0  0  0  0  0  0  0  0  0  0
    3.9288   64.5352   64.6631 C   0  0  0  0  0  0  0  0  0  0  0  0
    4.5288   64.8352   63.3631 C   0  0  0  0  0  0  0  0  0  0  0  0
    4.8288   66.3352   63.1631 C   0  0  0  0  0  0  0  0  0  0  0  0
    4.7288   69.6352   65.2631 C   0  0  0  0  0  0  0  0  0  0  0  0
    3.5288   69.5352   65.8631 N   0  0  0  0  0  0  0  0  0  0  0  0
    3.5288   69.8352   67.2631 C   0  0  0  0  0  0  0  0  0  0  0  0
    4.6288   70.2352   67.9631 C   0  0  0  0  0  0  0  0  0  0  0  0
    5.8288   70.3352   67.2631 C   0  0  0  0  0  0  0  0  0  0  0  0
    5.9288   70.0352   65.9631 N   0  0  0  0  0  0  0  0  0  0  0  0
    7.0288   70.7352   67.8631 O   0  0  0  0  0  0  0  0  0  0  0  0
    7.1288   70.9352   69.1631 C   0  0  0  0  0  0  0  0  0  0  0  0
    2.2288   69.7352   67.8631 N   0  0  0  0  0  0  0  0  0  0  0  0
    5.6806   69.7943   63.5089 H   0  0  0  0  0  0  0  0  0  0  0  0
    2.8573   69.2389   63.1739 H   0  0  0  0  0  0  0  0  0  0  0  0
    4.2348   68.7957   62.0426 H   0  0  0  0  0  0  0  0  0  0  0  0
    2.8986   66.9841   62.5797 H   0  0  0  0  0  0  0  0  0  0  0  0
    3.7464   67.2578   65.5319 H   0  0  0  0  0  0  0  0  0  0  0  0
    2.0780   67.4821   64.8457 H   0  0  0  0  0  0  0  0  0  0  0  0
    2.4249   65.2758   66.0082 H   0  0  0  0  0  0  0  0  0  0  0  0
    1.9319   65.1640   64.2550 H   0  0  0  0  0  0  0  0  0  0  0  0
    4.6871   64.6819   65.4464 H   0  0  0  0  0  0  0  0  0  0  0  0
    3.5749   63.4939   64.6412 H   0  0  0  0  0  0  0  0  0  0  0  0
    5.4718   64.2755   63.2759 H   0  0  0  0  0  0  0  0  0  0  0  0
    3.8011   64.5420   62.5921 H   0  0  0  0  0  0  0  0  0  0  0  0
    5.6068   66.6311   63.8823 H   0  0  0  0  0  0  0  0  0  0  0  0
    5.1487   66.4590   62.1180 H   0  0  0  0  0  0  0  0  0  0  0  0
    4.5707   70.4692   69.0364 H   0  0  0  0  0  0  0  0  0  0  0  0
    6.6995   70.0766   69.7003 H   0  0  0  0  0  0  0  0  0  0  0  0
    8.1885   71.0462   69.4366 H   0  0  0  0  0  0  0  0  0  0  0  0
    6.5818   71.8495   69.4366 H   0  0  0  0  0  0  0  0  0  0  0  0
    2.1089   69.9293   68.8675 H   0  0  0  0  0  0  0  0  0  0  0  0
    1.4158   69.4693   67.2893 H   0  0  0  0  0  0  0  0  0  0  0  0
  1  2  1  0
  3  4  1  0
  4  5  1  0
  5  6  1  0
  6  7  1  0
  7  8  1  0
  8  3  1  0
  2  3  1  0
  9 10  2  0
 10 11  1  0
 11 12  2  0
 12 13  1  0
 13 14  2  0
 14  9  1  0
  1  9  1  0
 15 16  1  0
 13 15  1  0
 11 17  1  0
  1 18  1  0
  2 19  1  0
  2 20  1  0
  3 21  1  0
  4 22  1  0
  4 23  1  0
  5 24  1  0
  5 25  1  0
  6 26  1  0
  6 27  1  0
  7 28  1  0
  7 29  1  0
  8 30  1  0
  8 31  1  0
 12 32  1  0
 16 33  1  0
 16 34  1  0
 16 35  1  0
 17 36  1  0
 17 37  1  0
M  END
"
2p2i_Lingo3DMolv2_858932,2p2i,"2p2i_Lingo3DMolv2_858932
     RDKit          3D

 52 55  0  0  0  0  0  0  0  0999 V2000
   23.7512    3.8387   28.3559 N   0  0  0  0  0  0  0  0  0  0  0  0
   23.7512    4.5387   27.2559 C   0  0  0  0  0  0  0  0  0  0  0  0
   23.3512    5.7387   27.1559 O   0  0  0  0  0  0  0  0  0  0  0  0
   24.2512    3.9387   26.0559 C   0  0  0  0  0  0  0  0  0  0  0  0
   23.5512    3.8387   24.8559 C   0  0  0  0  0  0  0  0  0  0  0  0
   24.6512    3.1387   23.6559 S   0  0  0  0  0  0  0  0  0  0  0  0
   25.9512    3.1387   24.8559 C   0  0  0  0  0  0  0  0  0  0  0  0
   25.5512    3.5387   25.9559 N   0  0  0  0  0  0  0  0  0  0  0  0
   27.3512    2.6387   24.4559 C   0  0  0  0  0  0  0  0  0  0  0  0
   27.6512    2.9387   23.0559 N   0  0  0  0  0  0  0  0  0  0  0  0
   27.8512    4.2387   22.5559 C   0  0  0  0  0  0  0  0  0  0  0  0
   28.4512    4.3387   21.3559 N   0  0  0  0  0  0  0  0  0  0  0  0
   28.7512    5.6387   20.9559 C   0  0  0  0  0  0  0  0  0  0  0  0
   28.4512    6.7387   21.6559 N   0  0  0  0  0  0  0  0  0  0  0  0
   27.7512    6.5387   22.8559 C   0  0  0  0  0  0  0  0  0  0  0  0
   27.3512    5.3387   23.3559 N   0  0  0  0  0  0  0  0  0  0  0  0
   22.1512    4.3387   24.4559 C   0  0  0  0  0  0  0  0  0  0  0  0
   23.9512    4.3387   29.6559 C   0  0  0  0  0  0  0  0  0  0  0  0
   24.5512    5.4387   29.9559 N   0  0  0  0  0  0  0  0  0  0  0  0
   24.7512    5.8387   31.2559 C   0  0  0  0  0  0  0  0  0  0  0  0
   24.2512    4.8387   32.3559 C   0  0  0  0  0  0  0  0  0  0  0  0
   23.5512    3.7387   31.9559 C   0  0  0  0  0  0  0  0  0  0  0  0
   23.2512    3.5387   30.6559 N   0  0  0  0  0  2  0  0  0  0  0  0
   23.0512    2.7387   32.8559 C   0  0  0  0  0  0  0  0  0  0  0  0
   23.2512    1.3387   32.5559 C   0  0  0  0  0  0  0  0  0  0  0  0
   22.8512    0.3387   33.4559 C   0  0  0  0  0  0  0  0  0  0  0  0
   22.1512    0.6387   34.6559 C   0  0  0  0  0  0  0  0  0  0  0  0
   21.9512    1.9387   34.9559 C   0  0  0  0  0  0  0  0  0  0  0  0
   22.3512    3.0387   34.1559 C   0  0  0  0  0  0  0  0  0  0  0  0
   22.0512    4.3387   34.5559 O   0  0  0  0  0  0  0  0  0  0  0  0
   22.9512    4.9387   35.5559 C   0  0  0  0  0  0  0  0  0  0  0  0
   24.9512    5.0387   33.6559 C   0  0  0  0  0  0  0  0  0  0  0  0
   25.2512    4.2387   34.3559 O   0  0  0  0  0  0  0  0  0  0  0  0
   23.5898    2.8256   28.2649 H   0  0  0  0  0  0  0  0  0  0  0  0
   27.3974    1.5499   24.6054 H   0  0  0  0  0  0  0  0  0  0  0  0
   28.0927    3.1537   25.0844 H   0  0  0  0  0  0  0  0  0  0  0  0
   27.7202    2.1507   22.3963 H   0  0  0  0  0  0  0  0  0  0  0  0
   29.2719    5.7704   19.9960 H   0  0  0  0  0  0  0  0  0  0  0  0
   27.5036    7.4337   23.4456 H   0  0  0  0  0  0  0  0  0  0  0  0
   21.5640    4.5485   25.3621 H   0  0  0  0  0  0  0  0  0  0  0  0
   22.2467    5.2583   23.8599 H   0  0  0  0  0  0  0  0  0  0  0  0
   21.6425    3.5667   23.8599 H   0  0  0  0  0  0  0  0  0  0  0  0
   25.8310    5.9900   31.4014 H   0  0  0  0  0  0  0  0  0  0  0  0
   24.1532    6.7529   31.3854 H   0  0  0  0  0  0  0  0  0  0  0  0
   23.7252    1.0522   31.6056 H   0  0  0  0  0  0  0  0  0  0  0  0
   23.0870   -0.7106   33.2252 H   0  0  0  0  0  0  0  0  0  0  0  0
   21.7854   -0.1609   35.3168 H   0  0  0  0  0  0  0  0  0  0  0  0
   21.4344    2.1642   35.9005 H   0  0  0  0  0  0  0  0  0  0  0  0
   22.5894    4.6976   36.5664 H   0  0  0  0  0  0  0  0  0  0  0  0
   23.9663    4.5360   35.4241 H   0  0  0  0  0  0  0  0  0  0  0  0
   22.9699    6.0307   35.4241 H   0  0  0  0  0  0  0  0  0  0  0  0
   25.1900    6.0732   33.9436 H   0  0  0  0  0  0  0  0  0  0  0  0
  1  2  1  0
  2  3  2  0
  4  5  2  0
  5  6  1  0
  6  7  1  0
  7  8  2  0
  8  4  1  0
  2  4  1  0
  9 10  1  0
  7  9  1  0
 11 12  2  0
 12 13  1  0
 13 14  2  0
 14 15  1  0
 15 16  2  0
 16 11  1  0
 10 11  1  0
  5 17  1  0
 18 19  2  0
 19 20  1  0
 20 21  1  0
 21 22  2  0
 22 23  1  0
 23 18  1  0
  1 18  1  0
 24 25  2  0
 25 26  1  0
 26 27  2  0
 27 28  1  0
 28 29  2  0
 29 24  1  0
 22 24  1  0
 30 31  1  0
 29 30  1  0
 32 33  2  0
 21 32  1  0
  1 34  1  0
  9 35  1  0
  9 36  1  0
 10 37  1  0
 13 38  1  0
 15 39  1  0
 17 40  1  0
 17 41  1  0
 17 42  1  0
 20 43  1  0
 20 44  1  0
 25 45  1  0
 26 46  1  0
 27 47  1  0
 28 48  1  0
 31 49  1  0
 31 50  1  0
 31 51  1  0
 32 52  1  0
M  CHG  1  23  -1
M  END
"
1b9v_Lingo3DMolv2_826289,1b9v,"1b9v_Lingo3DMolv2_826289
     RDKit          3D

 42 42  0  0  0  0  0  0  0  0999 V2000
   33.3875  -13.2909   66.1233 O   0  0  0  0  0  0  0  0  0  0  0  0
   32.5874  -12.3909   66.5233 C   0  0  0  0  0  0  0  0  0  0  0  0
   31.9874  -12.4909   67.7233 N   0  0  0  0  0  0  0  0  0  0  0  0
   32.3875  -11.1909   65.7233 C   0  0  0  0  0  0  0  0  0  0  0  0
   31.1874  -10.7909   65.4233 C   0  0  0  0  0  0  0  0  0  0  0  0
   30.7874   -9.5909   64.5233 C   0  0  1  0  0  0  0  0  0  0  0  0
   32.0874   -8.9909   63.7233 C   0  0  2  0  0  0  0  0  0  0  0  0
   33.2874   -8.9909   64.6233 N   0  0  0  0  0  0  0  0  0  0  0  0
   33.6874  -10.2909   65.3233 C   0  0  1  0  0  0  0  0  0  0  0  0
   34.4875   -9.9909   66.4233 O   0  0  0  0  0  1  0  0  0  0  0  0
   31.7874   -7.6909   63.0233 C   0  0  1  0  0  0  0  0  0  0  0  0
   31.3875   -6.6909   63.9233 O   0  0  0  0  0  0  0  0  0  0  0  0
   32.9875   -7.0909   62.2233 C   0  0  2  0  0  0  0  0  0  0  0  0
   33.4875   -7.9909   61.1233 C   0  0  0  0  0  0  0  0  0  0  0  0
   34.0874   -6.7909   63.0233 O   0  0  0  0  0  0  0  0  0  0  0  0
   29.5875   -9.8909   63.5233 C   0  0  1  0  0  0  0  0  0  0  0  0
   29.0875   -8.6909   62.9233 O   0  0  0  0  0  0  0  0  0  0  0  0
   28.3875   -7.8909   63.7233 C   0  0  0  0  0  0  0  0  0  0  0  0
   29.5875  -11.1909   62.9233 C   0  0  0  0  0  0  0  0  0  0  0  0
   28.7874  -12.2909   63.3233 C   0  0  0  0  0  0  0  0  0  0  0  0
   27.8875  -12.1909   64.3233 O   0  0  0  0  0  0  0  0  0  0  0  0
   31.3398  -11.7546   68.0382 H   0  0  0  0  0  0  0  0  0  0  0  0
   32.1758  -13.3039   68.3271 H   0  0  0  0  0  0  0  0  0  0  0  0
   30.3592  -11.3701   65.8577 H   0  0  0  0  0  0  0  0  0  0  0  0
   30.4067   -8.8242   65.2141 H   0  0  0  0  0  0  0  0  0  0  0  0
   32.3447   -9.6578   62.8872 H   0  0  0  0  0  0  0  0  0  0  0  0
   34.0926   -8.6946   64.0534 H   0  0  0  0  0  0  0  0  0  0  0  0
   34.2716  -10.9103   64.6268 H   0  0  0  0  0  0  0  0  0  0  0  0
   30.9840   -7.9662   62.3243 H   0  0  0  0  0  0  0  0  0  0  0  0
   31.5157   -7.0115   64.8512 H   0  0  0  0  0  0  0  0  0  0  0  0
   32.5630   -6.1708   61.7952 H   0  0  0  0  0  0  0  0  0  0  0  0
   33.9768   -8.8719   61.5643 H   0  0  0  0  0  0  0  0  0  0  0  0
   32.6402   -8.3152   60.5013 H   0  0  0  0  0  0  0  0  0  0  0  0
   34.2104   -7.4429   60.5013 H   0  0  0  0  0  0  0  0  0  0  0  0
   33.8309   -6.8609   63.9769 H   0  0  0  0  0  0  0  0  0  0  0  0
   28.6418  -10.1681   64.0121 H   0  0  0  0  0  0  0  0  0  0  0  0
   28.6052   -8.1398   64.7725 H   0  0  0  0  0  0  0  0  0  0  0  0
   28.6651   -6.8444   63.5295 H   0  0  0  0  0  0  0  0  0  0  0  0
   27.3133   -8.0272   63.5295 H   0  0  0  0  0  0  0  0  0  0  0  0
   30.2698  -11.3507   62.0754 H   0  0  0  0  0  0  0  0  0  0  0  0
   28.9039  -13.2534   62.8035 H   0  0  0  0  0  0  0  0  0  0  0  0
   27.3432  -12.9771   64.5799 H   0  0  0  0  0  0  0  0  0  0  0  0
  1  2  2  0
  2  3  1  0
  4  5  2  0
  5  6  1  0
  6  7  1  0
  7  8  1  0
  8  9  1  0
  9  4  1  0
  2  4  1  0
  9 10  1  0
 11 12  1  0
 11 13  1  0
 13 14  1  0
 13 15  1  0
  7 11  1  0
 16 17  1  0
 17 18  1  0
 16 19  1  0
 19 20  2  0
 20 21  1  0
  6 16  1  0
  3 22  1  0
  3 23  1  0
  5 24  1  0
  6 25  1  1
  7 26  1  6
  8 27  1  0
  9 28  1  6
 11 29  1  6
 12 30  1  0
 13 31  1  6
 14 32  1  0
 14 33  1  0
 14 34  1  0
 15 35  1  0
 16 36  1  1
 18 37  1  0
 18 38  1  0
 18 39  1  0
 19 40  1  0
 20 41  1  0
 21 42  1  0
M  CHG  1  10  -1
M  END
"
1vso_Lingo3DMolv2_757020,1vso,"1vso_Lingo3DMolv2_757020
     RDKit          3D

 44 45  0  0  0  0  0  0  0  0999 V2000
   40.2805    3.4922    3.3295 O   0  0  0  0  0  0  0  0  0  0  0  0
   40.1805    4.5922    3.8295 C   0  0  0  0  0  0  0  0  0  0  0  0
   40.6805    5.5922    3.3295 O   0  0  0  0  0  1  0  0  0  0  0  0
   39.3805    4.7922    5.2295 C   0  0  1  0  0  0  0  0  0  0  0  0
   38.6805    3.5922    5.4295 O   0  0  0  0  0  0  0  0  0  0  0  0
   37.7805    3.5922    6.5295 C   0  0  2  0  0  0  0  0  0  0  0  0
   38.5805    3.8922    7.8295 C   0  0  2  0  0  0  0  0  0  0  0  0
   39.6805    2.8922    8.0295 N   0  0  0  0  0  0  0  0  0  0  0  0
   40.5805    2.8922    6.7295 C   0  0  1  0  0  0  0  0  0  0  0  0
   40.0805    1.8922    5.8295 C   0  0  0  0  0  0  0  0  0  0  0  0
   37.7805    3.9922    9.0295 N   0  0  0  0  0  0  0  0  0  0  0  0
   38.1805    3.7922   10.3295 C   0  0  0  0  0  0  0  0  0  0  0  0
   38.4805    3.5922   11.4295 N   0  0  0  0  0  0  0  0  0  0  0  0
   37.0805    2.2922    6.5295 C   0  0  0  0  0  0  0  0  0  0  0  0
   36.1805    2.0922    7.6295 O   0  0  0  0  0  0  0  0  0  0  0  0
   38.4805    6.0922    5.1295 C   0  0  0  0  0  0  0  0  0  0  0  0
   37.7805    6.3922    6.3295 C   0  0  0  0  0  0  0  0  0  0  0  0
   38.0805    7.2922    7.2295 C   0  0  0  0  0  0  0  0  0  0  0  0
   39.2805    8.1922    7.2295 N   0  0  0  0  0  0  0  0  0  0  0  0
   39.5805    8.5922    8.3295 C   0  0  0  0  0  0  0  0  0  0  0  0
   38.6805    8.2922    9.3295 C   0  0  0  0  0  0  0  0  0  0  0  0
   37.3805    7.3922    8.7295 S   0  0  0  0  0  0  0  0  0  0  0  0
   38.6805    8.5922   10.8295 C   0  0  0  0  0  0  0  0  0  0  0  0
   40.8805    9.1922    8.5295 N   0  0  0  0  0  4  0  0  0  0  0  0
   41.5805    9.2922    7.6295 O   0  0  0  0  0  0  0  0  0  0  0  0
   41.1805    9.6922    9.6295 O   0  0  0  0  0  1  0  0  0  0  0  0
   37.0124    4.3765    6.4591 H   0  0  0  0  0  0  0  0  0  0  0  0
   39.0043    4.8943    7.6676 H   0  0  0  0  0  0  0  0  0  0  0  0
   40.2479    3.1553    8.8478 H   0  0  0  0  0  0  0  0  0  0  0  0
   41.6439    2.8872    7.0107 H   0  0  0  0  0  0  0  0  0  0  0  0
   39.6619    1.0551    6.4074 H   0  0  0  0  0  0  0  0  0  0  0  0
   39.2948    2.3293    5.1956 H   0  0  0  0  0  0  0  0  0  0  0  0
   40.9015    1.5259    5.1956 H   0  0  0  0  0  0  0  0  0  0  0  0
   36.7909    4.2438    8.8941 H   0  0  0  0  0  0  0  0  0  0  0  0
   37.8385    1.4956    6.5586 H   0  0  0  0  0  0  0  0  0  0  0  0
   36.4644    2.2728    5.6184 H   0  0  0  0  0  0  0  0  0  0  0  0
   36.6719    2.2014    8.4820 H   0  0  0  0  0  0  0  0  0  0  0  0
   37.7448    5.9451    4.3250 H   0  0  0  0  0  0  0  0  0  0  0  0
   39.1552    6.9376    4.9292 H   0  0  0  0  0  0  0  0  0  0  0  0
   36.8774    5.7953    6.5247 H   0  0  0  0  0  0  0  0  0  0  0  0
   39.7981    8.4446    6.3755 H   0  0  0  0  0  0  0  0  0  0  0  0
   39.7176    8.6642   11.1890 H   0  0  0  0  0  0  0  0  0  0  0  0
   38.1619    9.5449   11.0129 H   0  0  0  0  0  0  0  0  0  0  0  0
   38.1619    7.7834   11.3652 H   0  0  0  0  0  0  0  0  0  0  0  0
  1  2  2  0
  2  3  1  0
  4  5  1  0
  5  6  1  0
  6  7  1  0
  7  8  1  0
  8  9  1  0
  9  4  1  0
  2  4  1  0
  9 10  1  0
 11 12  1  0
 12 13  3  0
  7 11  1  0
 14 15  1  0
  6 14  1  0
 16 17  1  0
 17 18  2  0
 18 19  1  0
 19 20  1  0
 20 21  2  0
 21 22  1  0
 22 18  1  0
  4 16  1  1
 21 23  1  0
 24 25  2  0
 24 26  1  0
 20 24  1  0
  6 27  1  6
  7 28  1  6
  8 29  1  0
  9 30  1  1
 10 31  1  0
 10 32  1  0
 10 33  1  0
 11 34  1  0
 14 35  1  0
 14 36  1  0
 15 37  1  0
 16 38  1  0
 16 39  1  0
 17 40  1  0
 19 41  1  0
 23 42  1  0
 23 43  1  0
 23 44  1  0
M  CHG  3   3  -1  24   1  26  -1
M  END
"
3hmm_Lingo3DMolv2_1016671,3hmm,"3hmm_Lingo3DMolv2_1016671
     RDKit          3D

 30 32  0  0  0  0  0  0  0  0999 V2000
   11.3388   66.2490    6.8769 N   0  0  0  0  0  0  0  0  0  0  0  0
   11.6388   65.3490    5.8769 C   0  0  0  0  0  0  0  0  0  0  0  0
   12.9388   65.1490    5.2769 C   0  0  0  0  0  0  0  0  0  0  0  0
   13.1388   64.2490    4.2769 C   0  0  0  0  0  0  0  0  0  0  0  0
   12.1388   63.4490    3.8769 N   0  0  0  0  0  0  0  0  0  0  0  0
   10.9388   63.6490    4.3769 C   0  0  0  0  0  0  0  0  0  0  0  0
   10.6388   64.5490    5.3769 C   0  0  0  0  0  0  0  0  0  0  0  0
   14.6388   64.2490    3.7769 C   0  0  0  0  0  0  0  0  0  0  0  0
   15.1388   65.4490    4.4769 C   0  0  0  0  0  0  0  0  0  0  0  0
   14.3388   65.7490    5.6769 C   0  0  1  0  0  0  0  0  0  0  0  0
   15.0388   66.3490    6.7769 N   0  0  0  0  0  0  0  0  0  0  0  0
   14.5388   66.7490    7.8769 C   0  0  0  0  0  0  0  0  0  0  0  0
   13.3388   66.7490    8.1769 O   0  0  0  0  0  0  0  0  0  0  0  0
   15.5388   67.3490    8.8769 C   0  0  0  0  0  0  0  0  0  0  0  0
   15.5388   67.1490   10.2769 C   0  0  0  0  0  0  0  0  0  0  0  0
   16.6388   67.8490   10.7769 O   0  0  0  0  0  0  0  0  0  0  0  0
   17.2388   68.3490    9.6769 C   0  0  0  0  0  0  0  0  0  0  0  0
   16.6388   68.0490    8.5769 N   0  0  0  0  0  0  0  0  0  0  0  0
    9.3388   64.6490    5.8769 F   0  0  0  0  0  0  0  0  0  0  0  0
   10.3766   66.3152    7.2385 H   0  0  0  0  0  0  0  0  0  0  0  0
   12.0768   66.8552    7.2626 H   0  0  0  0  0  0  0  0  0  0  0  0
   10.1113   63.0523    3.9656 H   0  0  0  0  0  0  0  0  0  0  0  0
   15.1741   63.3404    4.0900 H   0  0  0  0  0  0  0  0  0  0  0  0
   14.7643   64.2624    2.6842 H   0  0  0  0  0  0  0  0  0  0  0  0
   16.1830   65.2779    4.7775 H   0  0  0  0  0  0  0  0  0  0  0  0
   15.0632   66.3048    3.7900 H   0  0  0  0  0  0  0  0  0  0  0  0
   14.6291   64.7814    6.1123 H   0  0  0  0  0  0  0  0  0  0  0  0
   16.0556   66.4688    6.6640 H   0  0  0  0  0  0  0  0  0  0  0  0
   14.8149   66.5584   10.8576 H   0  0  0  0  0  0  0  0  0  0  0  0
   18.1551   68.9563    9.7156 H   0  0  0  0  0  0  0  0  0  0  0  0
  2  3  2  0
  3  4  1  0
  4  5  2  0
  5  6  1  0
  6  7  2  0
  4  8  1  0
  8  9  1  0
  9 10  1  0
  7  2  1  0
 10  3  1  0
  1  2  1  0
 11 12  1  0
 12 13  2  0
 10 11  1  0
 14 15  2  0
 15 16  1  0
 16 17  1  0
 17 18  2  0
 18 14  1  0
 12 14  1  0
  7 19  1  0
  1 20  1  0
  1 21  1  0
  6 22  1  0
  8 23  1  0
  8 24  1  0
  9 25  1  0
  9 26  1  0
 10 27  1  6
 11 28  1  0
 15 29  1  0
 17 30  1  0
M  END
"
2h7l_Lingo3DMolv2_581762,2h7l,"2h7l_Lingo3DMolv2_581762
     RDKit          3D

 31 31  0  0  0  0  0  0  0  0999 V2000
    8.7997   33.7730   56.7505 O   0  0  0  0  0  0  0  0  0  0  0  0
    7.9997   34.4730   57.8505 S   0  0  0  0  0  0  0  0  0  0  0  0
    7.7997   35.8730   57.6505 O   0  0  0  0  0  0  0  0  0  0  0  0
    6.6997   33.7730   58.1505 N   0  0  0  0  0  2  0  0  0  0  0  0
    8.9997   34.2730   59.3505 C   0  0  0  0  0  0  0  0  0  0  0  0
   10.2997   35.0730   59.3505 C   0  0  0  0  0  0  0  0  0  0  0  0
   10.9997   35.1730   60.7505 C   0  0  0  0  0  0  0  0  0  0  0  0
   11.8997   34.4730   60.9505 O   0  0  0  0  0  0  0  0  0  0  0  0
   10.4997   36.0730   61.5505 N   0  0  0  0  0  0  0  0  0  0  0  0
   11.0997   36.2730   62.7505 O   0  0  0  0  0  0  0  0  0  0  0  0
   12.2997   36.9730   62.6505 C   0  0  0  0  0  0  0  0  0  0  0  0
    6.5997   32.4730   58.3505 C   0  0  0  0  0  0  0  0  0  0  0  0
    6.1997   31.6730   57.3505 C   0  0  0  0  0  0  0  0  0  0  0  0
    6.0997   30.2730   57.5505 C   0  0  0  0  0  0  0  0  0  0  0  0
    6.4997   29.6730   58.7505 C   0  0  0  0  0  0  0  0  0  0  0  0
    6.8997   30.4730   59.7505 C   0  0  0  0  0  0  0  0  0  0  0  0
    6.9997   31.8730   59.6505 C   0  0  0  0  0  0  0  0  0  0  0  0
    7.3997   32.5730   60.6505 O   0  0  0  0  0  0  0  0  0  0  0  0
    8.3967   34.5957   60.2121 H   0  0  0  0  0  0  0  0  0  0  0  0
    9.2833   33.2114   59.4006 H   0  0  0  0  0  0  0  0  0  0  0  0
   10.9988   34.5931   58.6499 H   0  0  0  0  0  0  0  0  0  0  0  0
   10.0360   36.1000   59.0576 H   0  0  0  0  0  0  0  0  0  0  0  0
    9.6696   36.6186   61.2781 H   0  0  0  0  0  0  0  0  0  0  0  0
   12.6799   37.1948   63.6586 H   0  0  0  0  0  0  0  0  0  0  0  0
   13.0360   36.3628   62.1070 H   0  0  0  0  0  0  0  0  0  0  0  0
   12.1309   37.9144   62.1070 H   0  0  0  0  0  0  0  0  0  0  0  0
    5.9481   32.1054   56.3708 H   0  0  0  0  0  0  0  0  0  0  0  0
    5.6981   29.6429   56.7433 H   0  0  0  0  0  0  0  0  0  0  0  0
    6.4864   28.5796   58.8698 H   0  0  0  0  0  0  0  0  0  0  0  0
    7.1664   30.0048   60.7095 H   0  0  0  0  0  0  0  0  0  0  0  0
    7.4667   33.5575   60.5704 H   0  0  0  0  0  0  0  0  0  0  0  0
  1  2  2  0
  2  3  2  0
  2  4  1  0
  2  5  1  0
  5  6  1  0
  6  7  1  0
  7  8  2  0
  7  9  1  0
  9 10  1  0
 10 11  1  0
 12 13  2  0
 13 14  1  0
 14 15  2  0
 15 16  1  0
 16 17  2  0
 17 12  1  0
  4 12  1  0
 17 18  1  0
  5 19  1  0
  5 20  1  0
  6 21  1  0
  6 22  1  0
  9 23  1  0
 11 24  1  0
 11 25  1  0
 11 26  1  0
 13 27  1  0
 14 28  1  0
 15 29  1  0
 16 30  1  0
 18 31  1  0
M  CHG  1   4  -1
M  END
"
3bgs_Lingo3DMolv2_1074659,3bgs,"3bgs_Lingo3DMolv2_1074659
     RDKit          3D

 10 10  0  0  0  0  0  0  0  0999 V2000
   16.3113   10.1059   54.8912 O   0  0  0  0  0  0  0  0  0  0  0  0
   15.3113   10.5059   55.3912 C   0  0  0  0  0  0  0  0  0  0  0  0
   15.0113   11.8059   55.3912 N   0  0  0  0  0  2  0  0  0  0  0  0
   14.0113   12.2059   56.1912 C   0  0  0  0  0  0  0  0  0  0  0  0
   13.2113   11.5059   56.9912 N   0  0  0  0  0  0  0  0  0  0  0  0
   13.3113   10.2059   56.8912 C   0  0  0  0  0  0  0  0  0  0  0  0
   14.2113    9.6059   55.9912 C   0  0  0  0  0  0  0  0  0  0  0  0
   14.3113    8.3059   55.7912 F   0  0  0  0  0  0  0  0  0  0  0  0
   13.8220   13.2895   56.1846 H   0  0  0  0  0  0  0  0  0  0  0  0
   12.6780    9.5674   57.5246 H   0  0  0  0  0  0  0  0  0  0  0  0
  1  2  2  0
  2  3  1  0
  3  4  1  0
  4  5  2  0
  5  6  1  0
  6  7  2  0
  7  2  1  0
  7  8  1  0
  4  9  1  0
  6 10  1  0
M  CHG  1   3  -1
M  END
"
2oj9_Lingo3DMolv2_1047314,2oj9,"2oj9_Lingo3DMolv2_1047314
     RDKit          3D

 33 34  0  0  0  0  0  0  0  0999 V2000
    2.5950   -2.1383   18.7408 N   0  0  0  0  0  0  0  0  0  0  0  0
    3.1950   -3.3383   18.8408 C   0  0  0  0  0  0  0  0  0  0  0  0
    3.0950   -4.2383   17.9408 N   0  0  0  0  0  4  0  0  0  0  0  0
    4.0950   -3.5383   20.0408 C   0  0  0  0  0  0  0  0  0  0  0  0
    4.7950   -2.5383   20.5408 C   0  0  0  0  0  0  0  0  0  0  0  0
    5.6950   -2.6383   21.6408 N   0  0  0  0  0  0  0  0  0  0  0  0
    5.8950   -3.8383   22.1408 C   0  0  0  0  0  0  0  0  0  0  0  0
    6.7950   -3.9383   23.2408 C   0  0  0  0  0  0  0  0  0  0  0  0
    6.9950   -5.2383   23.8408 C   0  0  0  0  0  0  0  0  0  0  0  0
    6.2950   -6.3383   23.3408 C   0  0  0  0  0  0  0  0  0  0  0  0
    5.3950   -6.2383   22.2408 C   0  0  0  0  0  0  0  0  0  0  0  0
    5.1950   -4.9383   21.6408 C   0  0  0  0  0  0  0  0  0  0  0  0
    4.2950   -4.8383   20.5408 N   0  0  0  0  0  4  0  0  0  0  0  0
    6.4950   -7.7383   24.0408 C   0  0  0  0  0  0  0  0  0  0  0  0
    6.8950   -8.6383   23.1408 O   0  0  0  0  0  0  0  0  0  0  0  0
    7.5950   -2.7383   23.8408 C   0  0  0  0  0  0  0  0  0  0  0  0
    6.6950   -1.6383   24.4408 C   0  0  0  0  0  0  0  0  0  0  0  0
    2.7046   -1.4434   19.4932 H   0  0  0  0  0  0  0  0  0  0  0  0
    2.0260   -1.9145   17.9119 H   0  0  0  0  0  0  0  0  0  0  0  0
    3.5728   -5.1428   18.0616 H   0  0  0  0  0  0  0  0  0  0  0  0
    2.5365   -4.0600   17.0940 H   0  0  0  0  0  0  0  0  0  0  0  0
    4.6745   -1.5505   20.0721 H   0  0  0  0  0  0  0  0  0  0  0  0
    7.6919   -5.3598   24.6832 H   0  0  0  0  0  0  0  0  0  0  0  0
    4.8675   -7.1249   21.8590 H   0  0  0  0  0  0  0  0  0  0  0  0
    3.8232   -5.6611   20.1392 H   0  0  0  0  0  0  0  0  0  0  0  0
    5.5431   -8.0641   24.4854 H   0  0  0  0  0  0  0  0  0  0  0  0
    7.2581   -7.6463   24.8278 H   0  0  0  0  0  0  0  0  0  0  0  0
    7.2497   -9.4363   23.6072 H   0  0  0  0  0  0  0  0  0  0  0  0
    8.2049   -2.2919   23.0416 H   0  0  0  0  0  0  0  0  0  0  0  0
    8.2100   -3.1369   24.6612 H   0  0  0  0  0  0  0  0  0  0  0  0
    6.7365   -1.6891   25.5389 H   0  0  0  0  0  0  0  0  0  0  0  0
    7.0485   -0.6521   24.1057 H   0  0  0  0  0  0  0  0  0  0  0  0
    5.6583   -1.7895   24.1057 H   0  0  0  0  0  0  0  0  0  0  0  0
  1  2  1  0
  2  3  2  0
  4  5  2  0
  5  6  1  0
  6  7  2  0
  7  8  1  0
  8  9  2  0
  9 10  1  0
 10 11  2  0
 11 12  1  0
 12 13  2  0
 13  4  1  0
 12  7  1  0
  2  4  1  0
 14 15  1  0
 10 14  1  0
 16 17  1  0
  8 16  1  0
  1 18  1  0
  1 19  1  0
  3 20  1  0
  3 21  1  0
  5 22  1  0
  9 23  1  0
 11 24  1  0
 13 25  1  0
 14 26  1  0
 14 27  1  0
 15 28  1  0
 16 29  1  0
 16 30  1  0
 17 31  1  0
 17 32  1  0
 17 33  1  0
M  CHG  2   3   1  13   1
M  END
"
1xl2_Lingo3DMolv2_77780,1xl2,"1xl2_Lingo3DMolv2_77780
     RDKit          3D

 47 50  0  0  0  0  0  0  0  0999 V2000
   15.7937   -5.1637   13.9709 O   0  0  0  0  0  0  0  0  0  0  0  0
   16.5938   -6.2637   13.4709 C   0  0  0  0  0  0  0  0  0  0  0  0
   17.5938   -6.4637   14.5709 C   0  0  0  0  0  0  0  0  0  0  0  0
   17.4937   -5.2637   15.4709 C   0  0  1  0  0  0  0  0  0  0  0  0
   18.9937   -4.1637   15.2709 S   0  0  0  0  0  3  0  0  0  0  0  0
   17.8938   -2.6637   15.0709 C   0  0  0  0  0  0  0  0  0  0  0  0
   16.4937   -3.1637   14.5709 N   0  0  0  0  0  4  0  0  0  0  0  0
   16.2937   -4.5637   15.0709 C   0  0  1  0  0  0  0  0  0  0  0  0
   20.1938   -4.7637   13.9709 C   0  0  0  0  0  0  0  0  0  0  0  0
   21.5938   -4.2637   14.2709 C   0  0  2  0  0  0  0  0  0  0  0  0
   22.5938   -4.7637   13.2709 C   0  0  0  0  0  0  0  0  0  0  0  0
   22.7937   -6.3637   13.1709 C   0  0  0  0  0  0  0  0  0  0  0  0
   21.9937   -4.7637   15.5709 O   0  0  0  0  0  0  0  0  0  0  0  0
   23.3938   -4.2637   16.2709 S   0  0  0  0  0  0  0  0  0  0  0  0
   23.3938   -4.7637   17.6709 O   0  0  0  0  0  0  0  0  0  0  0  0
   24.4937   -4.3637   15.3709 O   0  0  0  0  0  0  0  0  0  0  0  0
   23.0938   -2.5637   16.5709 C   0  0  0  0  0  0  0  0  0  0  0  0
   22.1938   -1.8637   15.7709 C   0  0  0  0  0  0  0  0  0  0  0  0
   22.0938   -0.4637   15.9709 C   0  0  0  0  0  0  0  0  0  0  0  0
   22.7937    0.1363   16.9709 C   0  0  0  0  0  0  0  0  0  0  0  0
   23.5938   -0.5637   17.7709 C   0  0  0  0  0  0  0  0  0  0  0  0
   24.3938   -0.0637   18.7709 N   0  0  0  0  0  0  0  0  0  0  0  0
   24.9937   -1.1637   19.2709 N   0  0  0  0  0  0  0  0  0  0  0  0
   24.6938   -2.1637   18.5709 N   0  0  0  0  0  0  0  0  0  0  0  0
   23.7937   -1.9637   17.5709 C   0  0  0  0  0  0  0  0  0  0  0  0
   15.9812   -7.1651   13.3217 H   0  0  0  0  0  0  0  0  0  0  0  0
   17.0530   -6.0625   12.4918 H   0  0  0  0  0  0  0  0  0  0  0  0
   17.3601   -7.3797   15.1334 H   0  0  0  0  0  0  0  0  0  0  0  0
   18.6109   -6.5701   14.1657 H   0  0  0  0  0  0  0  0  0  0  0  0
   17.4525   -5.5590   16.5297 H   0  0  0  0  0  0  0  0  0  0  0  0
   17.7846   -2.1476   16.0361 H   0  0  0  0  0  0  0  0  0  0  0  0
   18.3314   -1.9579   14.3496 H   0  0  0  0  0  0  0  0  0  0  0  0
   15.7521   -2.5517   14.9401 H   0  0  0  0  0  0  0  0  0  0  0  0
   16.4538   -3.1430   13.5419 H   0  0  0  0  0  0  0  0  0  0  0  0
   15.6754   -4.5683   15.9806 H   0  0  0  0  0  0  0  0  0  0  0  0
   19.8784   -4.3885   12.9861 H   0  0  0  0  0  0  0  0  0  0  0  0
   20.2003   -5.8637   13.9726 H   0  0  0  0  0  0  0  0  0  0  0  0
   21.5724   -3.1645   14.2353 H   0  0  0  0  0  0  0  0  0  0  0  0
   22.2789   -4.4060   12.2795 H   0  0  0  0  0  0  0  0  0  0  0  0
   23.5629   -4.3758   13.6175 H   0  0  0  0  0  0  0  0  0  0  0  0
   22.8471   -6.7906   14.1833 H   0  0  0  0  0  0  0  0  0  0  0  0
   21.9440   -6.8064   12.6306 H   0  0  0  0  0  0  0  0  0  0  0  0
   23.7264   -6.5836   12.6306 H   0  0  0  0  0  0  0  0  0  0  0  0
   21.5840   -2.3774   15.0130 H   0  0  0  0  0  0  0  0  0  0  0  0
   21.4481    0.1391   15.3153 H   0  0  0  0  0  0  0  0  0  0  0  0
   22.6965    1.2216   17.1211 H   0  0  0  0  0  0  0  0  0  0  0  0
   25.1093   -3.0897   18.7461 H   0  0  0  0  0  0  0  0  0  0  0  0
  1  2  1  0
  2  3  1  0
  4  3  1  0
  4  5  1  0
  5  6  1  0
  6  7  1  0
  8  7  1  0
  8  1  1  0
  8  4  1  0
 10  9  1  0
 10 11  1  0
 11 12  1  0
 10 13  1  0
 13 14  1  0
 14 15  2  0
 14 16  2  0
  5  9  1  6
 17 18  2  0
 18 19  1  0
 19 20  2  0
 20 21  1  0
 21 22  1  0
 22 23  2  0
 23 24  1  0
 24 25  1  0
 25 17  1  0
 25 21  2  0
 14 17  1  0
  2 26  1  0
  2 27  1  0
  3 28  1  0
  3 29  1  0
  4 30  1  1
  6 31  1  0
  6 32  1  0
  7 33  1  0
  7 34  1  0
  8 35  1  1
  9 36  1  0
  9 37  1  0
 10 38  1  1
 11 39  1  0
 11 40  1  0
 12 41  1  0
 12 42  1  0
 12 43  1  0
 18 44  1  0
 19 45  1  0
 20 46  1  0
 24 47  1  0
M  CHG  2   5   1   7   1
M  END
"
3lan_Lingo3DMolv2_906818,3lan,"3lan_Lingo3DMolv2_906818
     RDKit          3D

 49 50  0  0  0  0  0  0  0  0999 V2000
    8.0853   11.6400   13.9445 N   0  0  0  0  0  0  0  0  0  0  0  0
    6.8853   11.4400   13.9445 C   0  0  0  0  0  0  0  0  0  0  0  0
    6.0853   11.2400   12.9445 O   0  0  0  0  0  0  0  0  0  0  0  0
    6.3853   11.3400   15.2445 O   0  0  0  0  0  0  0  0  0  0  0  0
    7.4853   11.5400   16.1445 C   0  0  0  0  0  0  0  0  0  0  0  0
    8.6853   11.7400   15.2445 C   0  0  0  0  0  0  0  0  0  0  0  0
    9.9853   11.9400   15.5445 C   0  0  0  0  0  0  0  0  0  0  0  0
   11.0853   12.1400   14.6445 N   0  0  0  0  0  0  0  0  0  0  0  0
   12.4853   12.3400   14.9445 C   0  0  0  0  0  0  0  0  0  0  0  0
   12.9853   13.1400   15.8445 C   0  0  0  0  0  0  0  0  0  0  0  0
   12.1853   14.0400   16.7445 C   0  0  0  0  0  0  0  0  0  0  0  0
   12.4853   15.2400   16.6445 O   0  0  0  0  0  0  0  0  0  0  0  0
   11.4853   13.4400   17.8445 C   0  0  0  0  0  0  0  0  0  0  0  0
   10.9853   12.2400   17.7445 C   0  0  0  0  0  0  0  0  0  0  0  0
   10.2853   11.5400   18.8445 C   0  0  0  0  0  0  0  0  0  0  0  0
    9.8853   10.3400   18.6445 O   0  0  0  0  0  0  0  0  0  0  0  0
   10.1853   12.3400   20.1445 C   0  0  0  0  0  0  0  0  0  0  0  0
    9.7853   11.6400   21.2445 C   0  0  0  0  0  0  0  0  0  0  0  0
    9.6853   12.1400   22.6445 C   0  0  0  0  0  0  0  0  0  0  0  0
    9.2853   11.0400   23.6445 C   0  0  0  0  0  0  0  0  0  0  0  0
   10.4853   13.7400   20.0445 C   0  0  0  0  0  0  0  0  0  0  0  0
   10.9853   14.3400   18.9445 C   0  0  0  0  0  0  0  0  0  0  0  0
   11.1853   15.6400   18.8445 O   0  0  0  0  0  0  0  0  0  0  0  0
   10.5853   16.5400   19.6445 C   0  0  0  0  0  0  0  0  0  0  0  0
   10.3853   14.4400   21.2445 O   0  0  0  0  0  0  0  0  0  0  0  0
    7.5853   10.2400   17.0445 C   0  0  0  0  0  0  0  0  0  0  0  0
    7.0853   12.7400   17.0445 C   0  0  0  0  0  0  0  0  0  0  0  0
    8.6306   11.7309   13.0755 H   0  0  0  0  0  0  0  0  0  0  0  0
   10.2341   11.9512   16.6160 H   0  0  0  0  0  0  0  0  0  0  0  0
   10.8430   12.1412   13.6434 H   0  0  0  0  0  0  0  0  0  0  0  0
   13.2042   11.7559   14.3512 H   0  0  0  0  0  0  0  0  0  0  0  0
   14.0797   13.1578   15.9540 H   0  0  0  0  0  0  0  0  0  0  0  0
   11.0903   11.7156   16.7833 H   0  0  0  0  0  0  0  0  0  0  0  0
    9.5053   10.5891   21.0798 H   0  0  0  0  0  0  0  0  0  0  0  0
   10.6626   12.5474   22.9427 H   0  0  0  0  0  0  0  0  0  0  0  0
    8.8986   12.9086   22.6660 H   0  0  0  0  0  0  0  0  0  0  0  0
    9.4202   11.4111   24.6712 H   0  0  0  0  0  0  0  0  0  0  0  0
    8.2308   10.7684   23.4885 H   0  0  0  0  0  0  0  0  0  0  0  0
    9.9190   10.1545   23.4885 H   0  0  0  0  0  0  0  0  0  0  0  0
   10.7639   16.2722   20.6964 H   0  0  0  0  0  0  0  0  0  0  0  0
   10.9980   17.5400   19.4457 H   0  0  0  0  0  0  0  0  0  0  0  0
    9.5034   16.5436   19.4457 H   0  0  0  0  0  0  0  0  0  0  0  0
   10.5748   15.4114   21.2682 H   0  0  0  0  0  0  0  0  0  0  0  0
    7.5633   10.5265   18.1063 H   0  0  0  0  0  0  0  0  0  0  0  0
    6.7355    9.5765   16.8261 H   0  0  0  0  0  0  0  0  0  0  0  0
    8.5265    9.7143   16.8261 H   0  0  0  0  0  0  0  0  0  0  0  0
    7.1810   12.4530   18.1021 H   0  0  0  0  0  0  0  0  0  0  0  0
    7.7478   13.5926   16.8346 H   0  0  0  0  0  0  0  0  0  0  0  0
    6.0437   13.0246   16.8346 H   0  0  0  0  0  0  0  0  0  0  0  0
  1  2  1  0
  2  3  2  0
  2  4  1  0
  4  5  1  0
  5  6  1  0
  6  7  2  3
  7  8  1  0
  8  9  1  0
  9 10  2  3
 10 11  1  0
 11 12  2  0
  6  1  1  0
 13 14  2  0
 14 15  1  0
 15 16  2  0
 15 17  1  0
 17 18  2  0
 18 19  1  0
 19 20  1  0
 17 21  1  0
 21 22  2  0
 22 13  1  0
 11 13  1  0
 23 24  1  0
 22 23  1  0
 21 25  1  0
  5 26  1  0
  5 27  1  0
  1 28  1  0
  7 29  1  0
  8 30  1  0
  9 31  1  0
 10 32  1  0
 14 33  1  0
 18 34  1  0
 19 35  1  0
 19 36  1  0
 20 37  1  0
 20 38  1  0
 20 39  1  0
 24 40  1  0
 24 41  1  0
 24 42  1  0
 25 43  1  0
 26 44  1  0
 26 45  1  0
 26 46  1  0
 27 47  1  0
 27 48  1  0
 27 49  1  0
M  END
"
2h7l_Lingo3DMolv2_495899,2h7l,"2h7l_Lingo3DMolv2_495899
     RDKit          3D

 40 42  0  0  0  0  0  0  0  0999 V2000
   10.5997   33.1730   61.9505 C   0  0  0  0  0  0  0  0  0  0  0  0
   11.7997   32.6730   62.5505 C   0  0  0  0  0  0  0  0  0  0  0  0
   12.8997   33.4730   62.5505 C   0  0  0  0  0  0  0  0  0  0  0  0
   12.8997   34.7730   61.9505 C   0  0  0  0  0  0  0  0  0  0  0  0
   11.6997   35.2730   61.3505 C   0  0  0  0  0  0  0  0  0  0  0  0
   10.5997   34.4730   61.3505 C   0  0  0  0  0  0  0  0  0  0  0  0
    9.2997   35.0730   60.7505 C   0  0  0  0  0  0  0  0  0  0  0  0
    8.9997   34.5730   59.2505 C   0  0  2  0  0  0  0  0  0  0  0  0
    8.4997   35.6730   58.4505 C   0  0  0  0  0  0  0  0  0  0  0  0
    8.1997   35.4730   57.2505 O   0  0  0  0  0  0  0  0  0  0  0  0
    8.1997   33.2730   59.2505 C   0  0  0  0  0  0  0  0  0  0  0  0
    7.3997   32.9730   58.1505 C   0  0  0  0  0  0  0  0  0  0  0  0
    6.5997   31.7730   58.0505 C   0  0  0  0  0  0  0  0  0  0  0  0
    6.6997   30.8730   59.1505 C   0  0  0  0  0  0  0  0  0  0  0  0
    7.4997   31.1730   60.2505 C   0  0  0  0  0  0  0  0  0  0  0  0
    8.1997   32.2730   60.2505 C   0  0  0  0  0  0  0  0  0  0  0  0
    5.8997   29.6730   59.0505 N   0  0  0  0  0  0  0  0  0  0  0  0
    4.4997   29.6730   59.0505 C   0  0  0  0  0  0  0  0  0  0  0  0
    3.8997   28.6730   59.0505 O   0  0  0  0  0  0  0  0  0  0  0  0
    3.7997   30.9730   59.1505 C   0  0  0  0  0  0  0  0  0  0  0  0
    2.6997   30.9730   58.4505 O   0  0  0  0  0  0  0  0  0  0  0  0
    2.1997   32.1730   58.6505 C   0  0  0  0  0  0  0  0  0  0  0  0
    2.9997   32.8730   59.4505 C   0  0  0  0  0  0  0  0  0  0  0  0
    4.0997   32.0730   59.7505 N   0  0  0  0  0  0  0  0  0  0  0  0
   13.9997   33.1730   63.0505 O   0  0  0  0  0  1  0  0  0  0  0  0
   11.6997   31.1730   63.4505 Cl  0  0  0  0  0  0  0  0  0  0  0  0
    9.6844   32.5629   61.9505 H   0  0  0  0  0  0  0  0  0  0  0  0
   13.8149   35.3832   61.9505 H   0  0  0  0  0  0  0  0  0  0  0  0
   11.6682   36.2768   60.9018 H   0  0  0  0  0  0  0  0  0  0  0  0
    9.3933   36.1690   60.7409 H   0  0  0  0  0  0  0  0  0  0  0  0
    8.4639   34.7334   61.3799 H   0  0  0  0  0  0  0  0  0  0  0  0
    9.9254   34.2773   58.7352 H   0  0  0  0  0  0  0  0  0  0  0  0
    8.3846   36.6738   58.8924 H   0  0  0  0  0  0  0  0  0  0  0  0
    7.3753   33.6867   57.3138 H   0  0  0  0  0  0  0  0  0  0  0  0
    5.9561   31.5683   57.1823 H   0  0  0  0  0  0  0  0  0  0  0  0
    7.5405   30.4887   61.1108 H   0  0  0  0  0  0  0  0  0  0  0  0
    8.8571   32.4403   61.1164 H   0  0  0  0  0  0  0  0  0  0  0  0
    6.3864   28.7684   58.9751 H   0  0  0  0  0  0  0  0  0  0  0  0
    1.2579   32.5436   58.2194 H   0  0  0  0  0  0  0  0  0  0  0  0
    2.8242   33.8978   59.8099 H   0  0  0  0  0  0  0  0  0  0  0  0
  1  2  2  0
  2  3  1  0
  3  4  2  0
  4  5  1  0
  5  6  2  0
  6  1  1  0
  8  7  1  0
  8  9  1  0
  9 10  2  0
  6  7  1  0
 11 12  2  0
 12 13  1  0
 13 14  2  0
 14 15  1  0
 15 16  2  0
 16 11  1  0
  8 11  1  0
 17 18  1  0
 18 19  2  0
 14 17  1  0
 20 21  1  0
 21 22  1  0
 22 23  2  0
 23 24  1  0
 24 20  2  0
 18 20  1  0
  3 25  1  0
  2 26  1  0
  1 27  1  0
  4 28  1  0
  5 29  1  0
  7 30  1  0
  7 31  1  0
  8 32  1  6
  9 33  1  0
 12 34  1  0
 13 35  1  0
 15 36  1  0
 16 37  1  0
 17 38  1  0
 22 39  1  0
 23 40  1  0
M  CHG  1  25  -1
M  END
"
3l5d_Lingo3DMolv2_775178,3l5d,"3l5d_Lingo3DMolv2_775178
     RDKit          3D

 55 55  0  0  0  0  0  0  0  0999 V2000
   21.0791   35.1837   59.2483 N   0  0  0  0  0  0  0  0  0  0  0  0
   20.8791   34.5837   58.0483 C   0  0  0  0  0  0  0  0  0  0  0  0
   20.4791   35.1837   56.9483 N   0  0  0  0  0  4  0  0  0  0  0  0
   20.2791   34.5837   55.6483 C   0  0  1  0  0  0  0  0  0  0  0  0
   21.2791   33.4837   55.5483 N   0  0  0  0  0  0  0  0  0  0  0  0
   22.5791   33.7837   55.9483 N   0  0  0  0  0  0  0  0  0  0  0  0
   22.7791   33.8837   57.6483 S   0  0  0  0  0  0  0  0  0  0  0  0
   23.8791   34.8837   58.0483 O   0  0  0  0  0  0  0  0  0  0  0  0
   22.6791   32.5837   58.2483 O   0  0  0  0  0  0  0  0  0  0  0  0
   23.3791   34.6837   55.1483 C   0  0  0  0  0  0  0  0  0  0  0  0
   24.7791   34.3837   55.1483 C   0  0  0  0  0  0  0  0  0  0  0  0
   25.7791   35.2837   55.5483 C   0  0  0  0  0  0  0  0  0  0  0  0
   21.0791   32.3837   54.4483 C   0  0  0  0  0  0  0  0  0  0  0  0
   20.2791   31.1837   54.9483 C   0  0  0  0  0  0  0  0  0  0  0  0
   20.8791   30.5837   56.1483 O   0  0  0  0  0  0  0  0  0  0  0  0
   18.7791   34.0837   55.5483 C   0  0  0  0  0  0  0  0  0  0  0  0
   18.2791   33.6837   54.1483 C   0  0  0  0  0  0  0  0  0  0  0  0
   17.0791   33.7837   53.7483 C   0  0  0  0  0  0  0  0  0  0  0  0
   15.8791   34.3837   54.5483 C   0  0  0  0  0  0  0  0  0  0  0  0
   14.9791   33.2837   55.0483 C   0  0  0  0  0  0  0  0  0  0  0  0
   13.7791   33.7837   55.7483 C   0  0  0  0  0  0  0  0  0  0  0  0
   13.9791   34.7837   56.9483 C   0  0  0  0  0  0  0  0  0  0  0  0
   12.6791   35.4837   57.4483 C   0  0  0  0  0  0  0  0  0  0  0  0
   20.9791   35.3837   54.6483 C   0  0  0  0  0  0  0  0  0  0  0  0
   21.3945   34.6277   60.0559 H   0  0  0  0  0  0  0  0  0  0  0  0
   20.9155   36.1954   59.3519 H   0  0  0  0  0  0  0  0  0  0  0  0
   20.2870   36.1930   57.0212 H   0  0  0  0  0  0  0  0  0  0  0  0
   23.2450   35.7034   55.5384 H   0  0  0  0  0  0  0  0  0  0  0  0
   23.0331   34.5751   54.1098 H   0  0  0  0  0  0  0  0  0  0  0  0
   25.0910   33.3835   54.8133 H   0  0  0  0  0  0  0  0  0  0  0  0
   26.8359   34.9797   55.5205 H   0  0  0  0  0  0  0  0  0  0  0  0
   25.5060   36.2931   55.8897 H   0  0  0  0  0  0  0  0  0  0  0  0
   22.0681   32.0335   54.1180 H   0  0  0  0  0  0  0  0  0  0  0  0
   20.5107   32.8398   53.6243 H   0  0  0  0  0  0  0  0  0  0  0  0
   19.2575   31.5132   55.1888 H   0  0  0  0  0  0  0  0  0  0  0  0
   20.2750   30.4230   54.1538 H   0  0  0  0  0  0  0  0  0  0  0  0
   20.4749   30.9879   56.9567 H   0  0  0  0  0  0  0  0  0  0  0  0
   18.1318   34.8939   55.9153 H   0  0  0  0  0  0  0  0  0  0  0  0
   18.7400   33.1608   56.1455 H   0  0  0  0  0  0  0  0  0  0  0  0
   19.0185   33.2805   53.4408 H   0  0  0  0  0  0  0  0  0  0  0  0
   16.8620   33.4104   52.7366 H   0  0  0  0  0  0  0  0  0  0  0  0
   16.2644   34.9547   55.4059 H   0  0  0  0  0  0  0  0  0  0  0  0
   15.3014   35.0433   53.8841 H   0  0  0  0  0  0  0  0  0  0  0  0
   14.6551   32.6796   54.1881 H   0  0  0  0  0  0  0  0  0  0  0  0
   15.5578   32.6941   55.7745 H   0  0  0  0  0  0  0  0  0  0  0  0
   13.1539   34.2931   55.0002 H   0  0  0  0  0  0  0  0  0  0  0  0
   13.3407   32.8873   56.2112 H   0  0  0  0  0  0  0  0  0  0  0  0
   14.4102   34.2233   57.7909 H   0  0  0  0  0  0  0  0  0  0  0  0
   14.6342   35.5844   56.5744 H   0  0  0  0  0  0  0  0  0  0  0  0
   12.6662   35.4907   58.5482 H   0  0  0  0  0  0  0  0  0  0  0  0
   12.6527   36.5180   57.0748 H   0  0  0  0  0  0  0  0  0  0  0  0
   11.8010   34.9364   57.0748 H   0  0  0  0  0  0  0  0  0  0  0  0
   21.6229   36.1195   55.1525 H   0  0  0  0  0  0  0  0  0  0  0  0
   21.5969   34.7259   54.0194 H   0  0  0  0  0  0  0  0  0  0  0  0
   20.2451   35.9088   54.0194 H   0  0  0  0  0  0  0  0  0  0  0  0
  1  2  1  0
  2  3  2  0
  3  4  1  0
  4  5  1  0
  5  6  1  0
  6  7  1  0
  7  8  2  0
  7  9  2  0
  7  2  1  0
 10 11  1  0
 11 12  2  0
  6 10  1  0
 13 14  1  0
 14 15  1  0
  5 13  1  0
 16 17  1  0
 17 18  2  0
 18 19  1  0
 19 20  1  0
 20 21  1  0
 21 22  1  0
 22 23  1  0
  4 16  1  6
  4 24  1  0
  1 25  1  0
  1 26  1  0
  3 27  1  0
 10 28  1  0
 10 29  1  0
 11 30  1  0
 12 31  1  0
 12 32  1  0
 13 33  1  0
 13 34  1  0
 14 35  1  0
 14 36  1  0
 15 37  1  0
 16 38  1  0
 16 39  1  0
 17 40  1  0
 18 41  1  0
 19 42  1  0
 19 43  1  0
 20 44  1  0
 20 45  1  0
 21 46  1  0
 21 47  1  0
 22 48  1  0
 22 49  1  0
 23 50  1  0
 23 51  1  0
 23 52  1  0
 24 53  1  0
 24 54  1  0
 24 55  1  0
M  CHG  1   3   1
M  END
"
3pbl_Lingo3DMolv2_663529,3pbl,"3pbl_Lingo3DMolv2_663529
     RDKit          3D

 25 25  0  0  0  0  0  0  0  0999 V2000
    1.6499   12.1377   -8.3268 N   0  0  0  0  0  0  0  0  0  0  0  0
    0.5499   11.9377   -9.4268 C   0  0  2  0  0  0  0  0  0  0  0  0
   -0.5501   13.0377   -9.3268 C   0  0  0  0  0  0  0  0  0  0  0  0
   -0.0501   10.5377   -9.2268 N   0  0  0  0  0  4  0  0  0  0  0  0
    2.9499   12.4377   -8.6268 C   0  0  0  0  0  0  0  0  0  0  0  0
    3.4499   12.6377   -9.9268 C   0  0  0  0  0  0  0  0  0  0  0  0
    4.7499   13.0377  -10.1268 C   0  0  0  0  0  0  0  0  0  0  0  0
    5.5499   13.3377   -9.1268 N   0  0  0  0  0  4  0  0  0  0  0  0
    5.1499   13.2377   -7.8268 C   0  0  0  0  0  0  0  0  0  0  0  0
    3.8499   12.7377   -7.5268 C   0  0  0  0  0  0  0  0  0  0  0  0
    3.5499   12.5377   -6.2268 O   0  0  0  0  0  1  0  0  0  0  0  0
    5.9499   13.7377   -6.8268 N   0  0  0  0  0  0  0  0  0  0  0  0
    1.3819   12.0390   -7.3372 H   0  0  0  0  0  0  0  0  0  0  0  0
    0.9922   12.0253  -10.4301 H   0  0  0  0  0  0  0  0  0  0  0  0
   -0.7618   13.2494   -8.2683 H   0  0  0  0  0  0  0  0  0  0  0  0
   -0.1973   13.9550   -9.8208 H   0  0  0  0  0  0  0  0  0  0  0  0
   -1.4674   12.6849   -9.8208 H   0  0  0  0  0  0  0  0  0  0  0  0
   -0.1344   10.3410   -8.2193 H   0  0  0  0  0  0  0  0  0  0  0  0
   -0.9821   10.4980   -9.6635 H   0  0  0  0  0  0  0  0  0  0  0  0
    0.5639    9.8354   -9.6635 H   0  0  0  0  0  0  0  0  0  0  0  0
    2.7928   12.4720  -10.7933 H   0  0  0  0  0  0  0  0  0  0  0  0
    5.1331   13.1091  -11.1554 H   0  0  0  0  0  0  0  0  0  0  0  0
    6.5072   13.6578   -9.3317 H   0  0  0  0  0  0  0  0  0  0  0  0
    5.6518   13.6644   -5.8436 H   0  0  0  0  0  0  0  0  0  0  0  0
    6.8474   14.1856   -7.0608 H   0  0  0  0  0  0  0  0  0  0  0  0
  1  2  1  0
  2  3  1  0
  2  4  1  0
  5  6  2  0
  6  7  1  0
  7  8  2  0
  8  9  1  0
  9 10  2  0
 10  5  1  0
  1  5  1  0
 10 11  1  0
  9 12  1  0
  1 13  1  0
  2 14  1  6
  3 15  1  0
  3 16  1  0
  3 17  1  0
  4 18  1  0
  4 19  1  0
  4 20  1  0
  6 21  1  0
  7 22  1  0
  8 23  1  0
 12 24  1  0
 12 25  1  0
M  CHG  3   4   1   8   1  11  -1
M  END
"
1mv9_Lingo3DMolv2_716743,1mv9,"1mv9_Lingo3DMolv2_716743
     RDKit          3D

 46 47  0  0  0  0  0  0  0  0999 V2000
   54.3929   45.1723   30.6652 O   0  0  0  0  0  0  0  0  0  0  0  0
   55.1929   45.0723   29.8652 C   0  0  0  0  0  0  0  0  0  0  0  0
   55.0929   44.4723   28.7652 O   0  0  0  0  0  1  0  0  0  0  0  0
   56.4929   45.7723   30.1652 C   0  0  0  0  0  0  0  0  0  0  0  0
   57.5929   45.3723   29.8652 C   0  0  0  0  0  0  0  0  0  0  0  0
   58.7929   46.0723   30.1652 C   0  0  0  0  0  0  0  0  0  0  0  0
   59.9929   45.6723   29.7652 C   0  0  0  0  0  0  0  0  0  0  0  0
   61.2929   46.4723   30.0652 C   0  0  0  0  0  0  0  0  0  0  0  0
   62.2929   46.4723   29.2652 C   0  0  0  0  0  0  0  0  0  0  0  0
   63.5929   47.1723   29.4652 C   0  0  0  0  0  0  0  0  0  0  0  0
   64.6929   46.9723   28.4652 C   0  0  0  0  0  0  0  0  0  0  0  0
   64.5929   46.1723   27.2652 C   0  0  0  0  0  0  0  0  0  0  0  0
   61.4929   46.7723   31.5652 C   0  0  0  0  0  0  0  0  0  0  0  0
   60.4929   46.8723   32.4652 C   0  0  0  0  0  0  0  0  0  0  0  0
   60.7929   47.0723   33.8652 C   0  0  0  0  0  0  0  0  0  0  0  0
   62.0929   47.0723   34.2652 C   0  0  0  0  0  0  0  0  0  0  0  0
   62.6929   47.2723   35.4652 N   0  0  0  0  0  0  0  0  0  0  0  0
   63.9929   47.1723   35.4652 N   0  0  0  0  0  0  0  0  0  0  0  0
   64.2929   46.8723   34.1652 C   0  0  0  0  0  0  0  0  0  0  0  0
   63.0929   46.7723   33.3652 C   0  0  0  0  0  0  0  0  0  0  0  0
   62.7929   46.5723   32.0652 C   0  0  0  0  0  0  0  0  0  0  0  0
   65.5929   46.6723   33.7652 O   0  0  0  0  0  0  0  0  0  0  0  0
   65.8929   45.3723   33.4652 C   0  0  0  0  0  0  0  0  0  0  0  0
   65.3929   44.3723   34.4652 C   0  0  0  0  0  0  0  0  0  0  0  0
   65.4929   44.8723   31.9652 C   0  0  0  0  0  0  0  0  0  0  0  0
   56.4357   46.7298   30.7036 H   0  0  0  0  0  0  0  0  0  0  0  0
   57.6698   44.4140   29.3307 H   0  0  0  0  0  0  0  0  0  0  0  0
   58.7230   46.9946   30.7606 H   0  0  0  0  0  0  0  0  0  0  0  0
   60.0721   44.7340   29.1966 H   0  0  0  0  0  0  0  0  0  0  0  0
   62.1806   45.8963   28.3348 H   0  0  0  0  0  0  0  0  0  0  0  0
   63.7441   47.8278   30.3356 H   0  0  0  0  0  0  0  0  0  0  0  0
   65.6520   47.4743   28.6605 H   0  0  0  0  0  0  0  0  0  0  0  0
   64.4608   45.1152   27.5392 H   0  0  0  0  0  0  0  0  0  0  0  0
   63.7297   46.5079   26.6717 H   0  0  0  0  0  0  0  0  0  0  0  0
   65.5121   46.2851   26.6717 H   0  0  0  0  0  0  0  0  0  0  0  0
   59.4467   46.8015   32.1330 H   0  0  0  0  0  0  0  0  0  0  0  0
   59.9834   47.2220   34.5947 H   0  0  0  0  0  0  0  0  0  0  0  0
   62.1579   47.4885   36.3184 H   0  0  0  0  0  0  0  0  0  0  0  0
   63.5861   46.2440   31.3774 H   0  0  0  0  0  0  0  0  0  0  0  0
   66.9915   45.4034   33.5115 H   0  0  0  0  0  0  0  0  0  0  0  0
   65.5799   44.7463   35.4826 H   0  0  0  0  0  0  0  0  0  0  0  0
   64.3128   44.2203   34.3231 H   0  0  0  0  0  0  0  0  0  0  0  0
   65.9194   43.4170   34.3231 H   0  0  0  0  0  0  0  0  0  0  0  0
   64.8071   44.0151   32.0351 H   0  0  0  0  0  0  0  0  0  0  0  0
   64.9996   45.6934   31.4244 H   0  0  0  0  0  0  0  0  0  0  0  0
   66.4022   44.5712   31.4244 H   0  0  0  0  0  0  0  0  0  0  0  0
  1  2  2  0
  2  3  1  0
  2  4  1  0
  4  5  2  0
  5  6  1  0
  6  7  2  0
  7  8  1  0
  8  9  2  0
  9 10  1  0
 10 11  2  0
 11 12  1  0
 13 14  2  0
 14 15  1  0
 15 16  2  0
 16 17  1  0
 17 18  1  0
 18 19  2  0
 19 20  1  0
 20 21  2  0
 21 13  1  0
 20 16  1  0
  8 13  1  0
 22 23  1  0
 23 24  1  0
 23 25  1  0
 19 22  1  0
  4 26  1  0
  5 27  1  0
  6 28  1  0
  7 29  1  0
  9 30  1  0
 10 31  1  0
 11 32  1  0
 12 33  1  0
 12 34  1  0
 12 35  1  0
 14 36  1  0
 15 37  1  0
 17 38  1  0
 21 39  1  0
 23 40  1  0
 24 41  1  0
 24 42  1  0
 24 43  1  0
 25 44  1  0
 25 45  1  0
 25 46  1  0
M  CHG  1   3  -1
M  END
"
1c8k_Lingo3DMolv2_114719,1c8k,"1c8k_Lingo3DMolv2_114719
     RDKit          3D

 35 38  0  0  0  0  0  0  0  0999 V2000
   37.4534   34.1413   34.1511 O   0  0  0  0  0  0  0  0  0  0  0  0
   37.5534   35.4413   33.4511 C   0  0  2  0  0  0  0  0  0  0  0  0
   37.4534   36.6413   34.3511 C   0  0  0  0  0  0  0  0  0  0  0  0
   36.9534   36.8413   35.6511 C   0  0  0  0  0  0  0  0  0  0  0  0
   37.6534   37.7413   36.5511 C   0  0  0  0  0  0  0  0  0  0  0  0
   38.7534   38.4413   36.0511 C   0  0  0  0  0  0  0  0  0  0  0  0
   39.2534   38.2413   34.7511 C   0  0  0  0  0  0  0  0  0  0  0  0
   38.5534   37.3413   33.9511 C   0  0  0  0  0  0  0  0  0  0  0  0
   38.8534   37.0413   32.6511 O   0  0  0  0  0  0  0  0  0  0  0  0
   37.8534   36.1413   32.1511 C   0  0  1  0  0  0  0  0  0  0  0  0
   38.1534   35.6413   30.7511 N   0  0  0  0  0  0  0  0  0  0  0  0
   38.9534   36.1413   29.9511 C   0  0  0  0  0  0  0  0  0  0  0  0
   38.9534   35.3413   28.7511 C   0  0  0  0  0  0  0  0  0  0  0  0
   39.6534   35.3413   27.4511 C   0  0  0  0  0  0  0  0  0  0  0  0
   39.3534   34.4413   26.5511 N   0  0  0  0  0  0  0  0  0  0  0  0
   38.3534   33.4413   26.8511 C   0  0  0  0  0  0  0  0  0  0  0  0
   37.6534   33.3413   28.0511 N   0  0  0  0  0  0  0  0  0  0  0  0
   38.0534   34.3413   28.9511 C   0  0  0  0  0  0  0  0  0  0  0  0
   37.4534   34.5413   30.2511 N   0  0  0  0  0  0  0  0  0  0  0  0
   38.0534   32.4413   25.7511 C   0  0  0  0  0  0  0  0  0  0  0  0
   39.0534   32.3413   24.6511 C   0  0  0  0  0  0  0  0  0  0  0  0
   37.4650   34.2916   35.1295 H   0  0  0  0  0  0  0  0  0  0  0  0
   38.6307   35.3724   33.6626 H   0  0  0  0  0  0  0  0  0  0  0  0
   36.0422   36.3216   35.9822 H   0  0  0  0  0  0  0  0  0  0  0  0
   37.3272   37.8675   37.5940 H   0  0  0  0  0  0  0  0  0  0  0  0
   39.2490   39.1787   36.6996 H   0  0  0  0  0  0  0  0  0  0  0  0
   40.1482   38.7670   34.3865 H   0  0  0  0  0  0  0  0  0  0  0  0
   36.8613   36.3798   31.7401 H   0  0  0  0  0  0  0  0  0  0  0  0
   39.5608   37.0417   30.1251 H   0  0  0  0  0  0  0  0  0  0  0  0
   40.4251   36.0962   27.2402 H   0  0  0  0  0  0  0  0  0  0  0  0
   37.0888   32.7190   25.3012 H   0  0  0  0  0  0  0  0  0  0  0  0
   38.0627   31.4572   26.2425 H   0  0  0  0  0  0  0  0  0  0  0  0
   40.0614   32.2405   25.0799 H   0  0  0  0  0  0  0  0  0  0  0  0
   38.8292   31.4611   24.0306 H   0  0  0  0  0  0  0  0  0  0  0  0
   39.0079   33.2484   24.0306 H   0  0  0  0  0  0  0  0  0  0  0  0
  2  3  1  0
  3  4  2  0
  4  5  1  0
  5  6  2  0
  6  7  1  0
  7  8  2  0
  8  9  1  0
  9 10  1  0
 10  2  1  0
  8  3  1  0
  1  2  1  0
 11 12  1  0
 12 13  2  0
 13 14  1  0
 14 15  2  0
 15 16  1  0
 16 17  2  0
 17 18  1  0
 18 19  2  0
 19 11  1  0
 18 13  1  0
 10 11  1  0
 20 21  1  0
 16 20  1  0
  1 22  1  0
  2 23  1  6
  4 24  1  0
  5 25  1  0
  6 26  1  0
  7 27  1  0
 10 28  1  6
 12 29  1  0
 14 30  1  0
 20 31  1  0
 20 32  1  0
 21 33  1  0
 21 34  1  0
 21 35  1  0
M  END
"
2azr_Lingo3DMolv2_713782,2azr,"2azr_Lingo3DMolv2_713782
     RDKit          3D

 16 16  0  0  0  0  0  0  0  0999 V2000
   44.7206   17.6031    4.7659 O   0  0  0  0  0  0  0  0  0  0  0  0
   45.6206   16.7031    4.7659 C   0  0  0  0  0  0  0  0  0  0  0  0
   46.6206   16.7031    5.4659 O   0  0  0  0  0  1  0  0  0  0  0  0
   45.4206   15.6031    3.7659 C   0  0  0  0  0  0  0  0  0  0  0  0
   44.8206   15.9031    2.4659 C   0  0  0  0  0  0  0  0  0  0  0  0
   44.6206   14.9031    1.5659 C   0  0  0  0  0  0  0  0  0  0  0  0
   45.0206   13.6031    1.8659 C   0  0  0  0  0  0  0  0  0  0  0  0
   45.8206   13.3031    2.9659 C   0  0  0  0  0  0  0  0  0  0  0  0
   46.0206   14.4031    3.9659 C   0  0  0  0  0  0  0  0  0  0  0  0
   44.8206   12.5031    0.8659 N   0  0  0  0  0  4  0  0  0  0  0  0
   44.3206   12.8031   -0.2341 O   0  0  0  0  0  0  0  0  0  0  0  0
   45.1206   11.4031    1.1659 O   0  0  0  0  0  1  0  0  0  0  0  0
   44.5319   16.9349    2.2168 H   0  0  0  0  0  0  0  0  0  0  0  0
   44.1422   15.1214    0.5997 H   0  0  0  0  0  0  0  0  0  0  0  0
   46.2811   12.3125    3.0944 H   0  0  0  0  0  0  0  0  0  0  0  0
   46.6485   14.2381    4.8539 H   0  0  0  0  0  0  0  0  0  0  0  0
  1  2  2  0
  2  3  1  0
  4  5  2  0
  5  6  1  0
  6  7  2  0
  7  8  1  0
  8  9  2  0
  9  4  1  0
  2  4  1  0
 10 11  2  0
 10 12  1  0
  7 10  1  0
  5 13  1  0
  6 14  1  0
  8 15  1  0
  9 16  1  0
M  CHG  3   3  -1  10   1  12  -1
M  END
"
1r9o_Lingo3DMolv2_18886,1r9o,"1r9o_Lingo3DMolv2_18886
     RDKit          3D

 32 34  0  0  0  0  0  0  0  0999 V2000
   10.2672   36.1558   -1.2874 N   0  0  0  0  0  0  0  0  0  0  0  0
   10.9672   37.0558   -2.0874 C   0  0  0  0  0  0  0  0  0  0  0  0
   11.4672   37.8558   -2.7874 N   0  0  0  0  0  0  0  0  0  0  0  0
    9.8672   34.9558   -1.5874 C   0  0  0  0  0  0  0  0  0  0  0  0
   10.2672   33.8558   -0.7874 C   0  0  0  0  0  0  0  0  0  0  0  0
    9.8672   32.5558   -1.0874 C   0  0  0  0  0  0  0  0  0  0  0  0
    8.9672   32.3558   -2.1874 C   0  0  0  0  0  0  0  0  0  0  0  0
    8.5672   33.4558   -2.9874 C   0  0  0  0  0  0  0  0  0  0  0  0
    9.0672   34.7558   -2.6874 C   0  0  0  0  0  0  0  0  0  0  0  0
    7.6672   33.2558   -4.1874 C   0  0  0  0  0  0  0  0  0  0  0  0
    7.7672   34.0558   -5.2874 C   0  0  0  0  0  0  0  0  0  0  0  0
    6.8672   33.8558   -6.3874 C   0  0  0  0  0  0  0  0  0  0  0  0
    5.8672   32.9558   -6.2874 C   0  0  0  0  0  0  0  0  0  0  0  0
    5.6672   32.2558   -5.0874 C   0  0  0  0  0  0  0  0  0  0  0  0
    6.5672   32.3558   -4.0874 C   0  0  0  0  0  0  0  0  0  0  0  0
    8.5672   31.0558   -2.4874 F   0  0  0  0  0  0  0  0  0  0  0  0
    9.8672   36.6558    0.1126 C   0  0  0  0  0  0  0  0  0  0  0  0
   10.6672   36.2558    1.2126 C   0  0  0  0  0  0  0  0  0  0  0  0
   10.6672   37.6558    0.7126 C   0  0  0  0  0  0  0  0  0  0  0  0
   10.9074   34.0329    0.0894 H   0  0  0  0  0  0  0  0  0  0  0  0
   10.2321   31.7033   -0.4957 H   0  0  0  0  0  0  0  0  0  0  0  0
    8.8117   35.6041   -3.3394 H   0  0  0  0  0  0  0  0  0  0  0  0
    8.5303   34.8468   -5.3311 H   0  0  0  0  0  0  0  0  0  0  0  0
    6.9929   34.4369   -7.3128 H   0  0  0  0  0  0  0  0  0  0  0  0
    5.2074   32.7703   -7.1478 H   0  0  0  0  0  0  0  0  0  0  0  0
    4.7751   31.6246   -4.9621 H   0  0  0  0  0  0  0  0  0  0  0  0
    6.4506   31.7364   -3.1859 H   0  0  0  0  0  0  0  0  0  0  0  0
    8.7932   36.5784   -0.1121 H   0  0  0  0  0  0  0  0  0  0  0  0
   10.2005   36.0115    2.1783 H   0  0  0  0  0  0  0  0  0  0  0  0
   11.4293   35.4835    1.3933 H   0  0  0  0  0  0  0  0  0  0  0  0
   10.2013   38.4563    1.3061 H   0  0  0  0  0  0  0  0  0  0  0  0
   11.4307   38.3668    0.3641 H   0  0  0  0  0  0  0  0  0  0  0  0
  1  2  1  0
  2  3  3  0
  4  5  2  0
  5  6  1  0
  6  7  2  0
  7  8  1  0
  8  9  2  0
  9  4  1  0
  1  4  1  0
 10 11  2  0
 11 12  1  0
 12 13  2  0
 13 14  1  0
 14 15  2  0
 15 10  1  0
  8 10  1  0
  7 16  1  0
 17 18  1  0
 18 19  1  0
 19 17  1  0
  1 17  1  0
  5 20  1  0
  6 21  1  0
  9 22  1  0
 11 23  1  0
 12 24  1  0
 13 25  1  0
 14 26  1  0
 15 27  1  0
 17 28  1  0
 18 29  1  0
 18 30  1  0
 19 31  1  0
 19 32  1  0
M  END
"
2ica_Lingo3DMolv2_475142,2ica,"2ica_Lingo3DMolv2_475142
     RDKit          3D

 36 37  0  0  0  0  0  0  0  0999 V2000
  -10.9899    1.8234   26.0460 N   0  0  0  0  0  0  0  0  0  0  0  0
  -10.2899    2.9234   25.3460 C   0  0  0  0  0  0  0  0  0  0  0  0
  -11.0899    4.2234   25.4460 C   0  0  0  0  0  0  0  0  0  0  0  0
  -12.3899    4.1234   24.9460 O   0  0  0  0  0  0  0  0  0  0  0  0
  -13.1899    3.1234   25.6460 C   0  0  0  0  0  0  0  0  0  0  0  0
  -12.3899    1.7234   25.5460 C   0  0  0  0  0  0  0  0  0  0  0  0
  -10.2899    0.9234   26.7460 C   0  0  0  0  0  0  0  0  0  0  0  0
   -9.3899    0.0234   26.1460 C   0  0  0  0  0  0  0  0  0  0  0  0
   -8.5899   -0.7766   26.9460 C   0  0  0  0  0  0  0  0  0  0  0  0
   -8.5899   -0.6766   28.2460 C   0  0  0  0  0  0  0  0  0  0  0  0
   -9.3899    0.2234   28.8460 O   0  0  0  0  0  0  0  0  0  0  0  0
  -10.2899    0.9234   28.1460 C   0  0  0  0  0  0  0  0  0  0  0  0
  -11.0899    1.5234   28.8460 O   0  0  0  0  0  0  0  0  0  0  0  0
   -7.5899   -1.8766   26.3460 C   0  0  0  0  0  0  0  0  0  0  0  0
   -8.2899   -3.1766   25.9460 C   0  0  0  0  0  0  0  0  0  0  0  0
   -8.9899   -3.9766   27.0460 C   0  0  0  0  0  0  0  0  0  0  0  0
   -9.3899   -5.3766   26.5460 C   0  0  0  0  0  0  0  0  0  0  0  0
   -9.2899   -0.0766   24.8460 O   0  0  0  0  0  1  0  0  0  0  0  0
   -9.3010    3.0718   25.8045 H   0  0  0  0  0  0  0  0  0  0  0  0
  -10.1820    2.6553   24.2847 H   0  0  0  0  0  0  0  0  0  0  0  0
  -11.1468    4.5154   26.5050 H   0  0  0  0  0  0  0  0  0  0  0  0
  -10.5662    4.9707   24.8317 H   0  0  0  0  0  0  0  0  0  0  0  0
  -13.3167    3.4115   26.7000 H   0  0  0  0  0  0  0  0  0  0  0  0
  -14.1902    3.0367   25.1969 H   0  0  0  0  0  0  0  0  0  0  0  0
  -12.9238    0.9697   26.1434 H   0  0  0  0  0  0  0  0  0  0  0  0
  -12.3436    1.4427   24.4834 H   0  0  0  0  0  0  0  0  0  0  0  0
   -7.9384   -1.3254   28.8498 H   0  0  0  0  0  0  0  0  0  0  0  0
   -6.8296   -2.1090   27.1063 H   0  0  0  0  0  0  0  0  0  0  0  0
   -7.1469   -1.4510   25.4335 H   0  0  0  0  0  0  0  0  0  0  0  0
   -9.0489   -2.9220   25.1917 H   0  0  0  0  0  0  0  0  0  0  0  0
   -7.4783   -3.8332   25.5992 H   0  0  0  0  0  0  0  0  0  0  0  0
   -8.3076   -4.0826   27.9023 H   0  0  0  0  0  0  0  0  0  0  0  0
   -9.9022   -3.4381   27.3420 H   0  0  0  0  0  0  0  0  0  0  0  0
   -9.5777   -6.0339   27.4078 H   0  0  0  0  0  0  0  0  0  0  0  0
  -10.3024   -5.3013   25.9365 H   0  0  0  0  0  0  0  0  0  0  0  0
   -8.5753   -5.7948   25.9365 H   0  0  0  0  0  0  0  0  0  0  0  0
  1  2  1  0
  2  3  1  0
  3  4  1  0
  4  5  1  0
  5  6  1  0
  6  1  1  0
  7  8  2  0
  8  9  1  0
  9 10  2  0
 10 11  1  0
 11 12  1  0
 12 13  2  0
 12  7  1  0
  1  7  1  0
 14 15  1  0
 15 16  1  0
 16 17  1  0
  9 14  1  0
  8 18  1  0
  2 19  1  0
  2 20  1  0
  3 21  1  0
  3 22  1  0
  5 23  1  0
  5 24  1  0
  6 25  1  0
  6 26  1  0
 10 27  1  0
 14 28  1  0
 14 29  1  0
 15 30  1  0
 15 31  1  0
 16 32  1  0
 16 33  1  0
 17 34  1  0
 17 35  1  0
 17 36  1  0
M  CHG  1  18  -1
M  END
"
2rgp_Lingo3DMolv2_1243350,2rgp,"2rgp_Lingo3DMolv2_1243350
     RDKit          3D

 58 63  0  0  0  0  0  0  0  0999 V2000
   13.3221   33.3818   88.6302 N   0  0  0  0  0  0  0  0  0  0  0  0
   13.3221   34.0818   89.8302 C   0  0  0  0  0  0  0  0  0  0  0  0
   14.4221   34.2818   90.6302 N   0  0  0  0  0  0  0  0  0  0  0  0
   15.6221   33.9818   90.1302 C   0  0  0  0  0  0  0  0  0  0  0  0
   15.8221   33.4818   88.8302 C   0  0  0  0  0  0  0  0  0  0  0  0
   17.0221   33.1818   88.2302 C   0  0  0  0  0  0  0  0  0  0  0  0
   17.1221   32.6818   86.9302 C   0  0  0  0  0  0  0  0  0  0  0  0
   15.9221   32.4818   86.2302 C   0  0  0  0  0  0  0  0  0  0  0  0
   14.7221   32.6818   86.7302 C   0  0  0  0  0  0  0  0  0  0  0  0
   14.6221   33.1818   88.0302 C   0  0  0  0  0  0  0  0  0  0  0  0
   18.4221   32.3818   86.3302 C   0  0  0  0  0  0  0  0  0  0  0  0
   18.8221   32.5818   84.9302 C   0  0  0  0  0  0  0  0  0  0  0  0
   20.1221   32.1818   84.8302 N   0  0  0  0  0  0  0  0  0  0  0  0
   20.6221   31.6818   86.0302 C   0  0  0  0  0  0  0  0  0  0  0  0
   21.9221   31.1818   86.4302 C   0  0  0  0  0  0  0  0  0  0  0  0
   22.1221   30.7818   87.8302 C   0  0  0  0  0  0  0  0  0  0  0  0
   21.0221   30.8818   88.7302 C   0  0  0  0  0  0  0  0  0  0  0  0
   19.7221   31.3818   88.3302 C   0  0  0  0  0  0  0  0  0  0  0  0
   19.5221   31.7818   87.0302 C   0  0  0  0  0  0  0  0  0  0  0  0
   16.7221   34.2818   90.9302 N   0  0  0  0  0  0  0  0  0  0  0  0
   16.7221   34.4818   92.3302 C   0  0  0  0  0  0  0  0  0  0  0  0
   17.6221   35.4818   92.9302 C   0  0  0  0  0  0  0  0  0  0  0  0
   17.6221   35.6818   94.2302 C   0  0  0  0  0  0  0  0  0  0  0  0
   16.8221   34.9818   95.1302 C   0  0  0  0  0  0  0  0  0  0  0  0
   16.0221   33.8818   94.6302 C   0  0  0  0  0  0  0  0  0  0  0  0
   16.2221   33.4818   93.3302 C   0  0  0  0  0  0  0  0  0  0  0  0
   15.3221   33.0818   95.5302 F   0  0  0  0  0  0  0  0  0  0  0  0
   16.7221   35.1818   96.5302 O   0  0  0  0  0  0  0  0  0  0  0  0
   17.4221   36.3818   97.0302 N   0  0  0  0  0  0  0  0  0  0  0  0
   18.3221   36.0818   98.0302 C   0  0  0  0  0  0  0  0  0  0  0  0
   16.6221   37.5818   97.1302 C   0  0  0  0  0  0  0  0  0  0  0  0
   17.1221   38.6818   97.6302 C   0  0  0  0  0  0  0  0  0  0  0  0
   16.3221   39.8818   97.7302 C   0  0  0  0  0  0  0  0  0  0  0  0
   15.0221   39.8818   97.3302 C   0  0  0  0  0  0  0  0  0  0  0  0
   14.4221   38.6818   96.8302 C   0  0  0  0  0  0  0  0  0  0  0  0
   15.2221   37.4818   96.7302 C   0  0  0  0  0  0  0  0  0  0  0  0
   13.2221   38.6818   96.4302 F   0  0  0  0  0  0  0  0  0  0  0  0
   12.3664   34.5099   90.1669 H   0  0  0  0  0  0  0  0  0  0  0  0
   17.9480   33.3434   88.8017 H   0  0  0  0  0  0  0  0  0  0  0  0
   15.9900   32.1329   85.1892 H   0  0  0  0  0  0  0  0  0  0  0  0
   13.8207   32.4609   86.1397 H   0  0  0  0  0  0  0  0  0  0  0  0
   18.1937   32.9780   84.1190 H   0  0  0  0  0  0  0  0  0  0  0  0
   20.6736   32.2427   83.9625 H   0  0  0  0  0  0  0  0  0  0  0  0
   22.7421   31.1033   85.7012 H   0  0  0  0  0  0  0  0  0  0  0  0
   23.0993   30.4134   88.1756 H   0  0  0  0  0  0  0  0  0  0  0  0
   21.1659   30.5657   89.7740 H   0  0  0  0  0  0  0  0  0  0  0  0
   18.9019   31.4408   89.0609 H   0  0  0  0  0  0  0  0  0  0  0  0
   17.6305   34.3669   90.4522 H   0  0  0  0  0  0  0  0  0  0  0  0
   18.2981   36.0646   92.2873 H   0  0  0  0  0  0  0  0  0  0  0  0
   18.2973   36.4513   94.6325 H   0  0  0  0  0  0  0  0  0  0  0  0
   16.0185   32.4439   93.0279 H   0  0  0  0  0  0  0  0  0  0  0  0
   17.8477   36.2399   99.0100 H   0  0  0  0  0  0  0  0  0  0  0  0
   18.6344   35.0310   97.9394 H   0  0  0  0  0  0  0  0  0  0  0  0
   19.2024   36.7351   97.9394 H   0  0  0  0  0  0  0  0  0  0  0  0
   18.1651   38.6942   97.9793 H   0  0  0  0  0  0  0  0  0  0  0  0
   16.7686   40.8028   98.1333 H   0  0  0  0  0  0  0  0  0  0  0  0
   14.4298   40.8067   97.3911 H   0  0  0  0  0  0  0  0  0  0  0  0
   14.7944   36.5350   96.3686 H   0  0  0  0  0  0  0  0  0  0  0  0
  1  2  2  0
  2  3  1  0
  3  4  2  0
  4  5  1  0
  5  6  2  0
  6  7  1  0
  7  8  2  0
  8  9  1  0
  9 10  2  0
 10  1  1  0
 10  5  1  0
 11 12  2  0
 12 13  1  0
 13 14  1  0
 14 15  2  0
 15 16  1  0
 16 17  2  0
 17 18  1  0
 18 19  2  0
 19 11  1  0
 19 14  1  0
  7 11  1  0
  4 20  1  0
 21 22  2  0
 22 23  1  0
 23 24  2  0
 24 25  1  0
 25 26  2  0
 26 21  1  0
 20 21  1  0
 25 27  1  0
 28 29  1  0
 29 30  1  0
 24 28  1  0
 31 32  2  0
 32 33  1  0
 33 34  2  0
 34 35  1  0
 35 36  2  0
 36 31  1  0
 29 31  1  0
 35 37  1  0
  2 38  1  0
  6 39  1  0
  8 40  1  0
  9 41  1  0
 12 42  1  0
 13 43  1  0
 15 44  1  0
 16 45  1  0
 17 46  1  0
 18 47  1  0
 20 48  1  0
 22 49  1  0
 23 50  1  0
 26 51  1  0
 30 52  1  0
 30 53  1  0
 30 54  1  0
 32 55  1  0
 33 56  1  0
 34 57  1  0
 36 58  1  0
M  END
"
3bqd_Lingo3DMolv2_115508,3bqd,"3bqd_Lingo3DMolv2_115508
     RDKit          3D

 60 63  0  0  0  0  0  0  0  0999 V2000
   37.5918   35.4998    6.6806 N   0  0  0  0  0  0  0  0  0  0  0  0
   37.6918   35.8998    5.4806 C   0  0  0  0  0  0  0  0  0  0  0  0
   37.7918   34.9998    4.3806 C   0  0  0  0  0  0  0  0  0  0  0  0
   37.7918   33.6998    4.6806 C   0  0  0  0  0  0  0  0  0  0  0  0
   37.7918   33.1998    5.9806 C   0  0  0  0  0  0  0  0  0  0  0  0
   37.6918   34.0998    7.0806 C   0  0  0  0  0  0  0  0  0  0  0  0
   37.5918   33.6998    8.3806 N   0  0  0  0  0  0  0  0  0  0  0  0
   36.9918   34.2998    9.2806 N   0  0  0  0  0  0  0  0  0  0  0  0
   37.0918   33.6998   10.3806 C   0  0  0  0  0  0  0  0  0  0  0  0
   37.8918   32.4998   10.1806 C   0  0  0  0  0  0  0  0  0  0  0  0
   38.3918   31.3998   10.9806 C   0  0  0  0  0  0  0  0  0  0  0  0
   39.1918   30.3998   10.3806 C   0  0  0  0  0  0  0  0  0  0  0  0
   39.4918   30.4998    9.0806 N   0  0  0  0  0  0  0  0  0  0  0  0
   39.0918   31.4998    8.2806 C   0  0  0  0  0  0  0  0  0  0  0  0
   38.1918   32.4998    8.7806 C   0  0  0  0  0  0  0  0  0  0  0  0
   39.5918   31.5998    6.9806 N   0  0  0  0  0  0  0  0  0  0  0  0
   40.5918   30.5998    6.3806 C   0  0  0  0  0  0  0  0  0  0  0  0
   41.9918   30.7998    6.8806 C   0  0  0  0  0  0  0  0  0  0  0  0
   42.8918   29.7998    6.1806 N   0  0  0  0  0  0  0  0  0  0  0  0
   42.7918   28.5998    6.5806 C   0  0  0  0  0  0  0  0  0  0  0  0
   41.9918   28.0998    7.6806 C   0  0  0  0  0  0  0  0  0  0  0  0
   39.5918   29.3998   11.1806 O   0  0  0  0  0  0  0  0  0  0  0  0
   40.3918   28.2998   10.6806 C   0  0  1  0  0  0  0  0  0  0  0  0
   41.7918   28.7998   10.5806 O   0  0  0  0  0  0  0  0  0  0  0  0
   42.5918   28.4998   11.6806 C   0  0  2  0  0  0  0  0  0  0  0  0
   42.5918   27.0998   11.9806 O   0  0  0  0  0  0  0  0  0  0  0  0
   41.2918   26.4998   12.2806 C   0  0  1  0  0  0  0  0  0  0  0  0
   40.1918   26.8998   11.0806 C   0  0  2  0  0  0  0  0  0  0  0  0
   40.0918   25.8998   10.1806 O   0  0  0  0  0  0  0  0  0  0  0  0
   38.8918   25.7998    9.6806 C   0  0  0  0  0  0  0  0  0  0  0  0
   41.4918   24.9998   12.4806 C   0  0  0  0  0  0  0  0  0  0  0  0
   42.2918   29.3998   12.8806 C   0  0  0  0  0  0  0  0  0  0  0  0
   43.8918   28.7998   11.3806 F   0  0  0  0  0  0  0  0  0  0  0  0
   37.6918   37.4998    5.0806 Cl  0  0  0  0  0  0  0  0  0  0  0  0
   37.8649   35.3566    3.3427 H   0  0  0  0  0  0  0  0  0  0  0  0
   37.7918   32.9785    3.8502 H   0  0  0  0  0  0  0  0  0  0  0  0
   37.8686   32.1168    6.1570 H   0  0  0  0  0  0  0  0  0  0  0  0
   36.6496   34.0262   11.3335 H   0  0  0  0  0  0  0  0  0  0  0  0
   38.1497   31.3428   12.0521 H   0  0  0  0  0  0  0  0  0  0  0  0
   39.2738   32.3844    6.3939 H   0  0  0  0  0  0  0  0  0  0  0  0
   40.2685   29.5813    6.6416 H   0  0  0  0  0  0  0  0  0  0  0  0
   40.6049   30.7602    5.2924 H   0  0  0  0  0  0  0  0  0  0  0  0
   42.3255   31.8233    6.6544 H   0  0  0  0  0  0  0  0  0  0  0  0
   42.0317   30.6499    7.9696 H   0  0  0  0  0  0  0  0  0  0  0  0
   43.3806   27.8525    6.0285 H   0  0  0  0  0  0  0  0  0  0  0  0
   42.4570   28.3905    8.6341 H   0  0  0  0  0  0  0  0  0  0  0  0
   40.9796   28.5263    7.6214 H   0  0  0  0  0  0  0  0  0  0  0  0
   41.9317   27.0031    7.6214 H   0  0  0  0  0  0  0  0  0  0  0  0
   39.9466   28.0483    9.7067 H   0  0  0  0  0  0  0  0  0  0  0  0
   40.8626   26.8942   13.2135 H   0  0  0  0  0  0  0  0  0  0  0  0
   39.1422   26.9397   11.4072 H   0  0  0  0  0  0  0  0  0  0  0  0
   38.1581   25.7387   10.4978 H   0  0  0  0  0  0  0  0  0  0  0  0
   38.6780   26.6833    9.0611 H   0  0  0  0  0  0  0  0  0  0  0  0
   38.8271   24.8932    9.0611 H   0  0  0  0  0  0  0  0  0  0  0  0
   41.5219   24.7742   13.5568 H   0  0  0  0  0  0  0  0  0  0  0  0
   40.6586   24.4535   12.0146 H   0  0  0  0  0  0  0  0  0  0  0  0
   42.4391   24.6909   12.0146 H   0  0  0  0  0  0  0  0  0  0  0  0
   42.4772   28.8437   13.8114 H   0  0  0  0  0  0  0  0  0  0  0  0
   42.9434   30.2855   12.8467 H   0  0  0  0  0  0  0  0  0  0  0  0
   41.2392   29.7174   12.8467 H   0  0  0  0  0  0  0  0  0  0  0  0
  1  2  2  0
  2  3  1  0
  3  4  2  0
  4  5  1  0
  5  6  2  0
  6  1  1  0
  7  8  1  0
  8  9  2  0
  9 10  1  0
 10 11  2  0
 11 12  1  0
 12 13  2  0
 13 14  1  0
 14 15  2  0
 15  7  1  0
 15 10  1  0
  6  7  1  0
 16 17  1  0
 17 18  1  0
 18 19  1  0
 19 20  2  0
 20 21  1  0
 14 16  1  0
 12 22  1  0
 23 24  1  0
 24 25  1  0
 25 26  1  0
 26 27  1  0
 27 28  1  0
 28 23  1  0
 22 23  1  0
 29 30  1  0
 28 29  1  0
 27 31  1  0
 25 32  1  0
 25 33  1  6
  2 34  1  0
  3 35  1  0
  4 36  1  0
  5 37  1  0
  9 38  1  0
 11 39  1  0
 16 40  1  0
 17 41  1  0
 17 42  1  0
 18 43  1  0
 18 44  1  0
 20 45  1  0
 21 46  1  0
 21 47  1  0
 21 48  1  0
 23 49  1  6
 27 50  1  1
 28 51  1  1
 30 52  1  0
 30 53  1  0
 30 54  1  0
 31 55  1  0
 31 56  1  0
 31 57  1  0
 32 58  1  0
 32 59  1  0
 32 60  1  0
M  END
"
3krj_Lingo3DMolv2_26359,3krj,"3krj_Lingo3DMolv2_26359
     RDKit          3D

 34 37  0  0  0  0  0  0  0  0999 V2000
    8.8149   27.9681   11.2720 O   0  0  0  0  0  0  0  0  0  0  0  0
    8.7149   27.8681   10.0720 C   0  0  0  0  0  0  0  0  0  0  0  0
    9.3149   26.7681    9.3720 N   0  0  0  0  0  0  0  0  0  0  0  0
    9.1149   26.3681    8.0720 N   0  0  0  0  0  0  0  0  0  0  0  0
    8.3149   27.0681    7.2720 C   0  0  0  0  0  0  0  0  0  0  0  0
    7.7149   28.3681    7.7720 C   0  0  0  0  0  0  0  0  0  0  0  0
    6.9149   29.1681    6.8720 C   0  0  0  0  0  0  0  0  0  0  0  0
    6.3149   30.3681    7.3720 C   0  0  0  0  0  0  0  0  0  0  0  0
    6.5149   30.7681    8.6720 C   0  0  0  0  0  0  0  0  0  0  0  0
    5.9149   31.8681    9.1720 C   0  0  0  0  0  0  0  0  0  0  0  0
    6.1149   32.2681   10.4720 C   0  0  0  0  0  0  0  0  0  0  0  0
    6.9149   31.5681   11.2720 C   0  0  0  0  0  0  0  0  0  0  0  0
    7.5149   30.3681   10.7720 C   0  0  0  0  0  0  0  0  0  0  0  0
    7.3149   29.9681    9.4720 C   0  0  0  0  0  0  0  0  0  0  0  0
    7.9149   28.6681    8.9720 C   0  0  0  0  0  0  0  0  0  0  0  0
    7.1149   31.8681   12.5720 N   0  0  0  0  0  0  0  0  0  0  0  0
    5.4149   31.1681    6.3720 C   0  0  0  0  0  0  0  0  0  0  0  0
    5.7149   31.3681    4.9720 C   0  0  0  0  0  0  0  0  0  0  0  0
    4.6149   30.4681    5.3720 C   0  0  0  0  0  0  0  0  0  0  0  0
    8.0149   26.5681    6.0720 N   0  0  0  0  0  0  0  0  0  0  0  0
    9.9837   26.2039    9.9154 H   0  0  0  0  0  0  0  0  0  0  0  0
    6.7703   28.8615    5.8256 H   0  0  0  0  0  0  0  0  0  0  0  0
    5.2502   32.4587    8.5244 H   0  0  0  0  0  0  0  0  0  0  0  0
    5.6120   33.1697   10.8519 H   0  0  0  0  0  0  0  0  0  0  0  0
    8.1442   29.7582   11.4368 H   0  0  0  0  0  0  0  0  0  0  0  0
    7.7469   31.2888   13.1429 H   0  0  0  0  0  0  0  0  0  0  0  0
    6.6357   32.6765   12.9936 H   0  0  0  0  0  0  0  0  0  0  0  0
    5.2234   31.8648    7.2014 H   0  0  0  0  0  0  0  0  0  0  0  0
    5.4902   32.3328    4.4935 H   0  0  0  0  0  0  0  0  0  0  0  0
    6.6143   31.2678    4.3467 H   0  0  0  0  0  0  0  0  0  0  0  0
    3.5693   30.7613    5.1965 H   0  0  0  0  0  0  0  0  0  0  0  0
    4.3498   29.4189    5.1748 H   0  0  0  0  0  0  0  0  0  0  0  0
    7.3976   27.0921    5.4355 H   0  0  0  0  0  0  0  0  0  0  0  0
    8.4007   25.6582    5.7821 H   0  0  0  0  0  0  0  0  0  0  0  0
  1  2  2  0
  2  3  1  0
  3  4  1  0
  4  5  2  0
  5  6  1  0
  6  7  2  0
  7  8  1  0
  8  9  2  0
  9 10  1  0
 10 11  2  0
 11 12  1  0
 12 13  2  0
 13 14  1  0
 14 15  2  0
 15  2  1  0
 15  6  1  0
 14  9  1  0
 12 16  1  0
 17 18  1  0
 18 19  1  0
 19 17  1  0
  8 17  1  0
  5 20  1  0
  3 21  1  0
  7 22  1  0
 10 23  1  0
 11 24  1  0
 13 25  1  0
 16 26  1  0
 16 27  1  0
 17 28  1  0
 18 29  1  0
 18 30  1  0
 19 31  1  0
 19 32  1  0
 20 33  1  0
 20 34  1  0
M  END
"
2azr_Lingo3DMolv2_629892,2azr,"2azr_Lingo3DMolv2_629892
     RDKit          3D

 26 28  0  0  0  0  0  0  0  0999 V2000
   44.8206   15.9031    3.5659 N   0  0  0  0  0  0  0  0  0  0  0  0
   45.2206   16.8031    4.5659 O   0  0  0  0  0  0  0  0  0  0  0  0
   46.5206   16.6031    4.7659 C   0  0  0  0  0  0  0  0  0  0  0  0
   47.2206   17.2031    5.5659 O   0  0  0  0  0  0  0  0  0  0  0  0
   46.9206   15.6031    3.8659 N   0  0  0  0  0  0  0  0  0  0  0  0
   45.8206   15.2031    3.1659 C   0  0  0  0  0  0  0  0  0  0  0  0
   45.8206   14.1031    2.2659 C   0  0  0  0  0  0  0  0  0  0  0  0
   46.5206   12.6031    2.7659 S   0  0  0  0  0  0  0  0  0  0  0  0
   46.0206   11.8031    1.3659 C   0  0  0  0  0  0  0  0  0  0  0  0
   46.2206   10.4031    0.9659 C   0  0  0  0  0  0  0  0  0  0  0  0
   45.7206    9.9031   -0.3341 C   0  0  0  0  0  0  0  0  0  0  0  0
   45.0206   10.8031   -1.1341 C   0  0  0  0  0  0  0  0  0  0  0  0
   44.8206   12.1031   -0.7341 C   0  0  0  0  0  0  0  0  0  0  0  0
   45.2206   12.6031    0.5659 C   0  0  0  0  0  0  0  0  0  0  0  0
   45.1206   13.9031    1.1659 C   0  0  0  0  0  0  0  0  0  0  0  0
   44.5206   14.9031    0.4659 N   0  0  0  0  0  0  0  0  0  0  0  0
   46.0206    8.4031   -0.7341 C   0  0  0  0  0  0  0  0  0  0  0  0
   47.8764   15.2361    3.7538 H   0  0  0  0  0  0  0  0  0  0  0  0
   46.7499    9.7166    1.6430 H   0  0  0  0  0  0  0  0  0  0  0  0
   44.6209   10.4680   -2.1026 H   0  0  0  0  0  0  0  0  0  0  0  0
   44.3334   12.7973   -1.4347 H   0  0  0  0  0  0  0  0  0  0  0  0
   44.4387   15.8433    0.8785 H   0  0  0  0  0  0  0  0  0  0  0  0
   44.1481   14.7202   -0.4768 H   0  0  0  0  0  0  0  0  0  0  0  0
   46.1416    7.7980    0.1765 H   0  0  0  0  0  0  0  0  0  0  0  0
   45.1837    8.0078   -1.3286 H   0  0  0  0  0  0  0  0  0  0  0  0
   46.9451    8.3601   -1.3286 H   0  0  0  0  0  0  0  0  0  0  0  0
  1  2  1  0
  2  3  1  0
  3  4  2  0
  3  5  1  0
  5  6  1  0
  6  1  2  0
  7  8  1  0
  8  9  1  0
  9 10  2  0
 10 11  1  0
 11 12  2  0
 12 13  1  0
 13 14  2  0
 14 15  1  0
 15  7  2  0
 14  9  1  0
  6  7  1  0
 15 16  1  0
 11 17  1  0
  5 18  1  0
 10 19  1  0
 12 20  1  0
 13 21  1  0
 16 22  1  0
 16 23  1  0
 17 24  1  0
 17 25  1  0
 17 26  1  0
M  END
"
2zec_Lingo3DMolv2_913098,2zec,"2zec_Lingo3DMolv2_913098
     RDKit          3D

 27 28  0  0  0  0  0  0  0  0999 V2000
   34.6701  116.7413   93.9409 O   0  0  0  0  0  0  0  0  0  0  0  0
   35.0701  115.8413   94.4409 C   0  0  0  0  0  0  0  0  0  0  0  0
   34.1701  114.5413   94.8409 C   0  0  0  0  0  0  0  0  0  0  0  0
   32.8701  114.3413   94.2409 C   0  0  0  0  0  0  0  0  0  0  0  0
   32.1701  113.2413   94.5409 C   0  0  0  0  0  0  0  0  0  0  0  0
   32.6701  112.2413   95.3409 C   0  0  0  0  0  0  0  0  0  0  0  0
   33.9701  112.3413   95.8409 C   0  0  0  0  0  0  0  0  0  0  0  0
   34.7701  113.4413   95.5409 C   0  0  0  0  0  0  0  0  0  0  0  0
   36.1701  113.5413   96.0409 C   0  0  0  0  0  0  0  0  0  0  0  0
   36.6701  112.6413   96.7409 O   0  0  0  0  0  0  0  0  0  0  0  0
   36.8701  114.7413   95.7409 N   0  0  0  0  0  0  0  0  0  0  0  0
   36.3701  115.7413   95.0409 C   0  0  1  0  0  0  0  0  0  0  0  0
   37.3701  115.9413   93.7409 C   0  0  0  0  0  0  0  0  0  0  0  0
   38.7701  116.2413   94.1409 O   0  0  0  0  0  0  0  0  0  0  0  0
   38.9701  117.5413   94.6409 C   0  0  0  0  0  0  0  0  0  0  0  0
   36.6701  116.9413   95.6409 O   0  0  0  0  0  0  0  0  0  0  0  0
   31.7701  110.8413   95.7409 Cl  0  0  0  0  0  0  0  0  0  0  0  0
   32.4601  115.0870   93.5439 H   0  0  0  0  0  0  0  0  0  0  0  0
   31.1549  113.1328   94.1315 H   0  0  0  0  0  0  0  0  0  0  0  0
   34.3680  111.5400   96.4808 H   0  0  0  0  0  0  0  0  0  0  0  0
   37.8330  114.8366   96.0940 H   0  0  0  0  0  0  0  0  0  0  0  0
   36.9918  116.7738   93.1295 H   0  0  0  0  0  0  0  0  0  0  0  0
   37.3785  114.9969   93.1771 H   0  0  0  0  0  0  0  0  0  0  0  0
   38.9662  117.5159   95.7406 H   0  0  0  0  0  0  0  0  0  0  0  0
   39.9380  117.9256   94.2865 H   0  0  0  0  0  0  0  0  0  0  0  0
   38.1625  118.1988   94.2865 H   0  0  0  0  0  0  0  0  0  0  0  0
   36.6433  116.8342   96.6248 H   0  0  0  0  0  0  0  0  0  0  0  0
  1  2  2  0
  2  3  1  0
  3  4  2  0
  4  5  1  0
  5  6  2  0
  6  7  1  0
  7  8  2  0
  8  9  1  0
  9 10  2  0
  9 11  1  0
 11 12  1  0
 12  2  1  0
  8  3  1  0
 13 14  1  0
 14 15  1  0
 12 13  1  0
 12 16  1  1
  6 17  1  0
  4 18  1  0
  5 19  1  0
  7 20  1  0
 11 21  1  0
 13 22  1  0
 13 23  1  0
 15 24  1  0
 15 25  1  0
 15 26  1  0
 16 27  1  0
M  END
"
2cnk_Lingo3DMolv2_1044045,2cnk,"2cnk_Lingo3DMolv2_1044045
     RDKit          3D

 38 39  0  0  0  0  0  0  0  0999 V2000
   33.7446   38.0336   32.5303 O   0  0  0  0  0  0  0  0  0  0  0  0
   32.7446   38.6336   31.8303 C   0  0  0  0  0  0  0  0  0  0  0  0
   33.3446   39.4336   30.6303 C   0  0  0  0  0  0  0  0  0  0  0  0
   34.1446   38.5336   29.7303 C   0  0  0  0  0  0  0  0  0  0  0  0
   35.1446   37.6336   30.5303 C   0  0  2  0  0  0  0  0  0  0  0  0
   34.3446   37.0336   31.7303 C   0  0  0  0  0  0  0  0  0  0  0  0
   36.4446   38.5336   31.0303 C   0  0  0  0  0  0  0  0  0  0  0  0
   37.4446   37.8336   31.8303 C   0  0  0  0  0  0  0  0  0  0  0  0
   36.9446   37.4336   33.0303 O   0  0  0  0  0  0  0  0  0  0  0  0
   36.7446   38.4336   34.0303 C   0  0  0  0  0  0  0  0  0  0  0  0
   36.1446   37.8336   35.3303 C   0  0  0  0  0  0  0  0  0  0  0  0
   35.8446   38.8336   36.4303 C   0  0  0  0  0  0  0  0  0  0  0  0
   35.3446   38.2336   37.7303 N   0  0  0  0  0  0  0  0  0  0  0  0
   34.8446   37.0336   38.0303 C   0  0  0  0  0  0  0  0  0  0  0  0
   34.5446   36.9336   39.3303 N   0  0  0  0  0  0  0  0  0  0  0  0
   34.8446   38.1336   39.9303 N   0  0  0  0  0  0  0  0  0  0  0  0
   35.3446   38.9336   38.9303 C   0  0  0  0  0  0  0  0  0  0  0  0
   32.0545   37.8665   31.4491 H   0  0  0  0  0  0  0  0  0  0  0  0
   32.2019   39.3245   32.4922 H   0  0  0  0  0  0  0  0  0  0  0  0
   32.5244   39.8840   30.0520 H   0  0  0  0  0  0  0  0  0  0  0  0
   34.0100   40.2146   31.0269 H   0  0  0  0  0  0  0  0  0  0  0  0
   33.4529   37.8852   29.1724 H   0  0  0  0  0  0  0  0  0  0  0  0
   34.7319   39.1702   29.0522 H   0  0  0  0  0  0  0  0  0  0  0  0
   35.5514   36.8205   29.9111 H   0  0  0  0  0  0  0  0  0  0  0  0
   33.5559   36.3760   31.3359 H   0  0  0  0  0  0  0  0  0  0  0  0
   35.0530   36.4780   32.3622 H   0  0  0  0  0  0  0  0  0  0  0  0
   36.0612   39.3717   31.6308 H   0  0  0  0  0  0  0  0  0  0  0  0
   36.9642   38.8363   30.1092 H   0  0  0  0  0  0  0  0  0  0  0  0
   37.7880   36.9482   31.2751 H   0  0  0  0  0  0  0  0  0  0  0  0
   38.2755   38.5285   32.0216 H   0  0  0  0  0  0  0  0  0  0  0  0
   37.7123   38.9001   34.2665 H   0  0  0  0  0  0  0  0  0  0  0  0
   36.0350   39.1759   33.6359 H   0  0  0  0  0  0  0  0  0  0  0  0
   35.2047   37.3261   35.0675 H   0  0  0  0  0  0  0  0  0  0  0  0
   36.9131   37.1589   35.7354 H   0  0  0  0  0  0  0  0  0  0  0  0
   36.7687   39.3899   36.6456 H   0  0  0  0  0  0  0  0  0  0  0  0
   35.0281   39.4667   36.0526 H   0  0  0  0  0  0  0  0  0  0  0  0
   34.6971   36.2256   37.2986 H   0  0  0  0  0  0  0  0  0  0  0  0
   35.6915   39.9693   39.0604 H   0  0  0  0  0  0  0  0  0  0  0  0
  1  2  1  0
  2  3  1  0
  3  4  1  0
  4  5  1  0
  5  6  1  0
  6  1  1  0
  7  8  1  0
  8  9  1  0
  9 10  1  0
 10 11  1  0
 11 12  1  0
  5  7  1  0
 13 14  1  0
 14 15  2  0
 15 16  1  0
 16 17  2  0
 17 13  1  0
 12 13  1  0
  2 18  1  0
  2 19  1  0
  3 20  1  0
  3 21  1  0
  4 22  1  0
  4 23  1  0
  5 24  1  6
  6 25  1  0
  6 26  1  0
  7 27  1  0
  7 28  1  0
  8 29  1  0
  8 30  1  0
 10 31  1  0
 10 32  1  0
 11 33  1  0
 11 34  1  0
 12 35  1  0
 12 36  1  0
 14 37  1  0
 17 38  1  0
M  END
"
3lq8_Lingo3DMolv2_680168,3lq8,"3lq8_Lingo3DMolv2_680168
     RDKit          3D

 35 37  0  0  0  0  0  0  0  0999 V2000
    7.6430    4.3971   23.8394 F   0  0  0  0  0  0  0  0  0  0  0  0
    8.8430    4.4971   23.2394 C   0  0  0  0  0  0  0  0  0  0  0  0
    8.9430    3.5971   22.2394 F   0  0  0  0  0  0  0  0  0  0  0  0
    9.9430    4.1971   24.1394 O   0  0  0  0  0  0  0  0  0  0  0  0
    9.7430    3.8971   25.5394 C   0  0  0  0  0  0  0  0  0  0  0  0
   10.8430    3.1971   26.1394 C   0  0  0  0  0  0  0  0  0  0  0  0
   10.7430    2.8971   27.4394 C   0  0  0  0  0  0  0  0  0  0  0  0
    9.6430    3.2971   28.2394 C   0  0  0  0  0  0  0  0  0  0  0  0
    8.6430    3.9971   27.6394 C   0  0  0  0  0  0  0  0  0  0  0  0
    8.7430    4.2971   26.3394 C   0  0  0  0  0  0  0  0  0  0  0  0
    7.4430    4.3971   28.3394 N   0  0  0  0  0  0  0  0  0  0  0  0
    7.1430    4.1971   29.6394 C   0  0  0  0  0  0  0  0  0  0  0  0
    7.8430    3.7971   30.4394 O   0  0  0  0  0  0  0  0  0  0  0  0
    5.7430    4.3971   29.8394 C   0  0  0  0  0  0  0  0  0  0  0  0
    4.7430    4.0971   28.9394 C   0  0  0  0  0  0  0  0  0  0  0  0
    3.4430    3.9971   29.6394 C   0  0  0  0  0  0  0  0  0  0  0  0
    2.1430    3.6971   29.2394 C   0  0  0  0  0  0  0  0  0  0  0  0
    1.1430    3.6971   30.2394 C   0  0  0  0  0  0  0  0  0  0  0  0
    1.4430    3.8971   31.5394 C   0  0  0  0  0  0  0  0  0  0  0  0
    2.7430    4.0971   32.0394 C   0  0  0  0  0  0  0  0  0  0  0  0
    3.7430    4.1971   31.0394 C   0  0  0  0  0  0  0  0  0  0  0  0
    5.0430    4.3971   31.0394 N   0  0  0  0  0  0  0  0  0  0  0  0
    5.6430    4.7971   32.2394 O   0  0  0  0  0  0  0  0  0  0  0  0
    1.9430    3.3971   27.9394 F   0  0  0  0  0  0  0  0  0  0  0  0
    8.9094    5.5360   22.8840 H   0  0  0  0  0  0  0  0  0  0  0  0
   11.7319    2.9186   25.5543 H   0  0  0  0  0  0  0  0  0  0  0  0
   11.5497    2.3145   27.9082 H   0  0  0  0  0  0  0  0  0  0  0  0
    9.5997    3.0494   29.3103 H   0  0  0  0  0  0  0  0  0  0  0  0
    7.9492    4.9154   25.8951 H   0  0  0  0  0  0  0  0  0  0  0  0
    6.7342    4.8928   27.7802 H   0  0  0  0  0  0  0  0  0  0  0  0
    4.8898    3.9531   27.8588 H   0  0  0  0  0  0  0  0  0  0  0  0
    0.0950    3.5299   29.9502 H   0  0  0  0  0  0  0  0  0  0  0  0
    0.6120    3.9043   32.2600 H   0  0  0  0  0  0  0  0  0  0  0  0
    2.9645    4.1697   33.1144 H   0  0  0  0  0  0  0  0  0  0  0  0
    6.6194    4.9566   32.2755 H   0  0  0  0  0  0  0  0  0  0  0  0
  1  2  1  0
  2  3  1  0
  2  4  1  0
  5  6  2  0
  6  7  1  0
  7  8  2  0
  8  9  1  0
  9 10  2  0
 10  5  1  0
  4  5  1  0
 11 12  1  0
 12 13  2  0
  9 11  1  0
 14 15  2  0
 15 16  1  0
 16 17  2  0
 17 18  1  0
 18 19  2  0
 19 20  1  0
 20 21  2  0
 21 22  1  0
 22 14  1  0
 21 16  1  0
 12 14  1  0
 22 23  1  0
 17 24  1  0
  2 25  1  0
  6 26  1  0
  7 27  1  0
  8 28  1  0
 10 29  1  0
 11 30  1  0
 15 31  1  0
 18 32  1  0
 19 33  1  0
 20 34  1  0
 23 35  1  0
M  END
"
3ny8_Lingo3DMolv2_1139785,3ny8,"3ny8_Lingo3DMolv2_1139785
     RDKit          3D

 41 41  0  0  0  0  0  0  0  0999 V2000
    3.3167    7.7095   50.7810 O   0  0  0  0  0  0  0  0  0  0  0  0
    3.3167    6.5095   51.4810 C   0  0  1  0  0  0  0  0  0  0  0  0
    2.2167    6.5095   52.6810 C   0  0  0  0  0  0  0  0  0  0  0  0
    2.3167    7.8095   53.5810 N   0  0  1  0  0  4  0  0  0  0  0  0
    1.0167    8.0095   54.3810 C   0  0  0  0  0  0  0  0  0  0  0  0
    3.5167    7.8095   54.4810 C   0  0  0  0  0  0  0  0  0  0  0  0
    3.6167    9.1095   55.2810 C   0  0  0  0  0  0  0  0  0  0  0  0
    3.1167    5.4095   50.4810 C   0  0  0  0  0  0  0  0  0  0  0  0
    1.8167    5.2095   49.9810 C   0  0  0  0  0  0  0  0  0  0  0  0
    1.4167    3.7095   49.7810 C   0  0  0  0  0  0  0  0  0  0  0  0
    1.0167    3.3095   48.5810 C   0  0  0  0  0  0  0  0  0  0  0  0
    0.6167    1.9095   48.3810 C   0  0  0  0  0  0  0  0  0  0  0  0
    0.6167    1.0095   49.4810 C   0  0  0  0  0  0  0  0  0  0  0  0
    1.0167    1.4095   50.6810 C   0  0  0  0  0  0  0  0  0  0  0  0
    1.4167    2.8095   50.8810 C   0  0  0  0  0  0  0  0  0  0  0  0
    1.0167    0.5095   51.8810 C   0  0  1  0  0  0  0  0  0  0  0  0
    1.5167    1.0095   52.9810 O   0  0  0  0  0  0  0  0  0  0  0  0
   -0.1833    0.1095   52.1810 F   0  0  0  0  0  0  0  0  0  0  0  0
    4.2501    7.9946   50.6147 H   0  0  0  0  0  0  0  0  0  0  0  0
    4.2767    6.3547   51.9952 H   0  0  0  0  0  0  0  0  0  0  0  0
    1.2104    6.4602   52.2396 H   0  0  0  0  0  0  0  0  0  0  0  0
    2.4146    5.6377   53.3219 H   0  0  0  0  0  0  0  0  0  0  0  0
    2.4412    8.6084   52.9429 H   0  0  0  0  0  0  0  0  0  0  0  0
    1.2398    7.9752   55.4576 H   0  0  0  0  0  0  0  0  0  0  0  0
    0.5774    8.9858   54.1285 H   0  0  0  0  0  0  0  0  0  0  0  0
    0.3042    7.2104   54.1285 H   0  0  0  0  0  0  0  0  0  0  0  0
    3.4390    6.9642   55.1806 H   0  0  0  0  0  0  0  0  0  0  0  0
    4.4173    7.7185   53.8559 H   0  0  0  0  0  0  0  0  0  0  0  0
    3.5991    8.8803   56.3567 H   0  0  0  0  0  0  0  0  0  0  0  0
    4.5570    9.6226   55.0307 H   0  0  0  0  0  0  0  0  0  0  0  0
    2.7660    9.7604   55.0307 H   0  0  0  0  0  0  0  0  0  0  0  0
    3.7699    5.6233   49.6221 H   0  0  0  0  0  0  0  0  0  0  0  0
    3.3479    4.4864   51.0326 H   0  0  0  0  0  0  0  0  0  0  0  0
    1.1048    5.6629   50.6863 H   0  0  0  0  0  0  0  0  0  0  0  0
    1.7925    5.6732   48.9838 H   0  0  0  0  0  0  0  0  0  0  0  0
    0.9847    4.0203   47.7420 H   0  0  0  0  0  0  0  0  0  0  0  0
    0.3180    1.5590   47.3820 H   0  0  0  0  0  0  0  0  0  0  0  0
    0.2820   -0.0282   49.3360 H   0  0  0  0  0  0  0  0  0  0  0  0
    1.7155    3.1601   51.8799 H   0  0  0  0  0  0  0  0  0  0  0  0
    1.6730   -0.3093   51.5509 H   0  0  0  0  0  0  0  0  0  0  0  0
    1.0877    0.5805   53.7633 H   0  0  0  0  0  0  0  0  0  0  0  0
  2  1  1  0
  2  3  1  0
  3  4  1  0
  4  5  1  0
  4  6  1  0
  6  7  1  0
  2  8  1  0
  8  9  1  0
 10 11  2  0
 11 12  1  0
 12 13  2  0
 13 14  1  0
 14 15  2  0
 15 10  1  0
  9 10  1  0
 16 17  1  0
 16 18  1  0
 14 16  1  0
  1 19  1  0
  2 20  1  1
  3 21  1  0
  3 22  1  0
  4 23  1  6
  5 24  1  0
  5 25  1  0
  5 26  1  0
  6 27  1  0
  6 28  1  0
  7 29  1  0
  7 30  1  0
  7 31  1  0
  8 32  1  0
  8 33  1  0
  9 34  1  0
  9 35  1  0
 11 36  1  0
 12 37  1  0
 13 38  1  0
 15 39  1  0
 16 40  1  6
 17 41  1  0
M  CHG  1   4   1
M  END
"
3f9m_Lingo3DMolv2_615824,3f9m,"3f9m_Lingo3DMolv2_615824
     RDKit          3D

  7  6  0  0  0  0  0  0  0  0999 V2000
   -8.6297    2.9079   20.9101 N   0  0  0  0  0  0  0  0  0  0  0  0
   -8.0297    2.5079   19.3101 S   0  0  0  0  0  0  0  0  0  0  0  0
   -8.3297    3.7079   18.4101 O   0  0  0  0  0  0  0  0  0  0  0  0
   -6.6297    2.5079   19.3101 O   0  0  0  0  0  0  0  0  0  0  0  0
   -8.6297    1.2079   18.9101 O   0  0  0  0  0  1  0  0  0  0  0  0
   -8.0104    2.4951   21.6221 H   0  0  0  0  0  0  0  0  0  0  0  0
   -8.6489    3.9314   21.0236 H   0  0  0  0  0  0  0  0  0  0  0  0
  1  2  1  0
  2  3  2  0
  2  4  2  0
  2  5  1  0
  1  6  1  0
  1  7  1  0
M  CHG  1   5  -1
M  END
"
3g6z_Lingo3DMolv2_815489,3g6z,"3g6z_Lingo3DMolv2_815489
     RDKit          3D

 50 52  0  0  0  0  0  0  0  0999 V2000
    3.9964    4.5241    3.8904 O   0  0  0  0  0  0  0  0  0  0  0  0
    4.0964    5.6241    3.2904 C   0  0  0  0  0  0  0  0  0  0  0  0
    2.9964    6.3241    2.8904 N   0  0  0  0  0  0  0  0  0  0  0  0
    1.6964    5.9241    3.1904 C   0  0  0  0  0  0  0  0  0  0  0  0
    1.2964    5.7241    4.4904 C   0  0  0  0  0  0  0  0  0  0  0  0
   -0.0036    5.4241    4.7904 C   0  0  0  0  0  0  0  0  0  0  0  0
   -1.0036    5.4241    3.7904 C   0  0  0  0  0  0  0  0  0  0  0  0
   -0.6036    5.7241    2.4904 C   0  0  0  0  0  0  0  0  0  0  0  0
    0.7964    6.0241    2.1904 C   0  0  0  0  0  0  0  0  0  0  0  0
    1.0964    6.3241    0.8904 F   0  0  0  0  0  0  0  0  0  0  0  0
   -2.3036    5.1241    4.0904 N   0  0  0  0  0  0  0  0  0  0  0  0
   -2.8036    4.8241    5.3904 C   0  0  0  0  0  0  0  0  0  0  0  0
    3.0964    7.6241    2.2904 C   0  0  0  0  0  0  0  0  0  0  0  0
    3.4964    8.7241    3.0904 C   0  0  0  0  0  0  0  0  0  0  0  0
    3.8964    9.9241    2.4904 C   0  0  0  0  0  0  0  0  0  0  0  0
    3.7964   10.0241    1.1904 C   0  0  0  0  0  0  0  0  0  0  0  0
    3.2964    9.0241    0.3904 C   0  0  0  0  0  0  0  0  0  0  0  0
    2.9964    7.7241    0.8904 C   0  0  0  0  0  0  0  0  0  0  0  0
    5.4964    6.1241    3.0904 C   0  0  1  0  0  0  0  0  0  0  0  0
    6.2964    6.1241    4.3904 C   0  0  0  0  0  0  0  0  0  0  0  0
    7.7964    6.5241    4.1904 N   0  0  2  0  0  4  0  0  0  0  0  0
    8.4964    5.6241    3.1904 C   0  0  0  0  0  0  0  0  0  0  0  0
    7.6964    5.7241    1.7904 C   0  0  0  0  0  0  0  0  0  0  0  0
    6.1964    5.4241    1.9904 C   0  0  2  0  0  0  0  0  0  0  0  0
    5.4964    5.8241    0.2904 Cl  0  0  0  0  0  0  0  0  0  0  0  0
    6.0964    4.1241    2.2904 F   0  0  0  0  0  0  0  0  0  0  0  0
    8.4964    6.6241    5.4904 C   0  0  0  0  0  0  0  0  0  0  0  0
    2.0339    5.8067    5.3024 H   0  0  0  0  0  0  0  0  0  0  0  0
   -0.2762    5.1785    5.8274 H   0  0  0  0  0  0  0  0  0  0  0  0
   -1.3483    5.7356    1.6809 H   0  0  0  0  0  0  0  0  0  0  0  0
   -2.9776    5.1142    3.3116 H   0  0  0  0  0  0  0  0  0  0  0  0
   -2.1209    5.2337    6.1494 H   0  0  0  0  0  0  0  0  0  0  0  0
   -3.8001    5.2736    5.5128 H   0  0  0  0  0  0  0  0  0  0  0  0
   -2.8759    3.7333    5.5128 H   0  0  0  0  0  0  0  0  0  0  0  0
    3.4924    8.6344    4.1868 H   0  0  0  0  0  0  0  0  0  0  0  0
    4.2832   10.7580    3.0946 H   0  0  0  0  0  0  0  0  0  0  0  0
    4.1296   10.9569    0.7121 H   0  0  0  0  0  0  0  0  0  0  0  0
    3.1215    9.2354   -0.6748 H   0  0  0  0  0  0  0  0  0  0  0  0
    2.7138    6.8799    0.2443 H   0  0  0  0  0  0  0  0  0  0  0  0
    5.4132    7.1748    2.7755 H   0  0  0  0  0  0  0  0  0  0  0  0
    5.8334    6.8395    5.0860 H   0  0  0  0  0  0  0  0  0  0  0  0
    6.2813    5.0970    4.7839 H   0  0  0  0  0  0  0  0  0  0  0  0
    7.8249    7.4652    3.7727 H   0  0  0  0  0  0  0  0  0  0  0  0
    9.5358    5.9562    3.0518 H   0  0  0  0  0  0  0  0  0  0  0  0
    8.5091    4.5853    3.5520 H   0  0  0  0  0  0  0  0  0  0  0  0
    7.8093    6.7396    1.3829 H   0  0  0  0  0  0  0  0  0  0  0  0
    8.1132    4.9818    1.0938 H   0  0  0  0  0  0  0  0  0  0  0  0
    7.7679    6.5200    6.3081 H   0  0  0  0  0  0  0  0  0  0  0  0
    9.2478    5.8242    5.5648 H   0  0  0  0  0  0  0  0  0  0  0  0
    8.9937    7.6024    5.5648 H   0  0  0  0  0  0  0  0  0  0  0  0
  1  2  2  0
  2  3  1  0
  4  5  2  0
  5  6  1  0
  6  7  2  0
  7  8  1  0
  8  9  2  0
  9  4  1  0
  3  4  1  0
  9 10  1  0
 11 12  1  0
  7 11  1  0
 13 14  2  0
 14 15  1  0
 15 16  2  0
 16 17  1  0
 17 18  2  0
 18 13  1  0
  3 13  1  0
 19 20  1  0
 20 21  1  0
 21 22  1  0
 22 23  1  0
 23 24  1  0
 24 19  1  0
  2 19  1  0
 24 25  1  0
 24 26  1  1
 21 27  1  0
  5 28  1  0
  6 29  1  0
  8 30  1  0
 11 31  1  0
 12 32  1  0
 12 33  1  0
 12 34  1  0
 14 35  1  0
 15 36  1  0
 16 37  1  0
 17 38  1  0
 18 39  1  0
 19 40  1  6
 20 41  1  0
 20 42  1  0
 21 43  1  6
 22 44  1  0
 22 45  1  0
 23 46  1  0
 23 47  1  0
 27 48  1  0
 27 49  1  0
 27 50  1  0
M  CHG  1  21   1
M  END
"
3eml_Lingo3DMolv2_439462,3eml,"3eml_Lingo3DMolv2_439462
     RDKit          3D

 37 39  0  0  0  0  0  0  0  0999 V2000
   -7.8968   -5.2269   55.9819 N   0  0  0  0  0  0  0  0  0  0  0  0
   -8.2968   -6.4269   55.3819 C   0  0  0  0  0  0  0  0  0  0  0  0
   -8.7968   -7.4269   56.1819 N   0  0  0  0  0  0  0  0  0  0  0  0
   -9.0968   -8.5269   55.5819 C   0  0  0  0  0  0  0  0  0  0  0  0
   -8.8968   -8.9269   54.2819 N   0  0  0  0  0  0  0  0  0  0  0  0
   -8.3968   -7.9269   53.4819 C   0  0  0  0  0  0  0  0  0  0  0  0
   -7.9968   -7.9269   52.1819 N   0  0  0  0  0  0  0  0  0  0  0  0
   -7.4968   -6.7269   52.0819 C   0  0  0  0  0  0  0  0  0  0  0  0
   -7.4968   -5.9269   53.0819 N   0  0  0  0  0  0  0  0  0  0  0  0
   -8.0968   -6.6269   53.9819 N   0  0  0  0  0  0  0  0  0  0  0  0
   -6.9968   -6.4269   50.7819 N   0  0  0  0  0  0  0  0  0  0  0  0
   -6.5968   -5.1269   50.5819 O   0  0  0  0  0  0  0  0  0  0  0  0
   -6.0968   -4.9269   49.2819 C   0  0  0  0  0  0  0  0  0  0  0  0
   -9.5968   -9.7269   56.4819 C   0  0  0  0  0  0  0  0  0  0  0  0
   -9.8968   -9.3269   57.8819 N   0  0  0  0  0  0  0  0  0  0  0  0
  -11.1968   -8.7269   58.1819 C   0  0  0  0  0  0  0  0  0  0  0  0
  -11.2968   -8.3269   59.5819 C   0  0  0  0  0  0  0  0  0  0  0  0
  -10.9968   -7.1269   59.9819 C   0  0  0  0  0  0  0  0  0  0  0  0
  -11.0968   -6.7269   61.3819 C   0  0  0  0  0  0  0  0  0  0  0  0
  -11.4968   -7.7269   62.2819 C   0  0  0  0  0  0  0  0  0  0  0  0
  -11.7968   -9.0269   61.8819 C   0  0  0  0  0  0  0  0  0  0  0  0
  -11.6968   -9.4269   60.5819 N   0  0  0  0  0  0  0  0  0  0  0  0
   -7.5190   -4.4629   55.4036 H   0  0  0  0  0  0  0  0  0  0  0  0
   -7.9803   -5.1081   57.0016 H   0  0  0  0  0  0  0  0  0  0  0  0
   -6.9387   -7.1385   50.0395 H   0  0  0  0  0  0  0  0  0  0  0  0
   -5.0769   -4.5190   49.3400 H   0  0  0  0  0  0  0  0  0  0  0  0
   -6.0777   -5.8867   48.7447 H   0  0  0  0  0  0  0  0  0  0  0  0
   -6.7449   -4.2188   48.7447 H   0  0  0  0  0  0  0  0  0  0  0  0
   -8.8141  -10.4997   56.4997 H   0  0  0  0  0  0  0  0  0  0  0  0
  -10.5342  -10.0964   56.0407 H   0  0  0  0  0  0  0  0  0  0  0  0
   -9.8131  -10.1734   58.4628 H   0  0  0  0  0  0  0  0  0  0  0  0
  -11.3348   -7.8394   57.5469 H   0  0  0  0  0  0  0  0  0  0  0  0
  -11.9751   -9.4785   57.9837 H   0  0  0  0  0  0  0  0  0  0  0  0
  -10.6564   -6.3888   59.2408 H   0  0  0  0  0  0  0  0  0  0  0  0
  -10.8719   -5.7021   61.7123 H   0  0  0  0  0  0  0  0  0  0  0  0
  -11.5768   -7.4730   63.3492 H   0  0  0  0  0  0  0  0  0  0  0  0
  -12.1249   -9.7544   62.6389 H   0  0  0  0  0  0  0  0  0  0  0  0
  2  3  2  0
  3  4  1  0
  4  5  2  0
  5  6  1  0
  6  7  2  0
  7  8  1  0
  8  9  2  0
  9 10  1  0
 10  2  1  0
 10  6  1  0
  1  2  1  0
 11 12  1  0
 12 13  1  0
  8 11  1  0
 14 15  1  0
 15 16  1  0
  4 14  1  0
 17 18  2  0
 18 19  1  0
 19 20  2  0
 20 21  1  0
 21 22  2  0
 22 17  1  0
 16 17  1  0
  1 23  1  0
  1 24  1  0
 11 25  1  0
 13 26  1  0
 13 27  1  0
 13 28  1  0
 14 29  1  0
 14 30  1  0
 15 31  1  0
 16 32  1  0
 16 33  1  0
 18 34  1  0
 19 35  1  0
 20 36  1  0
 21 37  1  0
M  END
"
2p2i_Lingo3DMolv2_1000491,2p2i,"2p2i_Lingo3DMolv2_1000491
     RDKit          3D

 51 54  0  0  0  0  0  0  0  0999 V2000
   24.6512    3.8387   28.5559 O   0  0  0  0  0  0  0  0  0  0  0  0
   23.5512    4.1387   28.3559 C   0  0  0  0  0  0  0  0  0  0  0  0
   22.6512    4.1387   29.2559 N   0  0  0  0  0  0  0  0  0  0  0  0
   23.0512    4.4387   27.0559 N   0  0  0  0  0  0  0  0  0  0  0  0
   23.7512    4.2387   25.8559 C   0  0  0  0  0  0  0  0  0  0  0  0
   25.1512    4.1387   25.7559 C   0  0  0  0  0  0  0  0  0  0  0  0
   25.7512    3.8387   24.5559 N   0  0  0  0  0  0  0  0  0  0  0  0
   25.0512    3.7387   23.4559 N   0  0  0  0  0  0  0  0  0  0  0  0
   23.7512    3.8387   23.4559 C   0  0  0  0  0  0  0  0  0  0  0  0
   22.9512    4.1387   24.6559 C   0  0  0  0  0  0  0  0  0  0  0  0
   21.7512    4.4387   24.6559 O   0  0  0  0  0  0  0  0  0  0  0  0
   27.1512    3.8387   24.3559 C   0  0  0  0  0  0  0  0  0  0  0  0
   27.5512    3.1387   23.2559 O   0  0  0  0  0  0  0  0  0  0  0  0
   27.7512    3.8387   22.0559 C   0  0  0  0  0  0  0  0  0  0  0  0
   28.3512    3.3387   20.9559 C   0  0  0  0  0  0  0  0  0  0  0  0
   28.7512    4.1387   19.8559 C   0  0  0  0  0  0  0  0  0  0  0  0
   28.5512    5.5387   19.9559 C   0  0  0  0  0  0  0  0  0  0  0  0
   27.9512    6.1387   21.1559 C   0  0  0  0  0  0  0  0  0  0  0  0
   27.5512    5.2387   22.2559 C   0  0  0  0  0  0  0  0  0  0  0  0
   22.8512    3.8387   30.6559 C   0  0  0  0  0  0  0  0  0  0  0  0
   21.9512    3.3387   31.4559 N   0  0  0  0  0  0  0  0  0  0  0  0
   22.4512    3.2387   32.6559 C   0  0  0  0  0  0  0  0  0  0  0  0
   21.8512    2.7387   33.7559 C   0  0  0  0  0  0  0  0  0  0  0  0
   22.4512    2.7387   34.9559 C   0  0  0  0  0  0  0  0  0  0  0  0
   23.7512    3.2387   35.1559 C   0  0  0  0  0  0  0  0  0  0  0  0
   24.4512    3.7387   34.0559 C   0  0  0  0  0  0  0  0  0  0  0  0
   23.7512    3.7387   32.8559 C   0  0  0  0  0  0  0  0  0  0  0  0
   24.1512    4.1387   31.4559 C   0  0  2  0  0  0  0  0  0  0  0  0
   24.7512    5.5387   31.2559 C   0  0  0  0  0  0  0  0  0  0  0  0
   26.1512    5.6387   31.7559 C   0  0  0  0  0  0  0  0  0  0  0  0
   21.6931    4.3739   28.9598 H   0  0  0  0  0  0  0  0  0  0  0  0
   22.1019    4.8332   26.9917 H   0  0  0  0  0  0  0  0  0  0  0  0
   25.7729    4.3025   26.6485 H   0  0  0  0  0  0  0  0  0  0  0  0
   23.2206    3.6904   22.5039 H   0  0  0  0  0  0  0  0  0  0  0  0
   27.6278    3.3940   25.2420 H   0  0  0  0  0  0  0  0  0  0  0  0
   27.4514    4.8848   24.1959 H   0  0  0  0  0  0  0  0  0  0  0  0
   28.5395    2.2560   20.9102 H   0  0  0  0  0  0  0  0  0  0  0  0
   29.2002    3.6897   18.9578 H   0  0  0  0  0  0  0  0  0  0  0  0
   28.8506    6.1879   19.1199 H   0  0  0  0  0  0  0  0  0  0  0  0
   27.8044    7.2262   21.2323 H   0  0  0  0  0  0  0  0  0  0  0  0
   27.1181    5.6293   23.1886 H   0  0  0  0  0  0  0  0  0  0  0  0
   20.8388    2.3181   33.6662 H   0  0  0  0  0  0  0  0  0  0  0  0
   21.9043    2.3311   35.8190 H   0  0  0  0  0  0  0  0  0  0  0  0
   24.2063    3.2358   36.1574 H   0  0  0  0  0  0  0  0  0  0  0  0
   25.4848    4.1069   34.1341 H   0  0  0  0  0  0  0  0  0  0  0  0
   25.0300    3.5773   31.1060 H   0  0  0  0  0  0  0  0  0  0  0  0
   24.1309    6.2685   31.7969 H   0  0  0  0  0  0  0  0  0  0  0  0
   24.7679    5.7428   30.1752 H   0  0  0  0  0  0  0  0  0  0  0  0
   26.1485    5.6386   32.8559 H   0  0  0  0  0  0  0  0  0  0  0  0
   26.7333    4.7799   31.3905 H   0  0  0  0  0  0  0  0  0  0  0  0
   26.6053    6.5716   31.3905 H   0  0  0  0  0  0  0  0  0  0  0  0
  1  2  2  0
  2  3  1  0
  2  4  1  0
  5  6  2  0
  6  7  1  0
  7  8  1  0
  8  9  2  0
  9 10  1  0
 10 11  2  0
 10  5  1  0
  4  5  1  0
 12 13  1  0
  7 12  1  0
 14 15  2  0
 15 16  1  0
 16 17  2  0
 17 18  1  0
 18 19  2  0
 19 14  1  0
 13 14  1  0
 20 21  2  0
 21 22  1  0
 22 23  2  0
 23 24  1  0
 24 25  2  0
 25 26  1  0
 26 27  2  0
 27 28  1  0
 28 20  1  0
 27 22  1  0
  3 20  1  0
 29 30  1  0
 28 29  1  0
  3 31  1  0
  4 32  1  0
  6 33  1  0
  9 34  1  0
 12 35  1  0
 12 36  1  0
 15 37  1  0
 16 38  1  0
 17 39  1  0
 18 40  1  0
 19 41  1  0
 23 42  1  0
 24 43  1  0
 25 44  1  0
 26 45  1  0
 28 46  1  6
 29 47  1  0
 29 48  1  0
 30 49  1  0
 30 50  1  0
 30 51  1  0
M  END
"
3krj_Lingo3DMolv2_32754,3krj,"3krj_Lingo3DMolv2_32754
     RDKit          3D

 37 39  0  0  0  0  0  0  0  0999 V2000
    8.7149   28.1681    7.3720 C   0  0  0  0  0  0  0  0  0  0  0  0
    8.0149   29.0681    6.4720 C   0  0  0  0  0  0  0  0  0  0  0  0
    6.7149   29.4681    6.7720 C   0  0  0  0  0  0  0  0  0  0  0  0
    6.1149   29.0681    8.0720 C   0  0  0  0  0  0  0  0  0  0  0  0
    6.9149   28.3681    8.9720 N   0  0  0  0  0  0  0  0  0  0  0  0
    8.1149   27.9681    8.5720 C   0  0  0  0  0  0  0  0  0  0  0  0
    9.0149   27.1681    9.3720 N   0  0  0  0  0  0  0  0  0  0  0  0
    9.9149   26.6681    8.5720 N   0  0  0  0  0  0  0  0  0  0  0  0
    9.7149   27.1681    7.4720 C   0  0  0  0  0  0  0  0  0  0  0  0
   10.6149   26.7681    6.4720 O   0  0  0  0  0  0  0  0  0  0  0  0
   11.8149   27.1681    6.7720 C   0  0  0  0  0  0  0  0  0  0  0  0
    5.9149   30.3681    5.8720 C   0  0  2  0  0  0  0  0  0  0  0  0
    6.6149   30.7681    4.5720 C   0  0  0  0  0  0  0  0  0  0  0  0
    5.3149   31.5681    6.5720 N   0  0  0  0  0  0  0  0  0  0  0  0
    4.3149   32.2681    5.6720 C   0  0  0  0  0  0  0  0  0  0  0  0
    3.7149   33.5681    6.3720 C   0  0  0  0  0  0  0  0  0  0  0  0
    4.7149   34.3681    6.8720 O   0  0  0  0  0  0  0  0  0  0  0  0
    5.5149   33.7681    7.8720 C   0  0  0  0  0  0  0  0  0  0  0  0
    6.2149   32.5681    7.2720 C   0  0  0  0  0  0  0  0  0  0  0  0
    8.5087   29.4317    5.5588 H   0  0  0  0  0  0  0  0  0  0  0  0
    5.0716   29.3172    8.3156 H   0  0  0  0  0  0  0  0  0  0  0  0
    8.9559   27.0200   10.3896 H   0  0  0  0  0  0  0  0  0  0  0  0
   11.9264   27.2053    7.8657 H   0  0  0  0  0  0  0  0  0  0  0  0
   12.5509   26.4667    6.3521 H   0  0  0  0  0  0  0  0  0  0  0  0
   11.9829   28.1708    6.3521 H   0  0  0  0  0  0  0  0  0  0  0  0
    5.0755   29.7232    5.5729 H   0  0  0  0  0  0  0  0  0  0  0  0
    7.5480   31.3013    4.8070 H   0  0  0  0  0  0  0  0  0  0  0  0
    6.8457   29.8656    3.9871 H   0  0  0  0  0  0  0  0  0  0  0  0
    5.9545   31.4252    3.9871 H   0  0  0  0  0  0  0  0  0  0  0  0
    4.8179   32.5634    4.7394 H   0  0  0  0  0  0  0  0  0  0  0  0
    3.4881   31.5726    5.4655 H   0  0  0  0  0  0  0  0  0  0  0  0
    3.1346   34.1389    5.6321 H   0  0  0  0  0  0  0  0  0  0  0  0
    3.0723   33.2502    7.2063 H   0  0  0  0  0  0  0  0  0  0  0  0
    6.2615   34.4909    8.2330 H   0  0  0  0  0  0  0  0  0  0  0  0
    4.8867   33.4534    8.7184 H   0  0  0  0  0  0  0  0  0  0  0  0
    6.9479   32.9354    6.5386 H   0  0  0  0  0  0  0  0  0  0  0  0
    6.6653   32.0279    8.1178 H   0  0  0  0  0  0  0  0  0  0  0  0
  1  2  2  0
  2  3  1  0
  3  4  2  0
  4  5  1  0
  5  6  2  0
  6  7  1  0
  7  8  1  0
  8  9  2  0
  9 10  1  0
 10 11  1  0
  6  1  1  0
  9  1  1  0
 12 13  1  0
  3 12  1  0
 14 15  1  0
 15 16  1  0
 16 17  1  0
 17 18  1  0
 18 19  1  0
 19 14  1  0
 12 14  1  0
  2 20  1  0
  4 21  1  0
  7 22  1  0
 11 23  1  0
 11 24  1  0
 11 25  1  0
 12 26  1  6
 13 27  1  0
 13 28  1  0
 13 29  1  0
 15 30  1  0
 15 31  1  0
 16 32  1  0
 16 33  1  0
 18 34  1  0
 18 35  1  0
 19 36  1  0
 19 37  1  0
M  END
"
3ccw_Lingo3DMolv2_581826,3ccw,"3ccw_Lingo3DMolv2_581826
     RDKit          3D

 69 71  0  0  0  0  0  0  0  0999 V2000
  -25.2035   24.8814   13.7320 O   0  0  0  0  0  0  0  0  0  0  0  0
  -26.3035   25.2814   13.2320 C   0  0  0  0  0  0  0  0  0  0  0  0
  -27.4035   25.1814   13.7320 O   0  0  0  0  0  1  0  0  0  0  0  0
  -26.2035   26.0814   11.9320 C   0  0  0  0  0  0  0  0  0  0  0  0
  -27.4035   26.5814   11.4320 N   0  0  0  0  0  0  0  0  0  0  0  0
  -28.3035   27.3814   12.1320 C   0  0  0  0  0  0  0  0  0  0  0  0
  -28.1035   27.7814   13.3320 O   0  0  0  0  0  0  0  0  0  0  0  0
  -29.5035   27.7814   11.3320 C   0  0  0  0  0  0  0  0  0  0  0  0
  -30.2035   28.8814   11.6320 C   0  0  0  0  0  0  0  0  0  0  0  0
  -31.4035   29.2814   10.9320 C   0  0  0  0  0  0  0  0  0  0  0  0
  -32.2035   28.4814   10.4320 O   0  0  0  0  0  0  0  0  0  0  0  0
  -31.6035   30.6814   10.9320 N   0  0  0  0  0  0  0  0  0  0  0  0
  -32.8035   31.2814   10.1320 C   0  0  2  0  0  0  0  0  0  0  0  0
  -32.4035   31.7814    8.7320 C   0  0  0  0  0  0  0  0  0  0  0  0
  -25.0035   26.4814   11.4320 N   0  0  0  0  0  4  0  0  0  0  0  0
  -33.5035   32.3814   10.9320 C   0  0  0  0  0  0  0  0  0  0  0  0
  -34.4035   33.1814   10.3320 C   0  0  0  0  0  0  0  0  0  0  0  0
  -35.1035   34.1814   10.9320 N   0  0  0  0  0  4  0  0  0  0  0  0
  -34.9035   34.4814   12.3320 C   0  0  0  0  0  0  0  0  0  0  0  0
  -33.9035   33.6814   13.0320 C   0  0  0  0  0  0  0  0  0  0  0  0
  -33.2035   32.6814   12.3320 C   0  0  0  0  0  0  0  0  0  0  0  0
  -32.2035   31.9814   13.0320 F   0  0  0  0  0  0  0  0  0  0  0  0
  -33.7035   33.8814   14.3320 F   0  0  0  0  0  0  0  0  0  0  0  0
  -35.7035   35.5814   13.0320 C   0  0  2  0  0  0  0  0  0  0  0  0
  -37.2035   35.2814   13.0320 C   0  0  0  0  0  0  0  0  0  0  0  0
  -38.0035   36.1814   13.6320 O   0  0  0  0  0  0  0  0  0  0  0  0
  -38.2035   37.2814   12.9320 C   0  0  0  0  0  0  0  0  0  0  0  0
  -37.1035   38.1814   12.8320 C   0  0  0  0  0  0  0  0  0  0  0  0
  -35.8035   37.5814   12.7320 C   0  0  0  0  0  0  0  0  0  0  0  0
  -35.7035   36.4814   12.0320 N   0  0  0  0  0  0  0  0  0  0  0  0
  -36.1035   34.9814   10.1320 C   0  0  0  0  0  0  0  0  0  0  0  0
  -30.7035   31.5814   11.3320 C   0  0  0  0  0  0  0  0  0  0  0  0
  -30.8035   32.1814   12.6320 C   0  0  0  0  0  0  0  0  0  0  0  0
  -29.8035   33.0814   13.1320 N   0  0  0  0  0  0  0  0  0  0  0  0
  -28.7035   33.2814   12.3320 C   0  0  0  0  0  0  0  0  0  0  0  0
  -28.5035   32.6814   11.0320 C   0  0  0  0  0  0  0  0  0  0  0  0
  -29.5035   31.8814   10.6320 C   0  0  0  0  0  0  0  0  0  0  0  0
  -29.3035   31.2814    9.3320 N   0  0  0  0  0  0  0  0  0  0  0  0
  -28.2035   31.5814    8.5320 C   0  0  0  0  0  0  0  0  0  0  0  0
  -27.6463   26.3386   10.4609 H   0  0  0  0  0  0  0  0  0  0  0  0
  -29.8161   27.1588   10.4807 H   0  0  0  0  0  0  0  0  0  0  0  0
  -29.8465   29.5162   12.4564 H   0  0  0  0  0  0  0  0  0  0  0  0
  -33.5156   30.4578    9.9751 H   0  0  0  0  0  0  0  0  0  0  0  0
  -31.7191   32.6369    8.8299 H   0  0  0  0  0  0  0  0  0  0  0  0
  -31.9015   30.9712    8.1829 H   0  0  0  0  0  0  0  0  0  0  0  0
  -33.3042   32.0933    8.1829 H   0  0  0  0  0  0  0  0  0  0  0  0
  -24.9647   27.0192   10.5544 H   0  0  0  0  0  0  0  0  0  0  0  0
  -24.1336   26.2465   11.9310 H   0  0  0  0  0  0  0  0  0  0  0  0
  -34.5898   33.0117    9.2613 H   0  0  0  0  0  0  0  0  0  0  0  0
  -35.3188   35.7884   14.0416 H   0  0  0  0  0  0  0  0  0  0  0  0
  -37.5257   35.1969   11.9837 H   0  0  0  0  0  0  0  0  0  0  0  0
  -37.3122   34.3608   13.6242 H   0  0  0  0  0  0  0  0  0  0  0  0
  -38.4835   36.9815   11.9114 H   0  0  0  0  0  0  0  0  0  0  0  0
  -38.9830   37.8346   13.4765 H   0  0  0  0  0  0  0  0  0  0  0  0
  -37.2571   38.8016   11.9366 H   0  0  0  0  0  0  0  0  0  0  0  0
  -37.0966   38.7454   13.7764 H   0  0  0  0  0  0  0  0  0  0  0  0
  -35.1307   38.3241   12.2785 H   0  0  0  0  0  0  0  0  0  0  0  0
  -35.5486   37.2861   13.7605 H   0  0  0  0  0  0  0  0  0  0  0  0
  -36.5068   36.3537   11.4001 H   0  0  0  0  0  0  0  0  0  0  0  0
  -36.7754   35.5189   10.8173 H   0  0  0  0  0  0  0  0  0  0  0  0
  -35.5708   35.7054    9.4980 H   0  0  0  0  0  0  0  0  0  0  0  0
  -36.6929   34.3027    9.4980 H   0  0  0  0  0  0  0  0  0  0  0  0
  -31.6723   31.9445   13.2638 H   0  0  0  0  0  0  0  0  0  0  0  0
  -27.9152   33.9490   12.7100 H   0  0  0  0  0  0  0  0  0  0  0  0
  -27.6068   32.8653   10.4221 H   0  0  0  0  0  0  0  0  0  0  0  0
  -30.0003   30.6071    8.9846 H   0  0  0  0  0  0  0  0  0  0  0  0
  -27.3393   31.8171    9.1704 H   0  0  0  0  0  0  0  0  0  0  0  0
  -27.9650   30.7155    7.8970 H   0  0  0  0  0  0  0  0  0  0  0  0
  -28.4376   32.4485    7.8970 H   0  0  0  0  0  0  0  0  0  0  0  0
  1  2  2  0
  2  3  1  0
  2  4  1  0
  4  5  1  0
  5  6  1  0
  6  7  2  0
  6  8  1  0
  8  9  2  0
  9 10  1  0
 10 11  2  0
 10 12  1  0
 12 13  1  0
 13 14  1  0
  4 15  2  0
 16 17  2  0
 17 18  1  0
 18 19  2  0
 19 20  1  0
 20 21  2  0
 21 16  1  0
 13 16  1  0
 21 22  1  0
 20 23  1  0
 24 25  1  0
 25 26  1  0
 26 27  1  0
 27 28  1  0
 28 29  1  0
 29 30  1  0
 30 24  1  0
 19 24  1  0
 18 31  1  0
 32 33  2  0
 33 34  1  0
 34 35  2  0
 35 36  1  0
 36 37  2  0
 37 32  1  0
 12 32  1  0
 38 39  1  0
 37 38  1  0
  5 40  1  0
  8 41  1  0
  9 42  1  0
 13 43  1  6
 14 44  1  0
 14 45  1  0
 14 46  1  0
 15 47  1  0
 15 48  1  0
 17 49  1  0
 24 50  1  1
 25 51  1  0
 25 52  1  0
 27 53  1  0
 27 54  1  0
 28 55  1  0
 28 56  1  0
 29 57  1  0
 29 58  1  0
 30 59  1  0
 31 60  1  0
 31 61  1  0
 31 62  1  0
 33 63  1  0
 35 64  1  0
 36 65  1  0
 38 66  1  0
 39 67  1  0
 39 68  1  0
 39 69  1  0
M  CHG  3   3  -1  15   1  18   1
M  END
"
1mv9_Lingo3DMolv2_818832,1mv9,"1mv9_Lingo3DMolv2_818832
     RDKit          3D

 59 62  0  0  0  0  0  0  0  0999 V2000
   54.5929   45.3723   30.0652 O   0  0  0  0  0  0  0  0  0  0  0  0
   55.5929   44.4723   30.4652 C   0  0  0  0  0  0  0  0  0  0  0  0
   56.8929   45.0723   30.4652 C   0  0  0  0  0  0  0  0  0  0  0  0
   57.1929   45.7723   29.2652 N   0  0  0  0  0  0  0  0  0  0  0  0
   58.4929   46.2723   29.1652 C   0  0  0  0  0  0  0  0  0  0  0  0
   58.9929   47.2723   30.0652 C   0  0  0  0  0  0  0  0  0  0  0  0
   60.2929   47.7723   29.8652 C   0  0  0  0  0  0  0  0  0  0  0  0
   61.0929   47.2723   28.8652 C   0  0  0  0  0  0  0  0  0  0  0  0
   60.5929   46.2723   27.9652 C   0  0  0  0  0  0  0  0  0  0  0  0
   59.2929   45.8723   28.0652 N   0  0  0  0  0  0  0  0  0  0  0  0
   62.4929   47.7723   28.6652 C   0  0  0  0  0  0  0  0  0  0  0  0
   63.5929   46.6723   28.2652 C   0  0  0  0  0  0  0  0  0  0  0  0
   63.8929   45.6723   29.3652 C   0  0  0  0  0  0  0  0  0  0  0  0
   64.1929   44.3723   29.1652 C   0  0  0  0  0  0  0  0  0  0  0  0
   64.4929   43.4723   30.6652 S   0  0  0  0  0  0  0  0  0  0  0  0
   64.2929   44.9723   31.5652 C   0  0  0  0  0  0  0  0  0  0  0  0
   63.9929   45.9723   30.7652 C   0  0  0  0  0  0  0  0  0  0  0  0
   63.7929   47.1723   31.5652 N   0  0  0  0  0  0  0  0  0  0  0  0
   63.5929   46.6723   32.9652 C   0  0  1  0  0  0  0  0  0  0  0  0
   62.5929   47.2723   33.9652 C   0  0  0  0  0  0  0  0  0  0  0  0
   62.1929   48.3723   33.9652 O   0  0  0  0  0  0  0  0  0  0  0  0
   62.3929   46.2723   34.8652 N   0  0  0  0  0  0  0  0  0  0  0  0
   62.9929   44.9723   34.4652 C   0  0  0  0  0  0  0  0  0  0  0  0
   63.7929   45.2723   33.2652 C   0  0  1  0  0  0  0  0  0  0  0  0
   65.3929   45.1723   33.6652 C   0  0  0  0  0  0  0  0  0  0  0  0
   66.2929   45.5723   32.6652 C   0  0  0  0  0  0  0  0  0  0  0  0
   66.2929   44.7723   31.4652 C   0  0  0  0  0  0  0  0  0  0  0  0
   66.9929   43.4723   31.6652 C   0  0  0  0  0  0  0  0  0  0  0  0
   61.4929   46.4723   35.9652 C   0  0  0  0  0  0  0  0  0  0  0  0
   54.1601   45.7619   30.8658 H   0  0  0  0  0  0  0  0  0  0  0  0
   55.3657   44.1195   31.4820 H   0  0  0  0  0  0  0  0  0  0  0  0
   55.6053   43.6402   29.7458 H   0  0  0  0  0  0  0  0  0  0  0  0
   56.9499   45.7803   31.3051 H   0  0  0  0  0  0  0  0  0  0  0  0
   57.6260   44.2574   30.5570 H   0  0  0  0  0  0  0  0  0  0  0  0
   56.4964   45.9024   28.5176 H   0  0  0  0  0  0  0  0  0  0  0  0
   58.3720   47.6407   30.8951 H   0  0  0  0  0  0  0  0  0  0  0  0
   60.6736   48.5727   30.5167 H   0  0  0  0  0  0  0  0  0  0  0  0
   61.2519   45.8327   27.2020 H   0  0  0  0  0  0  0  0  0  0  0  0
   62.8173   48.2441   29.6044 H   0  0  0  0  0  0  0  0  0  0  0  0
   62.4389   48.4577   27.8066 H   0  0  0  0  0  0  0  0  0  0  0  0
   63.2271   46.1208   27.3866 H   0  0  0  0  0  0  0  0  0  0  0  0
   64.5282   47.2155   28.0648 H   0  0  0  0  0  0  0  0  0  0  0  0
   64.2465   43.9135   28.1669 H   0  0  0  0  0  0  0  0  0  0  0  0
   63.7895   48.1499   31.2410 H   0  0  0  0  0  0  0  0  0  0  0  0
   64.5050   47.2603   33.1453 H   0  0  0  0  0  0  0  0  0  0  0  0
   63.6337   44.5793   35.2683 H   0  0  0  0  0  0  0  0  0  0  0  0
   62.2269   44.2075   34.2694 H   0  0  0  0  0  0  0  0  0  0  0  0
   65.6134   44.1253   33.9202 H   0  0  0  0  0  0  0  0  0  0  0  0
   65.5393   45.8730   34.5004 H   0  0  0  0  0  0  0  0  0  0  0  0
   66.0453   46.6059   32.3819 H   0  0  0  0  0  0  0  0  0  0  0  0
   67.2959   45.4565   33.1018 H   0  0  0  0  0  0  0  0  0  0  0  0
   65.2520   44.5742   31.1697 H   0  0  0  0  0  0  0  0  0  0  0  0
   66.8273   45.3309   30.6826 H   0  0  0  0  0  0  0  0  0  0  0  0
   67.0992   43.2750   32.7421 H   0  0  0  0  0  0  0  0  0  0  0  0
   66.4074   42.6653   31.2006 H   0  0  0  0  0  0  0  0  0  0  0  0
   67.9890   43.5169   31.2006 H   0  0  0  0  0  0  0  0  0  0  0  0
   62.0389   46.3510   36.9124 H   0  0  0  0  0  0  0  0  0  0  0  0
   61.0699   47.4864   35.9131 H   0  0  0  0  0  0  0  0  0  0  0  0
   60.6802   45.7329   35.9131 H   0  0  0  0  0  0  0  0  0  0  0  0
  1  2  1  0
  2  3  1  0
  3  4  1  0
  5  6  2  0
  6  7  1  0
  7  8  2  0
  8  9  1  0
  9 10  2  0
 10  5  1  0
  4  5  1  0
 11 12  1  0
  8 11  1  0
 13 14  2  0
 14 15  1  0
 15 16  1  0
 16 17  2  0
 17 18  1  0
 19 18  1  0
 19 20  1  0
 20 21  2  0
 20 22  1  0
 22 23  1  0
 23 24  1  0
 17 13  1  0
 24 19  1  0
 24 16  1  0
 12 13  1  0
 25 26  1  0
 26 27  1  0
 27 28  1  0
 24 25  1  1
 22 29  1  0
  1 30  1  0
  2 31  1  0
  2 32  1  0
  3 33  1  0
  3 34  1  0
  4 35  1  0
  6 36  1  0
  7 37  1  0
  9 38  1  0
 11 39  1  0
 11 40  1  0
 12 41  1  0
 12 42  1  0
 14 43  1  0
 18 44  1  0
 19 45  1  1
 23 46  1  0
 23 47  1  0
 25 48  1  0
 25 49  1  0
 26 50  1  0
 26 51  1  0
 27 52  1  0
 27 53  1  0
 28 54  1  0
 28 55  1  0
 28 56  1  0
 29 57  1  0
 29 58  1  0
 29 59  1  0
M  END
"
2of2_Lingo3DMolv2_644392,2of2,"2of2_Lingo3DMolv2_644392
     RDKit          3D

 67 72  0  0  0  0  0  0  0  0999 V2000
   27.9770   35.5761   82.7043 N   0  0  0  0  0  0  0  0  0  0  0  0
   26.7770   36.1761   83.0043 N   0  0  0  0  0  0  0  0  0  0  0  0
   26.9770   37.2761   83.5043 C   0  0  0  0  0  0  0  0  0  0  0  0
   28.3770   37.5761   83.5043 C   0  0  0  0  0  0  0  0  0  0  0  0
   28.9770   36.5761   82.9043 C   0  0  0  0  0  0  0  0  0  0  0  0
   30.3770   36.4761   82.6043 C   0  0  0  0  0  0  0  0  0  0  0  0
   31.1770   37.4761   83.0043 C   0  0  0  0  0  0  0  0  0  0  0  0
   30.5770   38.5761   83.8043 C   0  0  0  0  0  0  0  0  0  0  0  0
   29.2770   38.5761   84.1043 C   0  0  0  0  0  0  0  0  0  0  0  0
   28.7770   39.7761   84.9043 C   0  0  0  0  0  0  0  0  0  0  0  0
   32.5770   37.4761   82.7043 N   0  0  0  0  0  0  0  0  0  0  0  0
   33.1770   36.4761   81.9043 C   0  0  0  0  0  0  0  0  0  0  0  0
   34.6770   36.8761   81.6043 C   0  0  0  0  0  0  0  0  0  0  0  0
   34.9770   37.7761   82.7043 C   0  0  1  0  0  0  0  0  0  0  0  0
   33.6770   38.3761   83.0043 C   0  0  0  0  0  0  0  0  0  0  0  0
   35.7770   37.0761   83.9043 N   0  0  0  0  0  4  0  0  0  0  0  0
   34.9770   35.9761   84.6043 C   0  0  0  0  0  0  0  0  0  0  0  0
   36.3770   38.0761   84.9043 C   0  0  0  0  0  0  0  0  0  0  0  0
   25.8770   38.0761   84.0043 C   0  0  0  0  0  0  0  0  0  0  0  0
   26.0770   39.2761   84.6043 N   0  0  0  0  0  0  0  0  0  0  0  0
   24.8770   39.7761   84.9043 N   0  0  0  0  0  0  0  0  0  0  0  0
   23.8770   38.8761   84.6043 C   0  0  0  0  0  0  0  0  0  0  0  0
   22.4770   38.9761   84.7043 C   0  0  0  0  0  0  0  0  0  0  0  0
   21.7770   39.9761   85.1043 O   0  0  0  0  0  0  0  0  0  0  0  0
   21.8770   37.8761   84.3043 N   0  0  0  0  0  0  0  0  0  0  0  0
   22.4770   36.6761   83.8043 N   0  0  0  0  0  0  0  0  0  0  0  0
   23.7770   36.5761   83.7043 C   0  0  0  0  0  0  0  0  0  0  0  0
   24.5770   37.6761   84.1043 C   0  0  0  0  0  0  0  0  0  0  0  0
   24.2770   35.4761   83.1043 N   0  0  0  0  0  0  0  0  0  0  0  0
   24.7770   41.1761   85.5043 C   0  0  0  0  0  0  0  0  0  0  0  0
   25.2770   42.1761   84.5043 C   0  0  0  0  0  0  0  0  0  0  0  0
   25.2770   43.5761   85.1043 C   0  0  0  0  0  0  0  0  0  0  0  0
   26.0770   43.5761   86.3043 O   0  0  0  0  0  0  0  0  0  0  0  0
   25.5770   42.7761   87.3043 C   0  0  0  0  0  0  0  0  0  0  0  0
   25.5770   41.2761   86.8043 C   0  0  0  0  0  0  0  0  0  0  0  0
   28.1248   34.6039   82.3979 H   0  0  0  0  0  0  0  0  0  0  0  0
   30.7811   35.6074   82.0638 H   0  0  0  0  0  0  0  0  0  0  0  0
   31.2140   39.4019   84.1539 H   0  0  0  0  0  0  0  0  0  0  0  0
   28.8659   39.5626   85.9797 H   0  0  0  0  0  0  0  0  0  0  0  0
   29.3814   40.6606   84.6548 H   0  0  0  0  0  0  0  0  0  0  0  0
   27.7233   39.9697   84.6548 H   0  0  0  0  0  0  0  0  0  0  0  0
   33.1530   35.5148   82.4385 H   0  0  0  0  0  0  0  0  0  0  0  0
   32.6248   36.3813   80.9577 H   0  0  0  0  0  0  0  0  0  0  0  0
   35.3357   35.9951   81.6180 H   0  0  0  0  0  0  0  0  0  0  0  0
   34.8254   37.3255   80.6113 H   0  0  0  0  0  0  0  0  0  0  0  0
   35.7050   38.5650   82.4645 H   0  0  0  0  0  0  0  0  0  0  0  0
   33.6433   38.6332   84.0733 H   0  0  0  0  0  0  0  0  0  0  0  0
   33.5637   39.2708   82.3746 H   0  0  0  0  0  0  0  0  0  0  0  0
   36.5751   36.6103   83.4493 H   0  0  0  0  0  0  0  0  0  0  0  0
   35.0644   36.0962   85.6942 H   0  0  0  0  0  0  0  0  0  0  0  0
   33.9193   36.0487   84.3110 H   0  0  0  0  0  0  0  0  0  0  0  0
   35.3720   34.9922   84.3110 H   0  0  0  0  0  0  0  0  0  0  0  0
   36.1729   37.7358   85.9302 H   0  0  0  0  0  0  0  0  0  0  0  0
   37.4640   38.1421   84.7493 H   0  0  0  0  0  0  0  0  0  0  0  0
   35.9237   39.0663   84.7493 H   0  0  0  0  0  0  0  0  0  0  0  0
   20.8484   37.8782   84.3573 H   0  0  0  0  0  0  0  0  0  0  0  0
   25.2959   35.3609   83.0065 H   0  0  0  0  0  0  0  0  0  0  0  0
   23.6399   34.7514   82.7440 H   0  0  0  0  0  0  0  0  0  0  0  0
   23.7244   41.3874   85.7440 H   0  0  0  0  0  0  0  0  0  0  0  0
   26.3020   41.9095   84.2072 H   0  0  0  0  0  0  0  0  0  0  0  0
   24.6131   42.1648   83.6273 H   0  0  0  0  0  0  0  0  0  0  0  0
   25.7002   44.2872   84.3796 H   0  0  0  0  0  0  0  0  0  0  0  0
   24.2465   43.8751   85.3463 H   0  0  0  0  0  0  0  0  0  0  0  0
   26.2079   42.8670   88.2008 H   0  0  0  0  0  0  0  0  0  0  0  0
   24.5519   43.0868   87.5543 H   0  0  0  0  0  0  0  0  0  0  0  0
   26.6117   40.9486   86.6250 H   0  0  0  0  0  0  0  0  0  0  0  0
   25.1182   40.6327   87.5695 H   0  0  0  0  0  0  0  0  0  0  0  0
  1  2  1  0
  2  3  2  0
  3  4  1  0
  4  5  2  0
  5  6  1  0
  6  7  2  0
  7  8  1  0
  8  9  2  0
  5  1  1  0
  9  4  1  0
  9 10  1  0
 11 12  1  0
 12 13  1  0
 13 14  1  0
 14 15  1  0
 15 11  1  0
  7 11  1  0
 16 17  1  0
 16 18  1  0
 14 16  1  0
 19 20  2  0
 20 21  1  0
 21 22  1  0
 22 23  1  0
 23 24  2  0
 23 25  1  0
 25 26  1  0
 26 27  2  0
 27 28  1  0
 28 19  1  0
 28 22  2  0
  3 19  1  0
 27 29  1  0
 30 31  1  0
 31 32  1  0
 32 33  1  0
 33 34  1  0
 34 35  1  0
 35 30  1  0
 21 30  1  0
  1 36  1  0
  6 37  1  0
  8 38  1  0
 10 39  1  0
 10 40  1  0
 10 41  1  0
 12 42  1  0
 12 43  1  0
 13 44  1  0
 13 45  1  0
 14 46  1  6
 15 47  1  0
 15 48  1  0
 16 49  1  0
 17 50  1  0
 17 51  1  0
 17 52  1  0
 18 53  1  0
 18 54  1  0
 18 55  1  0
 25 56  1  0
 29 57  1  0
 29 58  1  0
 30 59  1  0
 31 60  1  0
 31 61  1  0
 32 62  1  0
 32 63  1  0
 34 64  1  0
 34 65  1  0
 35 66  1  0
 35 67  1  0
M  CHG  1  16   1
M  END
"
2azr_Lingo3DMolv2_732327,2azr,"2azr_Lingo3DMolv2_732327
     RDKit          3D

 19 20  0  0  0  0  0  0  0  0999 V2000
   45.9206   15.6031    4.0659 N   0  0  0  0  0  0  0  0  0  0  0  0
   46.7206   16.6031    4.5659 N   0  0  0  0  0  0  0  0  0  0  0  0
   48.0206   16.4031    4.2659 C   0  0  0  0  0  0  0  0  0  0  0  0
   48.9206   17.1031    4.5659 O   0  0  0  0  0  0  0  0  0  0  0  0
   47.9206   15.3031    3.5659 N   0  0  0  0  0  2  0  0  0  0  0  0
   46.7206   14.9031    3.4659 C   0  0  0  0  0  0  0  0  0  0  0  0
   46.3206   13.7031    2.7659 N   0  0  0  0  0  0  0  0  0  0  0  0
   45.3206   13.7031    1.9659 C   0  0  0  0  0  0  0  0  0  0  0  0
   44.5206   14.6031    1.6659 O   0  0  0  0  0  0  0  0  0  0  0  0
   45.1206   12.3031    1.2659 C   0  0  0  0  0  0  0  0  0  0  0  0
   43.8206   11.8031    1.0659 C   0  0  0  0  0  0  0  0  0  0  0  0
   44.6206   12.3031   -0.1341 C   0  0  0  0  0  0  0  0  0  0  0  0
   46.3698   17.4079    5.1045 H   0  0  0  0  0  0  0  0  0  0  0  0
   46.8498   12.8319    2.9133 H   0  0  0  0  0  0  0  0  0  0  0  0
   46.0072   11.8871    1.7667 H   0  0  0  0  0  0  0  0  0  0  0  0
   43.6232   10.7274    1.1831 H   0  0  0  0  0  0  0  0  0  0  0  0
   42.8302   12.0335    1.4855 H   0  0  0  0  0  0  0  0  0  0  0  0
   45.0235   11.5963   -0.8744 H   0  0  0  0  0  0  0  0  0  0  0  0
   44.4846   13.0420   -0.9376 H   0  0  0  0  0  0  0  0  0  0  0  0
  1  2  1  0
  2  3  1  0
  3  4  2  0
  3  5  1  0
  5  6  1  0
  6  1  2  0
  7  8  1  0
  8  9  2  0
  6  7  1  0
 10 11  1  0
 11 12  1  0
 12 10  1  0
  8 10  1  0
  2 13  1  0
  7 14  1  0
 10 15  1  0
 11 16  1  0
 11 17  1  0
 12 18  1  0
 12 19  1  0
M  CHG  1   5  -1
M  END
"
1d3g_Lingo3DMolv2_883948,1d3g,"1d3g_Lingo3DMolv2_883948
     RDKit          3D

 48 51  0  0  0  0  0  0  0  0999 V2000
   48.2344   40.9703   -5.8797 O   0  0  0  0  0  0  0  0  0  0  0  0
   48.7344   41.1703   -4.8797 C   0  0  0  0  0  0  0  0  0  0  0  0
   49.8344   42.1703   -4.7797 N   0  0  0  0  0  0  0  0  0  0  0  0
   50.4344   42.5703   -3.5797 C   0  0  2  0  0  0  0  0  0  0  0  0
   49.9344   41.8703   -2.2797 N   0  0  0  0  0  0  0  0  0  0  0  0
   49.0344   40.9703   -2.3797 C   0  0  0  0  0  0  0  0  0  0  0  0
   48.4344   40.5703   -3.5797 N   0  0  0  0  0  0  0  0  0  0  0  0
   47.3344   39.6703   -3.6797 C   0  0  0  0  0  0  0  0  0  0  0  0
   46.7344   39.1703   -2.7797 O   0  0  0  0  0  0  0  0  0  0  0  0
   48.6344   40.2703   -1.0797 C   0  0  0  0  0  0  0  0  0  0  0  0
   50.4344   43.9703   -3.3797 C   0  0  0  0  0  0  0  0  0  0  0  0
   51.4344   44.6703   -2.3797 C   0  0  0  0  0  0  0  0  0  0  0  0
   50.9344   45.0703   -1.0797 C   0  0  0  0  0  0  0  0  0  0  0  0
   51.8344   45.7703   -0.2797 C   0  0  0  0  0  0  0  0  0  0  0  0
   53.1344   46.0703   -0.7797 C   0  0  0  0  0  0  0  0  0  0  0  0
   53.6344   45.6703   -2.0797 C   0  0  0  0  0  0  0  0  0  0  0  0
   52.7344   44.9703   -2.8797 C   0  0  0  0  0  0  0  0  0  0  0  0
   55.0344   45.9703   -2.4797 C   0  0  1  0  0  0  0  0  0  0  0  0
   55.7344   46.8703   -1.5797 N   0  0  0  0  0  0  0  0  0  0  0  0
   56.5344   48.0703   -1.9797 C   0  0  0  0  0  0  0  0  0  0  0  0
   56.9344   48.2703   -3.0797 O   0  0  0  0  0  0  0  0  0  0  0  0
   56.5344   48.9703   -0.6797 C   0  0  0  0  0  0  0  0  0  0  0  0
   55.8344   48.1703    0.3203 O   0  0  0  0  0  0  0  0  0  0  0  0
   55.2344   47.0703   -0.2797 C   0  0  1  0  0  0  0  0  0  0  0  0
   53.8344   46.8703    0.0203 N   0  0  0  0  0  0  0  0  0  0  0  0
   53.7344   46.5703    1.4203 C   0  0  0  0  0  0  0  0  0  0  0  0
   56.0344   44.6703   -2.4797 C   0  0  0  0  0  0  0  0  0  0  0  0
   50.1767   42.5963   -5.6528 H   0  0  0  0  0  0  0  0  0  0  0  0
   51.4643   42.2196   -3.7422 H   0  0  0  0  0  0  0  0  0  0  0  0
   47.0038   39.4092   -4.6958 H   0  0  0  0  0  0  0  0  0  0  0  0
   48.9758   40.8678   -0.2215 H   0  0  0  0  0  0  0  0  0  0  0  0
   47.5401   40.1655   -1.0414 H   0  0  0  0  0  0  0  0  0  0  0  0
   49.0997   39.2743   -1.0414 H   0  0  0  0  0  0  0  0  0  0  0  0
   50.6173   44.4226   -4.3656 H   0  0  0  0  0  0  0  0  0  0  0  0
   49.4635   44.1344   -2.8894 H   0  0  0  0  0  0  0  0  0  0  0  0
   49.9123   44.8367   -0.7469 H   0  0  0  0  0  0  0  0  0  0  0  0
   51.5433   46.0896    0.7319 H   0  0  0  0  0  0  0  0  0  0  0  0
   53.0255   44.6511   -3.8913 H   0  0  0  0  0  0  0  0  0  0  0  0
   54.8655   46.3928   -3.4812 H   0  0  0  0  0  0  0  0  0  0  0  0
   57.5635   49.1843   -0.3553 H   0  0  0  0  0  0  0  0  0  0  0  0
   56.0529   49.9451   -0.8465 H   0  0  0  0  0  0  0  0  0  0  0  0
   55.5598   46.1521    0.2312 H   0  0  0  0  0  0  0  0  0  0  0  0
   54.0288   47.4534    2.0065 H   0  0  0  0  0  0  0  0  0  0  0  0
   52.6969   46.2978    1.6637 H   0  0  0  0  0  0  0  0  0  0  0  0
   54.4010   45.7298    1.6637 H   0  0  0  0  0  0  0  0  0  0  0  0
   56.2580   44.3797   -1.4426 H   0  0  0  0  0  0  0  0  0  0  0  0
   55.5461   43.8321   -2.9982 H   0  0  0  0  0  0  0  0  0  0  0  0
   56.9699   44.9273   -2.9982 H   0  0  0  0  0  0  0  0  0  0  0  0
  1  2  2  0
  2  3  1  0
  3  4  1  0
  4  5  1  0
  5  6  2  0
  6  7  1  0
  7  2  1  0
  8  9  2  0
  7  8  1  0
  6 10  1  0
  4 11  1  0
 12 13  2  0
 13 14  1  0
 14 15  2  0
 15 16  1  0
 16 17  2  0
 16 18  1  0
 18 19  1  0
 19 20  1  0
 20 21  2  0
 20 22  1  0
 22 23  1  0
 24 23  1  0
 24 25  1  0
 17 12  1  0
 24 19  1  0
 25 15  1  0
 11 12  1  0
 25 26  1  0
 18 27  1  0
  3 28  1  0
  4 29  1  6
  8 30  1  0
 10 31  1  0
 10 32  1  0
 10 33  1  0
 11 34  1  0
 11 35  1  0
 13 36  1  0
 14 37  1  0
 17 38  1  0
 18 39  1  6
 22 40  1  0
 22 41  1  0
 24 42  1  1
 26 43  1  0
 26 44  1  0
 26 45  1  0
 27 46  1  0
 27 47  1  0
 27 48  1  0
M  END
"
2p54_Lingo3DMolv2_335648,2p54,"2p54_Lingo3DMolv2_335648
     RDKit          3D

 44 46  0  0  0  0  0  0  0  0999 V2000
   10.8048   41.7159   21.4206 O   0  0  0  0  0  0  0  0  0  0  0  0
   11.7048   41.1159   22.1206 C   0  0  0  0  0  0  0  0  0  0  0  0
   12.9048   41.3159   21.9206 O   0  0  0  0  0  1  0  0  0  0  0  0
   11.3048   40.3159   23.2206 C   0  0  2  0  0  0  0  0  0  0  0  0
   10.4048   39.0159   22.8206 C   0  0  0  0  0  0  0  0  0  0  0  0
   10.4048   41.3159   24.5206 S   0  0  0  0  0  1  0  0  0  0  0  0
   10.6048   37.9159   23.8206 C   0  0  0  0  0  0  0  0  0  0  0  0
   11.6048   36.9159   23.7206 C   0  0  0  0  0  0  0  0  0  0  0  0
   11.8048   36.0159   25.2206 S   0  0  0  0  0  0  0  0  0  0  0  0
   10.5048   36.9159   25.9206 C   0  0  0  0  0  0  0  0  0  0  0  0
   10.0048   37.8159   25.1206 C   0  0  0  0  0  0  0  0  0  0  0  0
   10.2048   36.6159   27.2206 O   0  0  0  0  0  0  0  0  0  0  0  0
   11.2048   37.0159   28.1206 N   0  0  0  0  0  0  0  0  0  0  0  0
   12.5048   36.9159   27.8206 N   0  0  0  0  0  0  0  0  0  0  0  0
   13.1048   37.4159   28.9206 N   0  0  0  0  0  0  0  0  0  0  0  0
   12.1048   37.8159   29.7206 C   0  0  0  0  0  0  0  0  0  0  0  0
   11.0048   37.6159   29.2206 N   0  0  0  0  0  0  0  0  0  0  0  0
   12.4048   38.6159   31.3206 S   0  0  0  0  0  0  0  0  0  0  0  0
   14.0048   39.3159   31.0206 C   0  0  0  0  0  0  0  0  0  0  0  0
   15.1048   38.5159   31.5206 C   0  0  0  0  0  0  0  0  0  0  0  0
   16.3048   39.3159   32.0206 C   0  0  0  0  0  0  0  0  0  0  0  0
   17.6048   38.8159   31.7206 C   0  0  0  0  0  0  0  0  0  0  0  0
   18.7048   39.4159   32.3206 C   0  0  0  0  0  0  0  0  0  0  0  0
   18.5048   40.5159   33.3206 C   0  0  0  0  0  0  0  0  0  0  0  0
   17.2048   41.0159   33.5206 C   0  0  0  0  0  0  0  0  0  0  0  0
   16.2048   40.4159   32.9206 C   0  0  0  0  0  0  0  0  0  0  0  0
   19.9048   39.0159   32.0206 O   0  0  0  0  0  0  0  0  0  0  0  0
   21.0048   39.5159   32.6206 C   0  0  0  0  0  0  0  0  0  0  0  0
   12.2514   39.9355   23.6320 H   0  0  0  0  0  0  0  0  0  0  0  0
    9.3427   39.3015   22.8031 H   0  0  0  0  0  0  0  0  0  0  0  0
   10.7154   38.6577   21.8281 H   0  0  0  0  0  0  0  0  0  0  0  0
   12.1896   36.7240   22.8090 H   0  0  0  0  0  0  0  0  0  0  0  0
    9.1691   38.4630   25.4253 H   0  0  0  0  0  0  0  0  0  0  0  0
   14.1310   39.4360   29.9345 H   0  0  0  0  0  0  0  0  0  0  0  0
   14.0381   40.2734   31.5612 H   0  0  0  0  0  0  0  0  0  0  0  0
   14.7308   37.9035   32.3543 H   0  0  0  0  0  0  0  0  0  0  0  0
   15.4644   37.9190   30.6696 H   0  0  0  0  0  0  0  0  0  0  0  0
   17.7349   37.9716   31.0277 H   0  0  0  0  0  0  0  0  0  0  0  0
   19.3563   40.9231   33.8856 H   0  0  0  0  0  0  0  0  0  0  0  0
   17.0313   41.8900   34.1655 H   0  0  0  0  0  0  0  0  0  0  0  0
   15.1949   40.7974   33.1319 H   0  0  0  0  0  0  0  0  0  0  0  0
   20.8839   39.4610   33.7126 H   0  0  0  0  0  0  0  0  0  0  0  0
   21.8854   38.9296   32.3193 H   0  0  0  0  0  0  0  0  0  0  0  0
   21.1421   40.5649   32.3193 H   0  0  0  0  0  0  0  0  0  0  0  0
  1  2  2  0
  2  3  1  0
  2  4  1  0
  4  5  1  0
  4  6  1  0
  7  8  2  0
  8  9  1  0
  9 10  1  0
 10 11  2  0
 11  7  1  0
  5  7  1  0
 10 12  1  0
 13 14  1  0
 14 15  2  0
 15 16  1  0
 16 17  2  0
 17 13  1  0
 12 13  1  0
 18 19  1  0
 19 20  1  0
 16 18  1  0
 21 22  2  0
 22 23  1  0
 23 24  2  0
 24 25  1  0
 25 26  2  0
 26 21  1  0
 20 21  1  0
 27 28  1  0
 23 27  1  0
  4 29  1  1
  5 30  1  0
  5 31  1  0
  8 32  1  0
 11 33  1  0
 19 34  1  0
 19 35  1  0
 20 36  1  0
 20 37  1  0
 22 38  1  0
 24 39  1  0
 25 40  1  0
 26 41  1  0
 28 42  1  0
 28 43  1  0
 28 44  1  0
M  CHG  2   3  -1   6  -1
M  END
"
3el8_Lingo3DMolv2_954768,3el8,"3el8_Lingo3DMolv2_954768
     RDKit          3D

 57 61  0  0  0  0  0  0  0  0999 V2000
    7.7642    6.1778    8.2297 N   0  0  0  0  0  0  0  0  0  0  0  0
    8.1642    7.3778    7.4297 C   0  0  0  0  0  0  0  0  0  0  0  0
    7.3642    8.2778    6.9297 N   0  0  0  0  0  0  0  0  0  0  0  0
    6.0642    8.0778    7.1297 C   0  0  0  0  0  0  0  0  0  0  0  0
    5.0642    8.8778    6.6297 N   0  0  0  0  0  0  0  0  0  0  0  0
    3.8642    8.2778    7.0297 C   0  0  0  0  0  0  0  0  0  0  0  0
    2.4642    8.6778    6.7297 C   0  0  0  0  0  0  0  0  0  0  0  0
    1.4642    7.8778    7.2297 C   0  0  0  0  0  0  0  0  0  0  0  0
    1.6642    6.7778    8.0297 C   0  0  0  0  0  0  0  0  0  0  0  0
    3.0642    6.3778    8.3297 C   0  0  0  0  0  0  0  0  0  0  0  0
    4.0642    7.1778    7.8297 C   0  0  0  0  0  0  0  0  0  0  0  0
    5.4642    7.0778    7.8297 C   0  0  0  0  0  0  0  0  0  0  0  0
    6.3642    6.0778    8.2297 C   0  0  0  0  0  0  0  0  0  0  0  0
    5.9642    4.8778    8.7297 N   0  0  0  0  0  0  0  0  0  0  0  0
    0.5642    5.9778    8.4297 N   0  0  0  0  0  0  0  0  0  0  0  0
    0.5642    4.6778    8.7297 C   0  0  0  0  0  0  0  0  0  0  0  0
    1.5642    3.9778    8.7297 O   0  0  0  0  0  0  0  0  0  0  0  0
   -0.7358    4.2778    9.0297 N   0  0  0  0  0  0  0  0  0  0  0  0
   -1.1358    2.9778    8.9297 C   0  0  0  0  0  0  0  0  0  0  0  0
   -0.4358    1.9778    8.5297 O   0  0  0  0  0  0  0  0  0  0  0  0
   -2.4358    2.8778    9.2297 N   0  0  0  0  0  0  0  0  0  0  0  0
   -3.2358    1.6778    9.2297 C   0  0  0  0  0  0  0  0  0  0  0  0
   -4.5358    1.7778    9.6297 C   0  0  0  0  0  0  0  0  0  0  0  0
   -5.4358    0.7778    9.6297 N   0  0  0  0  0  0  0  0  0  0  0  0
   -5.0358   -0.4222    9.1297 C   0  0  0  0  0  0  0  0  0  0  0  0
   -3.7358   -0.6222    8.6297 C   0  0  0  0  0  0  0  0  0  0  0  0
   -2.8358    0.3778    8.6297 C   0  0  0  0  0  0  0  0  0  0  0  0
   -3.4358   -1.8222    8.1297 F   0  0  0  0  0  0  0  0  0  0  0  0
    5.2642   10.0778    5.7297 C   0  0  1  0  0  0  0  0  0  0  0  0
    5.7642    9.6778    4.3297 C   0  0  0  0  0  0  0  0  0  0  0  0
    5.8642   10.7778    3.4297 C   0  0  0  0  0  0  0  0  0  0  0  0
    4.4642   11.6778    3.3297 C   0  0  0  0  0  0  0  0  0  0  0  0
    4.0642   12.1778    4.7297 N   0  0  0  0  0  4  0  0  0  0  0  0
    3.9642   10.9778    5.7297 C   0  0  0  0  0  0  0  0  0  0  0  0
    9.2400    7.5140    7.2453 H   0  0  0  0  0  0  0  0  0  0  0  0
    2.2383    9.5744    6.1339 H   0  0  0  0  0  0  0  0  0  0  0  0
    0.4271    8.1370    6.9705 H   0  0  0  0  0  0  0  0  0  0  0  0
    3.2900    5.4811    8.9256 H   0  0  0  0  0  0  0  0  0  0  0  0
    6.6652    4.1768    9.0092 H   0  0  0  0  0  0  0  0  0  0  0  0
    4.9602    4.6700    8.8289 H   0  0  0  0  0  0  0  0  0  0  0  0
   -0.3445    6.4581    8.4968 H   0  0  0  0  0  0  0  0  0  0  0  0
   -1.4170    4.9866    9.3370 H   0  0  0  0  0  0  0  0  0  0  0  0
   -2.9167    3.7511    9.4883 H   0  0  0  0  0  0  0  0  0  0  0  0
   -4.8782    2.7616    9.9831 H   0  0  0  0  0  0  0  0  0  0  0  0
   -5.7486   -1.2599    9.1158 H   0  0  0  0  0  0  0  0  0  0  0  0
   -1.8336    0.2376    8.1985 H   0  0  0  0  0  0  0  0  0  0  0  0
    6.0752   10.7007    6.1351 H   0  0  0  0  0  0  0  0  0  0  0  0
    6.7589    9.2195    4.4323 H   0  0  0  0  0  0  0  0  0  0  0  0
    5.0264    8.9791    3.9084 H   0  0  0  0  0  0  0  0  0  0  0  0
    6.6780   11.4348    3.7705 H   0  0  0  0  0  0  0  0  0  0  0  0
    6.0572   10.3634    2.4292 H   0  0  0  0  0  0  0  0  0  0  0  0
    4.6311   12.5403    2.6679 H   0  0  0  0  0  0  0  0  0  0  0  0
    3.6572   11.0499    2.9242 H   0  0  0  0  0  0  0  0  0  0  0  0
    4.7739   12.8432    5.0680 H   0  0  0  0  0  0  0  0  0  0  0  0
    3.1457   12.6400    4.6696 H   0  0  0  0  0  0  0  0  0  0  0  0
    3.8110   11.3757    6.7437 H   0  0  0  0  0  0  0  0  0  0  0  0
    3.1216   10.3468    5.4105 H   0  0  0  0  0  0  0  0  0  0  0  0
  1  2  2  0
  2  3  1  0
  3  4  2  0
  4  5  1  0
  5  6  1  0
  6  7  2  0
  7  8  1  0
  8  9  2  0
  9 10  1  0
 10 11  2  0
 11 12  1  0
 12 13  2  0
 13  1  1  0
 12  4  1  0
 11  6  1  0
 13 14  1  0
 15 16  1  0
 16 17  2  0
 16 18  1  0
 18 19  1  0
 19 20  2  0
 19 21  1  0
  9 15  1  0
 22 23  2  0
 23 24  1  0
 24 25  2  0
 25 26  1  0
 26 27  2  0
 27 22  1  0
 21 22  1  0
 26 28  1  0
 29 30  1  0
 30 31  1  0
 31 32  1  0
 32 33  1  0
 33 34  1  0
 34 29  1  0
  5 29  1  0
  2 35  1  0
  7 36  1  0
  8 37  1  0
 10 38  1  0
 14 39  1  0
 14 40  1  0
 15 41  1  0
 18 42  1  0
 21 43  1  0
 23 44  1  0
 25 45  1  0
 27 46  1  0
 29 47  1  1
 30 48  1  0
 30 49  1  0
 31 50  1  0
 31 51  1  0
 32 52  1  0
 32 53  1  0
 33 54  1  0
 33 55  1  0
 34 56  1  0
 34 57  1  0
M  CHG  1  33   1
M  END
"
3nxu_Lingo3DMolv2_77380,3nxu,"3nxu_Lingo3DMolv2_77380
     RDKit          3D

 33 32  0  0  0  0  0  0  0  0999 V2000
   28.8366  -27.8693  -18.9177 O   0  0  0  0  0  0  0  0  0  0  0  0
   28.1366  -27.8693  -19.8177 C   0  0  0  0  0  0  0  0  0  0  0  0
   28.4366  -28.8693  -21.1177 C   0  0  0  0  0  0  0  0  0  0  0  0
   27.0366  -27.1693  -20.0177 O   0  0  0  0  0  0  0  0  0  0  0  0
   26.5366  -26.1693  -19.0177 C   0  0  1  0  0  0  0  0  0  0  0  0
   27.4366  -24.9693  -19.1177 C   0  0  0  0  0  0  0  0  0  0  0  0
   27.9366  -24.5693  -20.2177 O   0  0  0  0  0  0  0  0  0  0  0  0
   27.6366  -24.3693  -17.9177 O   0  0  0  0  0  0  0  0  0  0  0  0
   28.4366  -23.2693  -17.7177 C   0  0  2  0  0  0  0  0  0  0  0  0
   29.8366  -23.6693  -17.4177 C   0  0  0  0  0  0  0  0  0  0  0  0
   27.9366  -22.5693  -16.4177 C   0  0  0  0  0  0  0  0  0  0  0  0
   28.0366  -23.3693  -15.3177 O   0  0  0  0  0  0  0  0  0  0  0  0
   29.2366  -23.2693  -14.5177 C   0  0  0  0  0  0  0  0  0  0  0  0
   29.1366  -24.1693  -13.4177 C   0  0  0  0  0  0  0  0  0  0  0  0
   25.0366  -25.7693  -19.3177 C   0  0  0  0  0  0  0  0  0  0  0  0
   24.9366  -25.2693  -20.5177 F   0  0  0  0  0  0  0  0  0  0  0  0
   24.6366  -24.9693  -18.4177 F   0  0  0  0  0  0  0  0  0  0  0  0
   24.2366  -26.8693  -19.2177 F   0  0  0  0  0  0  0  0  0  0  0  0
   28.7349  -29.8637  -20.7542 H   0  0  0  0  0  0  0  0  0  0  0  0
   27.5261  -28.9600  -21.7283 H   0  0  0  0  0  0  0  0  0  0  0  0
   29.2467  -28.4439  -21.7283 H   0  0  0  0  0  0  0  0  0  0  0  0
   26.5549  -26.5923  -18.0025 H   0  0  0  0  0  0  0  0  0  0  0  0
   28.3970  -22.6410  -18.6197 H   0  0  0  0  0  0  0  0  0  0  0  0
   29.9807  -23.7105  -16.3280 H   0  0  0  0  0  0  0  0  0  0  0  0
   30.0358  -24.6603  -17.8516 H   0  0  0  0  0  0  0  0  0  0  0  0
   30.5293  -22.9331  -17.8516 H   0  0  0  0  0  0  0  0  0  0  0  0
   28.5396  -21.6645  -16.2509 H   0  0  0  0  0  0  0  0  0  0  0  0
   26.8725  -22.3286  -16.5580 H   0  0  0  0  0  0  0  0  0  0  0  0
   30.1115  -23.5317  -15.1306 H   0  0  0  0  0  0  0  0  0  0  0  0
   29.3515  -22.2401  -14.1468 H   0  0  0  0  0  0  0  0  0  0  0  0
   29.1993  -23.6051  -12.4755 H   0  0  0  0  0  0  0  0  0  0  0  0
   28.1740  -24.6996  -13.4642 H   0  0  0  0  0  0  0  0  0  0  0  0
   29.9593  -24.8980  -13.4642 H   0  0  0  0  0  0  0  0  0  0  0  0
  1  2  2  0
  2  3  1  0
  2  4  1  0
  5  4  1  0
  5  6  1  0
  6  7  2  0
  6  8  1  0
  8  9  1  0
  9 10  1  0
  9 11  1  0
 11 12  1  0
 12 13  1  0
 13 14  1  0
  5 15  1  0
 15 16  1  0
 15 17  1  0
 15 18  1  0
  3 19  1  0
  3 20  1  0
  3 21  1  0
  5 22  1  1
  9 23  1  6
 10 24  1  0
 10 25  1  0
 10 26  1  0
 11 27  1  0
 11 28  1  0
 13 29  1  0
 13 30  1  0
 14 31  1  0
 14 32  1  0
 14 33  1  0
M  END
"
1mv9_Lingo3DMolv2_626856,1mv9,"1mv9_Lingo3DMolv2_626856
     RDKit          3D

 10  9  0  0  0  0  0  0  0  0999 V2000
   54.2929   45.2723   29.9652 O   0  0  0  0  0  0  0  0  0  0  0  0
   55.2929   45.0723   30.4652 C   0  0  0  0  0  0  0  0  0  0  0  0
   56.5929   45.5723   29.9652 C   0  0  0  0  0  0  0  0  0  0  0  0
   56.5929   46.3723   28.9652 N   0  0  0  0  0  0  0  0  0  0  0  0
   57.9929   45.4723   28.4652 C   0  0  0  0  0  0  0  0  0  0  0  0
   55.2953   44.4660   31.3830 H   0  0  0  0  0  0  0  0  0  0  0  0
   57.4833   46.7358   28.5965 H   0  0  0  0  0  0  0  0  0  0  0  0
   58.9981   45.4005   28.9061 H   0  0  0  0  0  0  0  0  0  0  0  0
   57.8011   44.5856   27.8432 H   0  0  0  0  0  0  0  0  0  0  0  0
   57.9291   46.3773   27.8432 H   0  0  0  0  0  0  0  0  0  0  0  0
  1  2  2  0
  2  3  1  0
  3  4  2  3
  3  5  1  0
  2  6  1  0
  4  7  1  0
  5  8  1  0
  5  9  1  0
  5 10  1  0
M  END
"
1b9v_Lingo3DMolv2_914726,1b9v,"1b9v_Lingo3DMolv2_914726
     RDKit          3D

 25 26  0  0  0  0  0  0  0  0999 V2000
   33.0874  -12.1909   66.4233 O   0  0  0  0  0  0  0  0  0  0  0  0
   32.0874  -12.8909   66.8233 C   0  0  0  0  0  0  0  0  0  0  0  0
   30.6874  -12.4909   66.7233 C   0  0  0  0  0  0  0  0  0  0  0  0
   29.7874  -13.1909   67.5233 N   0  0  0  0  0  0  0  0  0  0  0  0
   30.2874  -14.1909   68.4233 O   0  0  0  0  0  0  0  0  0  0  0  0
   30.1874  -11.4909   65.8233 C   0  0  2  0  0  0  0  0  0  0  0  0
   28.6874  -10.9909   66.0233 C   0  0  0  0  0  0  0  0  0  0  0  0
   28.3875   -9.7909   65.0233 C   0  0  0  0  0  0  0  0  0  0  0  0
   28.6874  -10.1909   63.5233 C   0  0  2  0  0  0  0  0  0  0  0  0
   30.0875  -10.6909   63.4233 O   0  0  0  0  0  0  0  0  0  0  0  0
   30.3875  -11.6909   64.2233 C   0  0  1  0  0  0  0  0  0  0  0  0
   27.7874  -11.1909   63.0233 N   0  0  0  0  0  0  0  0  0  0  0  0
   27.7874  -12.4909   63.5233 C   0  0  0  0  0  0  0  0  0  0  0  0
   32.3034  -13.8694   67.2772 H   0  0  0  0  0  0  0  0  0  0  0  0
   29.6606  -14.6971   68.9986 H   0  0  0  0  0  0  0  0  0  0  0  0
   30.8967  -10.7267   66.1739 H   0  0  0  0  0  0  0  0  0  0  0  0
   27.9946  -11.8204   65.8182 H   0  0  0  0  0  0  0  0  0  0  0  0
   28.5523  -10.6460   67.0591 H   0  0  0  0  0  0  0  0  0  0  0  0
   27.3278   -9.5093   65.1121 H   0  0  0  0  0  0  0  0  0  0  0  0
   29.0428   -8.9491   65.2914 H   0  0  0  0  0  0  0  0  0  0  0  0
   31.0203  -12.5893   64.1750 H   0  0  0  0  0  0  0  0  0  0  0  0
   27.9733  -11.2690   62.0132 H   0  0  0  0  0  0  0  0  0  0  0  0
   28.8245  -12.8332   63.6550 H   0  0  0  0  0  0  0  0  0  0  0  0
   27.2689  -12.5108   64.4932 H   0  0  0  0  0  0  0  0  0  0  0  0
   27.2689  -13.1556   62.8167 H   0  0  0  0  0  0  0  0  0  0  0  0
  1  2  2  0
  2  3  1  0
  3  4  2  3
  4  5  1  0
  6  7  1  0
  7  8  1  0
  8  9  1  0
  9 10  1  0
 10 11  1  0
 11  6  1  0
 11  9  1  0
  3  6  1  0
 12 13  1  0
  9 12  1  6
  2 14  1  0
  5 15  1  0
  6 16  1  1
  7 17  1  0
  7 18  1  0
  8 19  1  0
  8 20  1  0
 11 21  1  1
 12 22  1  0
 13 23  1  0
 13 24  1  0
 13 25  1  0
M  END
"
2nnq_Lingo3DMolv2_1287823,2nnq,"2nnq_Lingo3DMolv2_1287823
     RDKit          3D

 63 66  0  0  0  0  0  0  0  0999 V2000
    6.0773    6.5209   16.9907 S   0  0  0  0  0  0  0  0  0  0  0  0
    5.1773    7.7209   15.8907 C   0  0  0  0  0  0  0  0  0  0  0  0
    4.0773    7.3209   15.0907 C   0  0  0  0  0  0  0  0  0  0  0  0
    3.4773    8.2209   14.2907 C   0  0  0  0  0  0  0  0  0  0  0  0
    3.8773    9.5209   14.2907 C   0  0  0  0  0  0  0  0  0  0  0  0
    4.8773   10.0209   15.0907 C   0  0  0  0  0  0  0  0  0  0  0  0
    5.5773    9.0209   15.9907 C   0  0  0  0  0  0  0  0  0  0  0  0
    6.5773    9.5209   16.7907 O   0  0  0  0  0  0  0  0  0  0  0  0
    6.0773    9.9209   17.9907 O   0  0  0  0  0  0  0  0  0  0  0  0
    7.1773   10.3209   18.7907 C   0  0  0  0  0  0  0  0  0  0  0  0
    8.0773    9.1209   19.1907 C   0  0  0  0  0  0  0  0  0  0  0  0
    7.3773    8.1209   20.0907 N   0  0  0  0  0  0  0  0  0  0  0  0
    7.4773    8.2209   21.3907 N   0  0  0  0  0  0  0  0  0  0  0  0
    6.5773    7.3209   21.7907 C   0  0  0  0  0  0  0  0  0  0  0  0
    5.9773    6.8209   20.6907 C   0  0  0  0  0  0  0  0  0  0  0  0
    6.4773    7.3209   19.5907 N   0  0  0  0  0  0  0  0  0  0  0  0
    6.3773    7.1209   23.2907 C   0  0  0  0  0  0  0  0  0  0  0  0
    5.2773   11.4209   15.0907 N   0  0  0  0  0  4  0  0  0  0  0  0
    5.4773   11.9209   14.0907 O   0  0  0  0  0  0  0  0  0  0  0  0
    5.3773   11.9209   16.0907 O   0  0  0  0  0  1  0  0  0  0  0  0
    2.9773   10.6209   13.1907 Cl  0  0  0  0  0  0  0  0  0  0  0  0
    3.5773    6.0209   15.1907 O   0  0  0  0  0  0  0  0  0  0  0  0
    2.4773    5.9209   16.1907 C   0  0  0  0  0  0  0  0  0  0  0  0
    2.9773    5.8209   17.5907 C   0  0  0  0  0  0  0  0  0  0  0  0
    1.8773    5.6209   18.5907 C   0  0  0  0  0  0  0  0  0  0  0  0
    0.9773    4.2209   18.3907 C   0  0  0  0  0  0  0  0  0  0  0  0
    1.6773    3.1209   18.9907 C   0  0  0  0  0  0  0  0  0  0  0  0
    1.9773    3.4209   20.3907 N   0  0  0  0  0  4  0  0  0  0  0  0
    2.9773    4.6209   20.5907 C   0  0  0  0  0  0  0  0  0  0  0  0
    2.3773    5.8209   19.8907 C   0  0  0  0  0  0  0  0  0  0  0  0
    5.7773    5.2209   15.6907 C   0  0  0  0  0  0  0  0  0  0  0  0
    4.8773    4.1209   16.0907 C   0  0  0  0  0  0  0  0  0  0  0  0
    3.7773    4.5209   15.0907 O   0  0  0  0  0  0  0  0  0  0  0  0
    4.7773    5.5209   14.5907 C   0  0  0  0  0  0  0  0  0  0  0  0
    6.9773    4.9209   15.0907 F   0  0  0  0  0  0  0  0  0  0  0  0
    2.6565    7.9027   13.6312 H   0  0  0  0  0  0  0  0  0  0  0  0
    7.7824   11.0446   18.2250 H   0  0  0  0  0  0  0  0  0  0  0  0
    6.7793   10.7675   19.7139 H   0  0  0  0  0  0  0  0  0  0  0  0
    8.3962    8.6026   18.2743 H   0  0  0  0  0  0  0  0  0  0  0  0
    8.9300    9.5265   19.7550 H   0  0  0  0  0  0  0  0  0  0  0  0
    5.1641    6.0805   20.7161 H   0  0  0  0  0  0  0  0  0  0  0  0
    7.0499    7.7935   23.8432 H   0  0  0  0  0  0  0  0  0  0  0  0
    5.3339    7.3476   23.5550 H   0  0  0  0  0  0  0  0  0  0  0  0
    6.6041    6.0774   23.5550 H   0  0  0  0  0  0  0  0  0  0  0  0
    1.8437    6.8161   16.1069 H   0  0  0  0  0  0  0  0  0  0  0  0
    1.9147    5.0010   15.9734 H   0  0  0  0  0  0  0  0  0  0  0  0
    3.6701    4.9689   17.6560 H   0  0  0  0  0  0  0  0  0  0  0  0
    3.4741    6.7720   17.8325 H   0  0  0  0  0  0  0  0  0  0  0  0
    1.1167    6.3924   18.4007 H   0  0  0  0  0  0  0  0  0  0  0  0
   -0.0030    4.3413   18.8749 H   0  0  0  0  0  0  0  0  0  0  0  0
    0.8310    4.0253   17.3182 H   0  0  0  0  0  0  0  0  0  0  0  0
    1.0507    2.2184   18.9381 H   0  0  0  0  0  0  0  0  0  0  0  0
    2.6194    2.9539   18.4480 H   0  0  0  0  0  0  0  0  0  0  0  0
    1.0946    3.6523   20.8684 H   0  0  0  0  0  0  0  0  0  0  0  0
    2.4341    2.5849   20.7825 H   0  0  0  0  0  0  0  0  0  0  0  0
    3.1027    4.8330   21.6628 H   0  0  0  0  0  0  0  0  0  0  0  0
    3.9669    4.3795   20.1755 H   0  0  0  0  0  0  0  0  0  0  0  0
    1.5468    6.1862   20.5126 H   0  0  0  0  0  0  0  0  0  0  0  0
    3.2125    6.5263   19.7690 H   0  0  0  0  0  0  0  0  0  0  0  0
    5.2983    3.1233   15.8968 H   0  0  0  0  0  0  0  0  0  0  0  0
    4.6083    4.0260   17.1531 H   0  0  0  0  0  0  0  0  0  0  0  0
    5.1566    5.2895   13.5845 H   0  0  0  0  0  0  0  0  0  0  0  0
    4.4504    6.5619   14.4514 H   0  0  0  0  0  0  0  0  0  0  0  0
  2  3  1  0
  3  4  2  0
  4  5  1  0
  5  6  2  0
  6  7  1  0
  7  2  2  0
  1  2  1  0
  8  9  1  0
  9 10  1  0
 10 11  1  0
  7  8  1  0
 12 13  1  0
 13 14  2  0
 14 15  1  0
 15 16  2  0
 16 12  1  0
 11 12  1  0
 14 17  1  0
 18 19  2  0
 18 20  1  0
  6 18  1  0
  5 21  1  0
 22 23  1  0
 23 24  1  0
  3 22  1  0
 25 26  1  0
 26 27  1  0
 27 28  1  0
 28 29  1  0
 29 30  1  0
 30 25  1  0
 24 25  1  0
 31 32  1  0
 32 33  1  0
 33 34  1  0
 34 31  1  0
  1 31  1  0
 31 35  1  0
  4 36  1  0
 10 37  1  0
 10 38  1  0
 11 39  1  0
 11 40  1  0
 15 41  1  0
 17 42  1  0
 17 43  1  0
 17 44  1  0
 23 45  1  0
 23 46  1  0
 24 47  1  0
 24 48  1  0
 25 49  1  0
 26 50  1  0
 26 51  1  0
 27 52  1  0
 27 53  1  0
 28 54  1  0
 28 55  1  0
 29 56  1  0
 29 57  1  0
 30 58  1  0
 30 59  1  0
 32 60  1  0
 32 61  1  0
 34 62  1  0
 34 63  1  0
M  CHG  3  18   1  20  -1  28   1
M  END
"
2vt4_Lingo3DMolv2_440543,2vt4,"2vt4_Lingo3DMolv2_440543
     RDKit          3D

 45 46  0  0  0  0  0  0  0  0999 V2000
   37.7268   21.1446  -31.0023 O   0  0  0  0  0  0  0  0  0  0  0  0
   37.9268   20.2446  -32.0023 C   0  0  0  0  0  0  0  0  0  0  0  0
   39.2268   20.0446  -32.4023 C   0  0  0  0  0  0  0  0  0  0  0  0
   39.5268   19.1446  -33.5023 C   0  0  0  0  0  0  0  0  0  0  0  0
   38.4268   18.4446  -34.1023 C   0  0  0  0  0  0  0  0  0  0  0  0
   37.1268   18.6446  -33.6023 C   0  0  0  0  0  0  0  0  0  0  0  0
   36.9268   19.5446  -32.6023 C   0  0  0  0  0  0  0  0  0  0  0  0
   35.4268   19.7446  -32.1023 C   0  0  0  0  0  0  0  0  0  0  0  0
   38.7268   17.5446  -35.3023 C   0  0  0  0  0  0  0  0  0  0  0  0
   37.6268   16.5446  -35.8023 C   0  0  0  0  0  0  0  0  0  0  0  0
   37.1268   15.6446  -34.7023 N   0  0  0  0  0  4  0  0  0  0  0  0
   35.8268   14.8446  -35.0023 C   0  0  0  0  0  0  0  0  0  0  0  0
   35.4268   13.9446  -33.8023 C   0  0  2  0  0  0  0  0  0  0  0  0
   36.5268   13.0446  -33.4023 O   0  0  0  0  0  0  0  0  0  0  0  0
   34.1268   13.0446  -34.2023 C   0  0  0  0  0  0  0  0  0  0  0  0
   33.7268   12.0446  -33.4023 C   0  0  0  0  0  0  0  0  0  0  0  0
   32.5268   11.2446  -33.7023 C   0  0  0  0  0  0  0  0  0  0  0  0
   31.8268   11.6446  -34.8023 C   0  0  0  0  0  0  0  0  0  0  0  0
   32.2268   12.6446  -35.6023 C   0  0  0  0  0  0  0  0  0  0  0  0
   33.4268   13.4446  -35.3023 C   0  0  0  0  0  0  0  0  0  0  0  0
   31.4268   13.0446  -36.9023 C   0  0  0  0  0  0  0  0  0  0  0  0
   30.4268   12.3446  -37.0023 F   0  0  0  0  0  0  0  0  0  0  0  0
   31.0268   14.3446  -36.8023 F   0  0  0  0  0  0  0  0  0  0  0  0
   32.2268   12.9446  -38.0023 F   0  0  0  0  0  0  0  0  0  0  0  0
   36.8099   21.3265  -30.6761 H   0  0  0  0  0  0  0  0  0  0  0  0
   40.0445   20.5692  -31.8864 H   0  0  0  0  0  0  0  0  0  0  0  0
   40.5570   19.0050  -33.8615 H   0  0  0  0  0  0  0  0  0  0  0  0
   36.2797   18.0781  -34.0165 H   0  0  0  0  0  0  0  0  0  0  0  0
   35.4042   19.7476  -31.0026 H   0  0  0  0  0  0  0  0  0  0  0  0
   35.0391   20.7024  -32.4796 H   0  0  0  0  0  0  0  0  0  0  0  0
   34.8017   18.9219  -32.4796 H   0  0  0  0  0  0  0  0  0  0  0  0
   39.6114   16.9452  -35.0413 H   0  0  0  0  0  0  0  0  0  0  0  0
   38.8376   18.2511  -36.1381 H   0  0  0  0  0  0  0  0  0  0  0  0
   36.7788   17.1218  -36.1995 H   0  0  0  0  0  0  0  0  0  0  0  0
   38.0790   15.9082  -36.5772 H   0  0  0  0  0  0  0  0  0  0  0  0
   37.8713   14.9652  -34.4903 H   0  0  0  0  0  0  0  0  0  0  0  0
   36.8883   16.2725  -33.9214 H   0  0  0  0  0  0  0  0  0  0  0  0
   35.0100   15.5524  -35.2069 H   0  0  0  0  0  0  0  0  0  0  0  0
   36.0106   14.1988  -35.8736 H   0  0  0  0  0  0  0  0  0  0  0  0
   35.1934   14.6048  -32.9540 H   0  0  0  0  0  0  0  0  0  0  0  0
   36.5769   13.0036  -32.4144 H   0  0  0  0  0  0  0  0  0  0  0  0
   34.3104   11.8160  -32.4984 H   0  0  0  0  0  0  0  0  0  0  0  0
   32.2182   10.3881  -33.0849 H   0  0  0  0  0  0  0  0  0  0  0  0
   30.8896   11.1225  -35.0452 H   0  0  0  0  0  0  0  0  0  0  0  0
   33.7354   14.3011  -35.9197 H   0  0  0  0  0  0  0  0  0  0  0  0
  2  3  2  0
  3  4  1  0
  4  5  2  0
  5  6  1  0
  6  7  2  0
  7  2  1  0
  1  2  1  0
  7  8  1  0
  9 10  1  0
 10 11  1  0
 11 12  1  0
 12 13  1  0
 13 14  1  0
  5  9  1  0
 15 16  2  0
 16 17  1  0
 17 18  2  0
 18 19  1  0
 19 20  2  0
 20 15  1  0
 13 15  1  0
 21 22  1  0
 21 23  1  0
 21 24  1  0
 19 21  1  0
  1 25  1  0
  3 26  1  0
  4 27  1  0
  6 28  1  0
  8 29  1  0
  8 30  1  0
  8 31  1  0
  9 32  1  0
  9 33  1  0
 10 34  1  0
 10 35  1  0
 11 36  1  0
 11 37  1  0
 12 38  1  0
 12 39  1  0
 13 40  1  1
 14 41  1  0
 16 42  1  0
 17 43  1  0
 18 44  1  0
 20 45  1  0
M  CHG  1  11   1
M  END
"
2ayw_Lingo3DMolv2_1220188,2ayw,"2ayw_Lingo3DMolv2_1220188
     RDKit          3D

 64 68  0  0  0  0  0  0  0  0999 V2000
   23.2095   22.5190   28.2919 F   0  0  0  0  0  0  0  0  0  0  0  0
   22.0095   21.9190   27.9919 C   0  0  0  0  0  0  0  0  0  0  0  0
   21.2095   22.4190   26.8919 C   0  0  0  0  0  0  0  0  0  0  0  0
   19.9095   21.8190   26.6919 C   0  0  0  0  0  0  0  0  0  0  0  0
   19.5095   20.8190   27.4919 C   0  0  0  0  0  0  0  0  0  0  0  0
   20.3095   20.3190   28.5919 C   0  0  0  0  0  0  0  0  0  0  0  0
   21.5095   20.9190   28.7919 C   0  0  0  0  0  0  0  0  0  0  0  0
   22.4095   20.4190   29.8919 C   0  0  0  0  0  0  0  0  0  0  0  0
   22.0095   20.5190   31.1919 C   0  0  0  0  0  0  0  0  0  0  0  0
   22.8095   20.0190   32.1919 C   0  0  0  0  0  0  0  0  0  0  0  0
   24.0095   19.3190   31.8919 C   0  0  0  0  0  0  0  0  0  0  0  0
   24.4095   19.2190   30.5919 C   0  0  0  0  0  0  0  0  0  0  0  0
   23.6095   19.7190   29.5919 C   0  0  0  0  0  0  0  0  0  0  0  0
   24.0095   19.6190   28.1919 F   0  0  0  0  0  0  0  0  0  0  0  0
   25.7095   18.5190   30.2919 C   0  0  0  0  0  0  0  0  0  0  0  0
   26.9095   18.9190   30.9919 C   0  0  0  0  0  0  0  0  0  0  0  0
   28.1095   18.3190   30.6919 C   0  0  0  0  0  0  0  0  0  0  0  0
   28.2095   17.3190   29.6919 C   0  0  0  0  0  0  0  0  0  0  0  0
   29.4095   16.8190   29.3919 N   0  0  0  0  0  0  0  0  0  0  0  0
   29.5095   15.8190   28.4919 C   0  0  0  0  0  0  0  0  0  0  0  0
   28.4095   15.3190   27.8919 N   0  0  0  0  0  4  0  0  0  0  0  0
   27.1095   15.8190   28.0919 C   0  0  0  0  0  0  0  0  0  0  0  0
   27.0095   16.8190   29.0919 C   0  0  0  0  0  0  0  0  0  0  0  0
   25.8095   17.4190   29.3919 C   0  0  0  0  0  0  0  0  0  0  0  0
   30.8095   15.2190   28.1919 N   0  0  0  0  0  0  0  0  0  0  0  0
   22.4095   20.1190   33.6919 C   0  0  1  0  0  0  0  0  0  0  0  0
   21.3095   19.2190   34.0919 C   0  0  0  0  0  0  0  0  0  0  0  0
   21.9095   18.0190   34.5919 C   0  0  0  0  0  0  0  0  0  0  0  0
   23.2095   18.4190   35.2919 C   0  0  0  0  0  0  0  0  0  0  0  0
   23.6095   19.7190   34.4919 N   0  0  0  0  0  4  0  0  0  0  0  0
   21.6095   23.5190   25.9919 C   0  0  0  0  0  0  0  0  0  0  0  0
   22.2095   23.0190   24.5919 C   0  0  0  0  0  0  0  0  0  0  0  0
   22.5095   24.1190   23.5919 C   0  0  0  0  0  0  0  0  0  0  0  0
   23.2095   23.5190   22.2919 N   0  0  0  0  0  4  0  0  0  0  0  0
   19.2517   22.1805   25.8879 H   0  0  0  0  0  0  0  0  0  0  0  0
   18.5290   20.3573   27.3042 H   0  0  0  0  0  0  0  0  0  0  0  0
   19.9614   19.4950   29.2320 H   0  0  0  0  0  0  0  0  0  0  0  0
   21.0506   20.9978   31.4393 H   0  0  0  0  0  0  0  0  0  0  0  0
   24.6067   18.8647   32.6962 H   0  0  0  0  0  0  0  0  0  0  0  0
   26.8625   19.7020   31.7631 H   0  0  0  0  0  0  0  0  0  0  0  0
   29.0134   18.6220   31.2407 H   0  0  0  0  0  0  0  0  0  0  0  0
   28.5285   14.5234   27.2487 H   0  0  0  0  0  0  0  0  0  0  0  0
   26.2410   15.4627   27.5186 H   0  0  0  0  0  0  0  0  0  0  0  0
   24.8929   17.0358   28.9198 H   0  0  0  0  0  0  0  0  0  0  0  0
   30.8780   14.4559   27.5036 H   0  0  0  0  0  0  0  0  0  0  0  0
   31.6564   15.5597   28.6690 H   0  0  0  0  0  0  0  0  0  0  0  0
   22.0659   21.1494   33.8658 H   0  0  0  0  0  0  0  0  0  0  0  0
   20.7010   19.6922   34.8767 H   0  0  0  0  0  0  0  0  0  0  0  0
   20.6508   19.0016   33.2382 H   0  0  0  0  0  0  0  0  0  0  0  0
   21.2323   17.5289   35.3068 H   0  0  0  0  0  0  0  0  0  0  0  0
   22.1093   17.3125   33.7728 H   0  0  0  0  0  0  0  0  0  0  0  0
   23.0418   18.6380   36.3567 H   0  0  0  0  0  0  0  0  0  0  0  0
   23.9809   17.6347   35.2884 H   0  0  0  0  0  0  0  0  0  0  0  0
   23.8677   20.4723   35.1452 H   0  0  0  0  0  0  0  0  0  0  0  0
   24.4199   19.5430   33.8809 H   0  0  0  0  0  0  0  0  0  0  0  0
   22.3740   24.1242   26.5013 H   0  0  0  0  0  0  0  0  0  0  0  0
   20.7008   24.0959   25.7650 H   0  0  0  0  0  0  0  0  0  0  0  0
   23.1459   22.4789   24.7957 H   0  0  0  0  0  0  0  0  0  0  0  0
   21.4327   22.3902   24.1324 H   0  0  0  0  0  0  0  0  0  0  0  0
   21.5691   24.6104   23.3020 H   0  0  0  0  0  0  0  0  0  0  0  0
   23.1907   24.8462   24.0580 H   0  0  0  0  0  0  0  0  0  0  0  0
   23.9618   22.8742   22.5736 H   0  0  0  0  0  0  0  0  0  0  0  0
   22.5123   23.0090   21.7310 H   0  0  0  0  0  0  0  0  0  0  0  0
   23.6069   24.2860   21.7310 H   0  0  0  0  0  0  0  0  0  0  0  0
  2  3  2  0
  3  4  1  0
  4  5  2  0
  5  6  1  0
  6  7  2  0
  7  2  1  0
  1  2  1  0
  8  9  2  0
  9 10  1  0
 10 11  2  0
 11 12  1  0
 12 13  2  0
 13  8  1  0
  7  8  1  0
 13 14  1  0
 15 16  2  0
 16 17  1  0
 17 18  2  0
 18 19  1  0
 19 20  2  0
 20 21  1  0
 21 22  2  0
 22 23  1  0
 23 24  2  0
 24 15  1  0
 23 18  1  0
 12 15  1  0
 20 25  1  0
 26 27  1  0
 27 28  1  0
 28 29  1  0
 29 30  1  0
 30 26  1  0
 10 26  1  0
 31 32  1  0
 32 33  1  0
 33 34  1  0
  3 31  1  0
  4 35  1  0
  5 36  1  0
  6 37  1  0
  9 38  1  0
 11 39  1  0
 16 40  1  0
 17 41  1  0
 21 42  1  0
 22 43  1  0
 24 44  1  0
 25 45  1  0
 25 46  1  0
 26 47  1  1
 27 48  1  0
 27 49  1  0
 28 50  1  0
 28 51  1  0
 29 52  1  0
 29 53  1  0
 30 54  1  0
 30 55  1  0
 31 56  1  0
 31 57  1  0
 32 58  1  0
 32 59  1  0
 33 60  1  0
 33 61  1  0
 34 62  1  0
 34 63  1  0
 34 64  1  0
M  CHG  3  21   1  30   1  34   1
M  END
"
2aa2_Lingo3DMolv2_461466,2aa2,"2aa2_Lingo3DMolv2_461466
     RDKit          3D

 48 51  0  0  0  0  0  0  0  0999 V2000
   17.1993   76.0233   24.4683 O   0  0  0  0  0  0  0  0  0  0  0  0
   17.4993   76.0233   23.2683 C   0  0  0  0  0  0  0  0  0  0  0  0
   16.6993   75.7233   22.3683 O   0  0  0  0  0  1  0  0  0  0  0  0
   18.9993   76.1233   22.8683 C   0  0  0  0  0  0  0  0  0  0  0  0
   19.6993   74.8233   22.4683 C   0  0  2  0  0  0  0  0  0  0  0  0
   21.0993   75.1233   21.8683 C   0  0  0  0  0  0  0  0  0  0  0  0
   21.2993   74.1233   20.6683 C   0  0  0  0  0  0  0  0  0  0  0  0
   20.1993   73.2233   20.7683 C   0  0  2  0  0  0  0  0  0  0  0  0
   19.7993   72.3233   19.4683 C   0  0  1  0  0  0  0  0  0  0  0  0
   20.9993   71.7233   18.8683 C   0  0  0  0  0  0  0  0  0  0  0  0
   20.6993   71.0233   17.5683 C   0  0  0  0  0  0  0  0  0  0  0  0
   19.4993   70.2233   17.6683 C   0  0  0  0  0  0  0  0  0  0  0  0
   18.7993   69.7233   16.6683 N   0  0  0  0  0  0  0  0  0  0  0  0
   17.6993   69.0233   17.0683 C   0  0  0  0  0  0  0  0  0  0  0  0
   17.6993   69.1233   18.4683 C   0  0  0  0  0  0  0  0  0  0  0  0
   18.7993   69.9233   18.7683 N   0  0  0  0  0  4  0  0  0  0  0  0
   19.2993   70.4233   20.1683 C   0  0  0  0  0  0  0  0  0  0  0  0
   19.0993   71.9233   20.3683 C   0  0  2  0  0  0  0  0  0  0  0  0
   17.6993   72.3233   20.6683 C   0  0  0  0  0  0  0  0  0  0  0  0
   17.6993   73.6233   21.6683 C   0  0  0  0  0  0  0  0  0  0  0  0
   19.0993   74.1233   21.8683 C   0  0  0  0  0  0  0  0  0  0  0  0
   19.5993   73.2233   23.1683 N   0  0  0  0  0  4  0  0  0  0  0  0
   16.8993   68.4233   16.2683 O   0  0  0  0  0  1  0  0  0  0  0  0
   19.0700   76.8143   22.0154 H   0  0  0  0  0  0  0  0  0  0  0  0
   19.5164   76.4575   23.7799 H   0  0  0  0  0  0  0  0  0  0  0  0
   19.8402   74.2574   23.4011 H   0  0  0  0  0  0  0  0  0  0  0  0
   21.1431   76.1617   21.5081 H   0  0  0  0  0  0  0  0  0  0  0  0
   21.8892   74.9988   22.6238 H   0  0  0  0  0  0  0  0  0  0  0  0
   21.2776   74.6589   19.7078 H   0  0  0  0  0  0  0  0  0  0  0  0
   22.2690   73.6058   20.7116 H   0  0  0  0  0  0  0  0  0  0  0  0
   20.3459   72.2252   21.2070 H   0  0  0  0  0  0  0  0  0  0  0  0
   19.3735   72.4887   18.4677 H   0  0  0  0  0  0  0  0  0  0  0  0
   21.7361   72.5182   18.6803 H   0  0  0  0  0  0  0  0  0  0  0  0
   21.3886   70.9732   19.5725 H   0  0  0  0  0  0  0  0  0  0  0  0
   20.5631   71.7767   16.7786 H   0  0  0  0  0  0  0  0  0  0  0  0
   21.5419   70.3577   17.3294 H   0  0  0  0  0  0  0  0  0  0  0  0
   19.0588   69.8495   15.6796 H   0  0  0  0  0  0  0  0  0  0  0  0
   16.9873   68.6696   19.1735 H   0  0  0  0  0  0  0  0  0  0  0  0
   18.7434   69.8873   20.9517 H   0  0  0  0  0  0  0  0  0  0  0  0
   20.3796   70.2235   20.2242 H   0  0  0  0  0  0  0  0  0  0  0  0
   19.4140   72.4435   21.2850 H   0  0  0  0  0  0  0  0  0  0  0  0
   17.1841   72.5823   19.7316 H   0  0  0  0  0  0  0  0  0  0  0  0
   17.1778   71.4871   21.1571 H   0  0  0  0  0  0  0  0  0  0  0  0
   17.0879   74.4229   21.2247 H   0  0  0  0  0  0  0  0  0  0  0  0
   17.2816   73.3271   22.6419 H   0  0  0  0  0  0  0  0  0  0  0  0
   19.3331   73.7024   24.0404 H   0  0  0  0  0  0  0  0  0  0  0  0
   19.1525   72.2958   23.1360 H   0  0  0  0  0  0  0  0  0  0  0  0
   20.6228   73.1126   23.1360 H   0  0  0  0  0  0  0  0  0  0  0  0
  1  2  2  0
  2  3  1  0
  2  4  1  0
  5  6  1  0
  6  7  1  0
  8  7  1  0
  8  9  1  0
  9 10  1  0
 10 11  1  0
 11 12  1  0
 12 13  1  0
 13 14  1  0
 14 15  2  0
 15 16  1  0
 16 17  1  0
 18 17  1  0
 18 19  1  0
 19 20  1  0
 20 21  1  0
 21  5  1  0
 21  8  1  0
 18  9  1  0
 16 12  2  0
  4  5  1  0
 21 22  1  0
 14 23  1  0
  4 24  1  0
  4 25  1  0
  5 26  1  1
  6 27  1  0
  6 28  1  0
  7 29  1  0
  7 30  1  0
  8 31  1  1
  9 32  1  6
 10 33  1  0
 10 34  1  0
 11 35  1  0
 11 36  1  0
 13 37  1  0
 15 38  1  0
 17 39  1  0
 17 40  1  0
 18 41  1  1
 19 42  1  0
 19 43  1  0
 20 44  1  0
 20 45  1  0
 22 46  1  0
 22 47  1  0
 22 48  1  0
M  CHG  4   3  -1  16   1  22   1  23  -1
M  END
"
1ype_Lingo3DMolv2_571975,1ype,"1ype_Lingo3DMolv2_571975
     RDKit          3D

 79 81  0  0  0  0  0  0  0  0999 V2000
   11.9164  -10.5710   24.3037 N   0  0  0  0  0  0  0  0  0  0  0  0
   11.0164  -11.6710   24.1037 C   0  0  0  0  0  0  0  0  0  0  0  0
   10.3164  -12.0710   25.2037 N   0  0  0  0  0  0  0  0  0  0  0  0
   10.7164  -12.0710   22.9037 N   0  0  0  0  0  4  0  0  0  0  0  0
   12.5164   -9.7711   23.2037 C   0  0  2  0  0  0  0  0  0  0  0  0
   11.6164   -9.4710   22.0037 C   0  0  0  0  0  0  0  0  0  0  0  0
   12.0164  -10.4710   21.0037 C   0  0  0  0  0  0  0  0  0  0  0  0
   13.4164  -10.6710   21.2037 N   0  0  0  0  0  0  0  0  0  0  0  0
   13.7164  -10.2711   22.6037 C   0  0  0  0  0  0  0  0  0  0  0  0
   14.2164  -11.2711   20.3037 C   0  0  0  0  0  0  0  0  0  0  0  0
   13.8164  -11.7711   19.2037 O   0  0  0  0  0  0  0  0  0  0  0  0
   15.7164  -11.3711   20.6037 C   0  0  2  0  0  0  0  0  0  0  0  0
   16.5164  -11.0710   19.4037 N   0  0  0  0  0  0  0  0  0  0  0  0
   17.0164  -12.3711   18.3037 S   0  0  0  0  0  0  0  0  0  0  0  0
   17.7164  -11.7711   17.2037 O   0  0  0  0  0  0  0  0  0  0  0  0
   15.9164  -13.2711   18.1037 O   0  0  0  0  0  0  0  0  0  0  0  0
   18.2164  -13.2711   19.3037 C   0  0  0  0  0  0  0  0  0  0  0  0
   19.6164  -12.8711   19.2037 C   0  0  0  0  0  0  0  0  0  0  0  0
   20.6164  -13.5710   20.0037 C   0  0  0  0  0  0  0  0  0  0  0  0
   20.2164  -14.5710   20.9037 C   0  0  0  0  0  0  0  0  0  0  0  0
   18.8164  -14.8711   21.1037 C   0  0  0  0  0  0  0  0  0  0  0  0
   17.8164  -14.1710   20.3037 C   0  0  0  0  0  0  0  0  0  0  0  0
   16.5164  -14.4710   20.5037 O   0  0  0  0  0  0  0  0  0  0  0  0
   16.1164  -15.4710   21.4037 C   0  0  0  0  0  0  0  0  0  0  0  0
   21.2164  -15.1710   21.7037 O   0  0  0  0  0  0  0  0  0  0  0  0
   20.9164  -16.1711   22.7037 C   0  0  0  0  0  0  0  0  0  0  0  0
   20.4164  -15.5710   24.0037 C   0  0  0  0  0  0  0  0  0  0  0  0
   19.1164  -14.7711   23.8037 C   0  0  0  0  0  0  0  0  0  0  0  0
   20.1164  -16.7710   25.0037 C   0  0  0  0  0  0  0  0  0  0  0  0
   21.6164  -14.6710   24.6037 C   0  0  0  0  0  0  0  0  0  0  0  0
   22.0164  -13.5710   23.7037 C   0  0  0  0  0  0  0  0  0  0  0  0
   21.2164  -14.0710   26.0037 C   0  0  0  0  0  0  0  0  0  0  0  0
   22.7164  -15.4710   24.8037 O   0  0  0  0  0  0  0  0  0  0  0  0
   16.0164  -12.5710   21.6037 C   0  0  0  0  0  0  0  0  0  0  0  0
   17.1164  -12.4710   22.5037 C   0  0  0  0  0  0  0  0  0  0  0  0
   17.4164  -13.5710   23.3037 C   0  0  0  0  0  0  0  0  0  0  0  0
   16.7164  -14.7711   23.2037 C   0  0  0  0  0  0  0  0  0  0  0  0
   15.5164  -14.7711   22.5037 C   0  0  0  0  0  0  0  0  0  0  0  0
   15.0164  -13.5710   21.9037 C   0  0  0  0  0  0  0  0  0  0  0  0
   12.1624  -10.3197   25.2718 H   0  0  0  0  0  0  0  0  0  0  0  0
    9.6518  -12.8549   25.1342 H   0  0  0  0  0  0  0  0  0  0  0  0
   10.4523  -11.5893   26.1038 H   0  0  0  0  0  0  0  0  0  0  0  0
   10.0694  -12.8615   22.7709 H   0  0  0  0  0  0  0  0  0  0  0  0
   11.1256  -11.5976   22.0856 H   0  0  0  0  0  0  0  0  0  0  0  0
   12.7163   -8.8727   23.8061 H   0  0  0  0  0  0  0  0  0  0  0  0
   10.5557   -9.5874   22.2711 H   0  0  0  0  0  0  0  0  0  0  0  0
   11.7253   -8.4390   21.6389 H   0  0  0  0  0  0  0  0  0  0  0  0
   11.4675  -11.4115   21.1594 H   0  0  0  0  0  0  0  0  0  0  0  0
   11.7939  -10.1362   19.9797 H   0  0  0  0  0  0  0  0  0  0  0  0
   14.0776  -11.1429   23.1687 H   0  0  0  0  0  0  0  0  0  0  0  0
   14.4936   -9.4927   22.6135 H   0  0  0  0  0  0  0  0  0  0  0  0
   16.1246  -10.5680   21.2348 H   0  0  0  0  0  0  0  0  0  0  0  0
   15.9670  -10.4048   18.8422 H   0  0  0  0  0  0  0  0  0  0  0  0
   19.9144  -12.0515   18.5331 H   0  0  0  0  0  0  0  0  0  0  0  0
   21.6814  -13.3155   19.9015 H   0  0  0  0  0  0  0  0  0  0  0  0
   18.5085  -15.6181   21.8500 H   0  0  0  0  0  0  0  0  0  0  0  0
   16.2589  -15.1148   22.4346 H   0  0  0  0  0  0  0  0  0  0  0  0
   15.0545  -15.7074   21.2409 H   0  0  0  0  0  0  0  0  0  0  0  0
   16.7223  -16.3746   21.2409 H   0  0  0  0  0  0  0  0  0  0  0  0
   20.1421  -16.8440   22.3065 H   0  0  0  0  0  0  0  0  0  0  0  0
   21.8502  -16.7087   22.9248 H   0  0  0  0  0  0  0  0  0  0  0  0
   18.6920  -14.5099   24.7843 H   0  0  0  0  0  0  0  0  0  0  0  0
   19.3348  -13.8509   23.2419 H   0  0  0  0  0  0  0  0  0  0  0  0
   18.3934  -15.3807   23.2419 H   0  0  0  0  0  0  0  0  0  0  0  0
   20.2053  -16.4151   26.0407 H   0  0  0  0  0  0  0  0  0  0  0  0
   19.0968  -17.1461   24.8309 H   0  0  0  0  0  0  0  0  0  0  0  0
   20.8395  -17.5818   24.8309 H   0  0  0  0  0  0  0  0  0  0  0  0
   22.3317  -12.7038   24.3023 H   0  0  0  0  0  0  0  0  0  0  0  0
   22.8518  -13.9019   23.0691 H   0  0  0  0  0  0  0  0  0  0  0  0
   21.1636  -13.2880   23.0691 H   0  0  0  0  0  0  0  0  0  0  0  0
   21.6347  -14.6985   26.8045 H   0  0  0  0  0  0  0  0  0  0  0  0
   21.6148  -13.0496   26.0922 H   0  0  0  0  0  0  0  0  0  0  0  0
   20.1202  -14.0460   26.0922 H   0  0  0  0  0  0  0  0  0  0  0  0
   22.8706  -15.5832   25.7751 H   0  0  0  0  0  0  0  0  0  0  0  0
   17.7132  -11.5491   22.5651 H   0  0  0  0  0  0  0  0  0  0  0  0
   18.2317  -13.4895   24.0375 H   0  0  0  0  0  0  0  0  0  0  0  0
   17.1024  -15.6918   23.6654 H   0  0  0  0  0  0  0  0  0  0  0  0
   14.9430  -15.7050   22.4091 H   0  0  0  0  0  0  0  0  0  0  0  0
   13.9485  -13.4209   21.6866 H   0  0  0  0  0  0  0  0  0  0  0  0
  1  2  1  0
  2  3  1  0
  2  4  2  0
  5  6  1  0
  6  7  1  0
  7  8  1  0
  8  9  1  0
  9  5  1  0
  1  5  1  0
 10 11  2  0
 10 12  1  0
 12 13  1  0
 13 14  1  0
 14 15  2  0
 14 16  2  0
  8 10  1  0
 17 18  2  0
 18 19  1  0
 19 20  2  0
 20 21  1  0
 21 22  2  0
 22 17  1  0
 14 17  1  0
 23 24  1  0
 22 23  1  0
 25 26  1  0
 26 27  1  0
 27 28  1  0
 27 29  1  0
 27 30  1  0
 30 31  1  0
 30 32  1  0
 30 33  1  0
 20 25  1  0
 34 35  2  0
 35 36  1  0
 36 37  2  0
 37 38  1  0
 38 39  2  0
 39 34  1  0
 12 34  1  0
  1 40  1  0
  3 41  1  0
  3 42  1  0
  4 43  1  0
  4 44  1  0
  5 45  1  1
  6 46  1  0
  6 47  1  0
  7 48  1  0
  7 49  1  0
  9 50  1  0
  9 51  1  0
 12 52  1  1
 13 53  1  0
 18 54  1  0
 19 55  1  0
 21 56  1  0
 24 57  1  0
 24 58  1  0
 24 59  1  0
 26 60  1  0
 26 61  1  0
 28 62  1  0
 28 63  1  0
 28 64  1  0
 29 65  1  0
 29 66  1  0
 29 67  1  0
 31 68  1  0
 31 69  1  0
 31 70  1  0
 32 71  1  0
 32 72  1  0
 32 73  1  0
 33 74  1  0
 35 75  1  0
 36 76  1  0
 37 77  1  0
 38 78  1  0
 39 79  1  0
M  CHG  1   4   1
M  END
"
3kgc_Lingo3DMolv2_1281415,3kgc,"3kgc_Lingo3DMolv2_1281415
     RDKit          3D

 54 57  0  0  0  0  0  0  0  0999 V2000
   12.7547   50.5805   -2.8402 N   0  0  0  0  0  0  0  0  0  0  0  0
   13.6547   51.2805   -1.7402 C   0  0  2  0  0  0  0  0  0  0  0  0
   14.6547   52.0805   -2.4402 N   0  0  0  0  0  0  0  0  0  0  0  0
   14.7547   52.1805   -3.7402 C   0  0  0  0  0  0  0  0  0  0  0  0
   13.9547   51.5805   -4.6402 C   0  0  0  0  0  0  0  0  0  0  0  0
   12.8547   50.7805   -4.1402 N   0  0  0  0  0  0  0  0  0  0  0  0
   13.9547   51.6805   -5.9402 O   0  0  0  0  0  0  0  0  0  0  0  0
   15.7547   52.9805   -4.2402 N   0  0  0  0  0  0  0  0  0  0  0  0
   14.1547   50.1805   -0.8402 C   0  0  0  0  0  0  0  0  0  0  0  0
   14.8547   48.9805   -1.5402 N   0  0  0  0  0  0  0  0  0  0  0  0
   15.8547   49.2805   -2.5402 C   0  0  0  0  0  0  0  0  0  0  0  0
   15.3547   49.2805   -3.9402 C   0  0  2  0  0  0  0  0  0  0  0  0
   16.1547   49.8805   -5.1402 C   0  0  0  0  0  0  0  0  0  0  0  0
   15.0547   50.4805   -4.6402 O   0  0  0  0  0  0  0  0  0  0  0  0
   15.0547   47.6805   -0.6402 C   0  0  2  0  0  0  0  0  0  0  0  0
   13.8547   46.9805   -0.3402 C   0  0  0  0  0  0  0  0  0  0  0  0
   13.2547   47.4805   -1.6402 C   0  0  0  0  0  0  0  0  0  0  0  0
   14.5547   47.6805   -2.1402 O   0  0  0  0  0  0  0  0  0  0  0  0
   16.4547   47.0805   -0.7402 C   0  0  0  0  0  0  0  0  0  0  0  0
   17.6547   47.8805   -1.0402 C   0  0  0  0  0  0  0  0  0  0  0  0
   18.8547   47.2805   -1.1402 N   0  0  0  0  0  0  0  0  0  0  0  0
   18.9547   45.9805   -1.1402 N   0  0  0  0  0  0  0  0  0  0  0  0
   17.9547   45.1805   -0.8402 C   0  0  0  0  0  0  0  0  0  0  0  0
   16.6547   45.6805   -0.6402 C   0  0  0  0  0  0  0  0  0  0  0  0
   18.2547   43.6805   -0.8402 C   0  0  0  0  0  0  0  0  0  0  0  0
   18.8547   43.1805   -2.1402 C   0  0  0  0  0  0  0  0  0  0  0  0
   17.8547   42.7805   -3.1402 C   0  0  0  0  0  0  0  0  0  0  0  0
   12.8952   49.5689   -2.7066 H   0  0  0  0  0  0  0  0  0  0  0  0
   13.1407   51.9946   -1.0800 H   0  0  0  0  0  0  0  0  0  0  0  0
   15.3317   52.6051   -1.8680 H   0  0  0  0  0  0  0  0  0  0  0  0
   12.1638   50.3756   -4.7879 H   0  0  0  0  0  0  0  0  0  0  0  0
   13.2963   51.1709   -6.4758 H   0  0  0  0  0  0  0  0  0  0  0  0
   15.8685   53.0869   -5.2583 H   0  0  0  0  0  0  0  0  0  0  0  0
   16.3901   53.4734   -3.5966 H   0  0  0  0  0  0  0  0  0  0  0  0
   13.2925   49.7863   -0.2822 H   0  0  0  0  0  0  0  0  0  0  0  0
   14.9289   50.6453   -0.2120 H   0  0  0  0  0  0  0  0  0  0  0  0
   16.2670   50.2771   -2.3238 H   0  0  0  0  0  0  0  0  0  0  0  0
   16.6049   48.4783   -2.4788 H   0  0  0  0  0  0  0  0  0  0  0  0
   14.8610   48.3291   -3.6931 H   0  0  0  0  0  0  0  0  0  0  0  0
   17.1496   50.3214   -4.9798 H   0  0  0  0  0  0  0  0  0  0  0  0
   16.4803   49.5253   -6.1290 H   0  0  0  0  0  0  0  0  0  0  0  0
   13.9708   45.8879   -0.2877 H   0  0  0  0  0  0  0  0  0  0  0  0
   13.3353   47.1408    0.6162 H   0  0  0  0  0  0  0  0  0  0  0  0
   12.6705   46.7265   -2.1881 H   0  0  0  0  0  0  0  0  0  0  0  0
   12.5175   48.2969   -1.6437 H   0  0  0  0  0  0  0  0  0  0  0  0
   17.5697   48.9679   -1.1823 H   0  0  0  0  0  0  0  0  0  0  0  0
   15.8174   45.0043   -0.4127 H   0  0  0  0  0  0  0  0  0  0  0  0
   17.3149   43.1380   -0.6598 H   0  0  0  0  0  0  0  0  0  0  0  0
   18.9999   43.5009   -0.0512 H   0  0  0  0  0  0  0  0  0  0  0  0
   19.4717   43.9839   -2.5689 H   0  0  0  0  0  0  0  0  0  0  0  0
   19.4418   42.2825   -1.8974 H   0  0  0  0  0  0  0  0  0  0  0  0
   16.9500   42.4186   -2.6296 H   0  0  0  0  0  0  0  0  0  0  0  0
   17.5992   43.6456   -3.7696 H   0  0  0  0  0  0  0  0  0  0  0  0
   18.2664   41.9778   -3.7696 H   0  0  0  0  0  0  0  0  0  0  0  0
  1  2  1  0
  2  3  1  0
  3  4  1  0
  4  5  2  0
  5  6  1  0
  6  1  1  0
  5  7  1  0
  4  8  1  0
  9 10  1  0
 10 11  1  0
  2  9  1  0
 12 13  1  0
 13 14  1  0
 14 12  1  0
 11 12  1  0
 15 16  1  0
 16 17  1  0
 17 18  1  0
 18 15  1  0
 15 10  1  1
 19 20  2  0
 20 21  1  0
 21 22  2  0
 22 23  1  0
 23 24  2  0
 24 19  1  0
 15 19  1  0
 25 26  1  0
 26 27  1  0
 23 25  1  0
  1 28  1  0
  2 29  1  1
  3 30  1  0
  6 31  1  0
  7 32  1  0
  8 33  1  0
  8 34  1  0
  9 35  1  0
  9 36  1  0
 11 37  1  0
 11 38  1  0
 12 39  1  6
 13 40  1  0
 13 41  1  0
 16 42  1  0
 16 43  1  0
 17 44  1  0
 17 45  1  0
 20 46  1  0
 24 47  1  0
 25 48  1  0
 25 49  1  0
 26 50  1  0
 26 51  1  0
 27 52  1  0
 27 53  1  0
 27 54  1  0
M  END
"
3hl5_Lingo3DMolv2_732347,3hl5,"3hl5_Lingo3DMolv2_732347
     RDKit          3D

 57 59  0  0  0  0  0  0  0  0999 V2000
   -8.6019    7.0575  -20.2725 O   0  0  0  0  0  0  0  0  0  0  0  0
   -7.6019    6.4575  -19.7725 C   0  0  0  0  0  0  0  0  0  0  0  0
   -7.4019    4.9575  -20.1725 C   0  0  2  0  0  0  0  0  0  0  0  0
   -6.7019    4.8575  -21.4725 C   0  0  0  0  0  0  0  0  0  0  0  0
   -5.3019    5.4575  -21.5725 C   0  0  1  0  0  0  0  0  0  0  0  0
   -4.5019    4.8575  -20.6725 O   0  0  0  0  0  0  0  0  0  0  0  0
   -4.7019    5.2575  -23.0725 C   0  0  0  0  0  0  0  0  0  0  0  0
   -5.5019    5.9575  -24.1725 C   0  0  1  0  0  0  0  0  0  0  0  0
   -5.4019    7.3575  -23.9725 N   0  0  0  0  0  4  0  0  0  0  0  0
   -4.9019    5.6575  -25.3725 O   0  0  0  0  0  0  0  0  0  0  0  0
   -8.7019    4.2575  -20.1725 N   0  0  0  0  0  0  0  0  0  0  0  0
   -8.9019    3.0575  -19.8725 C   0  0  0  0  0  0  0  0  0  0  0  0
   -8.0019    2.2575  -19.4725 O   0  0  0  0  0  0  0  0  0  0  0  0
  -10.3019    2.5575  -19.9725 C   0  0  0  0  0  0  0  0  0  0  0  0
  -10.4019    1.1575  -20.5725 C   0  0  0  0  0  0  0  0  0  0  0  0
  -10.6019    1.3575  -19.0725 C   0  0  0  0  0  0  0  0  0  0  0  0
   -6.6019    7.1575  -18.8725 C   0  0  2  0  0  0  0  0  0  0  0  0
   -5.6019    7.6575  -19.6725 O   0  0  0  0  0  0  0  0  0  0  0  0
   -4.6019    6.7575  -20.0725 C   0  0  0  0  0  0  0  0  0  0  0  0
   -3.9019    6.1575  -18.8725 C   0  0  1  0  0  0  0  0  0  0  0  0
   -2.8019    5.0575  -19.3725 C   0  0  0  0  0  0  0  0  0  0  0  0
   -1.6019    5.7575  -20.0725 C   0  0  0  0  0  0  0  0  0  0  0  0
   -1.0019    6.8575  -19.1725 C   0  0  0  0  0  0  0  0  0  0  0  0
   -2.0019    7.7575  -18.7725 O   0  0  0  0  0  0  0  0  0  0  0  0
   -3.0019    7.1575  -18.1725 C   0  0  0  0  0  0  0  0  0  0  0  0
   -4.8019    5.4575  -18.1725 O   0  0  0  0  0  0  0  0  0  0  0  0
   -6.1019    6.1575  -17.9725 C   0  0  0  0  0  0  0  0  0  0  0  0
   -6.6019    6.1575  -16.9725 O   0  0  0  0  0  0  0  0  0  0  0  0
   -6.7626    4.4598  -19.4284 H   0  0  0  0  0  0  0  0  0  0  0  0
   -6.6198    3.7888  -21.7200 H   0  0  0  0  0  0  0  0  0  0  0  0
   -7.3117    5.4579  -22.1635 H   0  0  0  0  0  0  0  0  0  0  0  0
   -5.3535    6.5361  -21.3628 H   0  0  0  0  0  0  0  0  0  0  0  0
   -4.8052    5.0849  -19.7580 H   0  0  0  0  0  0  0  0  0  0  0  0
   -3.6759    5.6539  -23.0882 H   0  0  0  0  0  0  0  0  0  0  0  0
   -4.7490    4.1798  -23.2879 H   0  0  0  0  0  0  0  0  0  0  0  0
   -6.5547    5.6389  -24.1595 H   0  0  0  0  0  0  0  0  0  0  0  0
   -5.3874    7.5599  -22.9627 H   0  0  0  0  0  0  0  0  0  0  0  0
   -4.5339    7.7049  -24.4047 H   0  0  0  0  0  0  0  0  0  0  0  0
   -6.2116    7.8248  -24.4047 H   0  0  0  0  0  0  0  0  0  0  0  0
   -4.0291    5.2211  -25.2051 H   0  0  0  0  0  0  0  0  0  0  0  0
   -9.5264    4.8107  -20.4464 H   0  0  0  0  0  0  0  0  0  0  0  0
  -10.7838    3.5285  -20.1590 H   0  0  0  0  0  0  0  0  0  0  0  0
  -11.2579    0.8929  -21.2106 H   0  0  0  0  0  0  0  0  0  0  0  0
   -9.7452    0.5288  -21.1918 H   0  0  0  0  0  0  0  0  0  0  0  0
  -11.6018    1.2380  -18.6300 H   0  0  0  0  0  0  0  0  0  0  0  0
  -10.1494    0.9339  -18.1637 H   0  0  0  0  0  0  0  0  0  0  0  0
   -7.0375    7.9888  -18.2988 H   0  0  0  0  0  0  0  0  0  0  0  0
   -5.0596    5.9501  -20.6630 H   0  0  0  0  0  0  0  0  0  0  0  0
   -3.8602    7.3023  -20.6751 H   0  0  0  0  0  0  0  0  0  0  0  0
   -2.4336    4.4941  -18.5024 H   0  0  0  0  0  0  0  0  0  0  0  0
   -3.2831    4.3783  -20.0916 H   0  0  0  0  0  0  0  0  0  0  0  0
   -0.8263    5.0087  -20.2910 H   0  0  0  0  0  0  0  0  0  0  0  0
   -1.9613    6.2227  -21.0022 H   0  0  0  0  0  0  0  0  0  0  0  0
   -0.5537    6.3933  -18.2816 H   0  0  0  0  0  0  0  0  0  0  0  0
   -0.2335    7.4042  -19.7388 H   0  0  0  0  0  0  0  0  0  0  0  0
   -2.5657    6.6248  -17.3146 H   0  0  0  0  0  0  0  0  0  0  0  0
   -3.6931    7.9961  -18.0024 H   0  0  0  0  0  0  0  0  0  0  0  0
  1  2  2  0
  2  3  1  0
  3  4  1  0
  4  5  1  0
  5  6  1  0
  5  7  1  0
  7  8  1  0
  8  9  1  0
  8 10  1  0
  3 11  1  0
 11 12  1  0
 12 13  2  0
 14 15  1  0
 15 16  1  0
 16 14  1  0
 12 14  1  0
 17 18  1  0
 18 19  1  0
 19 20  1  0
 20 21  1  0
 21 22  1  0
 22 23  1  0
 23 24  1  0
 24 25  1  0
 20 26  1  1
 26 27  1  0
 27 28  2  0
 27 17  1  0
 25 20  1  0
  2 17  1  0
  3 29  1  1
  4 30  1  0
  4 31  1  0
  5 32  1  1
  6 33  1  0
  7 34  1  0
  7 35  1  0
  8 36  1  6
  9 37  1  0
  9 38  1  0
  9 39  1  0
 10 40  1  0
 11 41  1  0
 14 42  1  0
 15 43  1  0
 15 44  1  0
 16 45  1  0
 16 46  1  0
 17 47  1  1
 19 48  1  0
 19 49  1  0
 21 50  1  0
 21 51  1  0
 22 52  1  0
 22 53  1  0
 23 54  1  0
 23 55  1  0
 25 56  1  0
 25 57  1  0
M  CHG  1   9   1
M  END
"
2h7l_Lingo3DMolv2_550308,2h7l,"2h7l_Lingo3DMolv2_550308
     RDKit          3D

 18 18  0  0  0  0  0  0  0  0999 V2000
   10.1997   33.3730   62.6505 N   0  0  0  0  0  0  0  0  0  0  0  0
    9.3997   34.4730   62.7505 C   0  0  0  0  0  0  0  0  0  0  0  0
    9.4997   35.5730   61.9505 N   0  0  0  0  0  0  0  0  0  0  0  0
   10.4997   35.5730   61.0505 C   0  0  0  0  0  0  0  0  0  0  0  0
   11.3997   34.5730   60.9505 C   0  0  0  0  0  0  0  0  0  0  0  0
   11.1997   33.3730   61.7505 C   0  0  0  0  0  0  0  0  0  0  0  0
   12.1997   32.3730   61.7505 N   0  0  0  0  0  0  0  0  0  0  0  0
   12.0997   31.3730   62.8505 N   0  0  0  0  0  0  0  0  0  0  0  0
   13.0997   31.1730   63.7505 C   0  0  0  0  0  0  0  0  0  0  0  0
   14.1997   31.7730   63.7505 O   0  0  0  0  0  0  0  0  0  0  0  0
   10.5997   36.7730   60.2505 N   0  0  0  0  0  0  0  0  0  0  0  0
    8.6219   34.4730   63.5283 H   0  0  0  0  0  0  0  0  0  0  0  0
   12.2662   34.6623   60.2789 H   0  0  0  0  0  0  0  0  0  0  0  0
   12.9447   32.3384   61.0401 H   0  0  0  0  0  0  0  0  0  0  0  0
   11.2401   30.8115   62.9326 H   0  0  0  0  0  0  0  0  0  0  0  0
   12.9294   30.4262   64.5400 H   0  0  0  0  0  0  0  0  0  0  0  0
   11.3378   36.8563   59.5370 H   0  0  0  0  0  0  0  0  0  0  0  0
    9.9328   37.5448   60.3941 H   0  0  0  0  0  0  0  0  0  0  0  0
  1  2  2  0
  2  3  1  0
  3  4  2  0
  4  5  1  0
  5  6  2  0
  6  1  1  0
  7  8  1  0
  8  9  1  0
  9 10  2  0
  6  7  1  0
  4 11  1  0
  2 12  1  0
  5 13  1  0
  7 14  1  0
  8 15  1  0
  9 16  1  0
 11 17  1  0
 11 18  1  0
M  END
"
3lpb_Lingo3DMolv2_1082564,3lpb,"3lpb_Lingo3DMolv2_1082564
     RDKit          3D

 66 70  0  0  0  0  0  0  0  0999 V2000
   79.3185  113.7937   18.1136 N   0  0  0  0  0  0  0  0  0  0  0  0
   80.5185  113.8937   18.7136 C   0  0  0  0  0  0  0  0  0  0  0  0
   80.8185  113.3937   19.9136 C   0  0  0  0  0  0  0  0  0  0  0  0
   79.8185  112.6937   20.7136 C   0  0  0  0  0  0  0  0  0  0  0  0
   78.5185  112.6937   20.1136 C   0  0  0  0  0  0  0  0  0  0  0  0
   77.2185  112.1937   20.5136 C   0  0  0  0  0  0  0  0  0  0  0  0
   76.3185  112.5937   19.5136 C   0  0  0  0  0  0  0  0  0  0  0  0
   77.0185  113.2937   18.5136 N   0  0  0  0  0  0  0  0  0  0  0  0
   78.3185  113.3937   18.9136 C   0  0  0  0  0  0  0  0  0  0  0  0
   74.9185  112.3937   19.4136 C   0  0  0  0  0  0  0  0  0  0  0  0
   74.2185  112.7937   18.4136 O   0  0  0  0  0  0  0  0  0  0  0  0
   74.4185  111.7937   20.4136 N   0  0  0  0  0  0  0  0  0  0  0  0
   72.9185  111.4937   20.6136 C   0  0  0  0  0  0  0  0  0  0  0  0
   72.4185  111.6937   21.9136 C   0  0  0  0  0  0  0  0  0  0  0  0
   72.0185  112.5937   20.8136 C   0  0  0  0  0  0  0  0  0  0  0  0
   80.2185  111.9937   21.8136 N   0  0  0  0  0  0  0  0  0  0  0  0
   79.3185  111.1937   22.6136 C   0  0  0  0  0  0  0  0  0  0  0  0
   79.2185  109.5937   22.1136 C   0  0  1  0  0  0  0  0  0  0  0  0
   80.6185  108.8937   22.2136 C   0  0  0  0  0  0  0  0  0  0  0  0
   80.7185  108.4937   23.6136 C   0  0  0  0  0  0  0  0  0  0  0  0
   79.3185  107.9937   24.0136 C   0  0  1  0  0  0  0  0  0  0  0  0
   78.3185  108.8937   23.2136 C   0  0  2  0  0  0  0  0  0  0  0  0
   77.1185  108.2937   22.7136 C   0  0  0  0  0  0  0  0  0  0  0  0
   76.6185  109.2937   21.7136 C   0  0  0  0  0  0  0  0  0  0  0  0
   77.9185  109.8937   21.0136 C   0  0  0  0  0  0  0  0  0  0  0  0
   79.0185  106.4937   23.5136 C   0  0  0  0  0  0  0  0  0  0  0  0
   79.9185  105.4937   24.2136 N   0  0  0  0  0  4  0  0  0  0  0  0
   79.7185  105.3937   25.7136 C   0  0  0  0  0  0  0  0  0  0  0  0
   80.7185  104.4937   26.3136 C   0  0  0  0  0  0  0  0  0  0  0  0
   79.1185  107.9937   25.5136 C   0  0  0  0  0  0  0  0  0  0  0  0
   81.3133  114.4288   18.1733 H   0  0  0  0  0  0  0  0  0  0  0  0
   81.8388  113.5113   20.3074 H   0  0  0  0  0  0  0  0  0  0  0  0
   76.9839  111.6161   21.4199 H   0  0  0  0  0  0  0  0  0  0  0  0
   76.6211  113.6635   17.6382 H   0  0  0  0  0  0  0  0  0  0  0  0
   75.0662  111.4818   21.1512 H   0  0  0  0  0  0  0  0  0  0  0  0
   72.9262  110.6541   19.9029 H   0  0  0  0  0  0  0  0  0  0  0  0
   71.6912  110.9865   22.3390 H   0  0  0  0  0  0  0  0  0  0  0  0
   72.8663  111.8299   22.9090 H   0  0  0  0  0  0  0  0  0  0  0  0
   70.9964  112.5566   20.4086 H   0  0  0  0  0  0  0  0  0  0  0  0
   72.0424  113.6781   20.6309 H   0  0  0  0  0  0  0  0  0  0  0  0
   81.2104  112.0371   22.0878 H   0  0  0  0  0  0  0  0  0  0  0  0
   79.6702  111.2113   23.6557 H   0  0  0  0  0  0  0  0  0  0  0  0
   78.3146  111.6298   22.5041 H   0  0  0  0  0  0  0  0  0  0  0  0
   80.6639  108.0156   21.5526 H   0  0  0  0  0  0  0  0  0  0  0  0
   81.4427  109.5528   21.9034 H   0  0  0  0  0  0  0  0  0  0  0  0
   81.4592  107.6887   23.7290 H   0  0  0  0  0  0  0  0  0  0  0  0
   81.0441  109.3303   24.2492 H   0  0  0  0  0  0  0  0  0  0  0  0
   77.8418  109.6073   23.9017 H   0  0  0  0  0  0  0  0  0  0  0  0
   77.3327  107.3285   22.2313 H   0  0  0  0  0  0  0  0  0  0  0  0
   76.3862  108.0756   23.5049 H   0  0  0  0  0  0  0  0  0  0  0  0
   75.9747  108.8022   20.9692 H   0  0  0  0  0  0  0  0  0  0  0  0
   76.0169  110.0800   22.1929 H   0  0  0  0  0  0  0  0  0  0  0  0
   78.1043  109.3908   20.0531 H   0  0  0  0  0  0  0  0  0  0  0  0
   77.8066  110.9666   20.7982 H   0  0  0  0  0  0  0  0  0  0  0  0
   79.1920  106.4352   22.4289 H   0  0  0  0  0  0  0  0  0  0  0  0
   77.9729  106.2489   23.7520 H   0  0  0  0  0  0  0  0  0  0  0  0
   79.7429  104.5647   23.8049 H   0  0  0  0  0  0  0  0  0  0  0  0
   80.8832  105.8259   24.0728 H   0  0  0  0  0  0  0  0  0  0  0  0
   79.8201  106.3944   26.1589 H   0  0  0  0  0  0  0  0  0  0  0  0
   78.7149  104.9884   25.9102 H   0  0  0  0  0  0  0  0  0  0  0  0
   80.6534  104.5522   27.4101 H   0  0  0  0  0  0  0  0  0  0  0  0
   80.5235  103.4608   25.9893 H   0  0  0  0  0  0  0  0  0  0  0  0
   81.7252  104.7960   25.9893 H   0  0  0  0  0  0  0  0  0  0  0  0
   79.0700  106.9566   25.8770 H   0  0  0  0  0  0  0  0  0  0  0  0
   79.9603  108.5122   25.9957 H   0  0  0  0  0  0  0  0  0  0  0  0
   78.1797  108.5122   25.7583 H   0  0  0  0  0  0  0  0  0  0  0  0
  1  2  2  0
  2  3  1  0
  3  4  2  0
  4  5  1  0
  5  6  1  0
  6  7  2  0
  7  8  1  0
  8  9  1  0
  9  1  1  0
  9  5  2  0
 10 11  2  0
 10 12  1  0
  7 10  1  0
 13 14  1  0
 14 15  1  0
 15 13  1  0
 12 13  1  0
 16 17  1  0
  4 16  1  0
 18 19  1  0
 19 20  1  0
 20 21  1  0
 21 22  1  0
 22 23  1  0
 23 24  1  0
 24 25  1  0
 22 18  1  0
 25 18  1  0
 18 17  1  1
 26 27  1  0
 27 28  1  0
 28 29  1  0
 21 26  1  6
 21 30  1  0
  2 31  1  0
  3 32  1  0
  6 33  1  0
  8 34  1  0
 12 35  1  0
 13 36  1  0
 14 37  1  0
 14 38  1  0
 15 39  1  0
 15 40  1  0
 16 41  1  0
 17 42  1  0
 17 43  1  0
 19 44  1  0
 19 45  1  0
 20 46  1  0
 20 47  1  0
 22 48  1  1
 23 49  1  0
 23 50  1  0
 24 51  1  0
 24 52  1  0
 25 53  1  0
 25 54  1  0
 26 55  1  0
 26 56  1  0
 27 57  1  0
 27 58  1  0
 28 59  1  0
 28 60  1  0
 29 61  1  0
 29 62  1  0
 29 63  1  0
 30 64  1  0
 30 65  1  0
 30 66  1  0
M  CHG  1  27   1
M  END
"
2aa2_Lingo3DMolv2_657529,2aa2,"2aa2_Lingo3DMolv2_657529
     RDKit          3D

 35 37  0  0  0  0  0  0  0  0999 V2000
   17.4993   76.0233   24.0683 O   0  0  0  0  0  0  0  0  0  0  0  0
   17.6993   75.9233   22.6683 C   0  0  0  0  0  0  0  0  0  0  0  0
   19.0993   75.2233   22.3683 C   0  0  0  0  0  0  0  0  0  0  0  0
   19.9993   75.3233   23.1683 O   0  0  0  0  0  0  0  0  0  0  0  0
   19.1993   74.6233   21.1683 N   0  0  0  0  0  0  0  0  0  0  0  0
   20.5993   74.1233   20.6683 C   0  0  1  0  0  0  0  0  0  0  0  0
   20.1993   72.8233   19.9683 C   0  0  0  0  0  0  0  0  0  0  0  0
   20.8993   72.0233   19.1683 C   0  0  0  0  0  0  0  0  0  0  0  0
   20.2993   70.9233   18.4683 C   0  0  0  0  0  0  0  0  0  0  0  0
   18.8993   70.7233   18.5683 C   0  0  0  0  0  0  0  0  0  0  0  0
   18.1993   71.5233   19.3683 C   0  0  0  0  0  0  0  0  0  0  0  0
   18.7993   72.6233   20.0683 C   0  0  0  0  0  0  0  0  0  0  0  0
   17.9993   73.6233   20.8683 C   0  0  1  0  0  0  0  0  0  0  0  0
   16.8993   71.3233   19.4683 O   0  0  0  0  0  0  0  0  0  0  0  0
   16.3993   70.6233   18.4683 C   0  0  0  0  0  0  0  0  0  0  0  0
   17.1993   69.3233   18.1683 C   0  0  0  0  0  0  0  0  0  0  0  0
   18.4993   69.7233   17.8683 O   0  0  0  0  0  0  0  0  0  0  0  0
   17.1993   73.1233   21.8683 O   0  0  0  0  0  0  0  0  0  0  0  0
   21.6993   74.8233   21.3683 C   0  0  0  0  0  0  0  0  0  0  0  0
   21.0993   73.1233   21.3683 O   0  0  0  0  0  0  0  0  0  0  0  0
   18.2772   75.6343   24.5414 H   0  0  0  0  0  0  0  0  0  0  0  0
   16.8898   75.3239   22.2263 H   0  0  0  0  0  0  0  0  0  0  0  0
   17.6977   76.9320   22.2296 H   0  0  0  0  0  0  0  0  0  0  0  0
   21.9753   72.2114   19.0389 H   0  0  0  0  0  0  0  0  0  0  0  0
   20.9174   70.2445   17.8624 H   0  0  0  0  0  0  0  0  0  0  0  0
   17.1357   74.1118   20.3935 H   0  0  0  0  0  0  0  0  0  0  0  0
   15.3644   70.3468   18.7185 H   0  0  0  0  0  0  0  0  0  0  0  0
   16.4532   71.2545   17.5691 H   0  0  0  0  0  0  0  0  0  0  0  0
   17.1976   68.6636   19.0486 H   0  0  0  0  0  0  0  0  0  0  0  0
   16.7517   68.7624   17.3346 H   0  0  0  0  0  0  0  0  0  0  0  0
   17.5830   73.3631   22.7489 H   0  0  0  0  0  0  0  0  0  0  0  0
   21.5580   74.7333   22.4555 H   0  0  0  0  0  0  0  0  0  0  0  0
   22.6610   74.3707   21.0849 H   0  0  0  0  0  0  0  0  0  0  0  0
   21.6966   75.8861   21.0849 H   0  0  0  0  0  0  0  0  0  0  0  0
   21.0029   73.3161   22.3346 H   0  0  0  0  0  0  0  0  0  0  0  0
  1  2  1  0
  2  3  1  0
  3  4  2  0
  5  6  1  0
  6  7  1  0
  7  8  2  0
  8  9  1  0
  9 10  2  0
 10 11  1  0
 11 12  2  0
 12 13  1  0
 11 14  1  0
 14 15  1  0
 15 16  1  0
 16 17  1  0
 13  5  1  0
 12  7  1  0
 17 10  1  0
  3  5  1  0
 13 18  1  0
  6 19  1  0
  6 20  1  6
  1 21  1  0
  2 22  1  0
  2 23  1  0
  8 24  1  0
  9 25  1  0
 13 26  1  6
 15 27  1  0
 15 28  1  0
 16 29  1  0
 16 30  1  0
 18 31  1  0
 19 32  1  0
 19 33  1  0
 19 34  1  0
 20 35  1  0
M  END
"
3el8_Lingo3DMolv2_1064147,3el8,"3el8_Lingo3DMolv2_1064147
     RDKit          3D

 58 63  0  0  0  0  0  0  0  0999 V2000
    7.5642    6.5778    7.2297 N   0  0  0  0  0  0  0  0  0  0  0  0
    6.7642    6.1778    8.0297 C   0  0  0  0  0  0  0  0  0  0  0  0
    5.4642    6.6778    8.2297 C   0  0  0  0  0  0  0  0  0  0  0  0
    5.0642    7.7778    7.4297 C   0  0  0  0  0  0  0  0  0  0  0  0
    6.0642    8.3778    6.5297 C   0  0  0  0  0  0  0  0  0  0  0  0
    7.3642    7.8778    6.5297 C   0  0  0  0  0  0  0  0  0  0  0  0
    8.0642    8.6778    5.6297 C   0  0  0  0  0  0  0  0  0  0  0  0
    7.3642    9.5778    5.1297 N   0  0  0  0  0  0  0  0  0  0  0  0
    6.0642    9.4778    5.6297 N   0  0  0  0  0  0  0  0  0  0  0  0
    5.1642   10.3778    5.2297 C   0  0  0  0  0  0  0  0  0  0  0  0
    5.3642   11.5778    4.7297 C   0  0  0  0  0  0  0  0  0  0  0  0
    4.1642   12.2778    4.4297 N   0  0  0  0  0  0  0  0  0  0  0  0
    3.0642   11.4778    4.8297 C   0  0  0  0  0  0  0  0  0  0  0  0
    1.7642   11.6778    4.8297 C   0  0  0  0  0  0  0  0  0  0  0  0
    0.9642   10.6778    5.3297 C   0  0  0  0  0  0  0  0  0  0  0  0
    1.4642    9.4778    5.8297 C   0  0  0  0  0  0  0  0  0  0  0  0
    2.8642    9.2778    5.8297 C   0  0  0  0  0  0  0  0  0  0  0  0
    3.6642   10.2778    5.3297 C   0  0  0  0  0  0  0  0  0  0  0  0
    4.5642    6.1778    9.1297 N   0  0  0  0  0  0  0  0  0  0  0  0
    3.4642    6.7778    9.9297 C   0  0  0  0  0  0  0  0  0  0  0  0
    3.6642    7.9778   10.4297 C   0  0  0  0  0  0  0  0  0  0  0  0
    2.5642    8.7778   10.7297 C   0  0  0  0  0  0  0  0  0  0  0  0
    1.2642    8.2778   10.5297 C   0  0  0  0  0  0  0  0  0  0  0  0
    1.0642    6.9778   10.0297 C   0  0  0  0  0  0  0  0  0  0  0  0
    2.2642    6.1778    9.7297 C   0  0  0  0  0  0  0  0  0  0  0  0
    2.1642    4.8778    9.2297 O   0  0  0  0  0  0  0  0  0  0  0  0
    0.9642    4.1778    9.5297 C   0  0  0  0  0  0  0  0  0  0  0  0
   -0.2358    4.9778    9.1297 C   0  0  2  0  0  0  0  0  0  0  0  0
   -0.1358    6.3778    9.6297 N   0  0  0  0  0  0  0  0  0  0  0  0
   -1.5358    4.1778    9.3297 N   0  0  0  0  0  0  0  0  0  0  0  0
   -1.7358    2.9778    8.9297 C   0  0  0  0  0  0  0  0  0  0  0  0
   -0.9358    2.2778    8.3297 O   0  0  0  0  0  0  0  0  0  0  0  0
   -3.0358    2.5778    9.3297 N   0  0  0  0  0  0  0  0  0  0  0  0
   -3.5358    1.1778    9.3297 C   0  0  0  0  0  0  0  0  0  0  0  0
   -5.0358    0.9778    9.7297 C   0  0  0  0  0  0  0  0  0  0  0  0
   -2.9358    0.1778    8.9297 O   0  0  0  0  0  0  0  0  0  0  0  0
    7.0775    5.3389    8.6686 H   0  0  0  0  0  0  0  0  0  0  0  0
    4.0382    8.1713    7.4796 H   0  0  0  0  0  0  0  0  0  0  0  0
    9.1265    8.5296    5.3858 H   0  0  0  0  0  0  0  0  0  0  0  0
    6.3657   11.9997    4.5598 H   0  0  0  0  0  0  0  0  0  0  0  0
    4.1038   13.2095    3.9949 H   0  0  0  0  0  0  0  0  0  0  0  0
    1.3321   12.6126    4.4431 H   0  0  0  0  0  0  0  0  0  0  0  0
   -0.1248   10.8330    5.3352 H   0  0  0  0  0  0  0  0  0  0  0  0
    0.7854    8.7031    6.2159 H   0  0  0  0  0  0  0  0  0  0  0  0
    3.3015    8.3467    6.2195 H   0  0  0  0  0  0  0  0  0  0  0  0
    4.6718    5.1656    9.2876 H   0  0  0  0  0  0  0  0  0  0  0  0
    4.6858    8.3444   10.6084 H   0  0  0  0  0  0  0  0  0  0  0  0
    2.7110    9.7953   11.1210 H   0  0  0  0  0  0  0  0  0  0  0  0
    0.3955    8.9096   10.7667 H   0  0  0  0  0  0  0  0  0  0  0  0
    0.9584    3.2227    8.9840 H   0  0  0  0  0  0  0  0  0  0  0  0
    0.9226    4.0009   10.6146 H   0  0  0  0  0  0  0  0  0  0  0  0
   -0.2721    5.1476    8.0435 H   0  0  0  0  0  0  0  0  0  0  0  0
   -0.9994    6.9364    9.6842 H   0  0  0  0  0  0  0  0  0  0  0  0
   -2.3077    4.6458    9.8257 H   0  0  0  0  0  0  0  0  0  0  0  0
   -3.6838    3.3139    9.6446 H   0  0  0  0  0  0  0  0  0  0  0  0
   -5.1245    0.9659   10.8261 H   0  0  0  0  0  0  0  0  0  0  0  0
   -5.6373    1.8037    9.3221 H   0  0  0  0  0  0  0  0  0  0  0  0
   -5.3998    0.0231    9.3221 H   0  0  0  0  0  0  0  0  0  0  0  0
  1  2  2  0
  2  3  1  0
  3  4  2  0
  4  5  1  0
  5  6  2  0
  6  7  1  0
  7  8  2  0
  8  9  1  0
  6  1  1  0
  9  5  1  0
 10 11  2  0
 11 12  1  0
 12 13  1  0
 13 14  2  0
 14 15  1  0
 15 16  2  0
 16 17  1  0
 17 18  2  0
 18 10  1  0
 18 13  1  0
  9 10  1  0
  3 19  1  0
 20 21  2  0
 21 22  1  0
 22 23  2  0
 23 24  1  0
 24 25  2  0
 25 26  1  0
 26 27  1  0
 27 28  1  0
 28 29  1  0
 25 20  1  0
 29 24  1  0
 19 20  1  0
 30 31  1  0
 31 32  2  0
 31 33  1  0
 33 34  1  0
 34 35  1  0
 34 36  2  0
 28 30  1  0
  2 37  1  0
  4 38  1  0
  7 39  1  0
 11 40  1  0
 12 41  1  0
 14 42  1  0
 15 43  1  0
 16 44  1  0
 17 45  1  0
 19 46  1  0
 21 47  1  0
 22 48  1  0
 23 49  1  0
 27 50  1  0
 27 51  1  0
 28 52  1  6
 29 53  1  0
 30 54  1  0
 33 55  1  0
 35 56  1  0
 35 57  1  0
 35 58  1  0
M  END
"
2owb_Lingo3DMolv2_1219563,2owb,"2owb_Lingo3DMolv2_1219563
     RDKit          3D

 66 69  0  0  0  0  0  0  0  0999 V2000
    1.7114   24.9945   69.8810 N   0  0  0  0  0  0  0  0  0  0  0  0
    1.1114   23.7945   70.3810 C   0  0  0  0  0  0  0  0  0  0  0  0
   -0.1886   23.2945   69.8810 C   0  0  0  0  0  0  0  0  0  0  0  0
   -0.6886   22.0945   70.3810 C   0  0  0  0  0  0  0  0  0  0  0  0
    0.0114   21.3945   71.3810 C   0  0  0  0  0  0  0  0  0  0  0  0
    1.2114   21.8945   71.8810 C   0  0  0  0  0  0  0  0  0  0  0  0
    1.7114   23.0945   71.3810 C   0  0  0  0  0  0  0  0  0  0  0  0
    1.9114   21.1945   72.8810 N   0  0  0  0  0  0  0  0  0  0  0  0
    1.3114   19.9945   73.5810 C   0  0  0  0  0  0  0  0  0  0  0  0
    2.0114   19.6945   74.9810 C   0  0  1  0  0  0  0  0  0  0  0  0
    1.8114   18.3945   75.4810 C   0  0  0  0  0  0  0  0  0  0  0  0
    3.0114   18.0945   76.3810 C   0  0  0  0  0  0  0  0  0  0  0  0
    4.0114   19.2945   76.0810 C   0  0  0  0  0  0  0  0  0  0  0  0
    3.3114   20.0945   75.0810 N   0  0  2  0  0  4  0  0  0  0  0  0
    3.6114   21.5945   75.0810 C   0  0  0  0  0  0  0  0  0  0  0  0
    3.3114   22.1945   73.5810 C   0  0  0  0  0  0  0  0  0  0  0  0
   -1.8886   21.5945   69.8810 F   0  0  0  0  0  0  0  0  0  0  0  0
    1.3114   25.9945   68.8810 C   0  0  0  0  0  0  0  0  0  0  0  0
    2.1114   27.0945   68.8810 N   0  0  0  0  0  0  0  0  0  0  0  0
    1.8114   27.9945   67.9810 C   0  0  0  0  0  0  0  0  0  0  0  0
    0.7114   27.8945   67.0810 C   0  0  0  0  0  0  0  0  0  0  0  0
    0.0114   26.7945   67.1810 C   0  0  0  0  0  0  0  0  0  0  0  0
    0.2114   25.7945   68.0810 N   0  0  0  0  0  0  0  0  0  0  0  0
    0.4114   28.9945   65.9810 C   0  0  0  0  0  0  0  0  0  0  0  0
    0.9114   30.1945   66.2810 N   0  0  0  0  0  0  0  0  0  0  0  0
   -0.2886   28.6945   64.8810 N   0  0  0  0  0  0  0  0  0  0  0  0
   -0.6886   27.3945   64.7810 O   0  0  0  0  0  0  0  0  0  0  0  0
   -1.0886   27.0945   63.4810 C   0  0  0  0  0  0  0  0  0  0  0  0
   -2.0886   25.9945   63.4810 C   0  0  0  0  0  0  0  0  0  0  0  0
   -2.4886   25.3945   64.5810 C   0  0  0  0  0  0  0  0  0  0  0  0
   -3.4886   24.2945   64.6810 C   0  0  0  0  0  0  0  0  0  0  0  0
   -2.6886   25.5945   62.0810 C   0  0  0  0  0  0  0  0  0  0  0  0
   -1.5886   25.0945   61.0810 C   0  0  0  0  0  0  0  0  0  0  0  0
    2.6212   25.2021   70.3169 H   0  0  0  0  0  0  0  0  0  0  0  0
   -0.7517   23.8622   69.1256 H   0  0  0  0  0  0  0  0  0  0  0  0
   -0.3912   20.4475   71.7698 H   0  0  0  0  0  0  0  0  0  0  0  0
    2.6381   23.4963   71.8167 H   0  0  0  0  0  0  0  0  0  0  0  0
    0.2420   20.1850   73.7544 H   0  0  0  0  0  0  0  0  0  0  0  0
    1.4652   19.1178   72.9346 H   0  0  0  0  0  0  0  0  0  0  0  0
    1.4528   20.3590   75.6566 H   0  0  0  0  0  0  0  0  0  0  0  0
    0.8783   18.3486   76.0616 H   0  0  0  0  0  0  0  0  0  0  0  0
    1.7276   17.6601   74.6664 H   0  0  0  0  0  0  0  0  0  0  0  0
    2.7154   18.0851   77.4404 H   0  0  0  0  0  0  0  0  0  0  0  0
    3.4565   17.1076   76.1860 H   0  0  0  0  0  0  0  0  0  0  0  0
    4.2001   19.8832   76.9908 H   0  0  0  0  0  0  0  0  0  0  0  0
    4.9961   18.9487   75.7335 H   0  0  0  0  0  0  0  0  0  0  0  0
    3.7279   19.8856   74.1624 H   0  0  0  0  0  0  0  0  0  0  0  0
    2.9687   22.1001   75.8167 H   0  0  0  0  0  0  0  0  0  0  0  0
    4.6648   21.7650   75.3479 H   0  0  0  0  0  0  0  0  0  0  0  0
    3.0253   23.2546   73.6463 H   0  0  0  0  0  0  0  0  0  0  0  0
    4.2041   22.1298   72.9415 H   0  0  0  0  0  0  0  0  0  0  0  0
    2.4503   28.8875   67.9144 H   0  0  0  0  0  0  0  0  0  0  0  0
   -0.8178   26.6657   66.4698 H   0  0  0  0  0  0  0  0  0  0  0  0
    1.4390   30.3287   67.1553 H   0  0  0  0  0  0  0  0  0  0  0  0
    0.7698   30.9868   65.6382 H   0  0  0  0  0  0  0  0  0  0  0  0
   -1.5363   27.9898   63.0249 H   0  0  0  0  0  0  0  0  0  0  0  0
   -0.2084   26.7731   62.9048 H   0  0  0  0  0  0  0  0  0  0  0  0
   -2.0389   25.7401   65.5234 H   0  0  0  0  0  0  0  0  0  0  0  0
   -3.6879   24.0753   65.7403 H   0  0  0  0  0  0  0  0  0  0  0  0
   -4.4227   24.6022   64.1882 H   0  0  0  0  0  0  0  0  0  0  0  0
   -3.0935   23.3939   64.1882 H   0  0  0  0  0  0  0  0  0  0  0  0
   -3.4241   24.7900   62.2285 H   0  0  0  0  0  0  0  0  0  0  0  0
   -3.1546   26.4913   61.6467 H   0  0  0  0  0  0  0  0  0  0  0  0
   -0.7295   24.7040   61.6461 H   0  0  0  0  0  0  0  0  0  0  0  0
   -2.0041   24.2968   60.4477 H   0  0  0  0  0  0  0  0  0  0  0  0
   -1.2608   25.9321   60.4477 H   0  0  0  0  0  0  0  0  0  0  0  0
  2  3  2  0
  3  4  1  0
  4  5  2  0
  5  6  1  0
  6  7  2  0
  7  2  1  0
  1  2  1  0
  8  9  1  0
  9 10  1  0
 10 11  1  0
 11 12  1  0
 12 13  1  0
 14 13  1  0
 14 15  1  0
 15 16  1  0
 16  8  1  0
 14 10  1  0
  6  8  1  0
  4 17  1  0
 18 19  2  0
 19 20  1  0
 20 21  2  0
 21 22  1  0
 22 23  2  0
 23 18  1  0
  1 18  1  0
 24 25  1  0
 24 26  2  3
 26 27  1  0
 27 28  1  0
 28 29  1  0
 29 30  2  3
 30 31  1  0
 29 32  1  0
 32 33  1  0
 21 24  1  0
  1 34  1  0
  3 35  1  0
  5 36  1  0
  7 37  1  0
  9 38  1  0
  9 39  1  0
 10 40  1  1
 11 41  1  0
 11 42  1  0
 12 43  1  0
 12 44  1  0
 13 45  1  0
 13 46  1  0
 14 47  1  6
 15 48  1  0
 15 49  1  0
 16 50  1  0
 16 51  1  0
 20 52  1  0
 22 53  1  0
 25 54  1  0
 25 55  1  0
 28 56  1  0
 28 57  1  0
 30 58  1  0
 31 59  1  0
 31 60  1  0
 31 61  1  0
 32 62  1  0
 32 63  1  0
 33 64  1  0
 33 65  1  0
 33 66  1  0
M  CHG  1  14   1
M  END
"
2azr_Lingo3DMolv2_610479,2azr,"2azr_Lingo3DMolv2_610479
     RDKit          3D

 26 27  0  0  0  0  0  0  0  0999 V2000
   44.3206   17.5031    5.4659 O   0  0  0  0  0  0  0  0  0  0  0  0
   45.5206   16.6031    5.0659 S   0  0  0  0  0  0  0  0  0  0  0  0
   45.6206   15.3031    5.7659 O   0  0  0  0  0  0  0  0  0  0  0  0
   46.8206   17.4031    4.8659 N   0  0  0  0  0  2  0  0  0  0  0  0
   47.7206   16.8031    4.2659 C   0  0  0  0  0  0  0  0  0  0  0  0
   48.9206   17.0031    4.2659 O   0  0  0  0  0  0  0  0  0  0  0  0
   47.2206   15.8031    3.5659 O   0  0  0  0  0  0  0  0  0  0  0  0
   45.8206   15.8031    3.3659 C   0  0  1  0  0  0  0  0  0  0  0  0
   45.2206   14.4031    2.9659 C   0  0  2  0  0  0  0  0  0  0  0  0
   45.9206   13.8031    1.7659 C   0  0  0  0  0  0  0  0  0  0  0  0
   45.3206   12.4031    1.3659 C   0  0  0  0  0  0  0  0  0  0  0  0
   44.1206   12.1031    1.7659 C   0  0  0  0  0  0  0  0  0  0  0  0
   43.3206   12.9031    2.5659 O   0  0  0  0  0  0  0  0  0  0  0  0
   44.0206   14.0031    3.1659 C   0  0  0  0  0  0  0  0  0  0  0  0
   46.1206   11.7031    0.7659 O   0  0  0  0  0  0  0  0  0  0  0  0
   45.7206   10.4031    0.2659 C   0  0  0  0  0  0  0  0  0  0  0  0
   45.3322   16.3102    2.5207 H   0  0  0  0  0  0  0  0  0  0  0  0
   45.4579   13.9458    3.9377 H   0  0  0  0  0  0  0  0  0  0  0  0
   45.8147   14.4905    0.9137 H   0  0  0  0  0  0  0  0  0  0  0  0
   46.9777   13.6542    2.0311 H   0  0  0  0  0  0  0  0  0  0  0  0
   43.7069   11.1363    1.4432 H   0  0  0  0  0  0  0  0  0  0  0  0
   43.3986   14.8806    2.9353 H   0  0  0  0  0  0  0  0  0  0  0  0
   44.1685   13.5655    4.1642 H   0  0  0  0  0  0  0  0  0  0  0  0
   45.5141    9.7322    1.1128 H   0  0  0  0  0  0  0  0  0  0  0  0
   44.8136   10.5093   -0.3473 H   0  0  0  0  0  0  0  0  0  0  0  0
   46.5304    9.9811   -0.3473 H   0  0  0  0  0  0  0  0  0  0  0  0
  1  2  2  0
  2  3  2  0
  2  4  1  0
  4  5  1  0
  5  6  2  0
  5  7  1  0
  7  8  1  0
  8  2  1  0
  9 10  1  0
 10 11  1  0
 11 12  2  0
 12 13  1  0
 13 14  1  0
 14  9  1  0
  8  9  1  0
 15 16  1  0
 11 15  1  0
  8 17  1  6
  9 18  1  1
 10 19  1  0
 10 20  1  0
 12 21  1  0
 14 22  1  0
 14 23  1  0
 16 24  1  0
 16 25  1  0
 16 26  1  0
M  CHG  1   4  -1
M  END
"
2znp_Lingo3DMolv2_825333,2znp,"2znp_Lingo3DMolv2_825333
     RDKit          3D

 41 43  0  0  0  0  0  0  0  0999 V2000
   22.5885  -34.4977   13.8220 O   0  0  0  0  0  0  0  0  0  0  0  0
   22.7885  -33.9977   12.6220 C   0  0  0  0  0  0  0  0  0  0  0  0
   23.6885  -34.8977   11.7220 C   0  0  0  0  0  0  0  0  0  0  0  0
   22.0885  -35.6977   13.8220 C   0  0  0  0  0  0  0  0  0  0  0  0
   20.7885  -35.8977   13.3220 C   0  0  0  0  0  0  0  0  0  0  0  0
   20.2885  -37.0977   13.2220 C   0  0  0  0  0  0  0  0  0  0  0  0
   21.0885  -38.2977   13.5220 C   0  0  0  0  0  0  0  0  0  0  0  0
   22.3885  -38.0977   13.9220 C   0  0  0  0  0  0  0  0  0  0  0  0
   22.8885  -36.7977   14.0220 C   0  0  0  0  0  0  0  0  0  0  0  0
   23.3885  -39.3977   14.2220 Cl  0  0  0  0  0  0  0  0  0  0  0  0
   20.4885  -39.5977   13.2220 C   0  0  0  0  0  0  0  0  0  0  0  0
   21.1885  -40.7977   12.9220 N   0  0  0  0  0  0  0  0  0  0  0  0
   20.2885  -41.7977   12.6220 C   0  0  0  0  0  0  0  0  0  0  0  0
   19.0885  -41.1977   12.6220 C   0  0  0  0  0  0  0  0  0  0  0  0
   19.2885  -39.7977   12.9220 C   0  0  0  0  0  0  0  0  0  0  0  0
   18.0885  -42.0977   12.3220 O   0  0  0  0  0  0  0  0  0  0  0  0
   18.6885  -43.3977   12.3220 C   0  0  0  0  0  0  0  0  0  0  0  0
   20.1885  -43.1977   12.4220 C   0  0  0  0  0  0  0  0  0  0  0  0
   17.8885  -44.2977   13.3220 C   0  0  0  0  0  0  0  0  0  0  0  0
   18.4885  -43.9977   10.8220 C   0  0  0  0  0  0  0  0  0  0  0  0
   18.1885  -38.6977   12.9220 C   0  0  0  0  0  0  0  0  0  0  0  0
   21.8134  -33.8741   12.1282 H   0  0  0  0  0  0  0  0  0  0  0  0
   23.3118  -33.0389   12.7513 H   0  0  0  0  0  0  0  0  0  0  0  0
   24.3236  -35.5328   12.3571 H   0  0  0  0  0  0  0  0  0  0  0  0
   23.0535  -35.5328   11.0869 H   0  0  0  0  0  0  0  0  0  0  0  0
   24.3236  -34.2627   11.0869 H   0  0  0  0  0  0  0  0  0  0  0  0
   20.1866  -35.0309   13.0116 H   0  0  0  0  0  0  0  0  0  0  0  0
   19.2419  -37.2172   12.9053 H   0  0  0  0  0  0  0  0  0  0  0  0
   23.9506  -36.6499   14.2673 H   0  0  0  0  0  0  0  0  0  0  0  0
   22.2130  -40.9040   12.9279 H   0  0  0  0  0  0  0  0  0  0  0  0
   20.6097  -43.7537   13.2726 H   0  0  0  0  0  0  0  0  0  0  0  0
   20.7430  -43.5602   11.5438 H   0  0  0  0  0  0  0  0  0  0  0  0
   18.1413  -44.0134   14.3541 H   0  0  0  0  0  0  0  0  0  0  0  0
   16.8098  -44.1595   13.1573 H   0  0  0  0  0  0  0  0  0  0  0  0
   18.1523  -45.3529   13.1573 H   0  0  0  0  0  0  0  0  0  0  0  0
   18.1413  -45.0395   10.8871 H   0  0  0  0  0  0  0  0  0  0  0  0
   17.7425  -43.3956   10.2827 H   0  0  0  0  0  0  0  0  0  0  0  0
   19.4466  -43.9636   10.2827 H   0  0  0  0  0  0  0  0  0  0  0  0
   17.9293  -38.4385   13.9591 H   0  0  0  0  0  0  0  0  0  0  0  0
   18.5644  -37.8034   12.4034 H   0  0  0  0  0  0  0  0  0  0  0  0
   17.2942  -39.0736   12.4034 H   0  0  0  0  0  0  0  0  0  0  0  0
  1  2  1  0
  2  3  1  0
  4  5  2  0
  5  6  1  0
  6  7  2  0
  7  8  1  0
  8  9  2  0
  9  4  1  0
  1  4  1  0
  8 10  1  0
 11 12  1  0
 12 13  1  0
 13 14  2  0
 14 15  1  0
 14 16  1  0
 16 17  1  0
 17 18  1  0
 15 11  2  0
 18 13  1  0
  7 11  1  0
 17 19  1  0
 17 20  1  0
 15 21  1  0
  2 22  1  0
  2 23  1  0
  3 24  1  0
  3 25  1  0
  3 26  1  0
  5 27  1  0
  6 28  1  0
  9 29  1  0
 12 30  1  0
 18 31  1  0
 18 32  1  0
 19 33  1  0
 19 34  1  0
 19 35  1  0
 20 36  1  0
 20 37  1  0
 20 38  1  0
 21 39  1  0
 21 40  1  0
 21 41  1  0
M  END
"
2hzi_Lingo3DMolv2_1021563,2hzi,"2hzi_Lingo3DMolv2_1021563
     RDKit          3D

 44 48  0  0  0  0  0  0  0  0999 V2000
   24.2057   51.4573    9.9426 O   0  0  0  0  0  0  0  0  0  0  0  0
   23.4057   52.2573   10.5426 C   0  0  0  0  0  0  0  0  0  0  0  0
   22.7057   53.3573    9.9426 C   0  0  0  0  0  0  0  0  0  0  0  0
   22.8057   53.9573    8.6426 C   0  0  0  0  0  0  0  0  0  0  0  0
   22.1057   55.1573    8.4426 C   0  0  0  0  0  0  0  0  0  0  0  0
   21.3057   55.6573    9.4426 C   0  0  0  0  0  0  0  0  0  0  0  0
   21.2057   54.9573   10.6426 C   0  0  0  0  0  0  0  0  0  0  0  0
   21.9057   53.8573   10.8426 C   0  0  0  0  0  0  0  0  0  0  0  0
   21.9057   52.9573   12.0426 N   0  0  0  0  0  0  0  0  0  0  0  0
   22.9057   51.9573   11.8426 N   0  0  0  0  0  0  0  0  0  0  0  0
   23.1057   50.9573   12.7426 C   0  0  0  0  0  0  0  0  0  0  0  0
   23.5057   49.8573   12.3426 O   0  0  0  0  0  0  0  0  0  0  0  0
   22.8057   51.1573   14.1426 C   0  0  0  0  0  0  0  0  0  0  0  0
   23.3057   52.1573   14.9426 C   0  0  0  0  0  0  0  0  0  0  0  0
   23.1057   51.9573   16.2426 O   0  0  0  0  0  0  0  0  0  0  0  0
   22.5057   50.7573   16.3426 C   0  0  0  0  0  0  0  0  0  0  0  0
   22.2057   50.0573   17.5426 C   0  0  0  0  0  0  0  0  0  0  0  0
   21.6057   48.8573   17.3426 C   0  0  0  0  0  0  0  0  0  0  0  0
   21.3057   48.3573   16.1426 N   0  0  0  0  0  4  0  0  0  0  0  0
   21.6057   48.9573   14.9426 C   0  0  0  0  0  0  0  0  0  0  0  0
   22.3057   50.1573   15.0426 C   0  0  0  0  0  0  0  0  0  0  0  0
   22.7057   50.5573   18.7426 O   0  0  0  0  0  0  0  0  0  0  0  0
   22.5057   49.8573   19.8426 C   0  0  0  0  0  0  0  0  0  0  0  0
   23.5057   50.1573   20.9426 C   0  0  0  0  0  0  0  0  0  0  0  0
   24.8057   50.1573   20.7426 C   0  0  0  0  0  0  0  0  0  0  0  0
   25.7057   50.4573   21.7426 C   0  0  0  0  0  0  0  0  0  0  0  0
   25.2057   50.6573   23.0426 C   0  0  0  0  0  0  0  0  0  0  0  0
   25.9057   50.9573   24.0426 O   0  0  0  0  0  0  0  0  0  0  0  0
   23.8057   50.5573   23.2426 O   0  0  0  0  0  0  0  0  0  0  0  0
   23.0057   50.2573   22.2426 C   0  0  0  0  0  0  0  0  0  0  0  0
   23.4028   53.4983    7.8408 H   0  0  0  0  0  0  0  0  0  0  0  0
   22.1970   55.6963    7.4881 H   0  0  0  0  0  0  0  0  0  0  0  0
   20.7524   56.5968    9.2971 H   0  0  0  0  0  0  0  0  0  0  0  0
   20.5351   55.3261   11.4327 H   0  0  0  0  0  0  0  0  0  0  0  0
   21.2927   53.0450   12.8656 H   0  0  0  0  0  0  0  0  0  0  0  0
   23.8239   53.0420   14.5442 H   0  0  0  0  0  0  0  0  0  0  0  0
   21.3496   48.2569   18.2280 H   0  0  0  0  0  0  0  0  0  0  0  0
   20.8122   47.4537   16.1130 H   0  0  0  0  0  0  0  0  0  0  0  0
   21.3145   48.5220   13.9752 H   0  0  0  0  0  0  0  0  0  0  0  0
   21.4967   50.0816   20.2190 H   0  0  0  0  0  0  0  0  0  0  0  0
   22.6265   48.7967   19.5768 H   0  0  0  0  0  0  0  0  0  0  0  0
   25.1883   49.9090   19.7416 H   0  0  0  0  0  0  0  0  0  0  0  0
   26.7821   50.5379   21.5308 H   0  0  0  0  0  0  0  0  0  0  0  0
   21.9360   50.0841   22.4315 H   0  0  0  0  0  0  0  0  0  0  0  0
  1  2  2  0
  2  3  1  0
  3  4  2  0
  4  5  1  0
  5  6  2  0
  6  7  1  0
  7  8  2  0
  8  9  1  0
  9 10  1  0
 10  2  1  0
  8  3  1  0
 11 12  2  0
 10 11  1  0
 13 14  2  0
 14 15  1  0
 15 16  1  0
 16 17  2  0
 17 18  1  0
 18 19  2  0
 19 20  1  0
 20 21  2  0
 21 13  1  0
 21 16  1  0
 11 13  1  0
 22 23  1  0
 17 22  1  0
 24 25  1  0
 25 26  2  0
 26 27  1  0
 27 28  2  0
 27 29  1  0
 29 30  1  0
 30 24  2  0
 23 24  1  0
  4 31  1  0
  5 32  1  0
  6 33  1  0
  7 34  1  0
  9 35  1  0
 14 36  1  0
 18 37  1  0
 19 38  1  0
 20 39  1  0
 23 40  1  0
 23 41  1  0
 25 42  1  0
 26 43  1  0
 30 44  1  0
M  CHG  1  19   1
M  END
"
1uyg_Lingo3DMolv2_194954,1uyg,"1uyg_Lingo3DMolv2_194954
     RDKit          3D

 48 52  0  0  0  0  0  0  0  0999 V2000
   -1.6718   10.7461   27.1279 N   0  0  0  0  0  0  0  0  0  0  0  0
   -1.0718    9.8460   27.9279 C   0  0  0  0  0  0  0  0  0  0  0  0
    0.0282    9.1461   27.7279 N   0  0  0  0  0  0  0  0  0  0  0  0
    0.6282    9.4460   26.5280 C   0  0  0  0  0  0  0  0  0  0  0  0
    0.1282   10.4460   25.5280 C   0  0  0  0  0  0  0  0  0  0  0  0
    1.0282   10.3460   24.5280 C   0  0  0  0  0  0  0  0  0  0  0  0
    2.0282    9.3460   24.8280 C   0  0  0  0  0  0  0  0  0  0  0  0
    1.7282    8.8460   26.0280 N   0  0  0  0  0  0  0  0  0  0  0  0
   -1.0718   11.0460   25.8280 C   0  0  0  0  0  0  0  0  0  0  0  0
   -1.7718   11.8460   24.9279 N   0  0  0  0  0  0  0  0  0  0  0  0
    3.2282    8.8460   24.1279 C   0  0  0  0  0  0  0  0  0  0  0  0
    4.5282    9.6461   24.5280 C   0  0  0  0  0  0  0  0  0  0  0  0
    5.7282    9.1461   23.7279 N   0  0  0  0  0  0  0  0  0  0  0  0
    6.8282   10.1461   23.7279 C   0  0  0  0  0  0  0  0  0  0  0  0
    8.0282    9.6461   22.8280 C   0  0  0  0  0  0  0  0  0  0  0  0
    8.4282    8.3460   23.2279 O   0  0  0  0  0  0  0  0  0  0  0  0
    7.3282    7.3460   23.2279 C   0  0  0  0  0  0  0  0  0  0  0  0
    6.1282    7.8460   24.1279 C   0  0  0  0  0  0  0  0  0  0  0  0
    0.9282   11.3460   23.1279 S   0  0  0  0  0  0  0  0  0  0  0  0
    2.1282   12.5460   23.5280 C   0  0  0  0  0  0  0  0  0  0  0  0
    1.7282   13.7461   24.1279 C   0  0  0  0  0  0  0  0  0  0  0  0
    2.7282   14.5460   24.6279 C   0  0  0  0  0  0  0  0  0  0  0  0
    2.9282   15.8460   25.3280 C   0  0  0  0  0  0  0  0  0  0  0  0
    4.2282   16.0461   25.6279 N   0  0  0  0  0  0  0  0  0  0  0  0
    4.9282   14.9460   25.1279 N   0  0  0  0  0  0  0  0  0  0  0  0
    4.1282   14.0460   24.5280 C   0  0  0  0  0  0  0  0  0  0  0  0
    4.3282   12.7461   23.9279 C   0  0  0  0  0  0  0  0  0  0  0  0
    3.3282   12.0460   23.4279 N   0  0  0  0  0  0  0  0  0  0  0  0
   -1.5724    9.6676   28.8910 H   0  0  0  0  0  0  0  0  0  0  0  0
    2.2617    8.1057   26.5057 H   0  0  0  0  0  0  0  0  0  0  0  0
   -2.6677   12.2714   25.2059 H   0  0  0  0  0  0  0  0  0  0  0  0
   -1.3935   12.0123   23.9845 H   0  0  0  0  0  0  0  0  0  0  0  0
    3.0720    8.9434   23.0435 H   0  0  0  0  0  0  0  0  0  0  0  0
    3.3755    7.7954   24.4185 H   0  0  0  0  0  0  0  0  0  0  0  0
    4.3741   10.7152   24.3201 H   0  0  0  0  0  0  0  0  0  0  0  0
    4.7253    9.4937   25.5994 H   0  0  0  0  0  0  0  0  0  0  0  0
    6.4507   11.1000   23.3312 H   0  0  0  0  0  0  0  0  0  0  0  0
    7.1876   10.2809   24.7588 H   0  0  0  0  0  0  0  0  0  0  0  0
    7.7080    9.6206   21.7759 H   0  0  0  0  0  0  0  0  0  0  0  0
    8.8772   10.3358   22.9441 H   0  0  0  0  0  0  0  0  0  0  0  0
    6.9719    7.1993   22.1977 H   0  0  0  0  0  0  0  0  0  0  0  0
    7.7084    6.3976   23.6353 H   0  0  0  0  0  0  0  0  0  0  0  0
    5.2795    7.1547   24.0196 H   0  0  0  0  0  0  0  0  0  0  0  0
    6.4541    7.8767   25.1781 H   0  0  0  0  0  0  0  0  0  0  0  0
    0.6687   14.0339   24.1958 H   0  0  0  0  0  0  0  0  0  0  0  0
    2.1198   16.5520   25.5691 H   0  0  0  0  0  0  0  0  0  0  0  0
    5.9490   14.8354   25.2098 H   0  0  0  0  0  0  0  0  0  0  0  0
    5.3449   12.3281   23.8871 H   0  0  0  0  0  0  0  0  0  0  0  0
  1  2  2  0
  2  3  1  0
  3  4  2  0
  4  5  1  0
  5  6  1  0
  6  7  2  0
  7  8  1  0
  5  9  2  0
  9  1  1  0
  8  4  1  0
  9 10  1  0
 11 12  1  0
  7 11  1  0
 13 14  1  0
 14 15  1  0
 15 16  1  0
 16 17  1  0
 17 18  1  0
 18 13  1  0
 12 13  1  0
  6 19  1  0
 20 21  2  0
 21 22  1  0
 22 23  1  0
 23 24  2  0
 24 25  1  0
 25 26  1  0
 26 27  1  0
 27 28  2  0
 28 20  1  0
 26 22  2  0
 19 20  1  0
  2 29  1  0
  8 30  1  0
 10 31  1  0
 10 32  1  0
 11 33  1  0
 11 34  1  0
 12 35  1  0
 12 36  1  0
 14 37  1  0
 14 38  1  0
 15 39  1  0
 15 40  1  0
 17 41  1  0
 17 42  1  0
 18 43  1  0
 18 44  1  0
 21 45  1  0
 23 46  1  0
 25 47  1  0
 27 48  1  0
M  END
"
2fsz_Lingo3DMolv2_670934,2fsz,"2fsz_Lingo3DMolv2_670934
     RDKit          3D

 43 46  0  0  0  0  0  0  0  0999 V2000
   92.0310   25.0091   -6.9974 O   0  0  0  0  0  0  0  0  0  0  0  0
   92.1310   23.8091   -6.3974 C   0  0  0  0  0  0  0  0  0  0  0  0
   93.1310   23.0091   -6.7974 C   0  0  0  0  0  0  0  0  0  0  0  0
   93.2310   21.7091   -6.1974 C   0  0  0  0  0  0  0  0  0  0  0  0
   92.3310   21.3091   -5.1974 C   0  0  0  0  0  0  0  0  0  0  0  0
   91.3310   22.2091   -4.7974 C   0  0  0  0  0  0  0  0  0  0  0  0
   91.2310   23.4091   -5.3974 C   0  0  0  0  0  0  0  0  0  0  0  0
   92.4310   19.9091   -4.5974 C   0  0  0  0  0  0  0  0  0  0  0  0
   93.7310   19.4091   -4.1974 N   0  0  0  0  0  0  0  0  0  0  0  0
   94.8310   20.2091   -4.3974 C   0  0  0  0  0  0  0  0  0  0  0  0
   95.1310   20.8091   -5.5974 C   0  0  0  0  0  0  0  0  0  0  0  0
   96.3310   21.6091   -5.6974 C   0  0  0  0  0  0  0  0  0  0  0  0
   97.2310   21.6091   -4.4974 C   0  0  0  0  0  0  0  0  0  0  0  0
   96.9310   20.9091   -3.3974 C   0  0  0  0  0  0  0  0  0  0  0  0
   95.7310   20.2091   -3.2974 C   0  0  0  0  0  0  0  0  0  0  0  0
   95.4310   19.4091   -2.0974 N   0  0  0  0  0  0  0  0  0  0  0  0
   94.6310   18.3091   -2.0974 C   0  0  0  0  0  0  0  0  0  0  0  0
   95.0310   17.3091   -1.3974 N   0  0  0  0  0  0  0  0  0  0  0  0
   94.3310   16.2091   -1.3974 C   0  0  0  0  0  0  0  0  0  0  0  0
   93.1310   16.0091   -2.1974 C   0  0  0  0  0  0  0  0  0  0  0  0
   92.8310   17.0091   -2.9974 C   0  0  0  0  0  0  0  0  0  0  0  0
   93.5310   18.1091   -2.9974 N   0  0  0  0  0  0  0  0  0  0  0  0
   91.6310   17.0091   -3.8974 C   0  0  0  0  0  0  0  0  0  0  0  0
   91.7310   17.9091   -5.0974 C   0  0  1  0  0  0  0  0  0  0  0  0
   90.5310   18.3091   -5.3974 F   0  0  0  0  0  0  0  0  0  0  0  0
   98.5310   22.3091   -4.6974 O   0  0  0  0  0  0  0  0  0  0  0  0
   91.3094   25.6345   -6.7362 H   0  0  0  0  0  0  0  0  0  0  0  0
   93.8512   23.3389   -7.5607 H   0  0  0  0  0  0  0  0  0  0  0  0
   94.0220   21.0184   -6.5250 H   0  0  0  0  0  0  0  0  0  0  0  0
   90.6306   21.9339   -3.9951 H   0  0  0  0  0  0  0  0  0  0  0  0
   90.4241   24.0935   -5.0968 H   0  0  0  0  0  0  0  0  0  0  0  0
   91.7907   19.8948   -3.7031 H   0  0  0  0  0  0  0  0  0  0  0  0
   92.1350   19.2455   -5.4232 H   0  0  0  0  0  0  0  0  0  0  0  0
   94.4692   20.6826   -6.4668 H   0  0  0  0  0  0  0  0  0  0  0  0
   96.5707   22.1856   -6.6030 H   0  0  0  0  0  0  0  0  0  0  0  0
   97.6430   20.8860   -2.5591 H   0  0  0  0  0  0  0  0  0  0  0  0
   95.8528   19.7004   -1.2040 H   0  0  0  0  0  0  0  0  0  0  0  0
   94.6673   15.3824   -0.7543 H   0  0  0  0  0  0  0  0  0  0  0  0
   92.5234   15.0941   -2.1374 H   0  0  0  0  0  0  0  0  0  0  0  0
   91.4741   15.9808   -4.2553 H   0  0  0  0  0  0  0  0  0  0  0  0
   90.7969   17.3964   -3.2939 H   0  0  0  0  0  0  0  0  0  0  0  0
   91.9981   17.6007   -6.1189 H   0  0  0  0  0  0  0  0  0  0  0  0
   99.1863   22.3573   -3.9568 H   0  0  0  0  0  0  0  0  0  0  0  0
  2  3  2  0
  3  4  1  0
  4  5  2  0
  5  6  1  0
  6  7  2  0
  7  2  1  0
  1  2  1  0
  5  8  1  0
  9 10  1  0
 10 11  2  0
 11 12  1  0
 12 13  2  0
 13 14  1  0
 14 15  2  0
 15 16  1  0
 16 17  1  0
 17 18  1  0
 18 19  2  0
 19 20  1  0
 20 21  2  0
 21 22  1  0
 21 23  1  0
 23 24  1  0
 24  9  1  0
 15 10  1  0
 22 17  2  0
  8  9  1  0
 24 25  1  0
 13 26  1  0
  1 27  1  0
  3 28  1  0
  4 29  1  0
  6 30  1  0
  7 31  1  0
  8 32  1  0
  8 33  1  0
 11 34  1  0
 12 35  1  0
 14 36  1  0
 16 37  1  0
 19 38  1  0
 20 39  1  0
 23 40  1  0
 23 41  1  0
 24 42  1  6
 26 43  1  0
M  END
"
2cnk_Lingo3DMolv2_954986,2cnk,"2cnk_Lingo3DMolv2_954986
     RDKit          3D

 27 28  0  0  0  0  0  0  0  0999 V2000
   34.2446   37.5336   30.8303 N   0  0  0  0  0  0  0  0  0  0  0  0
   35.2446   37.0336   31.8303 C   0  0  0  0  0  0  0  0  0  0  0  0
   36.1446   36.4336   31.4303 O   0  0  0  0  0  0  0  0  0  0  0  0
   35.1446   37.6336   33.1303 C   0  0  0  0  0  0  0  0  0  0  0  0
   34.2446   38.6336   33.7303 C   0  0  0  0  0  0  0  0  0  0  0  0
   34.6446   38.9336   35.3303 S   0  0  0  0  0  0  0  0  0  0  0  0
   35.9446   37.8336   35.1303 C   0  0  0  0  0  0  0  0  0  0  0  0
   36.0446   37.2336   33.9303 N   0  0  0  0  0  0  0  0  0  0  0  0
   36.8446   37.6336   36.2303 N   0  0  0  0  0  0  0  0  0  0  0  0
   36.7446   38.3336   37.5303 C   0  0  0  0  0  0  0  0  0  0  0  0
   34.4446   37.4336   29.5303 C   0  0  0  0  0  0  0  0  0  0  0  0
   35.4446   36.6336   28.8303 C   0  0  0  0  0  0  0  0  0  0  0  0
   35.5446   36.7336   27.5303 C   0  0  0  0  0  0  0  0  0  0  0  0
   34.7446   37.6336   26.7303 C   0  0  0  0  0  0  0  0  0  0  0  0
   33.8446   38.4336   27.4303 C   0  0  0  0  0  0  0  0  0  0  0  0
   33.6446   38.3336   28.8303 C   0  0  0  0  0  0  0  0  0  0  0  0
   33.3746   37.9686   31.1692 H   0  0  0  0  0  0  0  0  0  0  0  0
   33.4156   39.1213   33.1964 H   0  0  0  0  0  0  0  0  0  0  0  0
   37.6116   36.9574   36.1065 H   0  0  0  0  0  0  0  0  0  0  0  0
   36.8486   37.6052   38.3479 H   0  0  0  0  0  0  0  0  0  0  0  0
   37.5445   39.0850   37.6046 H   0  0  0  0  0  0  0  0  0  0  0  0
   35.7662   38.8310   37.6046 H   0  0  0  0  0  0  0  0  0  0  0  0
   36.1058   35.9551   29.3892 H   0  0  0  0  0  0  0  0  0  0  0  0
   36.2793   36.0966   27.0161 H   0  0  0  0  0  0  0  0  0  0  0  0
   34.8407   37.6836   25.6356 H   0  0  0  0  0  0  0  0  0  0  0  0
   33.2609   39.1788   26.8699 H   0  0  0  0  0  0  0  0  0  0  0  0
   32.8867   38.9434   29.3439 H   0  0  0  0  0  0  0  0  0  0  0  0
  1  2  1  0
  2  3  2  0
  4  5  2  0
  5  6  1  0
  6  7  1  0
  7  8  2  0
  8  4  1  0
  2  4  1  0
  9 10  1  0
  7  9  1  0
 11 12  2  0
 12 13  1  0
 13 14  2  0
 14 15  1  0
 15 16  2  0
 16 11  1  0
  1 11  1  0
  1 17  1  0
  5 18  1  0
  9 19  1  0
 10 20  1  0
 10 21  1  0
 10 22  1  0
 12 23  1  0
 13 24  1  0
 14 25  1  0
 15 26  1  0
 16 27  1  0
M  END
"
2oyu_Lingo3DMolv2_1221179,2oyu,"2oyu_Lingo3DMolv2_1221179
     RDKit          3D

 56 60  0  0  0  0  0  0  0  0999 V2000
   19.7969   48.8392    6.8544 N   0  0  0  0  0  0  0  0  0  0  0  0
   19.5969   47.8392    5.7544 C   0  0  0  0  0  0  0  0  0  0  0  0
   18.7969   48.4392    4.5544 C   0  0  0  0  0  0  0  0  0  0  0  0
   17.3969   48.8392    4.8544 C   0  0  0  0  0  0  0  0  0  0  0  0
   17.1969   49.4392    6.1544 C   0  0  0  0  0  0  0  0  0  0  0  0
   18.2969   50.3392    6.5544 C   0  0  0  0  0  0  0  0  0  0  0  0
   17.9969   51.6392    6.6544 C   0  0  0  0  0  0  0  0  0  0  0  0
   18.9969   52.5392    6.9544 C   0  0  0  0  0  0  0  0  0  0  0  0
   20.2969   52.0392    7.2544 C   0  0  0  0  0  0  0  0  0  0  0  0
   20.4969   50.6392    7.2544 C   0  0  0  0  0  0  0  0  0  0  0  0
   19.4969   49.7392    7.2544 C   0  0  0  0  0  0  0  0  0  0  0  0
   19.7969   48.2392    8.1544 C   0  0  0  0  0  0  0  0  0  0  0  0
   19.4969   47.1392    8.3544 O   0  0  0  0  0  0  0  0  0  0  0  0
   20.2969   49.1392    9.3544 C   0  0  0  0  0  0  0  0  0  0  0  0
   19.8969   48.8392   10.5544 C   0  0  0  0  0  0  0  0  0  0  0  0
   20.2969   49.5392   11.8544 C   0  0  2  0  0  0  0  0  0  0  0  0
   21.5969   50.4392   11.8544 C   0  0  0  0  0  0  0  0  0  0  0  0
   22.4969   50.5392   10.8544 C   0  0  0  0  0  0  0  0  0  0  0  0
   23.6969   51.3392   10.9544 C   0  0  0  0  0  0  0  0  0  0  0  0
   23.8969   52.0392   12.1544 C   0  0  0  0  0  0  0  0  0  0  0  0
   22.9969   51.9392   13.2544 C   0  0  0  0  0  0  0  0  0  0  0  0
   21.8969   51.0392   13.0544 C   0  0  0  0  0  0  0  0  0  0  0  0
   21.0969   50.8392   14.1544 O   0  0  0  0  0  0  0  0  0  0  0  0
   20.4969   49.5392   14.2544 C   0  0  0  0  0  0  0  0  0  0  0  0
   20.1969   49.1392   15.5544 C   0  0  0  0  0  0  0  0  0  0  0  0
   19.4969   47.9392   15.7544 C   0  0  0  0  0  0  0  0  0  0  0  0
   19.0969   47.2392   14.6544 C   0  0  0  0  0  0  0  0  0  0  0  0
   19.3969   47.6392   13.3544 C   0  0  0  0  0  0  0  0  0  0  0  0
   20.0969   48.8392   13.1544 C   0  0  0  0  0  0  0  0  0  0  0  0
   18.3969   46.0392   14.8544 O   0  0  0  0  0  0  0  0  0  0  0  0
   16.9969   46.2392   14.8544 C   0  0  0  0  0  0  0  0  0  0  0  0
   24.9969   52.8392   12.2544 F   0  0  0  0  0  0  0  0  0  0  0  0
   20.5815   47.5068    5.3937 H   0  0  0  0  0  0  0  0  0  0  0  0
   19.0168   46.9982    6.1620 H   0  0  0  0  0  0  0  0  0  0  0  0
   19.3354   49.3305    4.1999 H   0  0  0  0  0  0  0  0  0  0  0  0
   18.7276   47.6361    3.8060 H   0  0  0  0  0  0  0  0  0  0  0  0
   17.0786   49.5648    4.0913 H   0  0  0  0  0  0  0  0  0  0  0  0
   16.8052   47.9119    4.8501 H   0  0  0  0  0  0  0  0  0  0  0  0
   16.2618   50.0182    6.1322 H   0  0  0  0  0  0  0  0  0  0  0  0
   17.1591   48.6219    6.8896 H   0  0  0  0  0  0  0  0  0  0  0  0
   16.9645   51.9857    6.4990 H   0  0  0  0  0  0  0  0  0  0  0  0
   18.7955   53.6206    6.9620 H   0  0  0  0  0  0  0  0  0  0  0  0
   21.1257   52.7262    7.4807 H   0  0  0  0  0  0  0  0  0  0  0  0
   21.5309   50.2641    7.2544 H   0  0  0  0  0  0  0  0  0  0  0  0
   20.9647   49.9955    9.1787 H   0  0  0  0  0  0  0  0  0  0  0  0
   19.1983   47.9943   10.6443 H   0  0  0  0  0  0  0  0  0  0  0  0
   19.4553   50.2461   11.8096 H   0  0  0  0  0  0  0  0  0  0  0  0
   22.3093   49.9875    9.9214 H   0  0  0  0  0  0  0  0  0  0  0  0
   24.4203   51.3967   10.1277 H   0  0  0  0  0  0  0  0  0  0  0  0
   23.1346   52.5083   14.1856 H   0  0  0  0  0  0  0  0  0  0  0  0
   20.5043   49.7552   16.4123 H   0  0  0  0  0  0  0  0  0  0  0  0
   19.2774   47.5741   16.7685 H   0  0  0  0  0  0  0  0  0  0  0  0
   19.0895   47.0233   12.4964 H   0  0  0  0  0  0  0  0  0  0  0  0
   16.6339   46.2911   15.8915 H   0  0  0  0  0  0  0  0  0  0  0  0
   16.7609   47.1802   14.3358 H   0  0  0  0  0  0  0  0  0  0  0  0
   16.5069   45.4020   14.3358 H   0  0  0  0  0  0  0  0  0  0  0  0
  1  2  1  0
  2  3  1  0
  3  4  1  0
  4  5  1  0
  5  6  1  0
  6  7  2  0
  7  8  1  0
  8  9  2  0
  9 10  1  0
 10 11  2  0
 11  1  1  0
 11  6  1  0
 12 13  2  0
 12 14  1  0
 14 15  2  0
  1 12  1  0
 16 17  1  0
 17 18  2  0
 18 19  1  0
 19 20  2  0
 20 21  1  0
 21 22  2  0
 22 23  1  0
 23 24  1  0
 24 25  2  0
 25 26  1  0
 26 27  2  0
 27 28  1  0
 28 29  2  0
 29 16  1  0
 22 17  1  0
 29 24  1  0
 15 16  1  0
 30 31  1  0
 27 30  1  0
 20 32  1  0
  2 33  1  0
  2 34  1  0
  3 35  1  0
  3 36  1  0
  4 37  1  0
  4 38  1  0
  5 39  1  0
  5 40  1  0
  7 41  1  0
  8 42  1  0
  9 43  1  0
 10 44  1  0
 14 45  1  0
 15 46  1  0
 16 47  1  1
 18 48  1  0
 19 49  1  0
 21 50  1  0
 25 51  1  0
 26 52  1  0
 28 53  1  0
 31 54  1  0
 31 55  1  0
 31 56  1  0
M  END
"
3hmm_Lingo3DMolv2_1223494,3hmm,"3hmm_Lingo3DMolv2_1223494
     RDKit          3D

 36 37  0  0  0  0  0  0  0  0999 V2000
   11.6388   66.0490    6.9769 N   0  0  0  0  0  0  0  0  0  0  0  0
   10.5388   66.5490    6.2769 N   0  0  0  0  0  0  0  0  0  0  0  0
    9.0388   65.7490    6.4769 S   0  0  0  0  0  0  0  0  0  0  0  0
    9.4388   64.0490    5.8769 C   0  0  0  0  0  0  0  0  0  0  0  0
    8.7388   65.6490    7.9769 O   0  0  0  0  0  0  0  0  0  0  0  0
    8.0388   66.3490    5.6769 O   0  0  0  0  0  0  0  0  0  0  0  0
   12.7388   65.6490    6.2769 C   0  0  0  0  0  0  0  0  0  0  0  0
   12.6388   64.7490    5.1769 C   0  0  0  0  0  0  0  0  0  0  0  0
   13.8388   64.4490    4.4769 C   0  0  0  0  0  0  0  0  0  0  0  0
   15.0388   65.0490    4.7769 C   0  0  0  0  0  0  0  0  0  0  0  0
   15.0388   65.9490    5.8769 C   0  0  0  0  0  0  0  0  0  0  0  0
   13.9388   66.2490    6.6769 C   0  0  0  0  0  0  0  0  0  0  0  0
   14.0388   67.0490    7.7769 O   0  0  0  0  0  0  0  0  0  0  0  0
   15.1388   67.9490    7.9769 C   0  0  0  0  0  0  0  0  0  0  0  0
   15.3388   68.9490    7.0769 C   0  0  0  0  0  0  0  0  0  0  0  0
   16.4388   69.7490    7.2769 C   0  0  0  0  0  0  0  0  0  0  0  0
   17.3388   69.4490    8.3769 C   0  0  0  0  0  0  0  0  0  0  0  0
   17.1388   68.3490    9.1769 N   0  0  0  0  0  0  0  0  0  0  0  0
   16.1388   67.6490    8.9769 C   0  0  0  0  0  0  0  0  0  0  0  0
   13.7388   63.5490    3.3769 O   0  0  0  0  0  0  0  0  0  0  0  0
   12.5388   62.9490    3.1769 C   0  0  0  0  0  0  0  0  0  0  0  0
   11.6197   65.9834    8.0047 H   0  0  0  0  0  0  0  0  0  0  0  0
   10.4070   67.5277    6.5693 H   0  0  0  0  0  0  0  0  0  0  0  0
    9.5954   63.3834    6.7386 H   0  0  0  0  0  0  0  0  0  0  0  0
    8.6054   63.6697    5.2674 H   0  0  0  0  0  0  0  0  0  0  0  0
   10.3539   64.0811    5.2674 H   0  0  0  0  0  0  0  0  0  0  0  0
   11.6759   64.3061    4.8826 H   0  0  0  0  0  0  0  0  0  0  0  0
   15.9504   64.8434    4.1966 H   0  0  0  0  0  0  0  0  0  0  0  0
   15.9877   66.4510    6.1168 H   0  0  0  0  0  0  0  0  0  0  0  0
   14.6543   69.1096    6.2310 H   0  0  0  0  0  0  0  0  0  0  0  0
   16.6346   70.6041    6.6134 H   0  0  0  0  0  0  0  0  0  0  0  0
   18.1940   70.1125    8.5730 H   0  0  0  0  0  0  0  0  0  0  0  0
   16.0029   66.7485    9.5940 H   0  0  0  0  0  0  0  0  0  0  0  0
   12.0777   62.7184    4.1486 H   0  0  0  0  0  0  0  0  0  0  0  0
   11.8812   63.6243    2.6100 H   0  0  0  0  0  0  0  0  0  0  0  0
   12.6845   62.0176    2.6100 H   0  0  0  0  0  0  0  0  0  0  0  0
  1  2  1  0
  2  3  1  0
  3  4  1  0
  3  5  2  0
  3  6  2  0
  7  8  2  0
  8  9  1  0
  9 10  2  0
 10 11  1  0
 11 12  2  0
 12  7  1  0
  1  7  1  0
 12 13  1  0
 14 15  2  0
 15 16  1  0
 16 17  2  0
 17 18  1  0
 18 19  2  0
 19 14  1  0
 13 14  1  0
 20 21  1  0
  9 20  1  0
  1 22  1  0
  2 23  1  0
  4 24  1  0
  4 25  1  0
  4 26  1  0
  8 27  1  0
 10 28  1  0
 11 29  1  0
 15 30  1  0
 16 31  1  0
 17 32  1  0
 19 33  1  0
 21 34  1  0
 21 35  1  0
 21 36  1  0
M  END
"
3lq8_Lingo3DMolv2_23026,3lq8,"3lq8_Lingo3DMolv2_23026
     RDKit          3D

 83 89  0  0  0  0  0  0  0  0999 V2000
    7.6430    4.3971   29.0394 C   0  0  0  0  0  0  0  0  0  0  0  0
    8.8430    3.9971   29.8394 C   0  0  0  0  0  0  0  0  0  0  0  0
    9.9430    3.3971   29.0394 C   0  0  0  0  0  0  0  0  0  0  0  0
    9.9430    3.2971   27.7394 N   0  0  0  0  0  0  0  0  0  0  0  0
    8.9430    3.7971   26.9394 C   0  0  0  0  0  0  0  0  0  0  0  0
    8.9430    3.7971   25.7394 O   0  0  0  0  0  0  0  0  0  0  0  0
    7.7430    4.2971   27.6394 C   0  0  0  0  0  0  0  0  0  0  0  0
   11.1430    2.5971   27.0394 C   0  0  0  0  0  0  0  0  0  0  0  0
   12.1430    2.1971   27.7394 O   0  0  0  0  0  0  0  0  0  0  0  0
   11.0430    2.1971   25.7394 N   0  0  0  0  0  0  0  0  0  0  0  0
   11.9430    1.0971   25.1394 C   0  0  0  0  0  0  0  0  0  0  0  0
   12.2430    1.3971   23.7394 C   0  0  0  0  0  0  0  0  0  0  0  0
   11.0430    1.5971   22.9394 O   0  0  0  0  0  0  0  0  0  0  0  0
   10.2430    2.6971   23.3394 C   0  0  0  0  0  0  0  0  0  0  0  0
    9.8430    2.5971   24.8394 C   0  0  0  0  0  0  0  0  0  0  0  0
    6.4430    4.6971   29.7394 C   0  0  0  0  0  0  0  0  0  0  0  0
    6.4430    5.0971   30.9394 O   0  0  0  0  0  0  0  0  0  0  0  0
    5.3430    4.2971   29.1394 N   0  0  0  0  0  0  0  0  0  0  0  0
    4.0430    4.0971   29.6394 C   0  0  0  0  0  0  0  0  0  0  0  0
    3.1430    3.5971   28.7394 C   0  0  0  0  0  0  0  0  0  0  0  0
    1.7430    3.3971   29.1394 C   0  0  0  0  0  0  0  0  0  0  0  0
    1.4430    3.6971   30.4394 C   0  0  0  0  0  0  0  0  0  0  0  0
    2.3430    4.1971   31.3394 C   0  0  0  0  0  0  0  0  0  0  0  0
    3.6430    4.2971   30.9394 C   0  0  0  0  0  0  0  0  0  0  0  0
    1.9430    4.4971   32.6394 F   0  0  0  0  0  0  0  0  0  0  0  0
    0.0430    3.5971   30.8394 O   0  0  0  0  0  0  0  0  0  0  0  0
   -0.7570    4.6971   30.6394 C   0  0  0  0  0  0  0  0  0  0  0  0
   -0.2570    5.9971   30.3394 C   0  0  0  0  0  0  0  0  0  0  0  0
   -1.2570    6.9971   30.1394 C   0  0  0  0  0  0  0  0  0  0  0  0
   -2.5570    6.7971   30.3394 N   0  0  0  0  0  4  0  0  0  0  0  0
   -3.0570    5.5971   30.6394 C   0  0  0  0  0  0  0  0  0  0  0  0
   -4.4570    5.3971   30.7394 C   0  0  0  0  0  0  0  0  0  0  0  0
   -4.9570    4.1971   30.8394 C   0  0  0  0  0  0  0  0  0  0  0  0
   -4.1570    3.0971   30.9394 C   0  0  0  0  0  0  0  0  0  0  0  0
   -2.7570    3.1971   30.9394 C   0  0  0  0  0  0  0  0  0  0  0  0
   -2.1570    4.4971   30.8394 C   0  0  0  0  0  0  0  0  0  0  0  0
   -4.9570    1.8971   31.0394 N   0  0  0  0  0  0  0  0  0  0  0  0
   -6.3570    2.2971   30.9394 C   0  0  0  0  0  0  0  0  0  0  0  0
   -6.4570    3.7971   30.8394 C   0  0  0  0  0  0  0  0  0  0  0  0
   -4.3570    0.4971   31.1394 C   0  0  1  0  0  0  0  0  0  0  0  0
   -5.3570   -0.5029   31.8394 C   0  0  0  0  0  0  0  0  0  0  0  0
   -4.8570   -1.9029   31.8394 C   0  0  0  0  0  0  0  0  0  0  0  0
   -4.5570   -2.4029   30.3394 N   0  0  1  0  0  4  0  0  0  0  0  0
   -3.5570   -1.5029   29.7394 C   0  0  0  0  0  0  0  0  0  0  0  0
   -4.0570   -0.0029   29.7394 C   0  0  0  0  0  0  0  0  0  0  0  0
   -4.0570   -3.8029   30.3394 C   0  0  0  0  0  0  0  0  0  0  0  0
    8.9058    4.1356   30.9288 H   0  0  0  0  0  0  0  0  0  0  0  0
   10.8182    3.0104   29.5822 H   0  0  0  0  0  0  0  0  0  0  0  0
    6.8796    4.6086   27.0331 H   0  0  0  0  0  0  0  0  0  0  0  0
   12.8825    1.0454   25.7092 H   0  0  0  0  0  0  0  0  0  0  0  0
   11.4164    0.1329   25.1948 H   0  0  0  0  0  0  0  0  0  0  0  0
   12.8507    2.3131   23.6979 H   0  0  0  0  0  0  0  0  0  0  0  0
   12.7813    0.5334   23.3219 H   0  0  0  0  0  0  0  0  0  0  0  0
   10.8095    3.6267   23.1820 H   0  0  0  0  0  0  0  0  0  0  0  0
    9.3231    2.6915   22.7363 H   0  0  0  0  0  0  0  0  0  0  0  0
    9.4618    3.5743   25.1706 H   0  0  0  0  0  0  0  0  0  0  0  0
    9.0745    1.8157   24.9332 H   0  0  0  0  0  0  0  0  0  0  0  0
    5.4514    4.0966   28.1349 H   0  0  0  0  0  0  0  0  0  0  0  0
    3.4661    3.3452   27.7185 H   0  0  0  0  0  0  0  0  0  0  0  0
    0.9824    3.0283   28.4355 H   0  0  0  0  0  0  0  0  0  0  0  0
    4.4058    4.5491   31.6908 H   0  0  0  0  0  0  0  0  0  0  0  0
    0.8189    6.2144   30.2672 H   0  0  0  0  0  0  0  0  0  0  0  0
   -0.9330    7.9919   29.7998 H   0  0  0  0  0  0  0  0  0  0  0  0
   -3.2005    7.5974   30.2598 H   0  0  0  0  0  0  0  0  0  0  0  0
   -5.1308    6.2665   30.7325 H   0  0  0  0  0  0  0  0  0  0  0  0
   -2.1311    2.2956   31.0147 H   0  0  0  0  0  0  0  0  0  0  0  0
   -6.8032    1.8414   30.0431 H   0  0  0  0  0  0  0  0  0  0  0  0
   -6.8951    1.9578   31.8368 H   0  0  0  0  0  0  0  0  0  0  0  0
   -6.9573    4.1071   29.9102 H   0  0  0  0  0  0  0  0  0  0  0  0
   -7.0502    4.2654   31.6387 H   0  0  0  0  0  0  0  0  0  0  0  0
   -3.4389    0.5483   31.7431 H   0  0  0  0  0  0  0  0  0  0  0  0
   -5.5056   -0.1816   32.8809 H   0  0  0  0  0  0  0  0  0  0  0  0
   -6.2990   -0.4849   31.2717 H   0  0  0  0  0  0  0  0  0  0  0  0
   -3.9298   -1.9546   32.4290 H   0  0  0  0  0  0  0  0  0  0  0  0
   -5.6277   -2.5524   32.2799 H   0  0  0  0  0  0  0  0  0  0  0  0
   -5.4270   -2.3818   29.7885 H   0  0  0  0  0  0  0  0  0  0  0  0
   -2.6235   -1.5690   30.3175 H   0  0  0  0  0  0  0  0  0  0  0  0
   -3.3933   -1.8132   28.6969 H   0  0  0  0  0  0  0  0  0  0  0  0
   -3.2757    0.6317   29.2957 H   0  0  0  0  0  0  0  0  0  0  0  0
   -4.9880    0.0444   29.1555 H   0  0  0  0  0  0  0  0  0  0  0  0
   -3.9337   -4.1482   31.3765 H   0  0  0  0  0  0  0  0  0  0  0  0
   -4.7795   -4.4503   29.8209 H   0  0  0  0  0  0  0  0  0  0  0  0
   -3.0878   -3.8461   29.8209 H   0  0  0  0  0  0  0  0  0  0  0  0
  1  2  1  0
  2  3  2  0
  3  4  1  0
  4  5  1  0
  5  6  2  0
  5  7  1  0
  7  1  2  0
  8  9  2  0
  4  8  1  0
 10 11  1  0
 11 12  1  0
 12 13  1  0
 13 14  1  0
 14 15  1  0
 15 10  1  0
  8 10  1  0
 16 17  2  0
 16 18  1  0
  1 16  1  0
 19 20  2  0
 20 21  1  0
 21 22  2  0
 22 23  1  0
 23 24  2  0
 24 19  1  0
 18 19  1  0
 23 25  1  0
 22 26  1  0
 27 28  2  0
 28 29  1  0
 29 30  2  0
 30 31  1  0
 31 32  2  0
 32 33  1  0
 33 34  2  0
 34 35  1  0
 35 36  2  0
 34 37  1  0
 37 38  1  0
 38 39  1  0
 36 27  1  0
 36 31  1  0
 39 33  1  0
 26 27  1  0
 40 41  1  0
 41 42  1  0
 42 43  1  0
 43 44  1  0
 44 45  1  0
 45 40  1  0
 37 40  1  0
 43 46  1  0
  2 47  1  0
  3 48  1  0
  7 49  1  0
 11 50  1  0
 11 51  1  0
 12 52  1  0
 12 53  1  0
 14 54  1  0
 14 55  1  0
 15 56  1  0
 15 57  1  0
 18 58  1  0
 20 59  1  0
 21 60  1  0
 24 61  1  0
 28 62  1  0
 29 63  1  0
 30 64  1  0
 32 65  1  0
 35 66  1  0
 38 67  1  0
 38 68  1  0
 39 69  1  0
 39 70  1  0
 40 71  1  1
 41 72  1  0
 41 73  1  0
 42 74  1  0
 42 75  1  0
 43 76  1  6
 44 77  1  0
 44 78  1  0
 45 79  1  0
 45 80  1  0
 46 81  1  0
 46 82  1  0
 46 83  1  0
M  CHG  2  30   1  43   1
M  END
"
2hv5_Lingo3DMolv2_838211,2hv5,"2hv5_Lingo3DMolv2_838211
     RDKit          3D

 49 52  0  0  0  0  0  0  0  0999 V2000
   15.7796   -5.1192   10.7517 C   0  0  0  0  0  0  0  0  0  0  0  0
   14.8796   -5.9192   11.2517 C   0  0  0  0  0  0  0  0  0  0  0  0
   15.2796   -6.9192   12.2517 C   0  0  0  0  0  0  0  0  0  0  0  0
   16.6796   -6.9192   12.6517 C   0  0  0  0  0  0  0  0  0  0  0  0
   17.2796   -7.7192   13.5517 N   0  0  0  0  0  0  0  0  0  0  0  0
   18.4796   -7.3192   13.5517 C   0  0  0  0  0  0  0  0  0  0  0  0
   18.7796   -6.2192   12.6517 O   0  0  0  0  0  0  0  0  0  0  0  0
   17.5796   -6.0192   12.1517 C   0  0  0  0  0  0  0  0  0  0  0  0
   17.2796   -5.0192   11.1517 C   0  0  0  0  0  0  0  0  0  0  0  0
   19.6796   -7.8192   14.3517 C   0  0  0  0  0  0  0  0  0  0  0  0
   19.2796   -8.9192   15.2517 N   0  0  0  0  0  0  0  0  0  0  0  0
   18.4796   -8.8192   16.3517 C   0  0  0  0  0  0  0  0  0  0  0  0
   18.2796   -7.7192   16.9517 O   0  0  0  0  0  0  0  0  0  0  0  0
   17.4796   -9.9192   16.5517 C   0  0  0  0  0  0  0  0  0  0  0  0
   17.7796  -11.2192   16.2517 C   0  0  0  0  0  0  0  0  0  0  0  0
   16.5796  -12.0192   16.5517 C   0  0  0  0  0  0  0  0  0  0  0  0
   16.2796  -13.4192   16.4517 C   0  0  0  0  0  0  0  0  0  0  0  0
   14.9796  -13.8192   16.8517 C   0  0  0  0  0  0  0  0  0  0  0  0
   14.0796  -12.8192   17.3517 C   0  0  0  0  0  0  0  0  0  0  0  0
   14.3796  -11.5192   17.4517 C   0  0  0  0  0  0  0  0  0  0  0  0
   15.6796  -11.1192   17.0517 C   0  0  0  0  0  0  0  0  0  0  0  0
   16.2796   -9.9192   17.0517 N   0  0  0  0  0  0  0  0  0  0  0  0
   15.5796   -8.7192   17.4517 C   0  0  0  0  0  0  0  0  0  0  0  0
   14.9796   -8.0192   16.3517 C   0  0  0  0  0  0  0  0  0  0  0  0
   14.3796   -6.8192   16.7517 O   0  0  0  0  0  0  0  0  0  0  0  0
   15.2796   -5.8192   17.0517 C   0  0  0  0  0  0  0  0  0  0  0  0
   15.3796   -4.1192    9.8517 O   0  0  0  0  0  0  0  0  0  0  0  0
   16.2796   -3.1192    9.4517 C   0  0  0  0  0  0  0  0  0  0  0  0
   13.8308   -5.8463   10.9281 H   0  0  0  0  0  0  0  0  0  0  0  0
   14.5575   -7.6319   12.6767 H   0  0  0  0  0  0  0  0  0  0  0  0
   18.0006   -4.2989   10.7377 H   0  0  0  0  0  0  0  0  0  0  0  0
   20.0857   -6.9908   14.9509 H   0  0  0  0  0  0  0  0  0  0  0  0
   20.4429   -8.1915   13.6526 H   0  0  0  0  0  0  0  0  0  0  0  0
   19.6413   -9.8568   15.0260 H   0  0  0  0  0  0  0  0  0  0  0  0
   18.7360  -11.5962   15.8604 H   0  0  0  0  0  0  0  0  0  0  0  0
   17.0202  -14.1445   16.0837 H   0  0  0  0  0  0  0  0  0  0  0  0
   14.6679  -14.8717   16.7805 H   0  0  0  0  0  0  0  0  0  0  0  0
   13.0786  -13.1424   17.6735 H   0  0  0  0  0  0  0  0  0  0  0  0
   13.6473  -10.7902   17.8290 H   0  0  0  0  0  0  0  0  0  0  0  0
   16.2953   -8.0456   17.9457 H   0  0  0  0  0  0  0  0  0  0  0  0
   14.7662   -9.0256   18.1258 H   0  0  0  0  0  0  0  0  0  0  0  0
   15.7582   -7.7950   15.6077 H   0  0  0  0  0  0  0  0  0  0  0  0
   14.1951   -8.6641   15.9290 H   0  0  0  0  0  0  0  0  0  0  0  0
   15.3680   -5.7209   18.1438 H   0  0  0  0  0  0  0  0  0  0  0  0
   16.2621   -6.0701   16.6254 H   0  0  0  0  0  0  0  0  0  0  0  0
   14.9269   -4.8684   16.6254 H   0  0  0  0  0  0  0  0  0  0  0  0
   16.7124   -2.6382   10.3413 H   0  0  0  0  0  0  0  0  0  0  0  0
   17.0835   -3.5686    8.8502 H   0  0  0  0  0  0  0  0  0  0  0  0
   15.7483   -2.3669    8.8502 H   0  0  0  0  0  0  0  0  0  0  0  0
  1  2  2  0
  2  3  1  0
  3  4  2  0
  4  5  1  0
  5  6  2  0
  6  7  1  0
  7  8  1  0
  8  9  2  0
  9  1  1  0
  8  4  1  0
 10 11  1  0
 11 12  1  0
 12 13  2  0
  6 10  1  0
 14 15  2  0
 15 16  1  0
 16 17  2  0
 17 18  1  0
 18 19  2  0
 19 20  1  0
 20 21  2  0
 21 22  1  0
 22 14  1  0
 21 16  1  0
 12 14  1  0
 23 24  1  0
 24 25  1  0
 25 26  1  0
 22 23  1  0
 27 28  1  0
  1 27  1  0
  2 29  1  0
  3 30  1  0
  9 31  1  0
 10 32  1  0
 10 33  1  0
 11 34  1  0
 15 35  1  0
 17 36  1  0
 18 37  1  0
 19 38  1  0
 20 39  1  0
 23 40  1  0
 23 41  1  0
 24 42  1  0
 24 43  1  0
 26 44  1  0
 26 45  1  0
 26 46  1  0
 28 47  1  0
 28 48  1  0
 28 49  1  0
M  END
"
3bz3_Lingo3DMolv2_1122485,3bz3,"3bz3_Lingo3DMolv2_1122485
     RDKit          3D

 59 62  0  0  0  0  0  0  0  0999 V2000
   13.7463    3.6514    7.3918 N   0  0  0  0  0  0  0  0  0  0  0  0
   13.7463    4.9514    7.7918 C   0  0  0  0  0  0  0  0  0  0  0  0
   12.6463    5.8514    7.5918 C   0  0  0  0  0  0  0  0  0  0  0  0
   11.5463    5.3514    6.8918 C   0  0  0  0  0  0  0  0  0  0  0  0
   11.6463    4.0514    6.2918 C   0  0  0  0  0  0  0  0  0  0  0  0
   12.8463    3.2514    6.4918 C   0  0  0  0  0  0  0  0  0  0  0  0
   13.0463    1.9514    5.8918 N   0  0  0  0  0  0  0  0  0  0  0  0
   12.0463    1.3514    4.9918 C   0  0  0  0  0  0  0  0  0  0  0  0
   12.7463    0.4514    3.7918 C   0  0  0  0  0  0  0  0  0  0  0  0
   12.0463   -0.2486    3.1918 O   0  0  0  0  0  0  0  0  0  0  0  0
   14.0463    0.6514    3.5918 N   0  0  0  0  0  0  0  0  0  0  0  0
   14.7463   -0.0486    2.4918 C   0  0  0  0  0  0  0  0  0  0  0  0
   10.4463    6.1514    6.6918 O   0  0  0  0  0  0  0  0  0  0  0  0
    9.2463    5.5514    6.2918 C   0  0  0  0  0  0  0  0  0  0  0  0
    9.0463    4.9514    4.9918 C   0  0  0  0  0  0  0  0  0  0  0  0
    7.8463    4.3514    4.6918 C   0  0  0  0  0  0  0  0  0  0  0  0
    6.8463    4.3514    5.5918 C   0  0  0  0  0  0  0  0  0  0  0  0
    7.0463    4.8514    6.8918 C   0  0  0  0  0  0  0  0  0  0  0  0
    8.3463    5.2514    7.2918 N   0  0  0  0  0  0  0  0  0  0  0  0
    5.9463    4.7514    7.5918 N   0  0  0  0  0  0  0  0  0  0  0  0
    4.7463    4.5514    6.6918 C   0  0  0  0  0  0  0  0  0  0  0  0
    5.4463    4.0514    5.3918 C   0  0  2  0  0  0  0  0  0  0  0  0
    5.1463    2.4514    5.1918 C   0  0  0  0  0  0  0  0  0  0  0  0
    5.8463    4.0514    8.9918 C   0  0  1  0  0  0  0  0  0  0  0  0
    5.3463    2.6514    8.8918 C   0  0  0  0  0  0  0  0  0  0  0  0
    7.0463    4.0514    9.5918 O   0  0  0  0  0  0  0  0  0  0  0  0
    7.4463    2.9514   10.2918 C   0  0  0  0  0  0  0  0  0  0  0  0
   12.6463    7.2514    8.1918 C   0  0  0  0  0  0  0  0  0  0  0  0
   13.0463    7.5514    9.5918 C   0  0  0  0  0  0  0  0  0  0  0  0
   11.6463    7.6514    9.1918 C   0  0  0  0  0  0  0  0  0  0  0  0
   14.6433    5.3362    8.2991 H   0  0  0  0  0  0  0  0  0  0  0  0
   10.8183    3.6604    5.6822 H   0  0  0  0  0  0  0  0  0  0  0  0
   13.9107    1.4311    6.0990 H   0  0  0  0  0  0  0  0  0  0  0  0
   11.3835    0.7012    5.5816 H   0  0  0  0  0  0  0  0  0  0  0  0
   11.4849    2.1696    4.5169 H   0  0  0  0  0  0  0  0  0  0  0  0
   14.5670    1.2953    4.2043 H   0  0  0  0  0  0  0  0  0  0  0  0
   15.4648   -0.7671    2.9130 H   0  0  0  0  0  0  0  0  0  0  0  0
   14.0121   -0.5846    1.8723 H   0  0  0  0  0  0  0  0  0  0  0  0
   15.2823    0.6856    1.8723 H   0  0  0  0  0  0  0  0  0  0  0  0
    9.8528    4.9749    4.2441 H   0  0  0  0  0  0  0  0  0  0  0  0
    7.7034    3.8700    3.7131 H   0  0  0  0  0  0  0  0  0  0  0  0
    4.0559    3.7970    7.0971 H   0  0  0  0  0  0  0  0  0  0  0  0
    4.1184    5.4449    6.5597 H   0  0  0  0  0  0  0  0  0  0  0  0
    5.0828    4.5347    4.4729 H   0  0  0  0  0  0  0  0  0  0  0  0
    5.0559    1.9694    6.1764 H   0  0  0  0  0  0  0  0  0  0  0  0
    4.2081    2.3214    4.6324 H   0  0  0  0  0  0  0  0  0  0  0  0
    5.9736    1.9903    4.6324 H   0  0  0  0  0  0  0  0  0  0  0  0
    5.1218    4.6254    9.5881 H   0  0  0  0  0  0  0  0  0  0  0  0
    5.1998    2.2413    9.9019 H   0  0  0  0  0  0  0  0  0  0  0  0
    4.3891    2.6417    8.3498 H   0  0  0  0  0  0  0  0  0  0  0  0
    6.0808    2.0376    8.3498 H   0  0  0  0  0  0  0  0  0  0  0  0
    7.3719    3.1559   11.3700 H   0  0  0  0  0  0  0  0  0  0  0  0
    6.8007    2.0986   10.0349 H   0  0  0  0  0  0  0  0  0  0  0  0
    8.4889    2.7125   10.0349 H   0  0  0  0  0  0  0  0  0  0  0  0
   12.9767    7.6089    7.2053 H   0  0  0  0  0  0  0  0  0  0  0  0
   13.3719    6.7385   10.2574 H   0  0  0  0  0  0  0  0  0  0  0  0
   13.7709    8.2294   10.0664 H   0  0  0  0  0  0  0  0  0  0  0  0
   10.9175    6.9152    9.5617 H   0  0  0  0  0  0  0  0  0  0  0  0
   10.8824    8.4410    9.2465 H   0  0  0  0  0  0  0  0  0  0  0  0
  1  2  2  0
  2  3  1  0
  3  4  2  0
  4  5  1  0
  5  6  2  0
  6  1  1  0
  7  8  1  0
  8  9  1  0
  9 10  2  0
  9 11  1  0
 11 12  1  0
  6  7  1  0
  4 13  1  0
 14 15  2  0
 15 16  1  0
 16 17  2  0
 17 18  1  0
 18 19  2  0
 18 20  1  0
 20 21  1  0
 21 22  1  0
 19 14  1  0
 22 17  1  0
 13 14  1  0
 22 23  1  0
 24 25  1  0
 24 26  1  0
 26 27  1  0
 20 24  1  0
 28 29  1  0
 29 30  1  0
 30 28  1  0
  3 28  1  0
  2 31  1  0
  5 32  1  0
  7 33  1  0
  8 34  1  0
  8 35  1  0
 11 36  1  0
 12 37  1  0
 12 38  1  0
 12 39  1  0
 15 40  1  0
 16 41  1  0
 21 42  1  0
 21 43  1  0
 22 44  1  6
 23 45  1  0
 23 46  1  0
 23 47  1  0
 24 48  1  1
 25 49  1  0
 25 50  1  0
 25 51  1  0
 27 52  1  0
 27 53  1  0
 27 54  1  0
 28 55  1  0
 29 56  1  0
 29 57  1  0
 30 58  1  0
 30 59  1  0
M  END
"
3kgc_Lingo3DMolv2_1095850,3kgc,"3kgc_Lingo3DMolv2_1095850
     RDKit          3D

 48 50  0  0  0  0  0  0  0  0999 V2000
   13.0547   50.6805   -3.5402 N   0  0  0  0  0  0  0  0  0  0  0  0
   13.7547   51.2805   -4.8402 C   0  0  0  0  0  0  0  0  0  0  0  0
   14.2547   52.7805   -4.6402 C   0  0  0  0  0  0  0  0  0  0  0  0
   13.8547   50.1805   -2.5402 N   0  0  0  0  0  0  0  0  0  0  0  0
   14.7547   49.0805   -3.0402 C   0  0  0  0  0  0  0  0  0  0  0  0
   13.0547   49.7805   -1.4402 C   0  0  0  0  0  0  0  0  0  0  0  0
   12.3547   48.3805   -1.4402 C   0  0  0  0  0  0  0  0  0  0  0  0
   13.3547   47.2805   -1.4402 O   0  0  0  0  0  0  0  0  0  0  0  0
   14.3547   47.1805   -0.5402 C   0  0  0  0  0  0  0  0  0  0  0  0
   14.6547   48.0805    0.5598 C   0  0  0  0  0  0  0  0  0  0  0  0
   15.8547   47.8805    1.3598 C   0  0  0  0  0  0  0  0  0  0  0  0
   16.7547   46.8805    1.0598 N   0  0  0  0  0  0  0  0  0  0  0  0
   16.4547   45.9805   -0.0402 C   0  0  0  0  0  0  0  0  0  0  0  0
   15.2547   46.1805   -0.8402 C   0  0  0  0  0  0  0  0  0  0  0  0
   17.4547   44.8805   -0.3402 C   0  0  0  0  0  0  0  0  0  0  0  0
   16.9547   43.5805   -0.7402 C   0  0  0  0  0  0  0  0  0  0  0  0
   17.8547   42.6805   -1.1402 N   0  0  0  0  0  0  0  0  0  0  0  0
   19.0547   42.9805   -1.2402 C   0  0  0  0  0  0  0  0  0  0  0  0
   19.6547   44.1805   -0.9402 N   0  0  0  0  0  0  0  0  0  0  0  0
   18.8547   45.2805   -0.6402 C   0  0  0  0  0  0  0  0  0  0  0  0
   19.2547   46.3805   -0.6402 O   0  0  0  0  0  0  0  0  0  0  0  0
   21.0547   44.3805   -1.0402 C   0  0  0  0  0  0  0  0  0  0  0  0
   15.8547   49.5805   -3.8402 C   0  0  0  0  0  0  0  0  0  0  0  0
   16.6547   50.7805   -3.7402 C   0  0  0  0  0  0  0  0  0  0  0  0
   17.1547   51.0805   -4.9402 N   0  0  0  0  0  0  0  0  0  0  0  0
   16.6547   50.1805   -5.7402 N   0  0  0  0  0  0  0  0  0  0  0  0
   15.7547   49.3805   -5.1402 N   0  0  0  0  0  2  0  0  0  0  0  0
   12.4841   51.4319   -3.1270 H   0  0  0  0  0  0  0  0  0  0  0  0
   14.6217   50.6525   -5.0932 H   0  0  0  0  0  0  0  0  0  0  0  0
   13.0048   51.2875   -5.6449 H   0  0  0  0  0  0  0  0  0  0  0  0
   14.3286   53.0021   -3.5652 H   0  0  0  0  0  0  0  0  0  0  0  0
   15.2424   52.9033   -5.1086 H   0  0  0  0  0  0  0  0  0  0  0  0
   13.5383   53.4713   -5.1086 H   0  0  0  0  0  0  0  0  0  0  0  0
   15.1657   48.5407   -2.1743 H   0  0  0  0  0  0  0  0  0  0  0  0
   14.1504   48.4208   -3.6801 H   0  0  0  0  0  0  0  0  0  0  0  0
   13.7020   49.8102   -0.5513 H   0  0  0  0  0  0  0  0  0  0  0  0
   12.2086   50.4824   -1.4788 H   0  0  0  0  0  0  0  0  0  0  0  0
   11.7256   48.2937   -0.5420 H   0  0  0  0  0  0  0  0  0  0  0  0
   11.7435   48.2962   -2.3508 H   0  0  0  0  0  0  0  0  0  0  0  0
   13.9745   48.9141    0.7887 H   0  0  0  0  0  0  0  0  0  0  0  0
   16.0466   48.5395    2.2194 H   0  0  0  0  0  0  0  0  0  0  0  0
   15.0628   45.5215   -1.6997 H   0  0  0  0  0  0  0  0  0  0  0  0
   15.8803   43.3460   -0.7151 H   0  0  0  0  0  0  0  0  0  0  0  0
   19.7202   42.1889   -1.6149 H   0  0  0  0  0  0  0  0  0  0  0  0
   21.4892   44.4426   -0.0315 H   0  0  0  0  0  0  0  0  0  0  0  0
   21.5076   43.5379   -1.5833 H   0  0  0  0  0  0  0  0  0  0  0  0
   21.2536   45.3162   -1.5833 H   0  0  0  0  0  0  0  0  0  0  0  0
   16.8247   51.3564   -2.8185 H   0  0  0  0  0  0  0  0  0  0  0  0
  1  2  1  0
  2  3  1  0
  1  4  1  0
  4  5  1  0
  4  6  1  0
  6  7  1  0
  7  8  1  0
  9 10  2  0
 10 11  1  0
 11 12  2  0
 12 13  1  0
 13 14  2  0
 14  9  1  0
  8  9  1  0
 15 16  2  0
 16 17  1  0
 17 18  2  0
 18 19  1  0
 19 20  1  0
 20 21  2  0
 20 15  1  0
 13 15  1  0
 19 22  1  0
 23 24  2  0
 24 25  1  0
 25 26  2  0
 26 27  1  0
 27 23  1  0
  5 23  1  0
  1 28  1  0
  2 29  1  0
  2 30  1  0
  3 31  1  0
  3 32  1  0
  3 33  1  0
  5 34  1  0
  5 35  1  0
  6 36  1  0
  6 37  1  0
  7 38  1  0
  7 39  1  0
 10 40  1  0
 11 41  1  0
 14 42  1  0
 16 43  1  0
 18 44  1  0
 22 45  1  0
 22 46  1  0
 22 47  1  0
 24 48  1  0
M  CHG  1  27  -1
M  END
"
3biz_Lingo3DMolv2_23900,3biz,"3biz_Lingo3DMolv2_23900
     RDKit          3D

 62 66  0  0  0  0  0  0  0  0999 V2000
    6.2233   54.7970   26.6997 N   0  0  0  0  0  0  0  0  0  0  0  0
    5.6233   54.3970   27.7997 C   0  0  0  0  0  0  0  0  0  0  0  0
    4.3233   53.8970   27.8997 C   0  0  0  0  0  0  0  0  0  0  0  0
    3.6233   53.8970   26.6997 C   0  0  0  0  0  0  0  0  0  0  0  0
    2.2233   53.3970   26.5997 C   0  0  0  0  0  0  0  0  0  0  0  0
    1.6233   53.2970   25.3997 C   0  0  0  0  0  0  0  0  0  0  0  0
    2.2233   53.6970   24.1997 C   0  0  0  0  0  0  0  0  0  0  0  0
    3.5233   54.1970   24.1997 C   0  0  0  0  0  0  0  0  0  0  0  0
    4.2233   54.2970   25.4997 C   0  0  0  0  0  0  0  0  0  0  0  0
    5.6233   54.7970   25.4997 C   0  0  0  0  0  0  0  0  0  0  0  0
    6.3233   55.1970   24.3997 N   0  0  0  0  0  0  0  0  0  0  0  0
    6.2233   54.9970   22.9997 C   0  0  0  0  0  0  0  0  0  0  0  0
    7.1233   55.6970   22.0997 C   0  0  0  0  0  0  0  0  0  0  0  0
    7.0233   55.5970   20.7997 N   0  0  0  0  0  0  0  0  0  0  0  0
    6.0233   54.7970   20.2997 C   0  0  0  0  0  0  0  0  0  0  0  0
    5.0233   54.0970   21.0997 C   0  0  0  0  0  0  0  0  0  0  0  0
    5.1233   54.1970   22.4997 C   0  0  0  0  0  0  0  0  0  0  0  0
    4.1233   53.3970   20.1997 C   0  0  0  0  0  0  0  0  0  0  0  0
    4.6233   53.7970   18.8997 N   0  0  0  0  0  0  0  0  0  0  0  0
    5.7233   54.5970   18.8997 C   0  0  0  0  0  0  0  0  0  0  0  0
    6.3233   55.0970   17.8997 O   0  0  0  0  0  0  0  0  0  0  0  0
    4.0233   53.3970   17.6997 C   0  0  0  0  0  0  0  0  0  0  0  0
    3.0233   54.3970   17.0997 C   0  0  0  0  0  0  0  0  0  0  0  0
    3.7233   55.6970   16.3997 N   0  0  0  0  0  4  0  0  0  0  0  0
    4.3233   56.6970   17.3997 C   0  0  0  0  0  0  0  0  0  0  0  0
    2.6233   56.5970   15.5997 C   0  0  0  0  0  0  0  0  0  0  0  0
    1.4233   53.4970   22.7997 Cl  0  0  0  0  0  0  0  0  0  0  0  0
    1.4233   52.8970   27.7997 C   0  0  0  0  0  0  0  0  0  0  0  0
    0.9233   51.6970   27.7997 C   0  0  0  0  0  0  0  0  0  0  0  0
    0.1233   51.2970   28.7997 N   0  0  0  0  0  4  0  0  0  0  0  0
   -0.1767   52.0970   29.8997 C   0  0  0  0  0  0  0  0  0  0  0  0
    0.3233   53.3970   29.8997 C   0  0  0  0  0  0  0  0  0  0  0  0
    1.2233   53.7970   28.7997 C   0  0  0  0  0  0  0  0  0  0  0  0
    1.7233   55.0970   28.7997 O   0  0  0  0  0  0  0  0  0  0  0  0
    1.4233   55.9970   29.6997 C   0  0  0  0  0  0  0  0  0  0  0  0
    3.8233   53.3970   29.3997 Cl  0  0  0  0  0  0  0  0  0  0  0  0
    6.2025   54.4628   28.7326 H   0  0  0  0  0  0  0  0  0  0  0  0
    0.6068   52.8785   25.3592 H   0  0  0  0  0  0  0  0  0  0  0  0
    4.0131   54.5071   23.2649 H   0  0  0  0  0  0  0  0  0  0  0  0
    7.1252   55.7937   24.6482 H   0  0  0  0  0  0  0  0  0  0  0  0
    7.9145   56.3317   22.5254 H   0  0  0  0  0  0  0  0  0  0  0  0
    4.4104   53.6986   23.1731 H   0  0  0  0  0  0  0  0  0  0  0  0
    4.1903   52.3075   20.3355 H   0  0  0  0  0  0  0  0  0  0  0  0
    3.0619   53.6377   20.3592 H   0  0  0  0  0  0  0  0  0  0  0  0
    3.4900   52.4529   17.8847 H   0  0  0  0  0  0  0  0  0  0  0  0
    4.8391   53.3066   16.9674 H   0  0  0  0  0  0  0  0  0  0  0  0
    2.4255   53.8741   16.3386 H   0  0  0  0  0  0  0  0  0  0  0  0
    2.4117   54.7744   17.9325 H   0  0  0  0  0  0  0  0  0  0  0  0
    4.4498   55.2817   15.7991 H   0  0  0  0  0  0  0  0  0  0  0  0
    4.1192   56.3568   18.4257 H   0  0  0  0  0  0  0  0  0  0  0  0
    5.4103   56.7630   17.2447 H   0  0  0  0  0  0  0  0  0  0  0  0
    3.8700   57.6872   17.2447 H   0  0  0  0  0  0  0  0  0  0  0  0
    1.9823   57.1215   16.3236 H   0  0  0  0  0  0  0  0  0  0  0  0
    3.1416   57.3334   14.9680 H   0  0  0  0  0  0  0  0  0  0  0  0
    2.0041   55.9431   14.9680 H   0  0  0  0  0  0  0  0  0  0  0  0
    1.1572   51.0064   26.9760 H   0  0  0  0  0  0  0  0  0  0  0  0
   -0.2884   50.3541   28.7517 H   0  0  0  0  0  0  0  0  0  0  0  0
   -0.7840   51.7175   30.7347 H   0  0  0  0  0  0  0  0  0  0  0  0
    0.0551   54.1059   30.6969 H   0  0  0  0  0  0  0  0  0  0  0  0
    1.5649   55.5722   30.7044 H   0  0  0  0  0  0  0  0  0  0  0  0
    2.0784   56.8719   29.5759 H   0  0  0  0  0  0  0  0  0  0  0  0
    0.3743   56.3039   29.5759 H   0  0  0  0  0  0  0  0  0  0  0  0
  1  2  2  0
  2  3  1  0
  3  4  2  0
  4  5  1  0
  5  6  2  0
  6  7  1  0
  7  8  2  0
  8  9  1  0
  9 10  2  0
 10  1  1  0
  9  4  1  0
 10 11  1  0
 12 13  2  0
 13 14  1  0
 14 15  2  0
 15 16  1  0
 16 17  2  0
 16 18  1  0
 18 19  1  0
 19 20  1  0
 20 21  2  0
 17 12  1  0
 20 15  1  0
 11 12  1  0
 22 23  1  0
 23 24  1  0
 24 25  1  0
 24 26  1  0
 19 22  1  0
  7 27  1  0
 28 29  2  0
 29 30  1  0
 30 31  2  0
 31 32  1  0
 32 33  2  0
 33 28  1  0
  5 28  1  0
 34 35  1  0
 33 34  1  0
  3 36  1  0
  2 37  1  0
  6 38  1  0
  8 39  1  0
 11 40  1  0
 13 41  1  0
 17 42  1  0
 18 43  1  0
 18 44  1  0
 22 45  1  0
 22 46  1  0
 23 47  1  0
 23 48  1  0
 24 49  1  0
 25 50  1  0
 25 51  1  0
 25 52  1  0
 26 53  1  0
 26 54  1  0
 26 55  1  0
 29 56  1  0
 30 57  1  0
 31 58  1  0
 32 59  1  0
 35 60  1  0
 35 61  1  0
 35 62  1  0
M  CHG  2  24   1  30   1
M  END
"
3d4q_Lingo3DMolv2_762850,3d4q,"3d4q_Lingo3DMolv2_762850
     RDKit          3D

 36 39  0  0  0  0  0  0  0  0999 V2000
   65.5504   26.9687   -0.7319 N   0  0  0  0  0  0  0  0  0  0  0  0
   64.6504   26.2687   -1.4319 C   0  0  0  0  0  0  0  0  0  0  0  0
   63.4504   26.7687   -1.8319 C   0  0  0  0  0  0  0  0  0  0  0  0
   63.1504   28.0687   -1.5319 C   0  0  0  0  0  0  0  0  0  0  0  0
   64.0504   28.8687   -0.8319 N   0  0  0  0  0  0  0  0  0  0  0  0
   65.2504   28.2687   -0.5319 C   0  0  0  0  0  0  0  0  0  0  0  0
   61.9504   28.6687   -1.8319 N   0  0  0  0  0  0  0  0  0  0  0  0
   60.6504   28.1687   -2.1319 C   0  0  0  0  0  0  0  0  0  0  0  0
   59.7504   28.9687   -2.7319 C   0  0  0  0  0  0  0  0  0  0  0  0
   58.5504   28.4687   -3.2319 C   0  0  0  0  0  0  0  0  0  0  0  0
   58.3504   27.0687   -3.1319 C   0  0  0  0  0  0  0  0  0  0  0  0
   59.2504   26.1687   -2.5319 C   0  0  0  0  0  0  0  0  0  0  0  0
   60.4504   26.7687   -2.0319 C   0  0  0  0  0  0  0  0  0  0  0  0
   59.0504   24.7687   -2.5319 C   0  0  0  0  0  0  0  0  0  0  0  0
   58.4504   23.9687   -3.5319 N   0  0  0  0  0  0  0  0  0  0  0  0
   58.3504   22.6687   -3.2319 N   0  0  0  0  0  0  0  0  0  0  0  0
   58.8504   22.5687   -2.0319 C   0  0  0  0  0  0  0  0  0  0  0  0
   59.2504   23.7687   -1.4319 C   0  0  0  0  0  0  0  0  0  0  0  0
   59.8504   24.0687   -0.1319 C   0  0  0  0  0  0  0  0  0  0  0  0
   60.5504   22.9687    0.5681 C   0  0  0  0  0  0  0  0  0  0  0  0
   59.2504   23.4687    1.0681 C   0  0  0  0  0  0  0  0  0  0  0  0
   64.8948   25.2300   -1.6991 H   0  0  0  0  0  0  0  0  0  0  0  0
   62.7364   26.1407   -2.3850 H   0  0  0  0  0  0  0  0  0  0  0  0
   66.0333   28.9032   -0.0909 H   0  0  0  0  0  0  0  0  0  0  0  0
   62.0021   29.6974   -1.8419 H   0  0  0  0  0  0  0  0  0  0  0  0
   59.9673   30.0427   -2.8299 H   0  0  0  0  0  0  0  0  0  0  0  0
   57.7943   29.1283   -3.6827 H   0  0  0  0  0  0  0  0  0  0  0  0
   57.4228   26.6554   -3.5548 H   0  0  0  0  0  0  0  0  0  0  0  0
   61.2229   26.1388   -1.5668 H   0  0  0  0  0  0  0  0  0  0  0  0
   58.1153   24.3579   -4.4248 H   0  0  0  0  0  0  0  0  0  0  0  0
   58.9519   21.5996   -1.5216 H   0  0  0  0  0  0  0  0  0  0  0  0
   60.1113   25.0935   -0.4347 H   0  0  0  0  0  0  0  0  0  0  0  0
   60.6167   21.9738    0.1037 H   0  0  0  0  0  0  0  0  0  0  0  0
   61.5525   22.8316    1.0006 H   0  0  0  0  0  0  0  0  0  0  0  0
   58.3499   22.8434    0.9780 H   0  0  0  0  0  0  0  0  0  0  0  0
   58.8859   23.8566    2.0307 H   0  0  0  0  0  0  0  0  0  0  0  0
  1  2  2  0
  2  3  1  0
  3  4  2  0
  4  5  1  0
  5  6  2  0
  6  1  1  0
  4  7  1  0
  8  9  2  0
  9 10  1  0
 10 11  2  0
 11 12  1  0
 12 13  2  0
 13  8  1  0
  7  8  1  0
 14 15  1  0
 15 16  1  0
 16 17  2  0
 17 18  1  0
 18 14  2  0
 12 14  1  0
 19 20  1  0
 20 21  1  0
 21 19  1  0
 18 19  1  0
  2 22  1  0
  3 23  1  0
  6 24  1  0
  7 25  1  0
  9 26  1  0
 10 27  1  0
 11 28  1  0
 13 29  1  0
 15 30  1  0
 17 31  1  0
 19 32  1  0
 20 33  1  0
 20 34  1  0
 21 35  1  0
 21 36  1  0
M  END
"
2of2_Lingo3DMolv2_711074,2of2,"2of2_Lingo3DMolv2_711074
     RDKit          3D

 53 57  0  0  0  0  0  0  0  0999 V2000
   25.3770   35.6761   82.1043 N   0  0  0  0  0  0  0  0  0  0  0  0
   24.1770   35.3761   82.4043 N   0  0  0  0  0  0  0  0  0  0  0  0
   23.6770   36.0761   83.5043 C   0  0  0  0  0  0  0  0  0  0  0  0
   24.7770   36.8761   83.9043 C   0  0  0  0  0  0  0  0  0  0  0  0
   24.9770   37.7761   84.9043 C   0  0  0  0  0  0  0  0  0  0  0  0
   26.2770   38.4761   85.0043 C   0  0  0  0  0  0  0  0  0  0  0  0
   27.2770   38.1761   84.1043 C   0  0  0  0  0  0  0  0  0  0  0  0
   27.0770   37.1761   83.1043 C   0  0  0  0  0  0  0  0  0  0  0  0
   25.7770   36.4761   83.0043 C   0  0  0  0  0  0  0  0  0  0  0  0
   28.0770   36.7761   82.2043 O   0  0  0  0  0  0  0  0  0  0  0  0
   29.3770   36.7761   82.5043 C   0  0  0  0  0  0  0  0  0  0  0  0
   30.1770   35.8761   82.0043 C   0  0  0  0  0  0  0  0  0  0  0  0
   31.5770   35.8761   82.3043 C   0  0  0  0  0  0  0  0  0  0  0  0
   32.0770   36.8761   83.1043 C   0  0  0  0  0  0  0  0  0  0  0  0
   31.2770   37.7761   83.6043 C   0  0  0  0  0  0  0  0  0  0  0  0
   29.8770   37.7761   83.3043 C   0  0  0  0  0  0  0  0  0  0  0  0
   33.5770   36.8761   83.5043 C   0  0  0  0  0  0  0  0  0  0  0  0
   33.9770   35.9761   84.8043 N   0  0  1  0  0  4  0  0  0  0  0  0
   35.3770   35.8761   85.0043 C   0  0  0  0  0  0  0  0  0  0  0  0
   35.5770   35.5761   86.5043 C   0  0  0  0  0  0  0  0  0  0  0  0
   34.1770   35.4761   87.1043 C   0  0  2  0  0  0  0  0  0  0  0  0
   33.2770   36.2761   86.1043 C   0  0  0  0  0  0  0  0  0  0  0  0
   34.1770   35.8761   88.5043 O   0  0  0  0  0  0  0  0  0  0  0  0
   32.9770   35.8761   89.1043 C   0  0  0  0  0  0  0  0  0  0  0  0
   26.4770   39.4761   86.0043 C   0  0  0  0  0  0  0  0  0  0  0  0
   26.9770   40.8761   85.9043 C   0  0  0  0  0  0  0  0  0  0  0  0
   26.9770   41.3761   87.2043 C   0  0  0  0  0  0  0  0  0  0  0  0
   26.5770   40.3761   88.0043 C   0  0  0  0  0  0  0  0  0  0  0  0
   26.2770   39.2761   87.3043 O   0  0  0  0  0  0  0  0  0  0  0  0
   23.6248   34.6801   81.8830 H   0  0  0  0  0  0  0  0  0  0  0  0
   22.6736   36.0203   83.9517 H   0  0  0  0  0  0  0  0  0  0  0  0
   24.1789   37.9819   85.6328 H   0  0  0  0  0  0  0  0  0  0  0  0
   28.2367   38.7111   84.1566 H   0  0  0  0  0  0  0  0  0  0  0  0
   29.7683   35.1014   81.3388 H   0  0  0  0  0  0  0  0  0  0  0  0
   32.2378   35.0933   81.9036 H   0  0  0  0  0  0  0  0  0  0  0  0
   31.6857   38.5507   84.2698 H   0  0  0  0  0  0  0  0  0  0  0  0
   29.2162   38.5588   83.7050 H   0  0  0  0  0  0  0  0  0  0  0  0
   34.1530   36.4999   82.6459 H   0  0  0  0  0  0  0  0  0  0  0  0
   33.8064   37.9148   83.7843 H   0  0  0  0  0  0  0  0  0  0  0  0
   33.6024   35.0581   84.5252 H   0  0  0  0  0  0  0  0  0  0  0  0
   35.7922   35.0607   84.3937 H   0  0  0  0  0  0  0  0  0  0  0  0
   35.8914   36.8023   84.7086 H   0  0  0  0  0  0  0  0  0  0  0  0
   36.1176   34.6271   86.6354 H   0  0  0  0  0  0  0  0  0  0  0  0
   36.1708   36.3606   86.9962 H   0  0  0  0  0  0  0  0  0  0  0  0
   33.7680   34.4584   87.1885 H   0  0  0  0  0  0  0  0  0  0  0  0
   32.2417   35.9044   86.1032 H   0  0  0  0  0  0  0  0  0  0  0  0
   33.1765   37.3471   86.3342 H   0  0  0  0  0  0  0  0  0  0  0  0
   32.6490   34.8390   89.2683 H   0  0  0  0  0  0  0  0  0  0  0  0
   33.0507   36.3946   90.0716 H   0  0  0  0  0  0  0  0  0  0  0  0
   32.2474   36.3946   88.4649 H   0  0  0  0  0  0  0  0  0  0  0  0
   27.2835   41.4063   84.9906 H   0  0  0  0  0  0  0  0  0  0  0  0
   27.2520   42.3947   87.5152 H   0  0  0  0  0  0  0  0  0  0  0  0
   26.5047   40.4512   89.0993 H   0  0  0  0  0  0  0  0  0  0  0  0
  1  2  1  0
  2  3  1  0
  3  4  2  0
  4  5  1  0
  5  6  2  0
  6  7  1  0
  7  8  2  0
  8  9  1  0
  9  1  2  0
  9  4  1  0
  8 10  1  0
 11 12  2  0
 12 13  1  0
 13 14  2  0
 14 15  1  0
 15 16  2  0
 16 11  1  0
 10 11  1  0
 14 17  1  0
 18 19  1  0
 19 20  1  0
 20 21  1  0
 21 22  1  0
 22 18  1  0
 17 18  1  0
 23 24  1  0
 21 23  1  0
 25 26  2  0
 26 27  1  0
 27 28  2  0
 28 29  1  0
 29 25  1  0
  6 25  1  0
  2 30  1  0
  3 31  1  0
  5 32  1  0
  7 33  1  0
 12 34  1  0
 13 35  1  0
 15 36  1  0
 16 37  1  0
 17 38  1  0
 17 39  1  0
 18 40  1  6
 19 41  1  0
 19 42  1  0
 20 43  1  0
 20 44  1  0
 21 45  1  1
 22 46  1  0
 22 47  1  0
 24 48  1  0
 24 49  1  0
 24 50  1  0
 26 51  1  0
 27 52  1  0
 28 53  1  0
M  CHG  1  18   1
M  END
"
2rgp_Lingo3DMolv2_1243371,2rgp,"2rgp_Lingo3DMolv2_1243371
     RDKit          3D

 68 71  0  0  0  0  0  0  0  0999 V2000
   13.1221   39.3818   96.4302 F   0  0  0  0  0  0  0  0  0  0  0  0
   14.3221   38.9818   96.7302 C   0  0  0  0  0  0  0  0  0  0  0  0
   15.3221   39.8818   97.2302 C   0  0  0  0  0  0  0  0  0  0  0  0
   16.6221   39.4818   97.6302 C   0  0  0  0  0  0  0  0  0  0  0  0
   16.9221   38.0818   97.5302 C   0  0  0  0  0  0  0  0  0  0  0  0
   16.0221   37.1818   97.0302 C   0  0  0  0  0  0  0  0  0  0  0  0
   14.7221   37.6818   96.6302 C   0  0  0  0  0  0  0  0  0  0  0  0
   16.3221   35.7818   96.9302 C   0  0  0  0  0  0  0  0  0  0  0  0
   16.4221   35.3818   95.6302 O   0  0  0  0  0  0  0  0  0  0  0  0
   17.5221   35.7818   94.9302 C   0  0  0  0  0  0  0  0  0  0  0  0
   17.4221   35.2818   93.4302 C   0  0  0  0  0  0  0  0  0  0  0  0
   18.6221   35.2818   92.6302 C   0  0  0  0  0  0  0  0  0  0  0  0
   17.6221   36.2818   92.3302 C   0  0  0  0  0  0  0  0  0  0  0  0
   16.4221   34.2818   93.2302 N   0  0  0  0  0  0  0  0  0  0  0  0
   16.6221   33.1818   92.2302 C   0  0  0  0  0  0  0  0  0  0  0  0
   17.5221   32.1818   92.6302 C   0  0  0  0  0  0  0  0  0  0  0  0
   17.7221   31.0818   91.7302 C   0  0  0  0  0  0  0  0  0  0  0  0
   17.1221   31.0818   90.4302 C   0  0  0  0  0  0  0  0  0  0  0  0
   16.3221   32.1818   90.0302 C   0  0  0  0  0  0  0  0  0  0  0  0
   16.0221   33.2818   90.9302 C   0  0  0  0  0  0  0  0  0  0  0  0
   15.1221   34.2818   90.5302 N   0  0  0  0  0  0  0  0  0  0  0  0
   14.1221   34.0818   89.7302 C   0  0  0  0  0  0  0  0  0  0  0  0
   12.8221   34.4818   89.9302 O   0  0  0  0  0  0  0  0  0  0  0  0
   14.3221   33.5818   88.5302 O   0  0  0  0  0  0  0  0  0  0  0  0
   15.6221   33.2818   87.9302 C   0  0  0  0  0  0  0  0  0  0  0  0
   15.4221   32.1818   86.8302 C   0  0  0  0  0  0  0  0  0  0  0  0
   16.7221   31.8818   86.1302 C   0  0  0  0  0  0  0  0  0  0  0  0
   17.4221   33.0818   85.6302 N   0  0  0  0  0  0  0  0  0  0  0  0
   17.8221   33.9818   86.7302 C   0  0  0  0  0  0  0  0  0  0  0  0
   16.5221   34.3818   87.5302 C   0  0  0  0  0  0  0  0  0  0  0  0
   18.6221   32.6818   84.8302 C   0  0  0  0  0  0  0  0  0  0  0  0
   19.7221   32.0818   85.6302 C   0  0  0  0  0  0  0  0  0  0  0  0
   19.3221   30.9818   86.3302 O   0  0  0  0  0  0  0  0  0  0  0  0
   20.1221   30.7818   87.5302 C   0  0  0  0  0  0  0  0  0  0  0  0
   15.0638   40.9482   97.3079 H   0  0  0  0  0  0  0  0  0  0  0  0
   17.3627   40.2071   97.9983 H   0  0  0  0  0  0  0  0  0  0  0  0
   17.9058   37.7218   97.8660 H   0  0  0  0  0  0  0  0  0  0  0  0
   14.0044   36.9589   96.2150 H   0  0  0  0  0  0  0  0  0  0  0  0
   15.5204   35.2090   97.4194 H   0  0  0  0  0  0  0  0  0  0  0  0
   17.2896   35.6011   97.4214 H   0  0  0  0  0  0  0  0  0  0  0  0
   17.5834   36.8800   94.9447 H   0  0  0  0  0  0  0  0  0  0  0  0
   18.4215   35.3514   95.3948 H   0  0  0  0  0  0  0  0  0  0  0  0
   19.5765   35.5876   93.0835 H   0  0  0  0  0  0  0  0  0  0  0  0
   19.1392   34.5174   92.0317 H   0  0  0  0  0  0  0  0  0  0  0  0
   17.8070   37.3393   92.5700 H   0  0  0  0  0  0  0  0  0  0  0  0
   17.0610   36.5884   91.4352 H   0  0  0  0  0  0  0  0  0  0  0  0
   15.5518   34.3164   93.7801 H   0  0  0  0  0  0  0  0  0  0  0  0
   18.0517   32.2387   93.5927 H   0  0  0  0  0  0  0  0  0  0  0  0
   18.3432   30.2293   92.0427 H   0  0  0  0  0  0  0  0  0  0  0  0
   17.2807   30.2345   89.7468 H   0  0  0  0  0  0  0  0  0  0  0  0
   15.9165   32.2029   89.0079 H   0  0  0  0  0  0  0  0  0  0  0  0
   15.2653   35.2342   90.8953 H   0  0  0  0  0  0  0  0  0  0  0  0
   16.2290   32.9105   88.7692 H   0  0  0  0  0  0  0  0  0  0  0  0
   15.0470   31.2624   87.3037 H   0  0  0  0  0  0  0  0  0  0  0  0
   14.6998   32.5528   86.0882 H   0  0  0  0  0  0  0  0  0  0  0  0
   17.3854   31.3635   86.8384 H   0  0  0  0  0  0  0  0  0  0  0  0
   16.4778   31.2652   85.2526 H   0  0  0  0  0  0  0  0  0  0  0  0
   18.5270   33.4648   87.3979 H   0  0  0  0  0  0  0  0  0  0  0  0
   18.3154   34.8795   86.3293 H   0  0  0  0  0  0  0  0  0  0  0  0
   16.8414   34.9004   88.4462 H   0  0  0  0  0  0  0  0  0  0  0  0
   15.9332   34.9969   86.8339 H   0  0  0  0  0  0  0  0  0  0  0  0
   19.0130   33.5775   84.3254 H   0  0  0  0  0  0  0  0  0  0  0  0
   18.2859   31.9053   84.1273 H   0  0  0  0  0  0  0  0  0  0  0  0
   20.5344   31.7894   84.9486 H   0  0  0  0  0  0  0  0  0  0  0  0
   20.0548   32.8367   86.3578 H   0  0  0  0  0  0  0  0  0  0  0  0
   19.4943   30.9387   88.4198 H   0  0  0  0  0  0  0  0  0  0  0  0
   20.5203   29.7564   87.5387 H   0  0  0  0  0  0  0  0  0  0  0  0
   20.9560   31.4991   87.5387 H   0  0  0  0  0  0  0  0  0  0  0  0
  2  3  2  0
  3  4  1  0
  4  5  2  0
  5  6  1  0
  6  7  2  0
  7  2  1  0
  1  2  1  0
  8  9  1  0
  9 10  1  0
  6  8  1  0
 11 12  1  0
 12 13  1  0
 13 11  1  0
 10 11  1  0
 11 14  1  0
 15 16  2  0
 16 17  1  0
 17 18  2  0
 18 19  1  0
 19 20  2  0
 20 15  1  0
 14 15  1  0
 21 22  1  0
 22 23  2  0
 22 24  1  0
 20 21  1  0
 25 26  1  0
 26 27  1  0
 27 28  1  0
 28 29  1  0
 29 30  1  0
 30 25  1  0
 24 25  1  0
 31 32  1  0
 32 33  1  0
 33 34  1  0
 28 31  1  0
  3 35  1  0
  4 36  1  0
  5 37  1  0
  7 38  1  0
  8 39  1  0
  8 40  1  0
 10 41  1  0
 10 42  1  0
 12 43  1  0
 12 44  1  0
 13 45  1  0
 13 46  1  0
 14 47  1  0
 16 48  1  0
 17 49  1  0
 18 50  1  0
 19 51  1  0
 21 52  1  0
 25 53  1  0
 26 54  1  0
 26 55  1  0
 27 56  1  0
 27 57  1  0
 29 58  1  0
 29 59  1  0
 30 60  1  0
 30 61  1  0
 31 62  1  0
 31 63  1  0
 32 64  1  0
 32 65  1  0
 34 66  1  0
 34 67  1  0
 34 68  1  0
M  END
"
3d0e_Lingo3DMolv2_1046432,3d0e,"3d0e_Lingo3DMolv2_1046432
     RDKit          3D

 60 65  0  0  0  0  0  0  0  0999 V2000
   23.7073  -54.9550   -2.6199 N   0  0  0  0  0  0  0  0  0  0  0  0
   23.8073  -54.4550   -3.7199 C   0  0  0  0  0  0  0  0  0  0  0  0
   25.1073  -54.2550   -4.2199 N   0  0  0  0  0  0  0  0  0  0  0  0
   25.9073  -54.7550   -3.2199 C   0  0  0  0  0  0  0  0  0  0  0  0
   27.2073  -54.8550   -3.2199 N   0  0  0  0  0  0  0  0  0  0  0  0
   27.7073  -55.4550   -2.1199 N   0  0  0  0  0  0  0  0  0  0  0  0
   26.9073  -55.8550   -1.1199 C   0  0  0  0  0  0  0  0  0  0  0  0
   25.6073  -55.7550   -1.1199 N   0  0  0  0  0  0  0  0  0  0  0  0
   25.1073  -55.3550   -2.3199 C   0  0  0  0  0  0  0  0  0  0  0  0
   27.5073  -56.5550    0.0801 C   0  0  0  0  0  0  0  0  0  0  0  0
   28.6073  -57.4550   -0.0199 C   0  0  0  0  0  0  0  0  0  0  0  0
   29.1073  -58.0550    0.9801 N   0  0  0  0  0  0  0  0  0  0  0  0
   28.6073  -57.9550    2.1801 C   0  0  0  0  0  0  0  0  0  0  0  0
   27.4073  -57.1550    2.4801 C   0  0  0  0  0  0  0  0  0  0  0  0
   26.8073  -56.4550    1.3801 C   0  0  0  0  0  0  0  0  0  0  0  0
   25.6073  -55.7550    1.8801 C   0  0  0  0  0  0  0  0  0  0  0  0
   25.6073  -56.0550    3.2801 N   0  0  0  0  0  0  0  0  0  0  0  0
   26.7073  -56.8550    3.6801 C   0  0  0  0  0  0  0  0  0  0  0  0
   27.0073  -57.2550    4.8801 O   0  0  0  0  0  0  0  0  0  0  0  0
   24.6073  -55.5550    4.0801 C   0  0  0  0  0  0  0  0  0  0  0  0
   24.3073  -55.9550    5.2801 O   0  0  0  0  0  0  0  0  0  0  0  0
   23.6073  -54.8550    3.3801 O   0  0  0  0  0  0  0  0  0  0  0  0
   22.9073  -55.3550    2.1801 C   0  0  0  0  0  0  0  0  0  0  0  0
   21.8073  -56.4550    2.4801 C   0  0  0  0  0  0  0  0  0  0  0  0
   20.5073  -56.2550    1.8801 C   0  0  0  0  0  0  0  0  0  0  0  0
   19.4073  -57.1550    2.0801 C   0  0  0  0  0  0  0  0  0  0  0  0
   19.6073  -58.3550    2.8801 C   0  0  0  0  0  0  0  0  0  0  0  0
   20.9073  -58.5550    3.4801 C   0  0  0  0  0  0  0  0  0  0  0  0
   22.0073  -57.5550    3.1801 C   0  0  0  0  0  0  0  0  0  0  0  0
   21.2073  -59.7550    4.2801 O   0  0  0  0  0  0  0  0  0  0  0  0
   20.2073  -55.1550    1.0801 O   0  0  0  0  0  0  0  0  0  0  0  0
   29.3073  -58.6550    3.2801 N   0  0  0  0  0  0  0  0  0  0  0  0
   30.6073  -59.4550    3.0801 C   0  0  0  0  0  0  0  0  0  0  0  0
   30.8073  -60.5550    4.1801 C   0  0  0  0  0  0  0  0  0  0  0  0
   30.0073  -60.2550    5.3801 O   0  0  0  0  0  0  0  0  0  0  0  0
   28.9073  -59.5550    5.1801 C   0  0  0  0  0  0  0  0  0  0  0  0
   29.1073  -58.2550    4.5801 C   0  0  0  0  0  0  0  0  0  0  0  0
   25.5073  -53.6550   -5.4199 C   0  0  0  0  0  0  0  0  0  0  0  0
   22.9190  -54.1697   -4.3026 H   0  0  0  0  0  0  0  0  0  0  0  0
   29.0445  -57.6386   -1.0125 H   0  0  0  0  0  0  0  0  0  0  0  0
   25.6844  -54.6710    1.7098 H   0  0  0  0  0  0  0  0  0  0  0  0
   24.6836  -56.0708    1.3732 H   0  0  0  0  0  0  0  0  0  0  0  0
   22.4172  -54.5028    1.6866 H   0  0  0  0  0  0  0  0  0  0  0  0
   23.6687  -55.8342    1.5471 H   0  0  0  0  0  0  0  0  0  0  0  0
   18.4248  -56.9407    1.6342 H   0  0  0  0  0  0  0  0  0  0  0  0
   18.7967  -59.0847    3.0231 H   0  0  0  0  0  0  0  0  0  0  0  0
   23.0184  -57.7562    3.5638 H   0  0  0  0  0  0  0  0  0  0  0  0
   22.1049  -59.8706    4.6815 H   0  0  0  0  0  0  0  0  0  0  0  0
   19.3027  -55.0589    0.6896 H   0  0  0  0  0  0  0  0  0  0  0  0
   30.5740  -59.9427    2.0947 H   0  0  0  0  0  0  0  0  0  0  0  0
   31.4492  -58.7508    3.1528 H   0  0  0  0  0  0  0  0  0  0  0  0
   30.4963  -61.5292    3.7750 H   0  0  0  0  0  0  0  0  0  0  0  0
   31.8698  -60.5765    4.4642 H   0  0  0  0  0  0  0  0  0  0  0  0
   28.2484  -60.1374    4.5193 H   0  0  0  0  0  0  0  0  0  0  0  0
   28.4774  -59.3697    6.1755 H   0  0  0  0  0  0  0  0  0  0  0  0
   28.2216  -57.6109    4.6832 H   0  0  0  0  0  0  0  0  0  0  0  0
   29.9110  -57.6461    5.0199 H   0  0  0  0  0  0  0  0  0  0  0  0
   26.1052  -52.7582   -5.2000 H   0  0  0  0  0  0  0  0  0  0  0  0
   26.1128  -54.3659   -6.0013 H   0  0  0  0  0  0  0  0  0  0  0  0
   24.6182  -53.3695   -6.0013 H   0  0  0  0  0  0  0  0  0  0  0  0
  1  2  2  0
  2  3  1  0
  3  4  1  0
  4  5  2  0
  5  6  1  0
  6  7  2  0
  7  8  1  0
  8  9  2  0
  9  1  1  0
  9  4  1  0
 10 11  2  0
 11 12  1  0
 12 13  2  0
 13 14  1  0
 14 15  2  0
 15 16  1  0
 16 17  1  0
 17 18  1  0
 18 19  2  0
 15 10  1  0
 18 14  1  0
  7 10  1  0
 20 21  2  0
 20 22  1  0
 22 23  1  0
 17 20  1  0
 24 25  2  0
 25 26  1  0
 26 27  2  0
 27 28  1  0
 28 29  2  0
 29 24  1  0
 23 24  1  0
 28 30  1  0
 25 31  1  0
 32 33  1  0
 33 34  1  0
 34 35  1  0
 35 36  1  0
 36 37  1  0
 37 32  1  0
 13 32  1  0
  3 38  1  0
  2 39  1  0
 11 40  1  0
 16 41  1  0
 16 42  1  0
 23 43  1  0
 23 44  1  0
 26 45  1  0
 27 46  1  0
 29 47  1  0
 30 48  1  0
 31 49  1  0
 33 50  1  0
 33 51  1  0
 34 52  1  0
 34 53  1  0
 36 54  1  0
 36 55  1  0
 37 56  1  0
 37 57  1  0
 38 58  1  0
 38 59  1  0
 38 60  1  0
M  END
"
3bqd_Lingo3DMolv2_731101,3bqd,"3bqd_Lingo3DMolv2_731101
     RDKit          3D

 70 74  0  0  0  0  0  0  0  0999 V2000
   37.0918   35.6998   12.0806 O   0  0  0  0  0  0  0  0  0  0  0  0
   37.6918   36.3998   11.0806 C   0  0  0  0  0  0  0  0  0  0  0  0
   37.0918   35.8998    9.5806 C   0  0  0  0  0  0  0  0  0  0  0  0
   37.1918   34.4998    9.4806 N   0  0  0  0  0  0  0  0  0  0  0  0
   36.6918   33.6998   10.6806 C   0  0  0  0  0  0  0  0  0  0  0  0
   37.4918   34.1998   11.8806 C   0  0  0  0  0  0  0  0  0  0  0  0
   37.4918   33.7998    8.3806 C   0  0  0  0  0  0  0  0  0  0  0  0
   37.5918   34.3998    7.1806 C   0  0  0  0  0  0  0  0  0  0  0  0
   38.0918   33.7998    6.0806 C   0  0  0  0  0  0  0  0  0  0  0  0
   38.6918   32.4998    6.2806 C   0  0  0  0  0  0  0  0  0  0  0  0
   38.6918   31.8998    7.4806 C   0  0  0  0  0  0  0  0  0  0  0  0
   37.9918   32.4998    8.5806 C   0  0  0  0  0  0  0  0  0  0  0  0
   38.0918   31.6998    9.6806 N   0  0  0  0  0  0  0  0  0  0  0  0
   38.8918   30.4998    9.2806 C   0  0  1  0  0  0  0  0  0  0  0  0
   40.1918   30.3998   10.1806 C   0  0  0  0  0  0  0  0  0  0  0  0
   41.0918   29.2998    9.7806 C   0  0  0  0  0  0  0  0  0  0  0  0
   40.2918   27.8998    9.8806 N   0  0  1  0  0  4  0  0  0  0  0  0
   38.9918   27.9998    9.1806 C   0  0  0  0  0  0  0  0  0  0  0  0
   38.1918   29.1998    9.5806 C   0  0  0  0  0  0  0  0  0  0  0  0
   39.1918   30.6998    7.8806 C   0  0  0  0  0  0  0  0  0  0  0  0
   41.1918   26.6998    9.4806 C   0  0  2  0  0  0  0  0  0  0  0  0
   40.3918   25.3998    9.5806 C   0  0  0  0  0  0  0  0  0  0  0  0
   42.4918   26.6998   10.2806 C   0  0  0  0  0  0  0  0  0  0  0  0
   43.6918   27.2998    9.5806 C   0  0  0  0  0  0  0  0  0  0  0  0
   43.5918   25.7998    9.7806 C   0  0  0  0  0  0  0  0  0  0  0  0
   42.3918   26.8998   11.6806 O   0  0  0  0  0  0  0  0  0  0  0  0
   41.7918   25.8998   12.5806 C   0  0  0  0  0  0  0  0  0  0  0  0
   41.8918   26.3998   13.9806 C   0  0  0  0  0  0  0  0  0  0  0  0
   41.2918   24.7998   12.1806 O   0  0  0  0  0  0  0  0  0  0  0  0
   38.0918   34.2998    4.7806 O   0  0  0  0  0  0  0  0  0  0  0  0
   37.3918   35.5998    4.5806 C   0  0  0  0  0  0  0  0  0  0  0  0
   35.9918   35.2998    4.1806 C   0  0  0  0  0  0  0  0  0  0  0  0
   37.4885   37.4725   11.2146 H   0  0  0  0  0  0  0  0  0  0  0  0
   38.7761   36.2175   11.1137 H   0  0  0  0  0  0  0  0  0  0  0  0
   36.0376   36.2000    9.4884 H   0  0  0  0  0  0  0  0  0  0  0  0
   37.6772   36.3685    8.7758 H   0  0  0  0  0  0  0  0  0  0  0  0
   35.6174   33.8761   10.8370 H   0  0  0  0  0  0  0  0  0  0  0  0
   36.8255   32.6186   10.5287 H   0  0  0  0  0  0  0  0  0  0  0  0
   37.2388   33.6153   12.7774 H   0  0  0  0  0  0  0  0  0  0  0  0
   38.5737   34.0934   11.7125 H   0  0  0  0  0  0  0  0  0  0  0  0
   37.2458   35.4401    7.0912 H   0  0  0  0  0  0  0  0  0  0  0  0
   39.1607   31.9892    5.4265 H   0  0  0  0  0  0  0  0  0  0  0  0
   37.6921   31.8863   10.6114 H   0  0  0  0  0  0  0  0  0  0  0  0
   40.7436   31.3484   10.1047 H   0  0  0  0  0  0  0  0  0  0  0  0
   39.8624   30.1953   11.2100 H   0  0  0  0  0  0  0  0  0  0  0  0
   41.4296   29.4580    8.7458 H   0  0  0  0  0  0  0  0  0  0  0  0
   41.9665   29.2754   10.4472 H   0  0  0  0  0  0  0  0  0  0  0  0
   40.0487   27.7004   10.8614 H   0  0  0  0  0  0  0  0  0  0  0  0
   39.1818   28.0523    8.0984 H   0  0  0  0  0  0  0  0  0  0  0  0
   38.4050   27.1115    9.4573 H   0  0  0  0  0  0  0  0  0  0  0  0
   37.2366   29.1820    9.0355 H   0  0  0  0  0  0  0  0  0  0  0  0
   38.0439   29.1490   10.6694 H   0  0  0  0  0  0  0  0  0  0  0  0
   40.2819   30.6884    7.7331 H   0  0  0  0  0  0  0  0  0  0  0  0
   38.7351   29.8941    7.2872 H   0  0  0  0  0  0  0  0  0  0  0  0
   41.5032   26.7951    8.4299 H   0  0  0  0  0  0  0  0  0  0  0  0
   40.2356   25.1460   10.6395 H   0  0  0  0  0  0  0  0  0  0  0  0
   39.4174   25.5301    9.0871 H   0  0  0  0  0  0  0  0  0  0  0  0
   40.9472   24.5886    9.0871 H   0  0  0  0  0  0  0  0  0  0  0  0
   43.5844   27.7298    8.5739 H   0  0  0  0  0  0  0  0  0  0  0  0
   44.4345   28.0721    9.8297 H   0  0  0  0  0  0  0  0  0  0  0  0
   43.4137   25.1408    8.9181 H   0  0  0  0  0  0  0  0  0  0  0  0
   44.2347   25.0316   10.2351 H   0  0  0  0  0  0  0  0  0  0  0  0
   41.7253   25.5673   14.6801 H   0  0  0  0  0  0  0  0  0  0  0  0
   42.8927   26.8245   14.1477 H   0  0  0  0  0  0  0  0  0  0  0  0
   41.1313   27.1768   14.1477 H   0  0  0  0  0  0  0  0  0  0  0  0
   37.3989   36.1775    5.5167 H   0  0  0  0  0  0  0  0  0  0  0  0
   37.8961   36.1947    3.8048 H   0  0  0  0  0  0  0  0  0  0  0  0
   35.3737   35.1674    5.0808 H   0  0  0  0  0  0  0  0  0  0  0  0
   35.5948   36.1333    3.5825 H   0  0  0  0  0  0  0  0  0  0  0  0
   35.9712   34.3769    3.5825 H   0  0  0  0  0  0  0  0  0  0  0  0
  1  2  1  0
  2  3  1  0
  3  4  1  0
  4  5  1  0
  5  6  1  0
  6  1  1  0
  7  8  2  0
  8  9  1  0
  9 10  2  0
 10 11  1  0
 11 12  2  0
 12 13  1  0
 14 13  1  1
 14 15  1  0
 15 16  1  0
 16 17  1  0
 17 18  1  0
 18 19  1  0
 14 20  1  0
 12  7  1  0
 19 14  1  0
 20 11  1  0
  4  7  1  0
 21 22  1  0
 17 21  1  0
 23 24  1  0
 24 25  1  0
 25 23  1  0
 21 23  1  0
 26 27  1  0
 27 28  1  0
 27 29  2  0
 23 26  1  0
 30 31  1  0
 31 32  1  0
  9 30  1  0
  2 33  1  0
  2 34  1  0
  3 35  1  0
  3 36  1  0
  5 37  1  0
  5 38  1  0
  6 39  1  0
  6 40  1  0
  8 41  1  0
 10 42  1  0
 13 43  1  0
 15 44  1  0
 15 45  1  0
 16 46  1  0
 16 47  1  0
 17 48  1  1
 18 49  1  0
 18 50  1  0
 19 51  1  0
 19 52  1  0
 20 53  1  0
 20 54  1  0
 21 55  1  6
 22 56  1  0
 22 57  1  0
 22 58  1  0
 24 59  1  0
 24 60  1  0
 25 61  1  0
 25 62  1  0
 28 63  1  0
 28 64  1  0
 28 65  1  0
 31 66  1  0
 31 67  1  0
 32 68  1  0
 32 69  1  0
 32 70  1  0
M  CHG  1  17   1
M  END
"
2qd9_Lingo3DMolv2_587088,2qd9,"2qd9_Lingo3DMolv2_587088
     RDKit          3D

 18 19  0  0  0  0  0  0  0  0999 V2000
   -6.4513    0.4889   16.9607 F   0  0  0  0  0  0  0  0  0  0  0  0
   -5.2513    0.8889   17.4607 C   0  0  0  0  0  0  0  0  0  0  0  0
   -5.1513    1.0889   18.8607 C   0  0  0  0  0  0  0  0  0  0  0  0
   -3.9513    1.4889   19.3607 C   0  0  0  0  0  0  0  0  0  0  0  0
   -3.4513    1.7889   20.5607 N   0  0  0  0  0  4  0  0  0  0  0  0
   -2.1513    2.0889   20.4607 C   0  0  0  0  0  0  0  0  0  0  0  0
   -1.7513    1.9889   19.0607 N   0  0  0  0  0  0  0  0  0  0  0  0
   -2.8513    1.6889   18.3607 C   0  0  0  0  0  0  0  0  0  0  0  0
   -3.0513    1.4889   17.0607 C   0  0  0  0  0  0  0  0  0  0  0  0
   -4.2513    1.0889   16.5607 C   0  0  0  0  0  0  0  0  0  0  0  0
   -4.4513    0.8889   15.2607 F   0  0  0  0  0  0  0  0  0  0  0  0
   -1.2513    2.4889   21.4607 N   0  0  0  0  0  0  0  0  0  0  0  0
   -6.0159    0.9260   19.5209 H   0  0  0  0  0  0  0  0  0  0  0  0
   -3.9894    1.7895   21.4389 H   0  0  0  0  0  0  0  0  0  0  0  0
   -0.8025    2.1237   18.6833 H   0  0  0  0  0  0  0  0  0  0  0  0
   -2.2155    1.6531   16.3646 H   0  0  0  0  0  0  0  0  0  0  0  0
   -0.2692    2.6860   21.2208 H   0  0  0  0  0  0  0  0  0  0  0  0
   -1.5729    2.5854   22.4344 H   0  0  0  0  0  0  0  0  0  0  0  0
  2  3  2  0
  3  4  1  0
  4  5  1  0
  5  6  2  0
  6  7  1  0
  7  8  1  0
  8  9  1  0
  9 10  2  0
 10  2  1  0
  8  4  2  0
  1  2  1  0
 10 11  1  0
  6 12  1  0
  3 13  1  0
  5 14  1  0
  7 15  1  0
  9 16  1  0
 12 17  1  0
 12 18  1  0
M  CHG  1   5   1
M  END
"
1njs_Lingo3DMolv2_716646,1njs,"1njs_Lingo3DMolv2_716646
     RDKit          3D

 43 45  0  0  0  0  0  0  0  0999 V2000
   50.3990   45.2879   30.2741 C   0  0  0  0  0  0  0  0  0  0  0  0
   49.7990   44.3879   31.1741 N   0  0  0  0  0  0  0  0  0  0  0  0
   48.6990   44.7879   31.8741 C   0  0  0  0  0  0  0  0  0  0  0  0
   48.1990   46.0879   31.8741 N   0  0  0  0  0  0  0  0  0  0  0  0
   48.7990   46.8879   31.0741 N   0  0  0  0  0  0  0  0  0  0  0  0
   49.7990   46.4879   30.2741 C   0  0  0  0  0  0  0  0  0  0  0  0
   50.2990   47.4879   29.3741 O   0  0  0  0  0  0  0  0  0  0  0  0
   50.4990   47.1879   28.0741 C   0  0  0  0  0  0  0  0  0  0  0  0
   49.4990   46.6879   27.2741 C   0  0  0  0  0  0  0  0  0  0  0  0
   49.7990   46.3879   25.9741 C   0  0  0  0  0  0  0  0  0  0  0  0
   50.9990   46.5879   25.3741 C   0  0  0  0  0  0  0  0  0  0  0  0
   51.9990   47.1879   26.1741 C   0  0  0  0  0  0  0  0  0  0  0  0
   51.6990   47.4879   27.4741 C   0  0  0  0  0  0  0  0  0  0  0  0
   53.3990   47.4879   25.7741 C   0  0  0  0  0  0  0  0  0  0  0  0
   53.9990   46.6879   25.2741 O   0  0  0  0  0  0  0  0  0  0  0  0
   53.8990   48.7879   26.0741 N   0  0  0  0  0  0  0  0  0  0  0  0
   55.1990   49.0879   26.2741 C   0  0  0  0  0  0  0  0  0  0  0  0
   55.3990   50.4879   26.5741 C   0  0  0  0  0  0  0  0  0  0  0  0
   54.0990   51.0879   26.5741 C   0  0  0  0  0  0  0  0  0  0  0  0
   53.1990   49.9879   26.2741 C   0  0  0  0  0  0  0  0  0  0  0  0
   53.6990   52.4879   26.8741 C   0  0  0  0  0  0  0  0  0  0  0  0
   54.4990   53.1879   27.4741 O   0  0  0  0  0  0  0  0  0  0  0  0
   52.4990   52.8879   26.2741 N   0  0  0  0  0  0  0  0  0  0  0  0
   52.0990   52.5879   25.0741 C   0  0  0  0  0  0  0  0  0  0  0  0
   52.3990   53.6879   23.9741 C   0  0  0  0  0  0  0  0  0  0  0  0
   53.5990   53.8879   23.8741 F   0  0  0  0  0  0  0  0  0  0  0  0
   51.3990   54.1879   23.1741 N   0  0  0  0  0  4  0  0  0  0  0  0
   51.2990   46.0879   23.7741 Cl  0  0  0  0  0  0  0  0  0  0  0  0
   48.1990   43.8879   32.7741 N   0  0  0  0  0  0  0  0  0  0  0  0
   51.2629   45.0359   29.6415 H   0  0  0  0  0  0  0  0  0  0  0  0
   48.4841   46.5332   27.6693 H   0  0  0  0  0  0  0  0  0  0  0  0
   48.9984   45.9465   25.3623 H   0  0  0  0  0  0  0  0  0  0  0  0
   52.4640   48.0002   28.0760 H   0  0  0  0  0  0  0  0  0  0  0  0
   56.0138   48.3513   26.2155 H   0  0  0  0  0  0  0  0  0  0  0  0
   56.3582   50.9915   26.7643 H   0  0  0  0  0  0  0  0  0  0  0  0
   52.1049   50.0835   26.2114 H   0  0  0  0  0  0  0  0  0  0  0  0
   51.8714   53.4778   26.8389 H   0  0  0  0  0  0  0  0  0  0  0  0
   52.5991   51.6564   24.7705 H   0  0  0  0  0  0  0  0  0  0  0  0
   51.0040   52.4979   25.1284 H   0  0  0  0  0  0  0  0  0  0  0  0
   51.6157   54.9028   22.4649 H   0  0  0  0  0  0  0  0  0  0  0  0
   50.4330   53.8476   23.2838 H   0  0  0  0  0  0  0  0  0  0  0  0
   47.3693   44.1276   33.3354 H   0  0  0  0  0  0  0  0  0  0  0  0
   48.6520   42.9703   32.8906 H   0  0  0  0  0  0  0  0  0  0  0  0
  1  2  2  0
  2  3  1  0
  3  4  2  0
  4  5  1  0
  5  6  2  0
  6  1  1  0
  6  7  1  0
  8  9  2  0
  9 10  1  0
 10 11  2  0
 11 12  1  0
 12 13  2  0
 13  8  1  0
  7  8  1  0
 14 15  2  0
 12 14  1  0
 16 17  1  0
 17 18  2  0
 18 19  1  0
 19 20  2  0
 20 16  1  0
 14 16  1  0
 21 22  2  0
 21 23  1  0
 23 24  1  0
 24 25  1  0
 25 26  1  0
 25 27  2  0
 19 21  1  0
 11 28  1  0
  3 29  1  0
  1 30  1  0
  9 31  1  0
 10 32  1  0
 13 33  1  0
 17 34  1  0
 18 35  1  0
 20 36  1  0
 23 37  1  0
 24 38  1  0
 24 39  1  0
 27 40  1  0
 27 41  1  0
 29 42  1  0
 29 43  1  0
M  CHG  1  27   1
M  END
"
3f9m_Lingo3DMolv2_498381,3f9m,"3f9m_Lingo3DMolv2_498381
     RDKit          3D

 45 47  0  0  0  0  0  0  0  0999 V2000
   -9.0297    5.6079   22.3101 N   0  0  0  0  0  0  0  0  0  0  0  0
   -9.7297    6.8079   22.6101 C   0  0  0  0  0  0  0  0  0  0  0  0
  -10.9297    7.1079   22.0101 C   0  0  0  0  0  0  0  0  0  0  0  0
  -11.5297    6.2079   21.1101 C   0  0  0  0  0  0  0  0  0  0  0  0
  -10.8297    5.0079   20.8101 C   0  0  0  0  0  0  0  0  0  0  0  0
   -9.6297    4.7079   21.5101 C   0  0  0  0  0  0  0  0  0  0  0  0
  -11.6297    3.8079   19.7101 S   0  0  0  0  0  0  0  0  0  0  0  0
  -10.3297    2.6079   19.6101 C   0  0  0  0  0  0  0  0  0  0  0  0
   -9.3297    2.7079   18.6101 C   0  0  0  0  0  0  0  0  0  0  0  0
   -8.2297    1.8079   18.5101 N   0  0  0  0  0  0  0  0  0  0  0  0
   -8.1297    0.7079   19.4101 C   0  0  0  0  0  0  0  0  0  0  0  0
   -8.9297    0.6079   20.5101 C   0  0  0  0  0  0  0  0  0  0  0  0
   -9.8297    1.7079   20.8101 C   0  0  0  0  0  0  0  0  0  0  0  0
  -10.6297    1.9079   21.7101 N   0  0  0  0  0  4  0  0  0  0  0  0
   -8.7297   -0.4921   21.4101 C   0  0  0  0  0  0  0  0  0  0  0  0
   -8.1297   -1.5921   21.1101 N   0  0  0  0  0  0  0  0  0  0  0  0
   -8.0297   -2.4921   22.1101 N   0  0  0  0  0  0  0  0  0  0  0  0
   -7.4297   -3.5921   21.7101 C   0  0  0  0  0  0  0  0  0  0  0  0
   -7.2297   -4.6921   22.6101 C   0  0  0  0  0  0  0  0  0  0  0  0
   -7.9297   -4.7921   23.9101 C   0  0  0  0  0  0  0  0  0  0  0  0
   -7.6297   -5.8921   24.8101 C   0  0  0  0  0  0  0  0  0  0  0  0
   -6.6297   -6.7921   24.5101 C   0  0  0  0  0  0  0  0  0  0  0  0
   -5.9297   -6.6921   23.3101 C   0  0  0  0  0  0  0  0  0  0  0  0
   -6.2297   -5.6921   22.4101 N   0  0  0  0  0  0  0  0  0  0  0  0
   -7.1297    2.1079   17.4101 C   0  0  0  0  0  0  0  0  0  0  0  0
  -12.8297    6.6079   20.4101 C   0  0  0  0  0  0  0  0  0  0  0  0
   -9.3018    7.5123   23.3386 H   0  0  0  0  0  0  0  0  0  0  0  0
  -11.4267    8.0628   22.2363 H   0  0  0  0  0  0  0  0  0  0  0  0
   -9.1786    3.7113   21.3945 H   0  0  0  0  0  0  0  0  0  0  0  0
   -9.4070    3.5217   17.8741 H   0  0  0  0  0  0  0  0  0  0  0  0
   -7.3885   -0.0806   19.2128 H   0  0  0  0  0  0  0  0  0  0  0  0
  -11.1775    2.7800   21.7279 H   0  0  0  0  0  0  0  0  0  0  0  0
  -10.7569    1.2046   22.4518 H   0  0  0  0  0  0  0  0  0  0  0  0
   -9.1183   -0.3881   22.4340 H   0  0  0  0  0  0  0  0  0  0  0  0
   -7.0763   -3.6701   20.6714 H   0  0  0  0  0  0  0  0  0  0  0  0
   -8.6755   -4.0351   24.1943 H   0  0  0  0  0  0  0  0  0  0  0  0
   -8.2060   -6.0080   25.7399 H   0  0  0  0  0  0  0  0  0  0  0  0
   -6.3832   -7.5935   25.2222 H   0  0  0  0  0  0  0  0  0  0  0  0
   -5.1333   -7.4149   23.0794 H   0  0  0  0  0  0  0  0  0  0  0  0
   -6.1804    2.3668   17.9019 H   0  0  0  0  0  0  0  0  0  0  0  0
   -6.9861    1.2161   16.7824 H   0  0  0  0  0  0  0  0  0  0  0  0
   -7.4588    2.9491   16.7824 H   0  0  0  0  0  0  0  0  0  0  0  0
  -13.5949    6.8434   21.1645 H   0  0  0  0  0  0  0  0  0  0  0  0
  -12.6504    7.4924   19.7813 H   0  0  0  0  0  0  0  0  0  0  0  0
  -13.1786    5.7756   19.7813 H   0  0  0  0  0  0  0  0  0  0  0  0
  1  2  2  0
  2  3  1  0
  3  4  2  0
  4  5  1  0
  5  6  2  0
  6  1  1  0
  5  7  1  0
  8  9  2  0
  9 10  1  0
 10 11  1  0
 11 12  2  0
 12 13  1  0
 13 14  2  0
 13  8  1  0
  7  8  1  0
 15 16  2  3
 16 17  1  0
 17 18  2  3
 12 15  1  0
 19 20  2  0
 20 21  1  0
 21 22  2  0
 22 23  1  0
 23 24  2  0
 24 19  1  0
 18 19  1  0
 10 25  1  0
  4 26  1  0
  2 27  1  0
  3 28  1  0
  6 29  1  0
  9 30  1  0
 11 31  1  0
 14 32  1  0
 14 33  1  0
 15 34  1  0
 18 35  1  0
 20 36  1  0
 21 37  1  0
 22 38  1  0
 23 39  1  0
 25 40  1  0
 25 41  1  0
 25 42  1  0
 26 43  1  0
 26 44  1  0
 26 45  1  0
M  CHG  1  14   1
M  END
"
3l5d_Lingo3DMolv2_525323,3l5d,"3l5d_Lingo3DMolv2_525323
     RDKit          3D

 41 43  0  0  0  0  0  0  0  0999 V2000
   20.2791   35.4837   58.9483 N   0  0  0  0  0  0  0  0  0  0  0  0
   20.9791   34.4837   58.0483 C   0  0  1  0  0  0  0  0  0  0  0  0
   20.5791   33.0837   58.5483 C   0  0  0  0  0  0  0  0  0  0  0  0
   20.5791   34.7837   56.5483 C   0  0  0  0  0  0  0  0  0  0  0  0
   19.3791   35.1837   56.2483 O   0  0  0  0  0  0  0  0  0  0  0  0
   21.5791   34.4837   55.4483 C   0  0  1  0  0  0  0  0  0  0  0  0
   22.8791   35.2837   55.6483 C   0  0  0  0  0  0  0  0  0  0  0  0
   24.0791   34.3837   55.1483 C   0  0  0  0  0  0  0  0  0  0  0  0
   23.6791   32.9837   55.5483 C   0  0  0  0  0  0  0  0  0  0  0  0
   22.1791   33.0837   55.5483 N   0  0  2  0  0  4  0  0  0  0  0  0
   21.4791   32.0837   54.5483 C   0  0  0  0  0  0  0  0  0  0  0  0
   21.1791   30.6837   55.0483 C   0  0  0  0  0  0  0  0  0  0  0  0
   20.0791   31.5837   54.7483 C   0  0  0  0  0  0  0  0  0  0  0  0
   21.1791   35.0837   54.2483 F   0  0  0  0  0  0  0  0  0  0  0  0
   21.1791   31.8837   57.7483 C   0  0  0  0  0  0  0  0  0  0  0  0
   22.4791   31.4837   57.9483 C   0  0  0  0  0  0  0  0  0  0  0  0
   22.9791   30.3837   57.2483 C   0  0  0  0  0  0  0  0  0  0  0  0
   22.0791   29.6837   56.4483 C   0  0  0  0  0  0  0  0  0  0  0  0
   20.7791   29.9837   56.3483 N   0  0  0  0  0  0  0  0  0  0  0  0
   20.2791   31.0837   56.9483 C   0  0  0  0  0  0  0  0  0  0  0  0
   20.4511   35.2380   59.9337 H   0  0  0  0  0  0  0  0  0  0  0  0
   20.6443   36.4284   58.7613 H   0  0  0  0  0  0  0  0  0  0  0  0
   22.0764   34.5516   58.0826 H   0  0  0  0  0  0  0  0  0  0  0  0
   20.9077   32.9913   59.5940 H   0  0  0  0  0  0  0  0  0  0  0  0
   19.4890   33.0177   58.4168 H   0  0  0  0  0  0  0  0  0  0  0  0
   22.8399   36.2146   55.0635 H   0  0  0  0  0  0  0  0  0  0  0  0
   23.0104   35.5468   56.7083 H   0  0  0  0  0  0  0  0  0  0  0  0
   24.1964   34.4599   54.0573 H   0  0  0  0  0  0  0  0  0  0  0  0
   25.0440   34.6875   55.5804 H   0  0  0  0  0  0  0  0  0  0  0  0
   24.0315   32.2416   54.8169 H   0  0  0  0  0  0  0  0  0  0  0  0
   24.1047   32.6546   56.5078 H   0  0  0  0  0  0  0  0  0  0  0  0
   21.9577   32.7857   56.5091 H   0  0  0  0  0  0  0  0  0  0  0  0
   22.0056   32.5606   53.7085 H   0  0  0  0  0  0  0  0  0  0  0  0
   21.3709   29.8168   54.3989 H   0  0  0  0  0  0  0  0  0  0  0  0
   21.4796   30.0948   55.9275 H   0  0  0  0  0  0  0  0  0  0  0  0
   19.4394   31.3903   53.8746 H   0  0  0  0  0  0  0  0  0  0  0  0
   19.2085   31.9465   55.3144 H   0  0  0  0  0  0  0  0  0  0  0  0
   23.1221   32.0274   58.6561 H   0  0  0  0  0  0  0  0  0  0  0  0
   24.0347   30.0840   57.3251 H   0  0  0  0  0  0  0  0  0  0  0  0
   22.4599   28.8333   55.8637 H   0  0  0  0  0  0  0  0  0  0  0  0
   19.2214   31.3628   56.8326 H   0  0  0  0  0  0  0  0  0  0  0  0
  2  1  1  0
  2  3  1  0
  2  4  1  0
  4  5  2  0
  6  7  1  0
  7  8  1  0
  8  9  1  0
  9 10  1  0
 10  6  1  0
  4  6  1  0
 11 12  1  0
 12 13  1  0
 13 11  1  0
 10 11  1  0
  6 14  1  6
 15 16  2  0
 16 17  1  0
 17 18  2  0
 18 19  1  0
 19 20  2  0
 20 15  1  0
  3 15  1  0
  1 21  1  0
  1 22  1  0
  2 23  1  6
  3 24  1  0
  3 25  1  0
  7 26  1  0
  7 27  1  0
  8 28  1  0
  8 29  1  0
  9 30  1  0
  9 31  1  0
 10 32  1  1
 11 33  1  0
 12 34  1  0
 12 35  1  0
 13 36  1  0
 13 37  1  0
 16 38  1  0
 17 39  1  0
 18 40  1  0
 20 41  1  0
M  CHG  1  10   1
M  END
"
3m2w_Lingo3DMolv2_438028,3m2w,"3m2w_Lingo3DMolv2_438028
     RDKit          3D

 41 44  0  0  0  0  0  0  0  0999 V2000
   39.0297    6.6712   12.5712 N   0  0  0  0  0  0  0  0  0  0  0  0
   40.0297    6.5712   13.6712 C   0  0  0  0  0  0  0  0  0  0  0  0
   39.1297    6.2712   14.8712 C   0  0  0  0  0  0  0  0  0  0  0  0
   37.8297    5.7712   14.3712 C   0  0  0  0  0  0  0  0  0  0  0  0
   36.8297    5.3712   15.2712 C   0  0  0  0  0  0  0  0  0  0  0  0
   37.0297    5.5712   16.6712 C   0  0  0  0  0  0  0  0  0  0  0  0
   38.2297    6.1712   17.1712 C   0  0  0  0  0  0  0  0  0  0  0  0
   39.2297    6.5712   16.2712 C   0  0  0  0  0  0  0  0  0  0  0  0
   40.3297    7.1712   16.7712 N   0  0  0  0  0  0  0  0  0  0  0  0
   41.5297    7.4712   16.2712 C   0  0  0  0  0  0  0  0  0  0  0  0
   42.2297    8.0712   17.2712 C   0  0  0  0  0  0  0  0  0  0  0  0
   41.5297    8.1712   18.3712 C   0  0  0  0  0  0  0  0  0  0  0  0
   40.2297    7.5712   18.1712 C   0  0  0  0  0  0  0  0  0  0  0  0
   39.1297    7.2712   18.8712 C   0  0  0  0  0  0  0  0  0  0  0  0
   38.0297    6.5712   18.3712 N   0  0  0  0  0  0  0  0  0  0  0  0
   37.9297    5.7712   12.9712 N   0  0  0  0  0  0  0  0  0  0  0  0
   36.8297    5.5712   12.0712 C   0  0  0  0  0  0  0  0  0  0  0  0
   39.0297    7.6712   20.3712 C   0  0  0  0  0  0  0  0  0  0  0  0
   39.8297    8.4712   20.8712 O   0  0  0  0  0  0  0  0  0  0  0  0
   38.0297    7.1712   20.9712 O   0  0  0  0  0  0  0  0  0  0  0  0
   37.8297    7.3712   22.3712 C   0  0  0  0  0  0  0  0  0  0  0  0
   37.0297    8.5712   22.5712 C   0  0  0  0  0  0  0  0  0  0  0  0
   37.2297    6.0712   22.9712 C   0  0  0  0  0  0  0  0  0  0  0  0
   38.6898    7.6390   12.4779 H   0  0  0  0  0  0  0  0  0  0  0  0
   40.7455    5.7555   13.4913 H   0  0  0  0  0  0  0  0  0  0  0  0
   40.6563    7.4672   13.7920 H   0  0  0  0  0  0  0  0  0  0  0  0
   35.9023    4.9088   14.9024 H   0  0  0  0  0  0  0  0  0  0  0  0
   36.2474    5.2585   17.3784 H   0  0  0  0  0  0  0  0  0  0  0  0
   41.8841    7.2720   15.2490 H   0  0  0  0  0  0  0  0  0  0  0  0
   43.2642    8.4305   17.1668 H   0  0  0  0  0  0  0  0  0  0  0  0
   41.8764    8.6394   19.3043 H   0  0  0  0  0  0  0  0  0  0  0  0
   35.9089    5.4038   12.6491 H   0  0  0  0  0  0  0  0  0  0  0  0
   36.7080    6.4619   11.4373 H   0  0  0  0  0  0  0  0  0  0  0  0
   37.0293    4.6946   11.4373 H   0  0  0  0  0  0  0  0  0  0  0  0
   38.7710    7.5524   22.9108 H   0  0  0  0  0  0  0  0  0  0  0  0
   36.9073    8.7549   23.6488 H   0  0  0  0  0  0  0  0  0  0  0  0
   37.5361    9.4309   22.1079 H   0  0  0  0  0  0  0  0  0  0  0  0
   36.0415    8.4345   22.1079 H   0  0  0  0  0  0  0  0  0  0  0  0
   37.2560    6.1281   24.0694 H   0  0  0  0  0  0  0  0  0  0  0  0
   36.1886    5.9586   22.6346 H   0  0  0  0  0  0  0  0  0  0  0  0
   37.8195    5.2058   22.6346 H   0  0  0  0  0  0  0  0  0  0  0  0
  1  2  1  0
  2  3  1  0
  3  4  2  0
  4  5  1  0
  5  6  2  0
  6  7  1  0
  7  8  2  0
  8  9  1  0
  9 10  1  0
 10 11  2  0
 11 12  1  0
 12 13  2  0
 13 14  1  0
 14 15  2  0
  4 16  1  0
 16  1  1  0
  8  3  1  0
 13  9  1  0
 15  7  1  0
 16 17  1  0
 18 19  2  0
 18 20  1  0
 20 21  1  0
 21 22  1  0
 21 23  1  0
 14 18  1  0
  1 24  1  0
  2 25  1  0
  2 26  1  0
  5 27  1  0
  6 28  1  0
 10 29  1  0
 11 30  1  0
 12 31  1  0
 17 32  1  0
 17 33  1  0
 17 34  1  0
 21 35  1  0
 22 36  1  0
 22 37  1  0
 22 38  1  0
 23 39  1  0
 23 40  1  0
 23 41  1  0
M  END
"
1q4x_Lingo3DMolv2_504030,1q4x,"1q4x_Lingo3DMolv2_504030
     RDKit          3D

 51 54  0  0  0  0  0  0  0  0999 V2000
   24.1706   17.7287   62.9519 O   0  0  0  0  0  0  0  0  0  0  0  0
   25.1706   17.4287   62.2519 C   0  0  0  0  0  0  0  0  0  0  0  0
   26.4706   17.9287   62.6519 C   0  0  0  0  0  0  0  0  0  0  0  0
   26.7706   18.7287   63.8519 C   0  0  0  0  0  0  0  0  0  0  0  0
   28.4706   19.0287   63.9519 S   0  0  0  0  0  0  0  0  0  0  0  0
   28.6706   18.1287   62.4519 C   0  0  0  0  0  0  0  0  0  0  0  0
   27.5706   17.6287   61.9519 N   0  0  0  0  0  0  0  0  0  0  0  0
   25.0706   16.3287   61.3519 C   0  0  1  0  0  0  0  0  0  0  0  0
   23.6706   16.1287   60.6519 C   0  0  0  0  0  0  0  0  0  0  0  0
   24.0706   15.3287   61.6519 O   0  0  0  0  0  0  0  0  0  0  0  0
   26.2706   15.4287   61.2519 N   0  0  0  0  0  0  0  0  0  0  0  0
   26.1706   14.1287   61.4519 C   0  0  0  0  0  0  0  0  0  0  0  0
   27.2706   13.2287   61.4519 C   0  0  0  0  0  0  0  0  0  0  0  0
   28.5706   13.8287   61.1519 C   0  0  0  0  0  0  0  0  0  0  0  0
   28.6706   15.1287   60.8519 N   0  0  0  0  0  0  0  0  0  0  0  0
   27.5706   15.9287   60.9519 C   0  0  0  0  0  0  0  0  0  0  0  0
   27.6706   17.1287   60.5519 O   0  0  0  0  0  0  0  0  0  0  0  0
   29.8706   13.0287   61.1519 C   0  0  0  0  0  0  0  0  0  0  0  0
   29.8706   11.8287   61.4519 O   0  0  0  0  0  0  0  0  0  0  0  0
   30.9706   13.7287   60.9519 N   0  0  0  0  0  0  0  0  0  0  0  0
   32.3706   13.1287   60.9519 C   0  0  1  0  0  0  0  0  0  0  0  0
   33.3706   14.2287   60.3519 C   0  0  0  0  0  0  0  0  0  0  0  0
   32.8706   12.5287   62.3519 C   0  0  0  0  0  0  0  0  0  0  0  0
   34.0706   12.6287   62.6519 N   0  0  0  0  0  0  0  0  0  0  0  0
   32.0706   12.1287   63.1519 O   0  0  0  0  0  0  0  0  0  0  0  0
   33.0706   14.7287   59.0519 N   0  0  0  0  0  0  0  0  0  0  0  0
   32.2706   15.9287   58.9519 C   0  0  0  0  0  0  0  0  0  0  0  0
   31.8706   16.4287   57.8519 C   0  0  0  0  0  0  0  0  0  0  0  0
   32.2706   15.8287   56.5519 C   0  0  0  0  0  0  0  0  0  0  0  0
   32.9706   14.7287   56.6519 C   0  0  0  0  0  0  0  0  0  0  0  0
   33.3706   14.1287   57.9519 C   0  0  0  0  0  0  0  0  0  0  0  0
   34.0706   13.1287   57.9519 O   0  0  0  0  0  0  0  0  0  0  0  0
   31.7706   16.4287   55.2519 C   0  0  0  0  0  0  0  0  0  0  0  0
   26.0235   19.0829   64.5773 H   0  0  0  0  0  0  0  0  0  0  0  0
   29.6506   17.9965   61.9700 H   0  0  0  0  0  0  0  0  0  0  0  0
   22.8615   16.8558   60.8146 H   0  0  0  0  0  0  0  0  0  0  0  0
   23.3231   15.9807   59.6188 H   0  0  0  0  0  0  0  0  0  0  0  0
   25.1680   13.7130   61.6308 H   0  0  0  0  0  0  0  0  0  0  0  0
   27.1527   12.1556   61.6628 H   0  0  0  0  0  0  0  0  0  0  0  0
   30.8773   14.7409   60.7859 H   0  0  0  0  0  0  0  0  0  0  0  0
   32.3496   12.2307   60.3170 H   0  0  0  0  0  0  0  0  0  0  0  0
   33.3785   15.0839   61.0437 H   0  0  0  0  0  0  0  0  0  0  0  0
   34.3362   13.7125   60.2460 H   0  0  0  0  0  0  0  0  0  0  0  0
   34.4111   12.2494   63.5470 H   0  0  0  0  0  0  0  0  0  0  0  0
   34.7262   13.0909   62.0058 H   0  0  0  0  0  0  0  0  0  0  0  0
   31.9903   16.4412   59.8840 H   0  0  0  0  0  0  0  0  0  0  0  0
   31.2207   17.3161   57.8633 H   0  0  0  0  0  0  0  0  0  0  0  0
   33.2795   14.2211   55.7262 H   0  0  0  0  0  0  0  0  0  0  0  0
   31.0806   17.2567   55.4717 H   0  0  0  0  0  0  0  0  0  0  0  0
   32.6243   16.8072   54.6706 H   0  0  0  0  0  0  0  0  0  0  0  0
   31.2443   15.6573   54.6706 H   0  0  0  0  0  0  0  0  0  0  0  0
  1  2  2  0
  3  4  2  0
  4  5  1  0
  5  6  1  0
  6  7  2  0
  7  3  1  0
  2  3  1  0
  8  9  1  0
  9 10  1  0
 10  8  1  0
  2  8  1  0
 11 12  1  0
 12 13  2  0
 13 14  1  0
 14 15  2  0
 15 16  1  0
 16 17  2  0
 16 11  1  0
  8 11  1  6
 18 19  2  0
 18 20  1  0
 20 21  1  0
 21 22  1  0
 21 23  1  0
 23 24  1  0
 23 25  2  0
 14 18  1  0
 26 27  1  0
 27 28  2  0
 28 29  1  0
 29 30  2  0
 30 31  1  0
 31 32  2  0
 31 26  1  0
 22 26  1  0
 29 33  1  0
  4 34  1  0
  6 35  1  0
  9 36  1  0
  9 37  1  0
 12 38  1  0
 13 39  1  0
 20 40  1  0
 21 41  1  6
 22 42  1  0
 22 43  1  0
 24 44  1  0
 24 45  1  0
 27 46  1  0
 28 47  1  0
 30 48  1  0
 33 49  1  0
 33 50  1  0
 33 51  1  0
M  END
"
3f9m_Lingo3DMolv2_1174383,3f9m,"3f9m_Lingo3DMolv2_1174383
     RDKit          3D

 38 40  0  0  0  0  0  0  0  0999 V2000
   -8.9297    2.0079   21.2101 N   0  0  0  0  0  0  0  0  0  0  0  0
   -9.5297    0.8079   20.9101 C   0  0  0  0  0  0  0  0  0  0  0  0
  -10.6297    0.5079   21.7101 N   0  0  0  0  0  0  0  0  0  0  0  0
  -10.4297   -0.5921   22.5101 N   0  0  0  0  0  0  0  0  0  0  0  0
   -9.3297   -1.2921   22.5101 C   0  0  0  0  0  0  0  0  0  0  0  0
   -8.3297   -1.0921   21.5101 C   0  0  0  0  0  0  0  0  0  0  0  0
   -8.6297   -0.2921   20.5101 C   0  0  0  0  0  0  0  0  0  0  0  0
   -7.5297    0.0079   19.2101 Cl  0  0  0  0  0  0  0  0  0  0  0  0
   -7.3297   -2.1921   21.4101 C   0  0  2  0  0  0  0  0  0  0  0  0
   -8.0297   -3.6921   20.9101 Cl  0  0  0  0  0  0  0  0  0  0  0  0
   -6.8297   -2.5921   22.6101 F   0  0  0  0  0  0  0  0  0  0  0  0
   -9.0297    3.1079   20.4101 C   0  0  0  0  0  0  0  0  0  0  0  0
   -8.3297    3.1079   19.2101 N   0  0  0  0  0  0  0  0  0  0  0  0
   -8.4297    4.2079   18.5101 C   0  0  0  0  0  0  0  0  0  0  0  0
   -9.1297    5.3079   18.8101 C   0  0  0  0  0  0  0  0  0  0  0  0
   -9.8297    5.3079   20.0101 C   0  0  0  0  0  0  0  0  0  0  0  0
   -9.8297    4.2079   20.8101 N   0  0  0  0  0  0  0  0  0  0  0  0
  -10.5297    6.4079   20.4101 O   0  0  0  0  0  0  0  0  0  0  0  0
  -11.5297    6.4079   21.5101 C   0  0  1  0  0  0  0  0  0  0  0  0
  -12.8297    5.7079   21.0101 C   0  0  0  0  0  0  0  0  0  0  0  0
  -11.0297    5.7079   22.7101 O   0  0  0  0  0  0  0  0  0  0  0  0
  -11.8297    7.9079   21.8101 C   0  0  0  0  0  0  0  0  0  0  0  0
  -10.8297    8.8079   22.6101 C   0  0  0  0  0  0  0  0  0  0  0  0
  -12.1297    8.4079   23.2101 C   0  0  0  0  0  0  0  0  0  0  0  0
   -8.3799    2.0794   22.0782 H   0  0  0  0  0  0  0  0  0  0  0  0
   -9.1693   -2.0485   23.2925 H   0  0  0  0  0  0  0  0  0  0  0  0
   -6.5924   -1.7515   20.7229 H   0  0  0  0  0  0  0  0  0  0  0  0
   -7.8722    4.2316   17.5622 H   0  0  0  0  0  0  0  0  0  0  0  0
   -9.1501    6.1760   18.1349 H   0  0  0  0  0  0  0  0  0  0  0  0
  -13.4284    5.3856   21.8748 H   0  0  0  0  0  0  0  0  0  0  0  0
  -13.4148    6.4129   20.4014 H   0  0  0  0  0  0  0  0  0  0  0  0
  -12.5632    4.8313   20.4014 H   0  0  0  0  0  0  0  0  0  0  0  0
  -11.3589    6.1688   23.5221 H   0  0  0  0  0  0  0  0  0  0  0  0
  -12.3292    7.9533   20.8311 H   0  0  0  0  0  0  0  0  0  0  0  0
   -9.8910    8.3822   22.9943 H   0  0  0  0  0  0  0  0  0  0  0  0
  -10.3176    9.7632   22.4226 H   0  0  0  0  0  0  0  0  0  0  0  0
  -12.1435    7.6960   24.0486 H   0  0  0  0  0  0  0  0  0  0  0  0
  -12.9660    8.9665   23.6556 H   0  0  0  0  0  0  0  0  0  0  0  0
  2  3  2  0
  3  4  1  0
  4  5  2  0
  5  6  1  0
  6  7  2  0
  7  2  1  0
  1  2  1  0
  7  8  1  0
  9 10  1  0
  9 11  1  0
  6  9  1  0
 12 13  2  0
 13 14  1  0
 14 15  2  0
 15 16  1  0
 16 17  2  0
 17 12  1  0
  1 12  1  0
 19 18  1  6
 19 20  1  0
 19 21  1  0
 16 18  1  0
 22 23  1  0
 23 24  1  0
 24 22  1  0
 19 22  1  0
  1 25  1  0
  5 26  1  0
  9 27  1  6
 14 28  1  0
 15 29  1  0
 20 30  1  0
 20 31  1  0
 20 32  1  0
 21 33  1  0
 22 34  1  0
 23 35  1  0
 23 36  1  0
 24 37  1  0
 24 38  1  0
M  END
"
3g6z_Lingo3DMolv2_86240,3g6z,"3g6z_Lingo3DMolv2_86240
     RDKit          3D

 80 85  0  0  0  0  0  0  0  0999 V2000
    4.3964    4.5241    3.6904 O   0  0  0  0  0  0  0  0  0  0  0  0
    4.7964    5.6241    3.4904 C   0  0  0  0  0  0  0  0  0  0  0  0
    6.2964    5.8241    3.6904 C   0  0  0  0  0  0  0  0  0  0  0  0
    7.0964    6.3241    2.4904 C   0  0  2  0  0  0  0  0  0  0  0  0
    8.5964    6.5241    2.9904 C   0  0  0  0  0  0  0  0  0  0  0  0
    8.6964    7.5241    4.0904 N   0  0  0  0  0  4  0  0  0  0  0  0
    8.0964    7.0241    5.3904 C   0  0  0  0  0  0  0  0  0  0  0  0
    6.6964    6.6241    5.1904 C   0  0  0  0  0  0  0  0  0  0  0  0
    6.6964    5.9241    1.0904 C   0  0  0  0  0  0  0  0  0  0  0  0
    5.3964    6.0241    0.6904 C   0  0  0  0  0  0  0  0  0  0  0  0
    4.9964    5.7241   -0.7096 C   0  0  0  0  0  0  0  0  0  0  0  0
    5.9964    5.4241   -1.6096 C   0  0  0  0  0  0  0  0  0  0  0  0
    7.2964    5.3241   -1.2096 C   0  0  0  0  0  0  0  0  0  0  0  0
    7.6964    5.5241    0.0904 C   0  0  0  0  0  0  0  0  0  0  0  0
    3.8964    6.7241    3.4904 N   0  0  0  0  0  0  0  0  0  0  0  0
    4.3964    8.0241    3.0904 C   0  0  2  0  0  0  0  0  0  0  0  0
    3.3964    9.1241    3.2904 C   0  0  0  0  0  0  0  0  0  0  0  0
    2.4964    9.0241    4.5904 C   0  0  0  0  0  0  0  0  0  0  0  0
    1.8964    7.6241    4.5904 C   0  0  0  0  0  0  0  0  0  0  0  0
    0.5964    7.4241    5.2904 C   0  0  0  0  0  0  0  0  0  0  0  0
   -0.0036    6.2241    5.2904 C   0  0  0  0  0  0  0  0  0  0  0  0
    0.5964    5.1241    4.5904 C   0  0  0  0  0  0  0  0  0  0  0  0
    1.7964    5.3241    3.9904 C   0  0  0  0  0  0  0  0  0  0  0  0
    2.4964    6.5241    3.9904 C   0  0  0  0  0  0  0  0  0  0  0  0
   -0.0036    3.9241    4.4904 O   0  0  0  0  0  0  0  0  0  0  0  0
   -1.2036    3.7241    5.0904 C   0  0  0  0  0  0  0  0  0  0  0  0
    4.5964    8.3241    1.4904 C   0  0  0  0  0  0  0  0  0  0  0  0
    3.3964    7.9241    0.6904 C   0  0  0  0  0  0  0  0  0  0  0  0
    2.5964    6.8241    0.9904 C   0  0  0  0  0  0  0  0  0  0  0  0
    1.3964    6.6241    0.2904 C   0  0  0  0  0  0  0  0  0  0  0  0
    0.9964    7.5241   -0.8096 C   0  0  0  0  0  0  0  0  0  0  0  0
    1.9964    8.5241   -1.3096 C   0  0  0  0  0  0  0  0  0  0  0  0
    3.1964    8.5241   -0.6096 C   0  0  0  0  0  0  0  0  0  0  0  0
    1.7964    9.3241   -2.3096 O   0  0  0  0  0  0  0  0  0  0  0  0
    0.7964    9.1241   -3.4096 C   0  0  1  0  0  0  0  0  0  0  0  0
   -0.6036    9.5241   -2.8096 C   0  0  0  0  0  0  0  0  0  0  0  0
    1.2964    9.9241   -4.6096 C   0  0  0  0  0  0  0  0  0  0  0  0
    2.3964    9.3241   -5.5096 C   0  0  0  0  0  0  0  0  0  0  0  0
    2.6964   10.4241   -4.6096 C   0  0  0  0  0  0  0  0  0  0  0  0
    6.4281    6.5530    4.5037 H   0  0  0  0  0  0  0  0  0  0  0  0
    6.6926    4.8192    3.8984 H   0  0  0  0  0  0  0  0  0  0  0  0
    8.9800    5.5592    3.3534 H   0  0  0  0  0  0  0  0  0  0  0  0
    9.1876    6.8972    2.1412 H   0  0  0  0  0  0  0  0  0  0  0  0
    9.6905    7.7422    4.2485 H   0  0  0  0  0  0  0  0  0  0  0  0
    8.1652    8.3583    3.8025 H   0  0  0  0  0  0  0  0  0  0  0  0
    8.6733    6.1576    5.7458 H   0  0  0  0  0  0  0  0  0  0  0  0
    8.1324    7.8341    6.1338 H   0  0  0  0  0  0  0  0  0  0  0  0
    6.4240    5.6907    5.7048 H   0  0  0  0  0  0  0  0  0  0  0  0
    5.8873    7.2762    5.5514 H   0  0  0  0  0  0  0  0  0  0  0  0
    4.6300    6.3323    1.4168 H   0  0  0  0  0  0  0  0  0  0  0  0
    3.9401    5.7409   -1.0163 H   0  0  0  0  0  0  0  0  0  0  0  0
    5.7417    5.2627   -2.6675 H   0  0  0  0  0  0  0  0  0  0  0  0
    8.0592    5.0721   -1.9610 H   0  0  0  0  0  0  0  0  0  0  0  0
    8.7492    5.3868    0.3779 H   0  0  0  0  0  0  0  0  0  0  0  0
    5.3242    8.0041    3.6809 H   0  0  0  0  0  0  0  0  0  0  0  0
    3.9480   10.0747    3.3366 H   0  0  0  0  0  0  0  0  0  0  0  0
    2.6992    9.0454    2.4432 H   0  0  0  0  0  0  0  0  0  0  0  0
    3.1101    9.1751    5.4907 H   0  0  0  0  0  0  0  0  0  0  0  0
    1.7114    9.7947    4.5927 H   0  0  0  0  0  0  0  0  0  0  0  0
    0.1237    8.2690    5.8126 H   0  0  0  0  0  0  0  0  0  0  0  0
   -0.9540    6.0835    5.8261 H   0  0  0  0  0  0  0  0  0  0  0  0
    2.2497    4.4713    3.4639 H   0  0  0  0  0  0  0  0  0  0  0  0
   -1.0755    3.7455    6.1827 H   0  0  0  0  0  0  0  0  0  0  0  0
   -1.9019    4.5183    4.7876 H   0  0  0  0  0  0  0  0  0  0  0  0
   -1.6066    2.7464    4.7876 H   0  0  0  0  0  0  0  0  0  0  0  0
    4.7737    9.4006    1.3505 H   0  0  0  0  0  0  0  0  0  0  0  0
    5.4528    7.7305    1.1380 H   0  0  0  0  0  0  0  0  0  0  0  0
    2.9038    6.1148    1.7730 H   0  0  0  0  0  0  0  0  0  0  0  0
    0.7431    5.7830    0.5659 H   0  0  0  0  0  0  0  0  0  0  0  0
   -0.0093    7.4628   -1.2511 H   0  0  0  0  0  0  0  0  0  0  0  0
    4.0594    9.0179   -1.0799 H   0  0  0  0  0  0  0  0  0  0  0  0
    0.6776    8.0952   -3.7801 H   0  0  0  0  0  0  0  0  0  0  0  0
   -0.5497    9.5087   -1.7110 H   0  0  0  0  0  0  0  0  0  0  0  0
   -0.8728   10.5351   -3.1493 H   0  0  0  0  0  0  0  0  0  0  0  0
   -1.3663    8.8079   -3.1493 H   0  0  0  0  0  0  0  0  0  0  0  0
    0.2972   10.3582   -4.7622 H   0  0  0  0  0  0  0  0  0  0  0  0
    2.7910    8.3185   -5.3023 H   0  0  0  0  0  0  0  0  0  0  0  0
    2.5109    9.1442   -6.5887 H   0  0  0  0  0  0  0  0  0  0  0  0
    3.3342   10.2455   -3.7314 H   0  0  0  0  0  0  0  0  0  0  0  0
    3.1461   11.4179   -4.7510 H   0  0  0  0  0  0  0  0  0  0  0  0
  1  2  2  0
  2  3  1  0
  4  5  1  0
  5  6  1  0
  6  7  1  0
  7  8  1  0
  8  4  1  0
  4  3  1  1
  9 10  2  0
 10 11  1  0
 11 12  2  0
 12 13  1  0
 13 14  2  0
 14  9  1  0
  4  9  1  0
 15 16  1  0
 16 17  1  0
 17 18  1  0
 18 19  1  0
 19 20  2  0
 20 21  1  0
 21 22  2  0
 22 23  1  0
 23 24  2  0
 24 15  1  0
 24 19  1  0
  2 15  1  0
 25 26  1  0
 22 25  1  0
 16 27  1  0
 28 29  2  0
 29 30  1  0
 30 31  2  0
 31 32  1  0
 32 33  2  0
 33 28  1  0
 27 28  1  0
 34 35  1  0
 35 36  1  0
 32 34  1  0
 37 38  1  0
 38 39  1  0
 39 37  1  0
 35 37  1  0
  3 40  1  0
  3 41  1  0
  5 42  1  0
  5 43  1  0
  6 44  1  0
  6 45  1  0
  7 46  1  0
  7 47  1  0
  8 48  1  0
  8 49  1  0
 10 50  1  0
 11 51  1  0
 12 52  1  0
 13 53  1  0
 14 54  1  0
 16 55  1  1
 17 56  1  0
 17 57  1  0
 18 58  1  0
 18 59  1  0
 20 60  1  0
 21 61  1  0
 23 62  1  0
 26 63  1  0
 26 64  1  0
 26 65  1  0
 27 66  1  0
 27 67  1  0
 29 68  1  0
 30 69  1  0
 31 70  1  0
 33 71  1  0
 35 72  1  6
 36 73  1  0
 36 74  1  0
 36 75  1  0
 37 76  1  0
 38 77  1  0
 38 78  1  0
 39 79  1  0
 39 80  1  0
M  CHG  1   6   1
M  END
"
1njs_Lingo3DMolv2_1175091,1njs,"1njs_Lingo3DMolv2_1175091
     RDKit          3D

 15 16  0  0  0  0  0  0  0  0999 V2000
   51.7990   53.0879   33.2741 O   0  0  0  0  0  0  0  0  0  0  0  0
   52.6990   53.7879   34.1741 C   0  0  0  0  0  0  0  0  0  0  0  0
   52.1990   54.7879   35.0741 C   0  0  0  0  0  0  0  0  0  0  0  0
   53.0990   55.4879   35.8741 C   0  0  0  0  0  0  0  0  0  0  0  0
   54.3990   55.2879   35.7741 C   0  0  0  0  0  0  0  0  0  0  0  0
   54.8990   54.3879   34.7741 N   0  0  0  0  0  0  0  0  0  0  0  0
   53.9990   53.7879   34.0741 C   0  0  0  0  0  0  0  0  0  0  0  0
   54.3990   52.8879   33.0741 N   0  0  0  0  0  0  0  0  0  0  0  0
   53.5990   52.1879   32.1741 C   0  0  0  0  0  0  0  0  0  0  0  0
   54.0990   51.3879   31.3741 O   0  0  0  0  0  0  0  0  0  0  0  0
   52.2990   52.4879   32.1741 N   0  0  0  0  0  2  0  0  0  0  0  0
   51.1208   54.9984   35.1312 H   0  0  0  0  0  0  0  0  0  0  0  0
   52.7192   56.2201   36.6018 H   0  0  0  0  0  0  0  0  0  0  0  0
   55.0938   55.8064   36.4512 H   0  0  0  0  0  0  0  0  0  0  0  0
   55.4129   52.7243   32.9959 H   0  0  0  0  0  0  0  0  0  0  0  0
  1  2  1  0
  2  3  2  0
  3  4  1  0
  4  5  2  0
  5  6  1  0
  6  7  2  0
  7  8  1  0
  8  9  1  0
  9 10  2  0
  9 11  1  0
 11  1  1  0
  7  2  1  0
  3 12  1  0
  4 13  1  0
  5 14  1  0
  8 15  1  0
M  CHG  1  11  -1
M  END
"
3g0e_Lingo3DMolv2_540729,3g0e,"3g0e_Lingo3DMolv2_540729
     RDKit          3D

 37 39  0  0  0  0  0  0  0  0999 V2000
   32.6185   -5.3757  -78.2804 N   0  0  0  0  0  0  0  0  0  0  0  0
   33.2185   -6.4757  -78.4804 N   0  0  0  0  0  0  0  0  0  0  0  0
   34.5185   -6.3757  -78.7804 C   0  0  0  0  0  0  0  0  0  0  0  0
   34.7185   -4.9757  -78.7804 C   0  0  0  0  0  0  0  0  0  0  0  0
   33.5185   -4.3757  -78.3804 C   0  0  0  0  0  0  0  0  0  0  0  0
   33.3185   -2.9757  -78.1804 C   0  0  0  0  0  0  0  0  0  0  0  0
   31.8185   -2.3757  -77.9804 S   0  0  0  0  0  0  0  0  0  0  0  0
   32.4185   -0.6757  -77.8804 C   0  0  0  0  0  0  0  0  0  0  0  0
   33.8185   -0.7757  -77.9804 N   0  0  0  0  0  4  0  0  0  0  0  0
   34.3185   -2.0757  -78.1804 C   0  0  0  0  0  0  0  0  0  0  0  0
   35.6185   -2.1757  -78.3804 F   0  0  0  0  0  0  0  0  0  0  0  0
   34.7185    0.4243  -77.9804 C   0  0  0  0  0  0  0  0  0  0  0  0
   35.0185    0.9243  -79.3804 C   0  0  0  0  0  0  0  0  0  0  0  0
   31.6185    0.4243  -77.6804 N   0  0  0  0  0  0  0  0  0  0  0  0
   30.2185    0.3243  -77.3804 C   0  0  0  0  0  0  0  0  0  0  0  0
   32.1185    1.6243  -77.0804 C   0  0  0  0  0  0  0  0  0  0  0  0
   35.4185   -7.5757  -79.0804 N   0  0  0  0  0  4  0  0  0  0  0  0
   36.6185   -7.3757  -79.9804 C   0  0  0  0  0  0  0  0  0  0  0  0
   36.8185   -7.5757  -78.5804 C   0  0  0  0  0  0  0  0  0  0  0  0
   32.7373   -7.3841  -78.4161 H   0  0  0  0  0  0  0  0  0  0  0  0
   35.6488   -4.4526  -79.0466 H   0  0  0  0  0  0  0  0  0  0  0  0
   35.6661    0.1547  -77.4913 H   0  0  0  0  0  0  0  0  0  0  0  0
   34.2005    1.2310  -77.4408 H   0  0  0  0  0  0  0  0  0  0  0  0
   35.5836    1.8662  -79.3201 H   0  0  0  0  0  0  0  0  0  0  0  0
   35.6149    0.1727  -79.9182 H   0  0  0  0  0  0  0  0  0  0  0  0
   34.0746    1.0968  -79.9182 H   0  0  0  0  0  0  0  0  0  0  0  0
   30.0770    0.3142  -76.2896 H   0  0  0  0  0  0  0  0  0  0  0  0
   29.6887    1.1869  -77.8108 H   0  0  0  0  0  0  0  0  0  0  0  0
   29.8167   -0.6048  -77.8108 H   0  0  0  0  0  0  0  0  0  0  0  0
   32.0793    1.5305  -75.9851 H   0  0  0  0  0  0  0  0  0  0  0  0
   33.1591    1.7868  -77.3975 H   0  0  0  0  0  0  0  0  0  0  0  0
   31.5010    2.4777  -77.3975 H   0  0  0  0  0  0  0  0  0  0  0  0
   34.6147   -8.2183  -79.0367 H   0  0  0  0  0  0  0  0  0  0  0  0
   36.9063   -8.1624  -80.6932 H   0  0  0  0  0  0  0  0  0  0  0  0
   36.9238   -6.6052  -80.7036 H   0  0  0  0  0  0  0  0  0  0  0  0
   37.2680   -8.5146  -78.2248 H   0  0  0  0  0  0  0  0  0  0  0  0
   37.3488   -7.0134  -77.7977 H   0  0  0  0  0  0  0  0  0  0  0  0
  1  2  1  0
  2  3  1  0
  3  4  2  0
  4  5  1  0
  5  1  2  0
  6  7  1  0
  7  8  1  0
  8  9  2  0
  9 10  1  0
 10  6  2  0
  5  6  1  0
 10 11  1  0
 12 13  1  0
  9 12  1  0
 14 15  1  0
 14 16  1  0
  8 14  1  0
 17 18  1  0
 18 19  1  0
 19 17  1  0
  3 17  1  0
  2 20  1  0
  4 21  1  0
 12 22  1  0
 12 23  1  0
 13 24  1  0
 13 25  1  0
 13 26  1  0
 15 27  1  0
 15 28  1  0
 15 29  1  0
 16 30  1  0
 16 31  1  0
 16 32  1  0
 17 33  1  0
 18 34  1  0
 18 35  1  0
 19 36  1  0
 19 37  1  0
M  CHG  2   9   1  17   1
M  END
"
2p2i_Lingo3DMolv2_1202933,2p2i,"2p2i_Lingo3DMolv2_1202933
     RDKit          3D

 43 44  0  0  0  0  0  0  0  0999 V2000
   24.9512    4.6387   28.6559 O   0  0  0  0  0  0  0  0  0  0  0  0
   23.8512    4.3387   28.5559 C   0  0  0  0  0  0  0  0  0  0  0  0
   23.1512    4.4387   27.4559 N   0  0  0  0  0  0  0  0  0  0  0  0
   23.1512    3.8387   29.5559 N   0  0  0  0  0  0  0  0  0  0  0  0
   23.6512    3.6387   30.8559 C   0  0  0  0  0  0  0  0  0  0  0  0
   24.7512    4.2387   31.6559 C   0  0  0  0  0  0  0  0  0  0  0  0
   24.6512    3.6387   32.8559 C   0  0  0  0  0  0  0  0  0  0  0  0
   23.6512    2.7387   32.9559 N   0  0  0  0  0  0  0  0  0  0  0  0
   23.0512    2.8387   31.7559 N   0  0  0  0  0  0  0  0  0  0  0  0
   25.4512    3.8387   34.0559 C   0  0  0  0  0  0  0  0  0  0  0  0
   24.7512    3.7387   35.2559 O   0  0  0  0  0  0  0  0  0  0  0  0
   23.6512    4.7387   35.4559 C   0  0  0  0  0  0  0  0  0  0  0  0
   23.3512    5.5387   34.6559 O   0  0  0  0  0  0  0  0  0  0  0  0
   22.9512    4.4387   36.8559 C   0  0  1  0  0  0  0  0  0  0  0  0
   21.8512    5.5387   37.1559 C   0  0  0  0  0  0  0  0  0  0  0  0
   22.2512    3.0387   36.8559 C   0  0  0  0  0  0  0  0  0  0  0  0
   23.1512    1.8387   36.6559 C   0  0  0  0  0  0  0  0  0  0  0  0
   23.6512    4.2387   26.1559 C   0  0  0  0  0  0  0  0  0  0  0  0
   25.0512    3.9387   25.8559 C   0  0  0  0  0  0  0  0  0  0  0  0
   25.4512    3.7387   24.5559 C   0  0  0  0  0  0  0  0  0  0  0  0
   24.5512    3.8387   23.4559 C   0  0  0  0  0  0  0  0  0  0  0  0
   23.1512    4.0387   23.7559 C   0  0  0  0  0  0  0  0  0  0  0  0
   22.7512    4.2387   25.0559 C   0  0  0  0  0  0  0  0  0  0  0  0
   21.4512    4.5387   25.2559 F   0  0  0  0  0  0  0  0  0  0  0  0
   22.1549    4.6833   27.5484 H   0  0  0  0  0  0  0  0  0  0  0  0
   22.1720    3.5769   29.3727 H   0  0  0  0  0  0  0  0  0  0  0  0
   25.4801    4.9993   31.3392 H   0  0  0  0  0  0  0  0  0  0  0  0
   22.1815    2.3314   31.5385 H   0  0  0  0  0  0  0  0  0  0  0  0
   25.8976    4.8427   34.0045 H   0  0  0  0  0  0  0  0  0  0  0  0
   26.1952    3.0286   34.0668 H   0  0  0  0  0  0  0  0  0  0  0  0
   23.7363    4.4520   37.6263 H   0  0  0  0  0  0  0  0  0  0  0  0
   21.7354    5.6545   38.2437 H   0  0  0  0  0  0  0  0  0  0  0  0
   22.1622    6.4978   36.7162 H   0  0  0  0  0  0  0  0  0  0  0  0
   20.8921    5.2277   36.7162 H   0  0  0  0  0  0  0  0  0  0  0  0
   21.7425    2.9185   37.8238 H   0  0  0  0  0  0  0  0  0  0  0  0
   21.5773    3.0479   35.9865 H   0  0  0  0  0  0  0  0  0  0  0  0
   23.4515    1.4383   37.6355 H   0  0  0  0  0  0  0  0  0  0  0  0
   22.6096    1.0639   36.0935 H   0  0  0  0  0  0  0  0  0  0  0  0
   24.0466    2.1417   36.0935 H   0  0  0  0  0  0  0  0  0  0  0  0
   25.7855    3.8730   26.6723 H   0  0  0  0  0  0  0  0  0  0  0  0
   26.5048    3.4925   24.3577 H   0  0  0  0  0  0  0  0  0  0  0  0
   24.9080    3.7665   22.4179 H   0  0  0  0  0  0  0  0  0  0  0  0
   22.4074    4.0309   22.9456 H   0  0  0  0  0  0  0  0  0  0  0  0
  1  2  2  0
  2  3  1  0
  2  4  1  0
  5  6  2  0
  6  7  1  0
  7  8  2  0
  8  9  1  0
  9  5  1  0
  4  5  1  0
 10 11  1  0
 11 12  1  0
 12 13  2  0
 12 14  1  0
 14 15  1  0
 14 16  1  0
 16 17  1  0
  7 10  1  0
 18 19  2  0
 19 20  1  0
 20 21  2  0
 21 22  1  0
 22 23  2  0
 23 18  1  0
  3 18  1  0
 23 24  1  0
  3 25  1  0
  4 26  1  0
  6 27  1  0
  9 28  1  0
 10 29  1  0
 10 30  1  0
 14 31  1  1
 15 32  1  0
 15 33  1  0
 15 34  1  0
 16 35  1  0
 16 36  1  0
 17 37  1  0
 17 38  1  0
 17 39  1  0
 19 40  1  0
 20 41  1  0
 21 42  1  0
 22 43  1  0
M  END
"
3g0e_Lingo3DMolv2_605101,3g0e,"3g0e_Lingo3DMolv2_605101
     RDKit          3D

 30 32  0  0  0  0  0  0  0  0999 V2000
   31.8185   -1.1757  -78.1804 N   0  0  0  0  0  0  0  0  0  0  0  0
   30.8185   -0.1757  -77.7804 C   0  0  0  0  0  0  0  0  0  0  0  0
   30.9185    0.9243  -78.2804 N   0  0  0  0  0  0  0  0  0  0  0  0
   29.9185   -0.4757  -77.0804 O   0  0  0  0  0  0  0  0  0  0  0  0
   31.7185   -2.4757  -77.7804 C   0  0  0  0  0  0  0  0  0  0  0  0
   30.5185   -3.0757  -77.7804 C   0  0  0  0  0  0  0  0  0  0  0  0
   30.5185   -4.4757  -77.7804 C   0  0  0  0  0  0  0  0  0  0  0  0
   31.7185   -5.1757  -77.8804 N   0  0  0  0  0  0  0  0  0  0  0  0
   32.9185   -4.5757  -77.9804 C   0  0  0  0  0  0  0  0  0  0  0  0
   32.9185   -3.1757  -77.9804 C   0  0  0  0  0  0  0  0  0  0  0  0
   34.1185   -5.3757  -78.2804 C   0  0  0  0  0  0  0  0  0  0  0  0
   34.2185   -6.7757  -78.6804 C   0  0  0  0  0  0  0  0  0  0  0  0
   35.5185   -7.0757  -78.9804 C   0  0  0  0  0  0  0  0  0  0  0  0
   36.2185   -8.2757  -79.3804 C   0  0  0  0  0  0  0  0  0  0  0  0
   37.5185   -8.1757  -79.6804 C   0  0  0  0  0  0  0  0  0  0  0  0
   38.2185   -6.9757  -79.5804 C   0  0  0  0  0  0  0  0  0  0  0  0
   37.6185   -5.7757  -79.2804 N   0  0  0  0  0  0  0  0  0  0  0  0
   36.3185   -5.8757  -78.9804 C   0  0  0  0  0  0  0  0  0  0  0  0
   35.4185   -4.8757  -78.5804 N   0  0  0  0  0  0  0  0  0  0  0  0
   32.6099   -0.8892  -78.7741 H   0  0  0  0  0  0  0  0  0  0  0  0
   30.2447    1.6642  -78.0362 H   0  0  0  0  0  0  0  0  0  0  0  0
   31.6771    1.1190  -78.9493 H   0  0  0  0  0  0  0  0  0  0  0  0
   29.5827   -2.4974  -77.7804 H   0  0  0  0  0  0  0  0  0  0  0  0
   29.5683   -5.0242  -77.7012 H   0  0  0  0  0  0  0  0  0  0  0  0
   33.8577   -2.6250  -78.1369 H   0  0  0  0  0  0  0  0  0  0  0  0
   33.3766   -7.4818  -78.7326 H   0  0  0  0  0  0  0  0  0  0  0  0
   35.6974   -9.2428  -79.4364 H   0  0  0  0  0  0  0  0  0  0  0  0
   38.0545   -9.0747  -80.0186 H   0  0  0  0  0  0  0  0  0  0  0  0
   39.3052   -6.9888  -79.7498 H   0  0  0  0  0  0  0  0  0  0  0  0
   35.6724   -3.8799  -78.5107 H   0  0  0  0  0  0  0  0  0  0  0  0
  1  2  1  0
  2  3  1  0
  2  4  2  0
  5  6  2  0
  6  7  1  0
  7  8  2  0
  8  9  1  0
  9 10  2  0
 10  5  1  0
  1  5  1  0
 11 12  2  0
 12 13  1  0
 13 14  2  0
 14 15  1  0
 15 16  2  0
 16 17  1  0
 17 18  2  0
 18 19  1  0
 19 11  1  0
 18 13  1  0
  9 11  1  0
  1 20  1  0
  3 21  1  0
  3 22  1  0
  6 23  1  0
  7 24  1  0
 10 25  1  0
 12 26  1  0
 14 27  1  0
 15 28  1  0
 16 29  1  0
 19 30  1  0
M  END
"
3f9m_Lingo3DMolv2_568246,3f9m,"3f9m_Lingo3DMolv2_568246
     RDKit          3D

 35 36  0  0  0  0  0  0  0  0999 V2000
   -9.1297    5.8079   21.8101 O   0  0  0  0  0  0  0  0  0  0  0  0
  -10.4297    6.0079   21.4101 C   0  0  0  0  0  0  0  0  0  0  0  0
  -11.0297    7.3079   21.7101 C   0  0  0  0  0  0  0  0  0  0  0  0
  -12.3297    7.6079   21.2101 C   0  0  0  0  0  0  0  0  0  0  0  0
  -12.9297    6.7079   20.4101 C   0  0  0  0  0  0  0  0  0  0  0  0
  -12.4297    5.4079   20.2101 C   0  0  0  0  0  0  0  0  0  0  0  0
  -11.1297    5.1079   20.7101 C   0  0  0  0  0  0  0  0  0  0  0  0
  -10.6297    3.8079   20.5101 N   0  0  0  0  0  0  0  0  0  0  0  0
   -9.5297    3.3079   19.9101 C   0  0  0  0  0  0  0  0  0  0  0  0
   -8.8297    4.0079   19.0101 C   0  0  0  0  0  0  0  0  0  0  0  0
   -7.8297    3.4079   18.3101 N   0  0  0  0  0  0  0  0  0  0  0  0
   -7.5297    2.1079   18.4101 C   0  0  0  0  0  0  0  0  0  0  0  0
   -8.1297    1.3079   19.4101 C   0  0  0  0  0  0  0  0  0  0  0  0
   -9.1297    1.9079   20.3101 C   0  0  0  0  0  0  0  0  0  0  0  0
   -9.7297    1.3079   21.2101 O   0  0  0  0  0  0  0  0  0  0  0  0
   -7.8297    0.0079   19.5101 O   0  0  0  0  0  0  0  0  0  0  0  0
   -8.4297   -0.8921   20.5101 C   0  0  0  0  0  0  0  0  0  0  0  0
   -7.8297   -2.2921   20.4101 C   0  0  0  0  0  0  0  0  0  0  0  0
   -8.1297   -0.3921   22.0101 C   0  0  0  0  0  0  0  0  0  0  0  0
  -14.1297    7.0079   19.9101 F   0  0  0  0  0  0  0  0  0  0  0  0
  -12.8297    8.8079   21.5101 F   0  0  0  0  0  0  0  0  0  0  0  0
  -10.3297    8.2079   22.5101 F   0  0  0  0  0  0  0  0  0  0  0  0
   -8.6832    4.9433   21.6281 H   0  0  0  0  0  0  0  0  0  0  0  0
  -13.0243    4.6466   19.6839 H   0  0  0  0  0  0  0  0  0  0  0  0
  -11.2367    3.0779   20.9094 H   0  0  0  0  0  0  0  0  0  0  0  0
   -9.0629    5.0688   18.8363 H   0  0  0  0  0  0  0  0  0  0  0  0
   -7.2718    3.9872   17.6666 H   0  0  0  0  0  0  0  0  0  0  0  0
   -6.8110    1.6580   17.7093 H   0  0  0  0  0  0  0  0  0  0  0  0
   -9.5103   -0.8970   20.3046 H   0  0  0  0  0  0  0  0  0  0  0  0
   -7.6588   -2.6908   21.4210 H   0  0  0  0  0  0  0  0  0  0  0  0
   -8.5245   -2.9510   19.8687 H   0  0  0  0  0  0  0  0  0  0  0  0
   -6.8734   -2.2434   19.8687 H   0  0  0  0  0  0  0  0  0  0  0  0
   -8.5587   -1.1070   22.7276 H   0  0  0  0  0  0  0  0  0  0  0  0
   -7.0425   -0.3258   22.1640 H   0  0  0  0  0  0  0  0  0  0  0  0
   -8.5828    0.5984   22.1640 H   0  0  0  0  0  0  0  0  0  0  0  0
  2  3  2  0
  3  4  1  0
  4  5  2  0
  5  6  1  0
  6  7  2  0
  7  2  1  0
  1  2  1  0
  7  8  1  0
  9 10  2  0
 10 11  1  0
 11 12  1  0
 12 13  2  0
 13 14  1  0
 14 15  2  0
 14  9  1  0
  8  9  1  0
 16 17  1  0
 17 18  1  0
 17 19  1  0
 13 16  1  0
  5 20  1  0
  4 21  1  0
  3 22  1  0
  1 23  1  0
  6 24  1  0
  8 25  1  0
 10 26  1  0
 11 27  1  0
 12 28  1  0
 17 29  1  0
 18 30  1  0
 18 31  1  0
 18 32  1  0
 19 33  1  0
 19 34  1  0
 19 35  1  0
M  END
"
2hv5_Lingo3DMolv2_1307855,2hv5,"2hv5_Lingo3DMolv2_1307855
     RDKit          3D

 34 35  0  0  0  0  0  0  0  0999 V2000
   16.3796   -6.5192   17.3517 N   0  0  0  0  0  0  0  0  0  0  0  0
   15.0796   -6.6192   18.0517 O   0  0  0  0  0  0  0  0  0  0  0  0
   14.6796   -7.9192   17.8517 C   0  0  0  0  0  0  0  0  0  0  0  0
   15.5796   -8.6192   17.1517 C   0  0  0  0  0  0  0  0  0  0  0  0
   15.6796   -9.9192   16.6517 C   0  0  0  0  0  0  0  0  0  0  0  0
   16.7796  -10.3192   15.9517 C   0  0  0  0  0  0  0  0  0  0  0  0
   17.7796   -9.4192   15.6517 C   0  0  0  0  0  0  0  0  0  0  0  0
   17.6796   -8.1192   16.0517 C   0  0  0  0  0  0  0  0  0  0  0  0
   16.5796   -7.7192   16.7517 C   0  0  0  0  0  0  0  0  0  0  0  0
   18.8796   -9.9192   14.8517 N   0  0  0  0  0  0  0  0  0  0  0  0
   19.7796   -9.2192   14.0517 C   0  0  0  0  0  0  0  0  0  0  0  0
   20.6796   -9.8192   13.4517 O   0  0  0  0  0  0  0  0  0  0  0  0
   19.6796   -7.7192   13.8517 C   0  0  0  0  0  0  0  0  0  0  0  0
   18.3796   -7.3192   13.3517 N   0  0  0  0  0  4  0  0  0  0  0  0
   18.1796   -6.3192   12.5517 C   0  0  0  0  0  0  0  0  0  0  0  0
   16.8796   -5.9192   11.9517 C   0  0  0  0  0  0  0  0  0  0  0  0
   15.8796   -6.4192   12.3517 O   0  0  0  0  0  0  0  0  0  0  0  0
   16.8796   -4.8192   10.9517 C   0  0  0  0  0  0  0  0  0  0  0  0
   15.6796   -4.6192   10.4517 O   0  0  0  0  0  0  0  0  0  0  0  0
   15.6796   -3.5192    9.5517 N   0  0  0  0  0  0  0  0  0  0  0  0
   14.6796   -3.3192    9.0517 C   0  0  0  0  0  0  0  0  0  0  0  0
   13.7314   -8.3348   18.2234 H   0  0  0  0  0  0  0  0  0  0  0  0
   14.8591  -10.6310   16.8250 H   0  0  0  0  0  0  0  0  0  0  0  0
   16.8693  -11.3656   15.6248 H   0  0  0  0  0  0  0  0  0  0  0  0
   18.4776   -7.4009   15.8123 H   0  0  0  0  0  0  0  0  0  0  0  0
   19.0156  -10.9398   14.8786 H   0  0  0  0  0  0  0  0  0  0  0  0
   19.8570   -7.2206   14.8161 H   0  0  0  0  0  0  0  0  0  0  0  0
   20.4330   -7.4270   13.1054 H   0  0  0  0  0  0  0  0  0  0  0  0
   17.5600   -7.8659   13.6521 H   0  0  0  0  0  0  0  0  0  0  0  0
   19.0562   -5.7076   12.2917 H   0  0  0  0  0  0  0  0  0  0  0  0
   17.2222   -3.8942   11.4386 H   0  0  0  0  0  0  0  0  0  0  0  0
   17.5523   -5.1024   10.1288 H   0  0  0  0  0  0  0  0  0  0  0  0
   14.5780   -2.4884    8.3379 H   0  0  0  0  0  0  0  0  0  0  0  0
   13.8127   -3.9562    9.2813 H   0  0  0  0  0  0  0  0  0  0  0  0
  1  2  1  0
  2  3  1  0
  3  4  2  0
  4  5  1  0
  5  6  2  0
  6  7  1  0
  7  8  2  0
  8  9  1  0
  9  1  2  0
  9  4  1  0
 10 11  1  0
 11 12  2  0
 11 13  1  0
 13 14  1  0
 14 15  2  0
 15 16  1  0
 16 17  2  0
 16 18  1  0
 18 19  1  0
 19 20  1  0
 20 21  2  0
  7 10  1  0
  3 22  1  0
  5 23  1  0
  6 24  1  0
  8 25  1  0
 10 26  1  0
 13 27  1  0
 13 28  1  0
 14 29  1  0
 15 30  1  0
 18 31  1  0
 18 32  1  0
 21 33  1  0
 21 34  1  0
M  CHG  1  14   1
M  END
"
3bz3_Lingo3DMolv2_999936,3bz3,"3bz3_Lingo3DMolv2_999936
     RDKit          3D

 23 23  0  0  0  0  0  0  0  0999 V2000
   11.6463   -1.3486    0.4918 O   0  0  0  0  0  0  0  0  0  0  0  0
   10.5463   -2.3486    0.5918 C   0  0  0  0  0  0  0  0  0  0  0  0
   12.2463   -1.1486    1.7918 C   0  0  0  0  0  0  0  0  0  0  0  0
   13.6463   -1.3486    1.6918 C   0  0  0  0  0  0  0  0  0  0  0  0
   14.4463   -1.2486    2.9918 C   0  0  0  0  0  0  0  0  0  0  0  0
   14.1463    0.0514    3.5918 N   0  0  0  0  0  0  0  0  0  0  0  0
   12.7463    0.3514    3.7918 C   0  0  0  0  0  0  0  0  0  0  0  0
   11.8463   -0.1486    2.4918 C   0  0  0  0  0  0  0  0  0  0  0  0
   15.0463    1.0514    3.4918 C   0  0  0  0  0  0  0  0  0  0  0  0
   14.9463    2.0514    4.0918 O   0  0  0  0  0  0  0  0  0  0  0  0
   10.3271   -2.5478    1.6511 H   0  0  0  0  0  0  0  0  0  0  0  0
    9.6457   -1.9535    0.0990 H   0  0  0  0  0  0  0  0  0  0  0  0
   10.8540   -3.2827    0.0990 H   0  0  0  0  0  0  0  0  0  0  0  0
   11.8393   -1.9268    2.4541 H   0  0  0  0  0  0  0  0  0  0  0  0
   13.8111   -2.3530    1.2747 H   0  0  0  0  0  0  0  0  0  0  0  0
   14.0129   -0.5252    1.0611 H   0  0  0  0  0  0  0  0  0  0  0  0
   14.1512   -2.0563    3.6778 H   0  0  0  0  0  0  0  0  0  0  0  0
   15.5239   -1.3449    2.7928 H   0  0  0  0  0  0  0  0  0  0  0  0
   12.3922   -0.1654    4.6959 H   0  0  0  0  0  0  0  0  0  0  0  0
   12.6310    1.4397    3.9033 H   0  0  0  0  0  0  0  0  0  0  0  0
   10.8473   -0.4051    2.8741 H   0  0  0  0  0  0  0  0  0  0  0  0
   11.9108    0.6981    1.7924 H   0  0  0  0  0  0  0  0  0  0  0  0
   15.9078    0.9219    2.8201 H   0  0  0  0  0  0  0  0  0  0  0  0
  1  2  1  0
  3  4  1  0
  4  5  1  0
  5  6  1  0
  6  7  1  0
  7  8  1  0
  8  3  1  0
  1  3  1  0
  9 10  2  0
  6  9  1  0
  2 11  1  0
  2 12  1  0
  2 13  1  0
  3 14  1  0
  4 15  1  0
  4 16  1  0
  5 17  1  0
  5 18  1  0
  7 19  1  0
  7 20  1  0
  8 21  1  0
  8 22  1  0
  9 23  1  0
M  END
"
3kl6_Lingo3DMolv2_1140987,3kl6,"3kl6_Lingo3DMolv2_1140987
     RDKit          3D

 61 63  0  0  0  0  0  0  0  0999 V2000
    3.1424   -9.2912  -14.6735 O   0  0  0  0  0  0  0  0  0  0  0  0
    2.6424  -10.0912  -15.7735 C   0  0  1  0  0  0  0  0  0  0  0  0
    1.2424  -10.6912  -15.3735 C   0  0  0  0  0  0  0  0  0  0  0  0
    0.2424  -10.0912  -15.7735 O   0  0  0  0  0  0  0  0  0  0  0  0
    2.7424   -9.2912  -17.0735 C   0  0  0  0  0  0  0  0  0  0  0  0
    2.2424   -9.6912  -18.1735 O   0  0  0  0  0  0  0  0  0  0  0  0
    3.8424   -7.8912  -17.2735 S   0  0  0  0  0  0  0  0  0  0  0  0
    4.7424   -7.7912  -15.6735 C   0  0  0  0  0  0  0  0  0  0  0  0
    5.3424   -6.3912  -15.3735 C   0  0  0  0  0  0  0  0  0  0  0  0
    4.8424   -5.2912  -15.8735 C   0  0  0  0  0  0  0  0  0  0  0  0
    5.3424   -3.9912  -15.4735 C   0  0  0  0  0  0  0  0  0  0  0  0
    6.3424   -3.9912  -14.4735 C   0  0  0  0  0  0  0  0  0  0  0  0
    6.7424   -5.1912  -13.8735 C   0  0  0  0  0  0  0  0  0  0  0  0
    6.2424   -6.4912  -14.3735 C   0  0  0  0  0  0  0  0  0  0  0  0
    6.9424   -2.5912  -13.8735 Cl  0  0  0  0  0  0  0  0  0  0  0  0
    1.1424  -11.7912  -14.5735 N   0  0  0  0  0  0  0  0  0  0  0  0
   -0.1576  -12.3912  -14.2735 C   0  0  0  0  0  0  0  0  0  0  0  0
   -0.6576  -11.7912  -12.9735 N   0  0  0  0  0  0  0  0  0  0  0  0
   -1.8576  -11.6912  -12.4735 C   0  0  0  0  0  0  0  0  0  0  0  0
   -1.8576  -11.0912  -11.2735 N   0  0  0  0  0  0  0  0  0  0  0  0
   -0.5576  -10.7912  -10.9735 C   0  0  0  0  0  0  0  0  0  0  0  0
    0.2424  -11.1912  -12.0735 C   0  0  0  0  0  0  0  0  0  0  0  0
    1.7424  -11.0912  -12.3735 C   0  0  0  0  0  0  0  0  0  0  0  0
    2.1424  -12.0912  -13.4735 C   0  0  1  0  0  0  0  0  0  0  0  0
    1.9424  -13.2912  -13.0735 F   0  0  0  0  0  0  0  0  0  0  0  0
   -0.1576  -10.1912   -9.6735 C   0  0  0  0  0  0  0  0  0  0  0  0
    1.2424   -9.9912   -9.5735 C   0  0  0  0  0  0  0  0  0  0  0  0
   -1.0576   -8.7912   -9.3735 C   0  0  0  0  0  0  0  0  0  0  0  0
   -0.5576  -11.1912   -8.4735 C   0  0  0  0  0  0  0  0  0  0  0  0
   -2.0576  -11.4912   -8.3735 N   0  0  0  0  0  4  0  0  0  0  0  0
   -2.3576  -12.8912   -7.8735 C   0  0  0  0  0  0  0  0  0  0  0  0
   -2.7576  -10.5912   -7.4735 C   0  0  0  0  0  0  0  0  0  0  0  0
    2.8808   -9.7099  -13.8154 H   0  0  0  0  0  0  0  0  0  0  0  0
    3.2555  -10.9803  -15.9826 H   0  0  0  0  0  0  0  0  0  0  0  0
    4.0413   -8.0476  -14.8656 H   0  0  0  0  0  0  0  0  0  0  0  0
    5.5874   -8.4925  -15.7391 H   0  0  0  0  0  0  0  0  0  0  0  0
    4.0282   -5.3538  -16.6105 H   0  0  0  0  0  0  0  0  0  0  0  0
    4.9664   -3.0595  -15.9212 H   0  0  0  0  0  0  0  0  0  0  0  0
    7.4365   -5.1675  -13.0204 H   0  0  0  0  0  0  0  0  0  0  0  0
    6.5761   -7.4565  -13.9648 H   0  0  0  0  0  0  0  0  0  0  0  0
   -0.8673  -12.1708  -15.0845 H   0  0  0  0  0  0  0  0  0  0  0  0
   -0.0640  -13.4834  -14.1811 H   0  0  0  0  0  0  0  0  0  0  0  0
   -2.7647  -12.0565  -12.9771 H   0  0  0  0  0  0  0  0  0  0  0  0
    1.9766  -10.0706  -12.7102 H   0  0  0  0  0  0  0  0  0  0  0  0
    2.3040  -11.3278  -11.4577 H   0  0  0  0  0  0  0  0  0  0  0  0
    3.1982  -12.0032  -13.7696 H   0  0  0  0  0  0  0  0  0  0  0  0
    1.5321   -9.9499   -8.5131 H   0  0  0  0  0  0  0  0  0  0  0  0
    1.7677  -10.8235  -10.0649 H   0  0  0  0  0  0  0  0  0  0  0  0
    1.5137   -9.0452  -10.0649 H   0  0  0  0  0  0  0  0  0  0  0  0
   -1.1532   -8.6425   -8.2878 H   0  0  0  0  0  0  0  0  0  0  0  0
   -0.5469   -7.9246   -9.8188 H   0  0  0  0  0  0  0  0  0  0  0  0
   -2.0579   -8.8960   -9.8188 H   0  0  0  0  0  0  0  0  0  0  0  0
   -0.0259  -12.1420   -8.6261 H   0  0  0  0  0  0  0  0  0  0  0  0
   -0.2747  -10.6877   -7.5373 H   0  0  0  0  0  0  0  0  0  0  0  0
   -2.3852  -11.3730   -9.3428 H   0  0  0  0  0  0  0  0  0  0  0  0
   -2.3585  -12.8954   -6.7735 H   0  0  0  0  0  0  0  0  0  0  0  0
   -3.3441  -13.2087   -8.2422 H   0  0  0  0  0  0  0  0  0  0  0  0
   -1.5877  -13.5851   -8.2422 H   0  0  0  0  0  0  0  0  0  0  0  0
   -2.5398  -10.8713   -6.4323 H   0  0  0  0  0  0  0  0  0  0  0  0
   -2.4226   -9.5591   -7.6533 H   0  0  0  0  0  0  0  0  0  0  0  0
   -3.8405  -10.6619   -7.6533 H   0  0  0  0  0  0  0  0  0  0  0  0
  2  1  1  0
  2  3  1  0
  3  4  2  0
  2  5  1  0
  5  6  2  0
  5  7  1  0
  7  8  1  0
  9 10  2  0
 10 11  1  0
 11 12  2  0
 12 13  1  0
 13 14  2  0
 14  9  1  0
  8  9  1  0
 12 15  1  0
 16 17  1  0
 17 18  1  0
 18 19  1  0
 19 20  2  0
 20 21  1  0
 21 22  2  0
 22 23  1  0
 23 24  1  0
 24 16  1  0
 22 18  1  0
  3 16  1  0
 24 25  1  0
 26 27  1  0
 26 28  1  0
 26 29  1  0
 29 30  1  0
 30 31  1  0
 30 32  1  0
 21 26  1  0
  1 33  1  0
  2 34  1  6
  8 35  1  0
  8 36  1  0
 10 37  1  0
 11 38  1  0
 13 39  1  0
 14 40  1  0
 17 41  1  0
 17 42  1  0
 19 43  1  0
 23 44  1  0
 23 45  1  0
 24 46  1  6
 27 47  1  0
 27 48  1  0
 27 49  1  0
 28 50  1  0
 28 51  1  0
 28 52  1  0
 29 53  1  0
 29 54  1  0
 30 55  1  0
 31 56  1  0
 31 57  1  0
 31 58  1  0
 32 59  1  0
 32 60  1  0
 32 61  1  0
M  CHG  1  30   1
M  END
"
3c4f_Lingo3DMolv2_405586,3c4f,"3c4f_Lingo3DMolv2_405586
     RDKit          3D

 41 44  0  0  0  0  0  0  0  0999 V2000
   66.9537    0.8462    8.3416 N   0  0  0  0  0  0  0  0  0  0  0  0
   67.4537    1.6462    9.3416 N   0  0  0  0  0  0  0  0  0  0  0  0
   66.8537    2.8462    9.4416 C   0  0  0  0  0  0  0  0  0  0  0  0
   65.8537    2.8462    8.4416 C   0  0  0  0  0  0  0  0  0  0  0  0
   65.9537    1.5462    7.7416 C   0  0  0  0  0  0  0  0  0  0  0  0
   65.1537    1.0462    6.6416 N   0  0  0  0  0  0  0  0  0  0  0  0
   64.3537    1.7462    5.8416 C   0  0  0  0  0  0  0  0  0  0  0  0
   63.8537    0.8462    4.9416 C   0  0  0  0  0  0  0  0  0  0  0  0
   64.4537   -0.3538    5.2416 C   0  0  0  0  0  0  0  0  0  0  0  0
   65.3537   -0.1538    6.2416 N   0  0  0  0  0  0  0  0  0  0  0  0
   67.2537    3.8462   10.4416 C   0  0  1  0  0  0  0  0  0  0  0  0
   66.1537    5.0462   10.7416 C   0  0  0  0  0  0  0  0  0  0  0  0
   66.6537    5.9462   11.9416 C   0  0  0  0  0  0  0  0  0  0  0  0
   67.0537    5.1462   13.2416 C   0  0  1  0  0  0  0  0  0  0  0  0
   68.1537    4.1462   12.8416 O   0  0  0  0  0  0  0  0  0  0  0  0
   68.0537    3.6462   11.6416 C   0  0  0  0  0  0  0  0  0  0  0  0
   67.5537    6.0462   14.3416 N   0  0  0  0  0  0  0  0  0  0  0  0
   67.2537    5.6462   15.6416 C   0  0  0  0  0  0  0  0  0  0  0  0
   67.6537    6.6462   16.6416 C   0  0  0  0  0  0  0  0  0  0  0  0
   67.4537    7.9462   16.2416 O   0  0  0  0  0  0  0  0  0  0  0  0
   68.2537    8.2462   15.0416 N   0  0  0  0  0  0  0  0  0  0  0  0
   68.2537    7.2462   13.9416 C   0  0  0  0  0  0  0  0  0  0  0  0
   69.1537    7.5462   12.6416 S   0  0  0  0  0  0  0  0  0  0  0  0
   68.2220    1.3520    9.9613 H   0  0  0  0  0  0  0  0  0  0  0  0
   65.1402    3.6552    8.2260 H   0  0  0  0  0  0  0  0  0  0  0  0
   64.1392    2.8239    5.8933 H   0  0  0  0  0  0  0  0  0  0  0  0
   63.1229    1.0419    4.1431 H   0  0  0  0  0  0  0  0  0  0  0  0
   64.2411   -1.3164    4.7536 H   0  0  0  0  0  0  0  0  0  0  0  0
   68.0824    4.0449    9.7461 H   0  0  0  0  0  0  0  0  0  0  0  0
   66.0385    5.6687    9.8420 H   0  0  0  0  0  0  0  0  0  0  0  0
   65.1868    4.5935   11.0065 H   0  0  0  0  0  0  0  0  0  0  0  0
   67.5341    6.5118   11.6024 H   0  0  0  0  0  0  0  0  0  0  0  0
   65.8074    6.5911   12.2208 H   0  0  0  0  0  0  0  0  0  0  0  0
   66.1637    4.6358   13.6384 H   0  0  0  0  0  0  0  0  0  0  0  0
   69.0753    3.7791   11.2561 H   0  0  0  0  0  0  0  0  0  0  0  0
   67.4472    2.7930   11.9796 H   0  0  0  0  0  0  0  0  0  0  0  0
   66.1686    5.4830   15.7195 H   0  0  0  0  0  0  0  0  0  0  0  0
   67.8157    4.7232   15.8467 H   0  0  0  0  0  0  0  0  0  0  0  0
   67.0702    6.4723   17.5577 H   0  0  0  0  0  0  0  0  0  0  0  0
   68.7354    6.5241   16.7996 H   0  0  0  0  0  0  0  0  0  0  0  0
   68.7948    9.1194   14.9672 H   0  0  0  0  0  0  0  0  0  0  0  0
  1  2  1  0
  2  3  1  0
  3  4  2  0
  4  5  1  0
  5  1  2  0
  6  7  1  0
  7  8  2  0
  8  9  1  0
  9 10  2  0
 10  6  1  0
  5  6  1  0
 11 12  1  0
 12 13  1  0
 13 14  1  0
 14 15  1  0
 15 16  1  0
 16 11  1  0
  3 11  1  0
 17 18  1  0
 18 19  1  0
 19 20  1  0
 20 21  1  0
 21 22  1  0
 22 23  2  0
 22 17  1  0
 14 17  1  0
  2 24  1  0
  4 25  1  0
  7 26  1  0
  8 27  1  0
  9 28  1  0
 11 29  1  6
 12 30  1  0
 12 31  1  0
 13 32  1  0
 13 33  1  0
 14 34  1  1
 16 35  1  0
 16 36  1  0
 18 37  1  0
 18 38  1  0
 19 39  1  0
 19 40  1  0
 21 41  1  0
M  END
"
1sj0_Lingo3DMolv2_1022085,1sj0,"1sj0_Lingo3DMolv2_1022085
     RDKit          3D

 64 67  0  0  0  0  0  0  0  0999 V2000
   35.7011    1.2654   26.9437 O   0  0  0  0  0  0  0  0  0  0  0  0
   34.9011    2.0654   27.8437 N   0  0  0  0  0  0  0  0  0  0  0  0
   33.8011    1.4654   28.2437 C   0  0  0  0  0  0  0  0  0  0  0  0
   33.8011    0.6654   29.3437 C   0  0  0  0  0  0  0  0  0  0  0  0
   32.6011   -0.0346   29.7437 C   0  0  0  0  0  0  0  0  0  0  0  0
   31.5011    0.1654   29.0437 C   0  0  0  0  0  0  0  0  0  0  0  0
   31.4011    1.0654   27.9437 C   0  0  0  0  0  0  0  0  0  0  0  0
   32.6011    1.6654   27.5437 C   0  0  0  0  0  0  0  0  0  0  0  0
   32.6011    2.5654   26.4437 F   0  0  0  0  0  0  0  0  0  0  0  0
   30.1011    1.2654   27.1437 C   0  0  0  0  0  0  0  0  0  0  0  0
   29.1011    0.1654   27.2437 C   0  0  0  0  0  0  0  0  0  0  0  0
   27.8011    0.5654   27.4437 O   0  0  0  0  0  0  0  0  0  0  0  0
   26.9011   -0.5346   27.5437 N   0  0  0  0  0  0  0  0  0  0  0  0
   27.7011   -1.6346   27.4437 C   0  0  0  0  0  0  0  0  0  0  0  0
   29.1011   -1.2346   27.2437 C   0  0  0  0  0  0  0  0  0  0  0  0
   30.2011   -2.1346   27.0437 C   0  0  0  0  0  0  0  0  0  0  0  0
   31.0011   -1.6346   26.0437 O   0  0  0  0  0  0  0  0  0  0  0  0
   32.0011   -2.3346   25.5437 C   0  0  0  0  0  0  0  0  0  0  0  0
   32.8011   -3.1346   26.2437 C   0  0  0  0  0  0  0  0  0  0  0  0
   33.9011   -3.8346   25.6437 C   0  0  0  0  0  0  0  0  0  0  0  0
   34.0011   -3.7346   24.3437 C   0  0  0  0  0  0  0  0  0  0  0  0
   33.2011   -3.0346   23.5437 C   0  0  0  0  0  0  0  0  0  0  0  0
   32.1011   -2.2346   24.1437 C   0  0  0  0  0  0  0  0  0  0  0  0
   33.3011   -2.8346   22.1437 O   0  0  0  0  0  0  0  0  0  0  0  0
   34.1011   -3.6346   21.4437 C   0  0  0  0  0  0  0  0  0  0  0  0
   34.1011   -3.3346   19.9437 C   0  0  0  0  0  0  0  0  0  0  0  0
   32.7011   -3.7346   19.2437 N   0  0  0  0  0  4  0  0  0  0  0  0
   32.9011   -3.6346   17.7437 C   0  0  0  0  0  0  0  0  0  0  0  0
   31.6011   -4.0346   17.0437 C   0  0  0  0  0  0  0  0  0  0  0  0
   30.5011   -3.1346   17.5437 C   0  0  0  0  0  0  0  0  0  0  0  0
   30.4011   -3.1346   18.9437 C   0  0  0  0  0  0  0  0  0  0  0  0
   31.7011   -2.8346   19.6437 C   0  0  0  0  0  0  0  0  0  0  0  0
   27.2011   -3.0346   27.5437 C   0  0  0  0  0  0  0  0  0  0  0  0
   36.2946    0.6719   27.4687 H   0  0  0  0  0  0  0  0  0  0  0  0
   35.1671    3.0144   28.1430 H   0  0  0  0  0  0  0  0  0  0  0  0
   34.7221    0.5500   29.9340 H   0  0  0  0  0  0  0  0  0  0  0  0
   32.6052   -0.7152   30.6079 H   0  0  0  0  0  0  0  0  0  0  0  0
   30.6014   -0.4001   29.3280 H   0  0  0  0  0  0  0  0  0  0  0  0
   29.6233    2.1891   27.5020 H   0  0  0  0  0  0  0  0  0  0  0  0
   30.4035    1.2983   26.0866 H   0  0  0  0  0  0  0  0  0  0  0  0
   29.8212   -3.1254   26.7538 H   0  0  0  0  0  0  0  0  0  0  0  0
   30.7799   -2.2330   27.9739 H   0  0  0  0  0  0  0  0  0  0  0  0
   32.6130   -3.2641   27.3197 H   0  0  0  0  0  0  0  0  0  0  0  0
   34.6162   -4.4194   26.2408 H   0  0  0  0  0  0  0  0  0  0  0  0
   34.8265   -4.2822   23.8653 H   0  0  0  0  0  0  0  0  0  0  0  0
   31.4204   -1.6146   23.5419 H   0  0  0  0  0  0  0  0  0  0  0  0
   35.1274   -3.5189   21.8222 H   0  0  0  0  0  0  0  0  0  0  0  0
   33.7241   -4.6604   21.5691 H   0  0  0  0  0  0  0  0  0  0  0  0
   34.2761   -2.2586   19.7972 H   0  0  0  0  0  0  0  0  0  0  0  0
   34.8963   -3.9354   19.4782 H   0  0  0  0  0  0  0  0  0  0  0  0
   32.4159   -4.6868   19.5138 H   0  0  0  0  0  0  0  0  0  0  0  0
   33.1629   -2.6008   17.4740 H   0  0  0  0  0  0  0  0  0  0  0  0
   33.7151   -4.3049   17.4303 H   0  0  0  0  0  0  0  0  0  0  0  0
   31.7126   -3.9172   15.9557 H   0  0  0  0  0  0  0  0  0  0  0  0
   31.3604   -5.0857   17.2610 H   0  0  0  0  0  0  0  0  0  0  0  0
   30.7037   -2.1080   17.2045 H   0  0  0  0  0  0  0  0  0  0  0  0
   29.5503   -3.5135   17.1408 H   0  0  0  0  0  0  0  0  0  0  0  0
   29.6639   -2.3736   19.2392 H   0  0  0  0  0  0  0  0  0  0  0  0
   30.1006   -4.1491   19.2445 H   0  0  0  0  0  0  0  0  0  0  0  0
   32.0168   -1.8107   19.3950 H   0  0  0  0  0  0  0  0  0  0  0  0
   31.5492   -2.9353   20.7285 H   0  0  0  0  0  0  0  0  0  0  0  0
   27.1015   -3.3136   28.6031 H   0  0  0  0  0  0  0  0  0  0  0  0
   26.2205   -3.1099   27.0509 H   0  0  0  0  0  0  0  0  0  0  0  0
   27.9122   -3.7140   27.0509 H   0  0  0  0  0  0  0  0  0  0  0  0
  1  2  1  0
  3  4  2  0
  4  5  1  0
  5  6  2  0
  6  7  1  0
  7  8  2  0
  8  3  1  0
  2  3  1  0
  8  9  1  0
  7 10  1  0
 11 12  1  0
 12 13  1  0
 13 14  2  0
 14 15  1  0
 15 11  2  0
 10 11  1  0
 16 17  1  0
 15 16  1  0
 18 19  2  0
 19 20  1  0
 20 21  2  0
 21 22  1  0
 22 23  2  0
 23 18  1  0
 17 18  1  0
 24 25  1  0
 25 26  1  0
 22 24  1  0
 27 28  1  0
 28 29  1  0
 29 30  1  0
 30 31  1  0
 31 32  1  0
 32 27  1  0
 26 27  1  0
 14 33  1  0
  1 34  1  0
  2 35  1  0
  4 36  1  0
  5 37  1  0
  6 38  1  0
 10 39  1  0
 10 40  1  0
 16 41  1  0
 16 42  1  0
 19 43  1  0
 20 44  1  0
 21 45  1  0
 23 46  1  0
 25 47  1  0
 25 48  1  0
 26 49  1  0
 26 50  1  0
 27 51  1  0
 28 52  1  0
 28 53  1  0
 29 54  1  0
 29 55  1  0
 30 56  1  0
 30 57  1  0
 31 58  1  0
 31 59  1  0
 32 60  1  0
 32 61  1  0
 33 62  1  0
 33 63  1  0
 33 64  1  0
M  CHG  1  27   1
M  END
"
3frj_Lingo3DMolv2_355141,3frj,"3frj_Lingo3DMolv2_355141
     RDKit          3D

 33 35  0  0  0  0  0  0  0  0999 V2000
   52.5835   19.3713   40.8276 O   0  0  0  0  0  0  0  0  0  0  0  0
   51.9835   18.3713   39.9276 C   0  0  0  0  0  0  0  0  0  0  0  0
   53.0835   20.4713   40.3276 C   0  0  0  0  0  0  0  0  0  0  0  0
   53.6835   20.4713   39.0276 N   0  0  0  0  0  0  0  0  0  0  0  0
   54.1835   21.6713   38.5276 C   0  0  0  0  0  0  0  0  0  0  0  0
   54.0835   22.8713   39.2276 C   0  0  0  0  0  0  0  0  0  0  0  0
   53.4835   22.8713   40.5276 C   0  0  0  0  0  0  0  0  0  0  0  0
   52.9835   21.6713   41.0276 C   0  0  0  0  0  0  0  0  0  0  0  0
   52.3835   21.6713   42.2276 O   0  0  0  0  0  0  0  0  0  0  0  0
   50.9835   22.0713   42.2276 C   0  0  0  0  0  0  0  0  0  0  0  0
   53.3835   24.1713   41.2276 N   0  0  0  0  0  0  0  0  0  0  0  0
   53.7835   24.3713   42.4276 C   0  0  0  0  0  0  0  0  0  0  0  0
   53.4835   25.7713   42.7276 C   0  0  0  0  0  0  0  0  0  0  0  0
   52.8835   26.2713   41.6276 C   0  0  0  0  0  0  0  0  0  0  0  0
   52.3835   27.5713   41.2276 C   0  0  0  0  0  0  0  0  0  0  0  0
   51.7835   27.7713   39.9276 C   0  0  0  0  0  0  0  0  0  0  0  0
   51.6835   26.6713   39.0276 C   0  0  0  0  0  0  0  0  0  0  0  0
   52.1835   25.4713   39.3276 C   0  0  0  0  0  0  0  0  0  0  0  0
   52.7835   25.1713   40.6276 C   0  0  0  0  0  0  0  0  0  0  0  0
   52.0835   24.4713   38.4276 F   0  0  0  0  0  0  0  0  0  0  0  0
   52.3835   28.5713   42.1276 F   0  0  0  0  0  0  0  0  0  0  0  0
   51.5082   17.5791   40.5246 H   0  0  0  0  0  0  0  0  0  0  0  0
   51.2270   18.8562   39.2931 H   0  0  0  0  0  0  0  0  0  0  0  0
   52.7673   17.9320   39.2931 H   0  0  0  0  0  0  0  0  0  0  0  0
   54.6755   21.6713   37.5437 H   0  0  0  0  0  0  0  0  0  0  0  0
   54.4604   23.8064   38.7876 H   0  0  0  0  0  0  0  0  0  0  0  0
   50.6310   22.1721   43.2647 H   0  0  0  0  0  0  0  0  0  0  0  0
   50.8777   23.0356   41.7091 H   0  0  0  0  0  0  0  0  0  0  0  0
   50.3842   21.3085   41.7091 H   0  0  0  0  0  0  0  0  0  0  0  0
   54.2570   23.6385   43.0974 H   0  0  0  0  0  0  0  0  0  0  0  0
   53.7030   26.3084   43.6622 H   0  0  0  0  0  0  0  0  0  0  0  0
   51.4078   28.7632   39.6361 H   0  0  0  0  0  0  0  0  0  0  0  0
   51.1808   26.8153   38.0598 H   0  0  0  0  0  0  0  0  0  0  0  0
  1  2  1  0
  3  4  2  0
  4  5  1  0
  5  6  2  0
  6  7  1  0
  7  8  2  0
  8  3  1  0
  1  3  1  0
  9 10  1  0
  8  9  1  0
 11 12  1  0
 12 13  2  0
 13 14  1  0
 14 15  2  0
 15 16  1  0
 16 17  2  0
 17 18  1  0
 18 19  2  0
 19 11  1  0
 19 14  1  0
  7 11  1  0
 18 20  1  0
 15 21  1  0
  2 22  1  0
  2 23  1  0
  2 24  1  0
  5 25  1  0
  6 26  1  0
 10 27  1  0
 10 28  1  0
 10 29  1  0
 12 30  1  0
 13 31  1  0
 16 32  1  0
 17 33  1  0
M  END
"
1li4_Lingo3DMolv2_625155,1li4,"1li4_Lingo3DMolv2_625155
     RDKit          3D

 22 21  0  0  0  0  0  0  0  0999 V2000
   50.7748  -21.7831  100.1510 N   0  0  0  0  0  0  0  0  0  0  0  0
   49.5748  -21.9831  100.5510 C   0  0  0  0  0  0  0  0  0  0  0  0
   49.2748  -22.5831  101.6510 O   0  0  0  0  0  0  0  0  0  0  0  0
   48.6748  -21.2831   99.8510 O   0  0  0  0  0  0  0  0  0  0  0  0
   47.3748  -21.0831  100.2510 C   0  0  0  0  0  0  0  0  0  0  0  0
   47.2748  -19.9831  101.2510 C   0  0  0  0  0  0  0  0  0  0  0  0
   46.7748  -18.8831  100.9510 C   0  0  0  0  0  0  0  0  0  0  0  0
   46.5748  -17.7831  101.7510 O   0  0  0  0  0  1  0  0  0  0  0  0
   47.5748  -20.4831  102.7510 C   0  0  1  0  0  0  0  0  0  0  0  0
   47.0748  -19.5831  103.7510 O   0  0  0  0  0  0  0  0  0  0  0  0
   47.0748  -21.8831  103.0510 C   0  0  0  0  0  0  0  0  0  0  0  0
   47.5748  -22.2831  104.2510 O   0  0  0  0  0  0  0  0  0  0  0  0
   50.9461  -21.2958   99.2599 H   0  0  0  0  0  0  0  0  0  0  0  0
   51.5686  -22.1095  100.7204 H   0  0  0  0  0  0  0  0  0  0  0  0
   46.7662  -20.8238   99.3722 H   0  0  0  0  0  0  0  0  0  0  0  0
   47.0111  -22.0096  100.7193 H   0  0  0  0  0  0  0  0  0  0  0  0
   46.4494  -18.7771   99.9056 H   0  0  0  0  0  0  0  0  0  0  0  0
   48.6736  -20.5017  102.7987 H   0  0  0  0  0  0  0  0  0  0  0  0
   47.2757  -19.9447  104.6505 H   0  0  0  0  0  0  0  0  0  0  0  0
   45.9755  -21.8816  103.0913 H   0  0  0  0  0  0  0  0  0  0  0  0
   47.4056  -22.5736  102.2612 H   0  0  0  0  0  0  0  0  0  0  0  0
   47.0531  -21.8657  104.9815 H   0  0  0  0  0  0  0  0  0  0  0  0
  1  2  1  0
  2  3  2  0
  2  4  1  0
  4  5  1  0
  5  6  1  0
  6  7  2  0
  7  8  1  0
  6  9  1  0
  9 10  1  0
  9 11  1  0
 11 12  1  0
  1 13  1  0
  1 14  1  0
  5 15  1  0
  5 16  1  0
  7 17  1  0
  9 18  1  6
 10 19  1  0
 11 20  1  0
 11 21  1  0
 12 22  1  0
M  CHG  1   8  -1
M  END
"
3kba_Lingo3DMolv2_695510,3kba,"3kba_Lingo3DMolv2_695510
     RDKit          3D

 26 27  0  0  0  0  0  0  0  0999 V2000
    7.5825   13.7853   10.5560 N   0  0  0  0  0  0  0  0  0  0  0  0
    6.6825   14.4853    9.5560 C   0  0  0  0  0  0  0  0  0  0  0  0
    7.2825   15.8853    9.3560 C   0  0  0  0  0  0  0  0  0  0  0  0
    7.5825   16.5853   10.5560 O   0  0  0  0  0  0  0  0  0  0  0  0
    8.4825   15.8853   11.4560 C   0  0  1  0  0  0  0  0  0  0  0  0
    7.8825   14.4853   11.8560 C   0  0  0  0  0  0  0  0  0  0  0  0
    9.8825   15.8853   11.0560 C   0  0  0  0  0  0  0  0  0  0  0  0
   10.5825   17.0853   11.0560 C   0  0  0  0  0  0  0  0  0  0  0  0
   11.9825   17.0853   10.7560 C   0  0  0  0  0  0  0  0  0  0  0  0
   12.5825   15.8853   10.5560 C   0  0  0  0  0  0  0  0  0  0  0  0
   11.8825   14.6853   10.5560 C   0  0  0  0  0  0  0  0  0  0  0  0
   10.5825   14.6853   10.8560 C   0  0  0  0  0  0  0  0  0  0  0  0
    6.7825   13.2853   11.5560 N   0  0  0  0  0  0  0  0  0  0  0  0
    6.1825   14.1853   12.2560 O   0  0  0  0  0  0  0  0  0  0  0  0
    6.6688   13.9354    8.6034 H   0  0  0  0  0  0  0  0  0  0  0  0
    5.6444   14.5389    9.9158 H   0  0  0  0  0  0  0  0  0  0  0  0
    8.2140   15.7787    8.7807 H   0  0  0  0  0  0  0  0  0  0  0  0
    6.5151   16.4783    8.8368 H   0  0  0  0  0  0  0  0  0  0  0  0
    8.5390   16.4747   12.3830 H   0  0  0  0  0  0  0  0  0  0  0  0
    8.6124   13.9085   12.4429 H   0  0  0  0  0  0  0  0  0  0  0  0
    6.9813   14.5919   12.4777 H   0  0  0  0  0  0  0  0  0  0  0  0
   10.0649   18.0286   11.2848 H   0  0  0  0  0  0  0  0  0  0  0  0
   12.5511   18.0246   10.6900 H   0  0  0  0  0  0  0  0  0  0  0  0
   13.6691   15.8613   10.3866 H   0  0  0  0  0  0  0  0  0  0  0  0
   12.3954   13.7436   10.3108 H   0  0  0  0  0  0  0  0  0  0  0  0
   10.0496   13.7274   10.9482 H   0  0  0  0  0  0  0  0  0  0  0  0
  1  2  1  0
  2  3  1  0
  3  4  1  0
  4  5  1  0
  5  6  1  0
  6  1  1  0
  7  8  2  0
  8  9  1  0
  9 10  2  0
 10 11  1  0
 11 12  2  0
 12  7  1  0
  5  7  1  0
 13 14  2  0
  1 13  1  0
  2 15  1  0
  2 16  1  0
  3 17  1  0
  3 18  1  0
  5 19  1  1
  6 20  1  0
  6 21  1  0
  8 22  1  0
  9 23  1  0
 10 24  1  0
 11 25  1  0
 12 26  1  0
M  END
"
2b8t_Lingo3DMolv2_877813,2b8t,"2b8t_Lingo3DMolv2_877813
     RDKit          3D

 32 33  0  0  0  0  0  0  0  0999 V2000
   29.8825   10.7717    6.7397 N   0  0  0  0  0  0  0  0  0  0  0  0
   28.8825   10.2717    7.7397 C   0  0  0  0  0  0  0  0  0  0  0  0
   28.6825   10.9717    8.8397 C   0  0  0  0  0  0  0  0  0  0  0  0
   29.3825   12.2717    9.0397 C   0  0  0  0  0  0  0  0  0  0  0  0
   30.0825   12.7717    7.9397 N   0  0  0  0  0  0  0  0  0  0  0  0
   30.0825   12.0717    6.8397 C   0  0  0  0  0  0  0  0  0  0  0  0
   30.8825   12.3717    6.0397 O   0  0  0  0  0  0  0  0  0  0  0  0
   30.6825    9.9717    5.8397 C   0  0  0  0  0  0  0  0  0  0  0  0
   31.7825    9.0717    6.5397 C   0  0  0  0  0  0  0  0  0  0  0  0
   32.5825    8.4717    5.7397 O   0  0  0  0  0  0  0  0  0  0  0  0
   31.7825    8.9717    7.8397 N   0  0  0  0  0  0  0  0  0  0  0  0
   32.6825    8.1717    8.6397 C   0  0  0  0  0  0  0  0  0  0  0  0
   32.0825    6.7717    8.9397 C   0  0  1  0  0  0  0  0  0  0  0  0
   32.8825    5.8717    9.8397 C   0  0  0  0  0  0  0  0  0  0  0  0
   31.5825    5.3717   10.4397 C   0  0  2  0  0  0  0  0  0  0  0  0
   30.9825    6.6717    9.9397 C   0  0  0  0  0  0  0  0  0  0  0  0
   31.4825    5.0717   12.2397 S   0  0  0  0  0  0  0  0  0  0  0  0
   28.3269    9.3396    7.5593 H   0  0  0  0  0  0  0  0  0  0  0  0
   27.9964   10.5943    9.6122 H   0  0  0  0  0  0  0  0  0  0  0  0
   29.3497   12.8074    9.9998 H   0  0  0  0  0  0  0  0  0  0  0  0
   31.1922   10.6513    5.1409 H   0  0  0  0  0  0  0  0  0  0  0  0
   29.9869    9.2774    5.3457 H   0  0  0  0  0  0  0  0  0  0  0  0
   31.0707    9.5167    8.3470 H   0  0  0  0  0  0  0  0  0  0  0  0
   33.6296    8.0457    8.0947 H   0  0  0  0  0  0  0  0  0  0  0  0
   32.8479    8.6892    9.5961 H   0  0  0  0  0  0  0  0  0  0  0  0
   31.9048    6.5392    7.8793 H   0  0  0  0  0  0  0  0  0  0  0  0
   33.4642    5.1020    9.3113 H   0  0  0  0  0  0  0  0  0  0  0  0
   33.6845    6.2731   10.4766 H   0  0  0  0  0  0  0  0  0  0  0  0
   31.1868    4.3769   10.1872 H   0  0  0  0  0  0  0  0  0  0  0  0
   29.9797    6.5670    9.4997 H   0  0  0  0  0  0  0  0  0  0  0  0
   30.7745    7.4998   10.6333 H   0  0  0  0  0  0  0  0  0  0  0  0
   31.8598    6.2036   12.9130 H   0  0  0  0  0  0  0  0  0  0  0  0
  1  2  1  0
  2  3  2  0
  3  4  1  0
  4  5  2  0
  5  6  1  0
  6  7  2  0
  6  1  1  0
  8  9  1  0
  9 10  2  0
  9 11  1  0
 11 12  1  0
  1  8  1  0
 13 14  1  0
 14 15  1  0
 15 16  1  0
 16 13  1  0
 12 13  1  0
 15 17  1  0
  2 18  1  0
  3 19  1  0
  4 20  1  0
  8 21  1  0
  8 22  1  0
 11 23  1  0
 12 24  1  0
 12 25  1  0
 13 26  1  6
 14 27  1  0
 14 28  1  0
 15 29  1  6
 16 30  1  0
 16 31  1  0
 17 32  1  0
M  END
"
3c4f_Lingo3DMolv2_498476,3c4f,"3c4f_Lingo3DMolv2_498476
     RDKit          3D

 28 29  0  0  0  0  0  0  0  0999 V2000
   67.4537    1.0462    7.8416 N   0  0  0  0  0  0  0  0  0  0  0  0
   66.3537    0.9462    7.1416 C   0  0  0  0  0  0  0  0  0  0  0  0
   65.2537    1.8462    7.2416 C   0  0  0  0  0  0  0  0  0  0  0  0
   65.3537    2.8462    8.1416 N   0  0  0  0  0  4  0  0  0  0  0  0
   66.4537    3.0462    8.9416 C   0  0  0  0  0  0  0  0  0  0  0  0
   67.4537    2.1462    8.8416 C   0  0  0  0  0  0  0  0  0  0  0  0
   66.4537    4.1462    9.9416 C   0  0  0  0  0  0  0  0  0  0  0  0
   67.5537    4.7462   10.3416 C   0  0  0  0  0  0  0  0  0  0  0  0
   67.5537    5.7462   11.3416 C   0  0  0  0  0  0  0  0  0  0  0  0
   66.2537    6.1462   11.9416 N   0  0  0  0  0  0  0  0  0  0  0  0
   65.2537    5.5462   11.4416 C   0  0  0  0  0  0  0  0  0  0  0  0
   65.2537    4.5462   10.4416 C   0  0  0  0  0  0  0  0  0  0  0  0
   64.0537    1.7462    6.5416 O   0  0  0  0  0  0  0  0  0  0  0  0
   63.9537    0.7462    5.6416 N   0  0  0  0  0  2  0  0  0  0  0  0
   62.6537    0.6462    4.8416 S   0  0  0  0  0  0  0  0  0  0  0  0
   62.8537    2.1462    3.7416 C   0  0  0  0  0  0  0  0  0  0  0  0
   62.6537   -0.4538    3.8416 O   0  0  0  0  0  0  0  0  0  0  0  0
   61.4537    0.8462    5.5416 O   0  0  0  0  0  0  0  0  0  0  0  0
   66.2723    0.1125    6.4287 H   0  0  0  0  0  0  0  0  0  0  0  0
   64.5607    3.4969    8.2346 H   0  0  0  0  0  0  0  0  0  0  0  0
   68.3070    2.2300    9.5306 H   0  0  0  0  0  0  0  0  0  0  0  0
   68.5103    4.4592    9.8806 H   0  0  0  0  0  0  0  0  0  0  0  0
   68.4930    6.2167   11.6676 H   0  0  0  0  0  0  0  0  0  0  0  0
   64.2683    5.8391   11.8330 H   0  0  0  0  0  0  0  0  0  0  0  0
   64.3129    4.1058   10.0796 H   0  0  0  0  0  0  0  0  0  0  0  0
   62.9735    3.0446    4.3649 H   0  0  0  0  0  0  0  0  0  0  0  0
   63.7428    2.0193    3.1065 H   0  0  0  0  0  0  0  0  0  0  0  0
   61.9623    2.2567    3.1065 H   0  0  0  0  0  0  0  0  0  0  0  0
  1  2  2  0
  2  3  1  0
  3  4  2  0
  4  5  1  0
  5  6  2  0
  6  1  1  0
  7  8  2  0
  8  9  1  0
  9 10  2  0
 10 11  1  0
 11 12  2  0
 12  7  1  0
  5  7  1  0
 13 14  1  0
 14 15  1  0
 15 16  1  0
 15 17  2  0
 15 18  2  0
  3 13  1  0
  2 19  1  0
  4 20  1  0
  6 21  1  0
  8 22  1  0
  9 23  1  0
 11 24  1  0
 12 25  1  0
 16 26  1  0
 16 27  1  0
 16 28  1  0
M  CHG  2   4   1  14  -1
M  END
"
2h7l_Lingo3DMolv2_842615,2h7l,"2h7l_Lingo3DMolv2_842615
     RDKit          3D

 36 38  0  0  0  0  0  0  0  0999 V2000
    9.3997   33.0730   63.3505 N   0  0  0  0  0  0  0  0  0  0  0  0
   10.2997   31.8730   63.3505 N   0  0  0  0  0  0  0  0  0  0  0  0
   11.4997   32.2730   63.0505 C   0  0  0  0  0  0  0  0  0  0  0  0
   11.4997   33.5730   62.7505 C   0  0  0  0  0  0  0  0  0  0  0  0
   10.1997   33.9730   62.7505 N   0  0  0  0  0  0  0  0  0  0  0  0
    9.5997   35.5730   62.3505 S   0  0  0  0  0  0  0  0  0  0  0  0
   10.1997   35.8730   60.6505 C   0  0  0  0  0  0  0  0  0  0  0  0
    9.7997   34.8730   59.6505 C   0  0  0  0  0  0  0  0  0  0  0  0
    8.2997   34.7730   59.3505 C   0  0  0  0  0  0  0  0  0  0  0  0
    7.0997   34.6730   59.1505 C   0  0  0  0  0  0  0  0  0  0  0  0
    5.6997   34.3730   58.8505 C   0  0  0  0  0  0  0  0  0  0  0  0
    4.6997   35.3730   59.0505 C   0  0  0  0  0  0  0  0  0  0  0  0
    3.2997   35.0730   58.7505 C   0  0  0  0  0  0  0  0  0  0  0  0
    2.9997   33.7730   58.2505 C   0  0  0  0  0  0  0  0  0  0  0  0
    1.7997   33.2730   57.9505 O   0  0  0  0  0  0  0  0  0  0  0  0
    1.9997   31.9730   57.5505 C   0  0  0  0  0  0  0  0  0  0  0  0
    0.9997   31.1730   57.1505 C   0  0  0  0  0  0  0  0  0  0  0  0
    3.2997   31.6730   57.6505 O   0  0  0  0  0  0  0  0  0  0  0  0
    3.9997   32.8730   58.1505 C   0  0  0  0  0  0  0  0  0  0  0  0
    5.2997   33.0730   58.4505 C   0  0  0  0  0  0  0  0  0  0  0  0
    6.2997   31.9730   58.2505 C   0  0  0  0  0  0  0  0  0  0  0  0
   12.5997   31.2730   63.0505 C   0  0  0  0  0  0  0  0  0  0  0  0
   12.3997   30.2730   63.5505 O   0  0  0  0  0  0  0  0  0  0  0  0
   13.7997   31.7730   62.8505 O   0  0  0  0  0  1  0  0  0  0  0  0
   12.3798   34.1995   62.5435 H   0  0  0  0  0  0  0  0  0  0  0  0
    9.8159   36.8508   60.3237 H   0  0  0  0  0  0  0  0  0  0  0  0
   11.2971   35.8218   60.7052 H   0  0  0  0  0  0  0  0  0  0  0  0
   10.3140   35.1165   58.7091 H   0  0  0  0  0  0  0  0  0  0  0  0
   10.0774   33.9001   60.0821 H   0  0  0  0  0  0  0  0  0  0  0  0
    4.9816   36.3665   59.4293 H   0  0  0  0  0  0  0  0  0  0  0  0
    2.5091   35.8222   58.9050 H   0  0  0  0  0  0  0  0  0  0  0  0
    1.2128   30.1395   56.8399 H   0  0  0  0  0  0  0  0  0  0  0  0
   -0.0333   31.5506   57.1332 H   0  0  0  0  0  0  0  0  0  0  0  0
    6.6371   31.6018   59.2295 H   0  0  0  0  0  0  0  0  0  0  0  0
    5.8330   31.1511   57.6877 H   0  0  0  0  0  0  0  0  0  0  0  0
    7.1622   32.3595   57.6877 H   0  0  0  0  0  0  0  0  0  0  0  0
  1  2  2  0
  2  3  1  0
  3  4  2  0
  4  5  1  0
  5  1  1  0
  6  7  1  0
  7  8  1  0
  8  9  1  0
  9 10  3  0
  5  6  1  0
 11 12  2  0
 12 13  1  0
 13 14  2  0
 14 15  1  0
 15 16  1  0
 16 17  2  0
 16 18  1  0
 18 19  1  0
 19 20  2  0
 20 11  1  0
 19 14  1  0
 10 11  1  0
 20 21  1  0
 22 23  2  0
 22 24  1  0
  3 22  1  0
  4 25  1  0
  7 26  1  0
  7 27  1  0
  8 28  1  0
  8 29  1  0
 12 30  1  0
 13 31  1  0
 17 32  1  0
 17 33  1  0
 21 34  1  0
 21 35  1  0
 21 36  1  0
M  CHG  1  24  -1
M  END
"
3pbl_Lingo3DMolv2_958021,3pbl,"3pbl_Lingo3DMolv2_958021
     RDKit          3D

 28 29  0  0  0  0  0  0  0  0999 V2000
    1.7499   12.0377   -8.1268 N   0  0  0  0  0  0  0  0  0  0  0  0
    0.5499   11.7377   -9.1268 C   0  0  0  0  0  0  0  0  0  0  0  0
   -0.5501   12.8377   -9.3268 C   0  0  0  0  0  0  0  0  0  0  0  0
   -0.1501   14.0377   -9.9268 C   0  0  0  0  0  0  0  0  0  0  0  0
    1.2499   14.1377  -10.3268 C   0  0  0  0  0  0  0  0  0  0  0  0
    2.2499   13.3377  -10.2268 C   0  0  0  0  0  0  0  0  0  0  0  0
    2.3499   12.0377   -9.6268 C   0  0  0  0  0  0  0  0  0  0  0  0
    3.4499   11.4377   -9.6268 O   0  0  0  0  0  0  0  0  0  0  0  0
    1.3499   11.2377   -6.9268 N   0  0  0  0  0  0  0  0  0  0  0  0
    2.1499   11.3377   -6.0268 N   0  0  0  0  0  0  0  0  0  0  0  0
    3.3499   12.1377   -6.0268 C   0  0  0  0  0  0  0  0  0  0  0  0
    3.3499   13.5377   -6.4268 C   0  0  0  0  0  0  0  0  0  0  0  0
    4.5499   14.1377   -6.6268 C   0  0  0  0  0  0  0  0  0  0  0  0
    5.7499   13.5377   -6.4268 C   0  0  0  0  0  0  0  0  0  0  0  0
    5.7499   12.2377   -5.9268 C   0  0  0  0  0  0  0  0  0  0  0  0
    4.5499   11.6377   -5.7268 N   0  0  0  0  0  0  0  0  0  0  0  0
    0.9920   11.5373  -10.1138 H   0  0  0  0  0  0  0  0  0  0  0  0
    0.0116   10.9006   -8.6582 H   0  0  0  0  0  0  0  0  0  0  0  0
   -1.3437   12.4029   -9.9522 H   0  0  0  0  0  0  0  0  0  0  0  0
   -0.8608   13.1178   -8.3094 H   0  0  0  0  0  0  0  0  0  0  0  0
   -0.7649   14.1806  -10.8277 H   0  0  0  0  0  0  0  0  0  0  0  0
   -0.2840   14.8063   -9.1513 H   0  0  0  0  0  0  0  0  0  0  0  0
    1.4995   15.0924  -10.8128 H   0  0  0  0  0  0  0  0  0  0  0  0
    3.1830   13.7102  -10.6746 H   0  0  0  0  0  0  0  0  0  0  0  0
    2.4084   14.0902   -6.5622 H   0  0  0  0  0  0  0  0  0  0  0  0
    4.5499   15.1812   -6.9746 H   0  0  0  0  0  0  0  0  0  0  0  0
    6.6913   14.0602   -6.6519 H   0  0  0  0  0  0  0  0  0  0  0  0
    6.6913   11.7152   -5.7016 H   0  0  0  0  0  0  0  0  0  0  0  0
  1  2  1  0
  2  3  1  0
  3  4  1  0
  4  5  1  0
  5  6  2  0
  6  7  1  0
  7  8  2  0
  7  1  1  0
  9 10  2  3
  1  9  1  0
 11 12  2  0
 12 13  1  0
 13 14  2  0
 14 15  1  0
 15 16  2  0
 16 11  1  0
 10 11  1  0
  2 17  1  0
  2 18  1  0
  3 19  1  0
  3 20  1  0
  4 21  1  0
  4 22  1  0
  5 23  1  0
  6 24  1  0
 12 25  1  0
 13 26  1  0
 14 27  1  0
 15 28  1  0
M  END
"
2aa2_Lingo3DMolv2_396968,2aa2,"2aa2_Lingo3DMolv2_396968
     RDKit          3D

 46 49  0  0  0  0  0  0  0  0999 V2000
   17.1993   76.0233   24.0683 O   0  0  0  0  0  0  0  0  0  0  0  0
   17.4993   75.9233   22.7683 C   0  0  0  0  0  0  0  0  0  0  0  0
   18.8993   75.3233   22.5683 C   0  0  0  0  0  0  0  0  0  0  0  0
   19.6993   75.3233   23.4683 O   0  0  0  0  0  0  0  0  0  0  0  0
   19.1993   74.7233   21.2683 N   0  0  0  0  0  0  0  0  0  0  0  0
   20.4993   74.2233   20.8683 C   0  0  2  0  0  0  0  0  0  0  0  0
   20.7993   75.0233   19.6683 C   0  0  0  0  0  0  0  0  0  0  0  0
   19.3993   75.3233   19.0683 C   0  0  0  0  0  0  0  0  0  0  0  0
   18.3993   74.6233   19.9683 C   0  0  1  0  0  0  0  0  0  0  0  0
   18.0993   72.9233   19.5683 S   0  0  0  0  0  0  0  0  0  0  0  0
   19.6993   72.1233   19.9683 C   0  0  2  0  0  0  0  0  0  0  0  0
   20.4993   73.0233   20.7683 O   0  0  0  0  0  0  0  0  0  0  0  0
   20.3993   71.7233   18.6683 C   0  0  0  0  0  0  0  0  0  0  0  0
   21.6993   72.0233   18.4683 C   0  0  0  0  0  0  0  0  0  0  0  0
   22.3993   71.2233   17.6683 C   0  0  0  0  0  0  0  0  0  0  0  0
   21.7993   70.2233   16.9683 C   0  0  0  0  0  0  0  0  0  0  0  0
   20.4993   69.9233   17.0683 C   0  0  0  0  0  0  0  0  0  0  0  0
   19.6993   70.7233   17.9683 C   0  0  0  0  0  0  0  0  0  0  0  0
   18.1993   70.2233   18.1683 C   0  0  0  0  0  0  0  0  0  0  0  0
   17.7993   68.8233   18.2683 C   0  0  0  0  0  0  0  0  0  0  0  0
   17.3993   69.6233   17.0683 C   0  0  0  0  0  0  0  0  0  0  0  0
   19.4993   71.0233   20.8683 C   0  0  0  0  0  0  0  0  0  0  0  0
   18.4993   71.1233   22.0683 C   0  0  0  0  0  0  0  0  0  0  0  0
   17.9857   75.7611   24.6096 H   0  0  0  0  0  0  0  0  0  0  0  0
   16.7576   75.2762   22.2772 H   0  0  0  0  0  0  0  0  0  0  0  0
   17.4850   76.9312   22.3280 H   0  0  0  0  0  0  0  0  0  0  0  0
   21.3129   74.3505   21.5977 H   0  0  0  0  0  0  0  0  0  0  0  0
   21.3188   75.9548   19.9374 H   0  0  0  0  0  0  0  0  0  0  0  0
   21.4633   74.5021   18.9629 H   0  0  0  0  0  0  0  0  0  0  0  0
   19.2118   76.4071   19.0592 H   0  0  0  0  0  0  0  0  0  0  0  0
   19.3223   74.9699   18.0295 H   0  0  0  0  0  0  0  0  0  0  0  0
   17.3880   75.0549   19.9377 H   0  0  0  0  0  0  0  0  0  0  0  0
   22.1634   72.8971   18.9490 H   0  0  0  0  0  0  0  0  0  0  0  0
   23.4847   71.3735   17.5711 H   0  0  0  0  0  0  0  0  0  0  0  0
   22.4179   69.6274   16.2811 H   0  0  0  0  0  0  0  0  0  0  0  0
   20.0565   69.1001   16.4884 H   0  0  0  0  0  0  0  0  0  0  0  0
   18.0921   71.0950   18.8305 H   0  0  0  0  0  0  0  0  0  0  0  0
   18.5537   68.0285   18.1718 H   0  0  0  0  0  0  0  0  0  0  0  0
   17.2596   68.2222   19.0150 H   0  0  0  0  0  0  0  0  0  0  0  0
   17.8630   69.4249   16.0907 H   0  0  0  0  0  0  0  0  0  0  0  0
   16.4517   69.8636   16.5640 H   0  0  0  0  0  0  0  0  0  0  0  0
   20.4837   70.7937   21.3023 H   0  0  0  0  0  0  0  0  0  0  0  0
   19.0214   70.2718   20.2227 H   0  0  0  0  0  0  0  0  0  0  0  0
   19.0562   71.0676   23.0153 H   0  0  0  0  0  0  0  0  0  0  0  0
   17.9589   72.0799   22.0165 H   0  0  0  0  0  0  0  0  0  0  0  0
   17.7801   70.2926   22.0165 H   0  0  0  0  0  0  0  0  0  0  0  0
  1  2  1  0
  2  3  1  0
  3  4  2  0
  5  6  1  0
  6  7  1  0
  7  8  1  0
  9  8  1  0
  9 10  1  0
 10 11  1  0
 11 12  1  0
  9  5  1  0
 12  6  1  0
  3  5  1  0
 13 14  2  0
 14 15  1  0
 15 16  2  0
 16 17  1  0
 17 18  2  0
 18 13  1  0
 11 13  1  0
 19 20  1  0
 20 21  1  0
 21 19  1  0
 18 19  1  0
 22 23  1  0
 11 22  1  1
  1 24  1  0
  2 25  1  0
  2 26  1  0
  6 27  1  1
  7 28  1  0
  7 29  1  0
  8 30  1  0
  8 31  1  0
  9 32  1  1
 14 33  1  0
 15 34  1  0
 16 35  1  0
 17 36  1  0
 19 37  1  0
 20 38  1  0
 20 39  1  0
 21 40  1  0
 21 41  1  0
 22 42  1  0
 22 43  1  0
 23 44  1  0
 23 45  1  0
 23 46  1  0
M  END
"
2hv5_Lingo3DMolv2_853994,2hv5,"2hv5_Lingo3DMolv2_853994
     RDKit          3D

 40 43  0  0  0  0  0  0  0  0999 V2000
   14.4796   -2.6192    9.5517 Cl  0  0  0  0  0  0  0  0  0  0  0  0
   15.6796   -3.7192   10.0517 C   0  0  0  0  0  0  0  0  0  0  0  0
   15.3796   -4.8192   10.8517 C   0  0  0  0  0  0  0  0  0  0  0  0
   16.2796   -5.7192   11.1517 C   0  0  0  0  0  0  0  0  0  0  0  0
   17.6796   -5.5192   10.7517 N   0  0  0  0  0  0  0  0  0  0  0  0
   17.9796   -4.4192   10.0517 N   0  0  0  0  0  0  0  0  0  0  0  0
   17.0796   -3.5192    9.7517 C   0  0  0  0  0  0  0  0  0  0  0  0
   17.4796   -2.4192    9.0517 F   0  0  0  0  0  0  0  0  0  0  0  0
   15.9796   -7.0192   12.1517 S   0  0  0  0  0  0  0  0  0  0  0  0
   17.4796   -7.6192   12.7517 C   0  0  0  0  0  0  0  0  0  0  0  0
   18.0796   -6.8192   13.9517 C   0  0  0  0  0  0  0  0  0  0  0  0
   18.8796   -7.6192   14.8517 C   0  0  0  0  0  0  0  0  0  0  0  0
   18.0796   -8.7192   15.4517 N   0  0  0  0  0  0  0  0  0  0  0  0
   18.0796   -9.9192   14.8517 C   0  0  0  0  0  0  0  0  0  0  0  0
   18.6796  -10.2192   13.7517 O   0  0  0  0  0  0  0  0  0  0  0  0
   17.1796  -10.9192   15.5517 C   0  0  0  0  0  0  0  0  0  0  0  0
   16.9796  -12.2192   15.2517 N   0  0  0  0  0  0  0  0  0  0  0  0
   16.0796  -12.7192   16.1517 C   0  0  0  0  0  0  0  0  0  0  0  0
   15.6796  -11.8192   17.0517 N   0  0  0  0  0  0  0  0  0  0  0  0
   16.3796  -10.6192   16.6517 C   0  0  0  0  0  0  0  0  0  0  0  0
   16.3796   -9.4192   17.1517 C   0  0  0  0  0  0  0  0  0  0  0  0
   15.7796   -8.7192   18.1517 C   0  0  0  0  0  0  0  0  0  0  0  0
   16.2796   -7.4192   18.1517 C   0  0  0  0  0  0  0  0  0  0  0  0
   17.1796   -7.3192   17.2517 N   0  0  0  0  0  0  0  0  0  0  0  0
   17.2796   -8.5192   16.6517 N   0  0  0  0  0  0  0  0  0  0  0  0
   15.9796   -6.2192   19.0517 C   0  0  0  0  0  0  0  0  0  0  0  0
   15.8796   -5.0192   18.3517 O   0  0  0  0  0  0  0  0  0  0  0  0
   14.3576   -4.9340   11.2419 H   0  0  0  0  0  0  0  0  0  0  0  0
   17.3253   -8.6583   13.0778 H   0  0  0  0  0  0  0  0  0  0  0  0
   18.2009   -7.5220   11.9269 H   0  0  0  0  0  0  0  0  0  0  0  0
   18.7125   -6.0147   13.5490 H   0  0  0  0  0  0  0  0  0  0  0  0
   17.2294   -6.4376   14.5362 H   0  0  0  0  0  0  0  0  0  0  0  0
   19.7225   -8.0524   14.2932 H   0  0  0  0  0  0  0  0  0  0  0  0
   19.2428   -6.9712   15.6630 H   0  0  0  0  0  0  0  0  0  0  0  0
   17.4246  -12.7410   14.4833 H   0  0  0  0  0  0  0  0  0  0  0  0
   15.7214  -13.7591   16.1353 H   0  0  0  0  0  0  0  0  0  0  0  0
   15.0238   -9.1147   18.8462 H   0  0  0  0  0  0  0  0  0  0  0  0
   16.7886   -6.1260   19.7913 H   0  0  0  0  0  0  0  0  0  0  0  0
   15.0045   -6.4026   19.5265 H   0  0  0  0  0  0  0  0  0  0  0  0
   15.8170   -4.2674   18.9928 H   0  0  0  0  0  0  0  0  0  0  0  0
  2  3  2  0
  3  4  1  0
  4  5  2  0
  5  6  1  0
  6  7  2  0
  7  2  1  0
  1  2  1  0
  7  8  1  0
  9 10  1  0
 10 11  1  0
 11 12  1  0
  4  9  1  0
 13 14  1  0
 14 15  2  0
 14 16  1  0
 16 17  1  0
 17 18  1  0
 18 19  2  0
 19 20  1  0
 20 21  1  0
 21 22  2  0
 22 23  1  0
 23 24  2  0
 24 25  1  0
 25 13  1  0
 20 16  2  0
 25 21  1  0
 12 13  1  0
 26 27  1  0
 23 26  1  0
  3 28  1  0
 10 29  1  0
 10 30  1  0
 11 31  1  0
 11 32  1  0
 12 33  1  0
 12 34  1  0
 17 35  1  0
 18 36  1  0
 22 37  1  0
 26 38  1  0
 26 39  1  0
 27 40  1  0
M  END
"
3nxo_Lingo3DMolv2_549553,3nxo,"3nxo_Lingo3DMolv2_549553
     RDKit          3D

 47 50  0  0  0  0  0  0  0  0999 V2000
   18.0229    7.8015    3.5424 C   0  0  0  0  0  0  0  0  0  0  0  0
   17.5229    6.7015    4.1424 N   0  0  0  0  0  0  0  0  0  0  0  0
   16.9229    5.7015    3.4424 N   0  0  0  0  0  0  0  0  0  0  0  0
   16.7229    5.6015    2.1424 C   0  0  0  0  0  0  0  0  0  0  0  0
   17.1229    6.5015    1.0424 C   0  0  0  0  0  0  0  0  0  0  0  0
   18.2229    7.5015    1.1424 C   0  0  0  0  0  0  0  0  0  0  0  0
   18.2229    8.0015   -0.0576 C   0  0  0  0  0  0  0  0  0  0  0  0
   17.3229    7.5015   -0.9576 N   0  0  0  0  0  0  0  0  0  0  0  0
   16.7229    6.6015   -0.2576 N   0  0  0  0  0  0  0  0  0  0  0  0
   18.9229    7.7015    2.2424 N   0  0  0  0  0  4  0  0  0  0  0  0
   15.6229    5.8015   -0.8576 C   0  0  2  0  0  0  0  0  0  0  0  0
   14.4229    6.7015   -1.1576 C   0  0  0  0  0  0  0  0  0  0  0  0
   13.2229    6.0015   -1.4576 C   0  0  0  0  0  0  0  0  0  0  0  0
   13.1229    5.3015   -2.8576 C   0  0  0  0  0  0  0  0  0  0  0  0
   14.3229    4.5015   -3.2576 N   0  0  0  0  0  0  0  0  0  0  0  0
   14.5229    3.3015   -2.6576 C   0  0  0  0  0  0  0  0  0  0  0  0
   14.3229    2.1015   -3.3576 C   0  0  0  0  0  0  0  0  0  0  0  0
   14.4229    0.8015   -2.7576 C   0  0  0  0  0  0  0  0  0  0  0  0
   14.6229    0.8015   -1.3576 C   0  0  0  0  0  0  0  0  0  0  0  0
   14.7229    2.1015   -0.6576 C   0  0  0  0  0  0  0  0  0  0  0  0
   14.7229    3.3015   -1.2576 C   0  0  0  0  0  0  0  0  0  0  0  0
   14.9229    4.4015   -0.3576 O   0  0  0  0  0  0  0  0  0  0  0  0
   14.3229   -0.3985   -3.4576 N   0  0  0  0  0  0  0  0  0  0  0  0
   15.3229    5.2015   -3.9576 C   0  0  0  0  0  0  0  0  0  0  0  0
   15.3229    6.5015   -4.2576 C   0  0  0  0  0  0  0  0  0  0  0  0
   14.2229    7.6015   -3.8576 Cl  0  0  0  0  0  0  0  0  0  0  0  0
   17.1592    8.4276    3.2739 H   0  0  0  0  0  0  0  0  0  0  0  0
   18.7345    8.1761    4.2929 H   0  0  0  0  0  0  0  0  0  0  0  0
   17.5981    6.6160    5.1660 H   0  0  0  0  0  0  0  0  0  0  0  0
   16.1698    4.7044    1.8275 H   0  0  0  0  0  0  0  0  0  0  0  0
   18.9240    8.8008   -0.3399 H   0  0  0  0  0  0  0  0  0  0  0  0
   19.5812    6.9180    2.3589 H   0  0  0  0  0  0  0  0  0  0  0  0
   19.4105    8.6026    2.1364 H   0  0  0  0  0  0  0  0  0  0  0  0
   16.3154    5.3976   -1.6108 H   0  0  0  0  0  0  0  0  0  0  0  0
   14.2402    7.3356   -0.2775 H   0  0  0  0  0  0  0  0  0  0  0  0
   14.6818    7.2794   -2.0571 H   0  0  0  0  0  0  0  0  0  0  0  0
   13.0948    5.2236   -0.6905 H   0  0  0  0  0  0  0  0  0  0  0  0
   12.4433    6.7774   -1.4762 H   0  0  0  0  0  0  0  0  0  0  0  0
   12.2546    4.6264   -2.8392 H   0  0  0  0  0  0  0  0  0  0  0  0
   13.0351    6.1106   -3.5977 H   0  0  0  0  0  0  0  0  0  0  0  0
   14.0752    2.1608   -4.4278 H   0  0  0  0  0  0  0  0  0  0  0  0
   14.7024   -0.1440   -0.8012 H   0  0  0  0  0  0  0  0  0  0  0  0
   14.8034    2.0825    0.4392 H   0  0  0  0  0  0  0  0  0  0  0  0
   14.4051   -1.2950   -2.9572 H   0  0  0  0  0  0  0  0  0  0  0  0
   14.1667   -0.3893   -4.4757 H   0  0  0  0  0  0  0  0  0  0  0  0
   16.1932    4.6175   -4.2915 H   0  0  0  0  0  0  0  0  0  0  0  0
   16.1773    6.8628   -4.8489 H   0  0  0  0  0  0  0  0  0  0  0  0
  1  2  1  0
  2  3  1  0
  3  4  2  0
  4  5  1  0
  5  6  2  0
  6  7  1  0
  7  8  2  0
  8  9  1  0
  6 10  1  0
 10  1  1  0
  9  5  1  0
 11 12  1  0
 12 13  1  0
 13 14  1  0
 14 15  1  0
 15 16  1  0
 16 17  2  0
 17 18  1  0
 18 19  2  0
 19 20  1  0
 20 21  2  0
 21 22  1  0
 22 11  1  0
 21 16  1  0
  9 11  1  0
 18 23  1  0
 24 25  2  3
 25 26  1  0
 15 24  1  0
  1 27  1  0
  1 28  1  0
  2 29  1  0
  4 30  1  0
  7 31  1  0
 10 32  1  0
 10 33  1  0
 11 34  1  6
 12 35  1  0
 12 36  1  0
 13 37  1  0
 13 38  1  0
 14 39  1  0
 14 40  1  0
 17 41  1  0
 19 42  1  0
 20 43  1  0
 23 44  1  0
 23 45  1  0
 24 46  1  0
 25 47  1  0
M  CHG  1  10   1
M  END
"
3c4f_Lingo3DMolv2_436000,3c4f,"3c4f_Lingo3DMolv2_436000
     RDKit          3D

 29 30  0  0  0  0  0  0  0  0999 V2000
   67.6537    0.7462    7.9416 N   0  0  0  0  0  0  0  0  0  0  0  0
   67.6537    1.6462    8.9416 N   0  0  0  0  0  0  0  0  0  0  0  0
   66.6537    2.6462    8.8416 C   0  0  0  0  0  0  0  0  0  0  0  0
   66.2537    3.7462    9.6416 C   0  0  0  0  0  0  0  0  0  0  0  0
   65.2537    4.4462    9.1416 N   0  0  0  0  0  0  0  0  0  0  0  0
   64.7537    4.1462    7.9416 C   0  0  0  0  0  0  0  0  0  0  0  0
   65.0537    2.9462    7.1416 C   0  0  0  0  0  0  0  0  0  0  0  0
   66.0537    2.2462    7.7416 C   0  0  0  0  0  0  0  0  0  0  0  0
   66.6537    1.0462    7.3416 N   0  0  0  0  0  4  0  0  0  0  0  0
   66.8537    4.0462   10.8416 N   0  0  0  0  0  0  0  0  0  0  0  0
   66.5537    5.2462   11.7416 C   0  0  1  0  0  0  0  0  0  0  0  0
   65.2537    5.0462   12.4416 C   0  0  0  0  0  0  0  0  0  0  0  0
   67.7537    5.5462   12.5416 C   0  0  0  0  0  0  0  0  0  0  0  0
   68.5537    4.6462   12.9416 O   0  0  0  0  0  0  0  0  0  0  0  0
   67.9537    6.8462   12.8416 N   0  0  0  0  0  0  0  0  0  0  0  0
   69.0537    7.3462   13.6416 N   0  0  0  0  0  0  0  0  0  0  0  0
   70.1537    7.5462   13.0416 C   0  0  0  0  0  0  0  0  0  0  0  0
   68.3279    1.6114    9.7195 H   0  0  0  0  0  0  0  0  0  0  0  0
   64.0464    4.8673    7.5059 H   0  0  0  0  0  0  0  0  0  0  0  0
   64.5488    2.6613    6.2067 H   0  0  0  0  0  0  0  0  0  0  0  0
   66.2670    0.4612    6.5872 H   0  0  0  0  0  0  0  0  0  0  0  0
   67.5813    3.3948   11.1689 H   0  0  0  0  0  0  0  0  0  0  0  0
   66.3733    6.1793   11.1876 H   0  0  0  0  0  0  0  0  0  0  0  0
   65.4153    5.0711   13.5294 H   0  0  0  0  0  0  0  0  0  0  0  0
   64.5564    5.8477   12.1561 H   0  0  0  0  0  0  0  0  0  0  0  0
   64.8295    4.0723   12.1561 H   0  0  0  0  0  0  0  0  0  0  0  0
   67.2770    7.5315   12.4764 H   0  0  0  0  0  0  0  0  0  0  0  0
   71.0231    7.9253   13.5987 H   0  0  0  0  0  0  0  0  0  0  0  0
   70.2379    7.3405   11.9643 H   0  0  0  0  0  0  0  0  0  0  0  0
  1  2  1  0
  2  3  1  0
  3  4  2  0
  4  5  1  0
  5  6  2  0
  6  7  1  0
  7  8  2  0
  8  9  1  0
  9  1  2  0
  8  3  1  0
 10 11  1  0
 11 12  1  0
 11 13  1  0
 13 14  2  0
 13 15  1  0
 15 16  1  0
 16 17  2  0
  4 10  1  0
  2 18  1  0
  6 19  1  0
  7 20  1  0
  9 21  1  0
 10 22  1  0
 11 23  1  6
 12 24  1  0
 12 25  1  0
 12 26  1  0
 15 27  1  0
 17 28  1  0
 17 29  1  0
M  CHG  1   9   1
M  END
"
3krj_Lingo3DMolv2_86639,3krj,"3krj_Lingo3DMolv2_86639
     RDKit          3D

 46 49  0  0  0  0  0  0  0  0999 V2000
    8.9149   28.6681   11.0720 N   0  0  0  0  0  0  0  0  0  0  0  0
    8.3149   29.7681   11.2720 C   0  0  0  0  0  0  0  0  0  0  0  0
    7.5149   30.4681   10.2720 C   0  0  0  0  0  0  0  0  0  0  0  0
    7.4149   29.8681    9.0720 C   0  0  0  0  0  0  0  0  0  0  0  0
    8.0149   28.5681    8.7720 C   0  0  0  0  0  0  0  0  0  0  0  0
    8.1149   27.6681    7.7720 C   0  0  0  0  0  0  0  0  0  0  0  0
    9.0149   26.6681    8.2720 C   0  0  0  0  0  0  0  0  0  0  0  0
    9.3149   26.9681    9.5720 N   0  0  0  0  0  0  0  0  0  0  0  0
    8.7149   28.1681    9.9720 C   0  0  0  0  0  0  0  0  0  0  0  0
    9.6149   25.2681    7.4720 Cl  0  0  0  0  0  0  0  0  0  0  0  0
    7.5149   27.6681    6.4720 C   0  0  0  0  0  0  0  0  0  0  0  0
    7.7149   26.7681    5.5720 O   0  0  0  0  0  0  0  0  0  0  0  0
    6.6149   28.7681    6.0720 C   0  0  0  0  0  0  0  0  0  0  0  0
    5.9149   29.6681    5.6720 C   0  0  0  0  0  0  0  0  0  0  0  0
    5.0149   30.7681    5.2720 C   0  0  1  0  0  0  0  0  0  0  0  0
    4.2149   30.4681    3.9720 C   0  0  0  0  0  0  0  0  0  0  0  0
    4.1149   31.1681    6.3720 O   0  0  0  0  0  0  0  0  0  0  0  0
    6.6149   30.4681    8.0720 N   0  0  0  0  0  0  0  0  0  0  0  0
    7.0149   31.2681    6.8720 C   0  0  0  0  0  0  0  0  0  0  0  0
    8.1149   32.1681    6.9720 C   0  0  0  0  0  0  0  0  0  0  0  0
    8.5149   32.8681    5.7720 C   0  0  0  0  0  0  0  0  0  0  0  0
    7.8149   32.5681    4.5720 C   0  0  0  0  0  0  0  0  0  0  0  0
    6.7149   31.6681    4.5720 C   0  0  0  0  0  0  0  0  0  0  0  0
    6.3149   31.0681    5.7720 C   0  0  0  0  0  0  0  0  0  0  0  0
    6.8149   31.6681   10.5720 O   0  0  0  0  0  0  0  0  0  0  0  0
    6.8149   32.1681   11.8720 C   0  0  0  0  0  0  0  0  0  0  0  0
    5.7149   31.5681   12.7720 C   0  0  0  0  0  0  0  0  0  0  0  0
    5.6149   32.9681   12.2720 C   0  0  0  0  0  0  0  0  0  0  0  0
    8.4039   30.2259   12.2682 H   0  0  0  0  0  0  0  0  0  0  0  0
    9.9075   26.3849   10.1800 H   0  0  0  0  0  0  0  0  0  0  0  0
    5.6718   31.6200    5.0418 H   0  0  0  0  0  0  0  0  0  0  0  0
    3.2149   30.0931    4.2352 H   0  0  0  0  0  0  0  0  0  0  0  0
    4.1168   31.3905    3.3808 H   0  0  0  0  0  0  0  0  0  0  0  0
    4.7475   29.7086    3.3808 H   0  0  0  0  0  0  0  0  0  0  0  0
    4.5492   30.9751    7.2405 H   0  0  0  0  0  0  0  0  0  0  0  0
    5.6003   30.3338    8.1873 H   0  0  0  0  0  0  0  0  0  0  0  0
    8.6399   32.3244    7.9260 H   0  0  0  0  0  0  0  0  0  0  0  0
    9.3309   33.6057    5.7871 H   0  0  0  0  0  0  0  0  0  0  0  0
    8.1292   33.0396    3.6291 H   0  0  0  0  0  0  0  0  0  0  0  0
    6.1819   31.4447    3.6361 H   0  0  0  0  0  0  0  0  0  0  0  0
    5.4186   30.4311    5.7975 H   0  0  0  0  0  0  0  0  0  0  0  0
    7.9026   32.3213   11.9314 H   0  0  0  0  0  0  0  0  0  0  0  0
    5.0421   30.7918   12.3790 H   0  0  0  0  0  0  0  0  0  0  0  0
    5.6885   31.0859   13.7603 H   0  0  0  0  0  0  0  0  0  0  0  0
    4.8556   33.2234   11.5182 H   0  0  0  0  0  0  0  0  0  0  0  0
    5.4744   33.9452   12.7574 H   0  0  0  0  0  0  0  0  0  0  0  0
  1  2  2  0
  2  3  1  0
  3  4  2  0
  4  5  1  0
  5  6  1  0
  6  7  2  0
  7  8  1  0
  8  9  1  0
  9  1  1  0
  9  5  2  0
  7 10  1  0
 11 12  2  0
 11 13  1  0
 13 14  3  0
 14 15  1  0
 15 16  1  0
 15 17  1  0
  6 11  1  0
  4 18  1  0
 19 20  2  0
 20 21  1  0
 21 22  2  0
 22 23  1  0
 23 24  2  0
 24 19  1  0
 18 19  1  0
  3 25  1  0
 26 27  1  0
 27 28  1  0
 28 26  1  0
 25 26  1  0
  2 29  1  0
  8 30  1  0
 15 31  1  6
 16 32  1  0
 16 33  1  0
 16 34  1  0
 17 35  1  0
 18 36  1  0
 20 37  1  0
 21 38  1  0
 22 39  1  0
 23 40  1  0
 24 41  1  0
 26 42  1  0
 27 43  1  0
 27 44  1  0
 28 45  1  0
 28 46  1  0
M  END
"
3odu_Lingo3DMolv2_118424,3odu,"3odu_Lingo3DMolv2_118424
     RDKit          3D

 41 43  0  0  0  0  0  0  0  0999 V2000
  -11.9622   13.1024   69.3852 N   0  0  0  0  0  0  0  0  0  0  0  0
  -12.8622   13.0024   68.3852 C   0  0  0  0  0  0  0  0  0  0  0  0
  -12.3622   12.4024   67.2852 C   0  0  0  0  0  0  0  0  0  0  0  0
  -11.0622   12.1024   67.5852 C   0  0  0  0  0  0  0  0  0  0  0  0
  -10.8622   12.6024   68.8852 N   0  0  0  0  0  0  0  0  0  0  0  0
   -9.6622   12.6024   69.6852 C   0  0  0  0  0  0  0  0  0  0  0  0
  -14.2622   13.5024   68.5852 C   0  0  1  0  0  0  0  0  0  0  0  0
  -15.3622   12.4024   68.3852 C   0  0  0  0  0  0  0  0  0  0  0  0
  -16.7622   12.9024   68.6852 C   0  0  0  0  0  0  0  0  0  0  0  0
  -16.9622   13.5024   70.0852 C   0  0  0  0  0  0  0  0  0  0  0  0
  -15.8622   14.6024   70.2852 N   0  0  0  0  0  4  0  0  0  0  0  0
  -14.4622   14.1024   70.0852 C   0  0  2  0  0  0  0  0  0  0  0  0
  -13.4622   15.3024   70.3852 C   0  0  0  0  0  0  0  0  0  0  0  0
  -13.5622   16.5024   69.4852 C   0  0  0  0  0  0  0  0  0  0  0  0
  -14.8622   17.0024   68.9852 C   0  0  0  0  0  0  0  0  0  0  0  0
  -15.1622   18.4024   68.8852 C   0  0  0  0  0  0  0  0  0  0  0  0
  -14.0622   19.4024   69.0852 C   0  0  0  0  0  0  0  0  0  0  0  0
  -12.7622   18.9024   69.4852 C   0  0  0  0  0  0  0  0  0  0  0  0
  -12.5622   17.5024   69.6852 C   0  0  0  0  0  0  0  0  0  0  0  0
  -12.8906   12.1971   66.3425 H   0  0  0  0  0  0  0  0  0  0  0  0
  -10.3312   11.5828   66.9483 H   0  0  0  0  0  0  0  0  0  0  0  0
   -9.3571   11.5653   69.8886 H   0  0  0  0  0  0  0  0  0  0  0  0
   -8.8589   13.1209   69.1413 H   0  0  0  0  0  0  0  0  0  0  0  0
   -9.8553   13.1209   70.6359 H   0  0  0  0  0  0  0  0  0  0  0  0
  -14.3893   14.2782   67.8158 H   0  0  0  0  0  0  0  0  0  0  0  0
  -15.3290   12.0593   67.3406 H   0  0  0  0  0  0  0  0  0  0  0  0
  -15.1453   11.5880   69.0922 H   0  0  0  0  0  0  0  0  0  0  0  0
  -17.0116   13.6771   67.9452 H   0  0  0  0  0  0  0  0  0  0  0  0
  -17.4159   12.0190   68.6381 H   0  0  0  0  0  0  0  0  0  0  0  0
  -17.9628   13.9529   70.1618 H   0  0  0  0  0  0  0  0  0  0  0  0
  -16.8778   12.7235   70.8574 H   0  0  0  0  0  0  0  0  0  0  0  0
  -16.0355   15.3612   69.6106 H   0  0  0  0  0  0  0  0  0  0  0  0
  -15.9303   14.9203   71.2625 H   0  0  0  0  0  0  0  0  0  0  0  0
  -14.2526   13.2729   70.7766 H   0  0  0  0  0  0  0  0  0  0  0  0
  -13.6470   15.6413   71.4152 H   0  0  0  0  0  0  0  0  0  0  0  0
  -12.4564   14.8923   70.2115 H   0  0  0  0  0  0  0  0  0  0  0  0
  -15.6272   16.2738   68.6787 H   0  0  0  0  0  0  0  0  0  0  0  0
  -16.1863   18.7379   68.6646 H   0  0  0  0  0  0  0  0  0  0  0  0
  -14.2363   20.4779   68.9335 H   0  0  0  0  0  0  0  0  0  0  0  0
  -11.9274   19.6028   69.6352 H   0  0  0  0  0  0  0  0  0  0  0  0
  -11.5672   17.1707   70.0169 H   0  0  0  0  0  0  0  0  0  0  0  0
  1  2  2  0
  2  3  1  0
  3  4  2  0
  4  5  1  0
  5  1  1  0
  5  6  1  0
  7  8  1  0
  8  9  1  0
  9 10  1  0
 10 11  1  0
 11 12  1  0
 12  7  1  0
  2  7  1  0
 12 13  1  0
 14 15  2  0
 15 16  1  0
 16 17  2  0
 17 18  1  0
 18 19  2  0
 19 14  1  0
 13 14  1  0
  3 20  1  0
  4 21  1  0
  6 22  1  0
  6 23  1  0
  6 24  1  0
  7 25  1  6
  8 26  1  0
  8 27  1  0
  9 28  1  0
  9 29  1  0
 10 30  1  0
 10 31  1  0
 11 32  1  0
 11 33  1  0
 12 34  1  1
 13 35  1  0
 13 36  1  0
 15 37  1  0
 16 38  1  0
 17 39  1  0
 18 40  1  0
 19 41  1  0
M  CHG  1  11   1
M  END
"
3hmm_Lingo3DMolv2_1287314,3hmm,"3hmm_Lingo3DMolv2_1287314
     RDKit          3D

 30 32  0  0  0  0  0  0  0  0999 V2000
   12.4388   68.6490    3.0769 Cl  0  0  0  0  0  0  0  0  0  0  0  0
   14.0388   68.0490    3.4769 C   0  0  0  0  0  0  0  0  0  0  0  0
   14.2388   67.2490    4.6769 C   0  0  0  0  0  0  0  0  0  0  0  0
   15.5388   66.8490    4.9769 C   0  0  0  0  0  0  0  0  0  0  0  0
   16.6388   67.2490    4.1769 C   0  0  0  0  0  0  0  0  0  0  0  0
   16.4388   68.0490    3.0769 C   0  0  0  0  0  0  0  0  0  0  0  0
   15.1388   68.4490    2.6769 N   0  0  0  0  0  0  0  0  0  0  0  0
   17.5388   68.5490    2.1769 C   0  0  0  0  0  0  0  0  0  0  0  0
   17.5388   69.9490    1.5769 C   0  0  0  0  0  0  0  0  0  0  0  0
   18.5388   69.5490    2.5769 C   0  0  0  0  0  0  0  0  0  0  0  0
   15.8388   66.0490    6.1769 N   0  0  0  0  0  0  0  0  0  0  0  0
   15.1388   66.4490    7.6769 S   0  0  0  0  0  0  0  0  0  0  0  0
   13.7388   66.6490    7.4769 O   0  0  0  0  0  0  0  0  0  0  0  0
   15.7388   65.4490    8.6769 O   0  0  0  0  0  0  0  0  0  0  0  0
   16.0388   68.0490    8.1769 C   0  0  0  0  0  0  0  0  0  0  0  0
   16.1388   68.3490    9.5769 C   0  0  0  0  0  0  0  0  0  0  0  0
   17.3388   67.9490    8.8769 C   0  0  0  0  0  0  0  0  0  0  0  0
   13.3935   66.9705    5.3234 H   0  0  0  0  0  0  0  0  0  0  0  0
   17.6552   66.9183    4.4371 H   0  0  0  0  0  0  0  0  0  0  0  0
   17.5792   67.5197    1.7908 H   0  0  0  0  0  0  0  0  0  0  0  0
   17.8350   70.1017    0.5286 H   0  0  0  0  0  0  0  0  0  0  0  0
   16.8046   70.7627    1.4831 H   0  0  0  0  0  0  0  0  0  0  0  0
   19.5882   69.4191    2.2739 H   0  0  0  0  0  0  0  0  0  0  0  0
   18.8592   69.9635    3.5442 H   0  0  0  0  0  0  0  0  0  0  0  0
   16.4760   65.2426    6.1083 H   0  0  0  0  0  0  0  0  0  0  0  0
   15.6799   68.5773    7.2814 H   0  0  0  0  0  0  0  0  0  0  0  0
   16.0293   69.3881    9.9207 H   0  0  0  0  0  0  0  0  0  0  0  0
   15.6200   67.9886   10.4775 H   0  0  0  0  0  0  0  0  0  0  0  0
   18.1333   68.6829    8.6764 H   0  0  0  0  0  0  0  0  0  0  0  0
   18.1012   67.1671    9.0092 H   0  0  0  0  0  0  0  0  0  0  0  0
  2  3  2  0
  3  4  1  0
  4  5  2  0
  5  6  1  0
  6  7  2  0
  7  2  1  0
  1  2  1  0
  8  9  1  0
  9 10  1  0
 10  8  1  0
  6  8  1  0
 11 12  1  0
 12 13  2  0
 12 14  2  0
  4 11  1  0
 15 16  1  0
 16 17  1  0
 17 15  1  0
 12 15  1  0
  3 18  1  0
  5 19  1  0
  8 20  1  0
  9 21  1  0
  9 22  1  0
 10 23  1  0
 10 24  1  0
 11 25  1  0
 15 26  1  0
 16 27  1  0
 16 28  1  0
 17 29  1  0
 17 30  1  0
M  END
"
