mol_id,min_sdf
3lpb_Lingo3DMolv2_889445,"3lpb_Lingo3DMolv2_889445
     RDKit          3D

 54 57  0  0  1  0  0  0  0  0999 V2000
   72.7151  112.8024   19.4326 N   0  0  0  0  0  0  0  0  0  0  0  0
   71.4584  112.3136   19.9973 C   0  0  0  0  0  0  0  0  0  0  0  0
   71.6546  110.8666   20.5179 C   0  0  0  0  0  0  0  0  0  0  0  0
   72.9276  110.6928   21.3840 C   0  0  0  0  0  0  0  0  0  0  0  0
   74.1349  111.3115   20.6745 C   0  0  0  0  0  0  0  0  0  0  0  0
   73.9583  112.3523   19.8206 C   0  0  0  0  0  0  0  0  0  0  0  0
   74.9858  113.0207   19.2228 N   0  0  0  0  0  0  0  0  0  0  0  0
   76.3032  112.6772   19.3534 C   0  0  0  0  0  0  0  0  0  0  0  0
   77.4373  113.3046   18.1478 S   0  0  0  0  0  0  0  0  0  0  0  0
   78.5101  114.3326   19.2480 C   0  0  0  0  0  0  0  0  0  0  0  0
   79.9788  114.0842   18.8654 C   0  0  0  0  0  0  0  0  0  0  0  0
   76.5914  111.7124   20.4632 C   0  0  0  0  0  0  0  0  0  0  0  0
   77.9090  111.5020   20.8731 C   0  0  0  0  0  0  0  0  0  0  0  0
   78.1976  110.6184   21.9010 C   0  0  0  0  0  0  0  0  0  0  0  0
   77.1759  109.9059   22.5378 C   0  0  0  0  0  0  0  0  0  0  0  0
   75.8523  110.1226   22.1387 C   0  0  0  0  0  0  0  0  0  0  0  0
   75.5386  111.0204   21.1047 C   0  0  0  0  0  0  0  0  0  0  0  0
   77.4179  108.9910   23.5795 N   0  0  0  0  0  0  0  0  0  0  0  0
   78.7384  108.4305   23.8637 C   0  0  1  0  0  0  0  0  0  0  0  0
   79.0620  108.6237   25.3523 C   0  0  0  0  0  0  0  0  0  0  0  0
   80.4511  108.0340   25.6751 C   0  0  0  0  0  0  0  0  0  0  0  0
   80.5034  106.5419   25.2765 N   0  0  2  0  0  0  0  0  0  0  0  0
   80.1185  106.3088   23.7973 C   0  0  0  0  0  0  0  0  0  0  0  0
   78.7425  106.9383   23.4932 C   0  0  0  0  0  0  0  0  0  0  0  0
   79.7088  105.7232   26.1477 O   0  0  0  0  0  0  0  0  0  0  0  0
   72.6114  113.5579   18.7699 H   0  0  0  0  0  0  0  0  0  0  0  0
   71.2414  112.9863   20.8279 H   0  0  0  0  0  0  0  0  0  0  0  0
   70.6678  112.3762   19.2493 H   0  0  0  0  0  0  0  0  0  0  0  0
   70.7712  110.5503   21.0725 H   0  0  0  0  0  0  0  0  0  0  0  0
   71.7161  110.1917   19.6638 H   0  0  0  0  0  0  0  0  0  0  0  0
   72.7828  111.1943   22.3423 H   0  0  0  0  0  0  0  0  0  0  0  0
   73.0909  109.6423   21.6246 H   0  0  0  0  0  0  0  0  0  0  0  0
   74.8094  113.6886   18.4857 H   0  0  0  0  0  0  0  0  0  0  0  0
   76.7108  114.3177   17.6691 H   0  0  0  0  0  0  0  0  0  0  0  0
   78.2337  115.3753   19.0944 H   0  0  0  0  0  0  0  0  0  0  0  0
   78.3457  114.1312   20.3052 H   0  0  0  0  0  0  0  0  0  0  0  0
   80.6634  114.6208   19.5176 H   0  0  0  0  0  0  0  0  0  0  0  0
   80.2355  113.0258   18.9442 H   0  0  0  0  0  0  0  0  0  0  0  0
   80.1813  114.3935   17.8390 H   0  0  0  0  0  0  0  0  0  0  0  0
   78.7400  111.9899   20.3941 H   0  0  0  0  0  0  0  0  0  0  0  0
   79.2341  110.5232   22.1781 H   0  0  0  0  0  0  0  0  0  0  0  0
   75.0627  109.5916   22.6470 H   0  0  0  0  0  0  0  0  0  0  0  0
   76.6147  108.5782   24.0296 H   0  0  0  0  0  0  0  0  0  0  0  0
   79.5202  108.9150   23.2838 H   0  0  0  0  0  0  0  0  0  0  0  0
   79.0538  109.6881   25.5942 H   0  0  0  0  0  0  0  0  0  0  0  0
   78.2993  108.1599   25.9797 H   0  0  0  0  0  0  0  0  0  0  0  0
   81.2416  108.5151   25.0959 H   0  0  0  0  0  0  0  0  0  0  0  0
   80.7124  108.0970   26.7302 H   0  0  0  0  0  0  0  0  0  0  0  0
   81.4625  106.2382   25.3817 H   0  0  0  0  0  0  0  0  0  0  0  0
   80.9178  106.7656   23.2110 H   0  0  0  0  0  0  0  0  0  0  0  0
   80.1385  105.2330   23.6225 H   0  0  0  0  0  0  0  0  0  0  0  0
   78.5210  106.8193   22.4311 H   0  0  0  0  0  0  0  0  0  0  0  0
   77.9575  106.4024   24.0293 H   0  0  0  0  0  0  0  0  0  0  0  0
   79.6817  106.1819   26.9954 H   0  0  0  0  0  0  0  0  0  0  0  0
  1  2  1  0
  1  6  1  0
  1 26  1  0
  2  3  1  0
  2 27  1  0
  2 28  1  0
  3  4  1  0
  3 29  1  0
  3 30  1  0
  4  5  1  0
  4 31  1  0
  4 32  1  0
  5  6  2  0
  5 17  1  0
  6  7  1  0
  7  8  1  0
  7 33  1  0
  8  9  2  3
  8 12  1  0
  9 10  1  0
  9 34  1  0
 10 11  1  0
 10 35  1  0
 10 36  1  0
 11 37  1  0
 11 38  1  0
 11 39  1  0
 12 13  1  0
 12 17  2  0
 13 14  2  0
 13 40  1  0
 14 15  1  0
 14 41  1  0
 15 16  2  0
 15 18  1  0
 16 17  1  0
 16 42  1  0
 18 19  1  0
 18 43  1  0
 19 20  1  0
 19 24  1  0
 19 44  1  6
 20 21  1  0
 20 45  1  0
 20 46  1  0
 21 22  1  0
 21 47  1  0
 21 48  1  0
 22 23  1  0
 22 25  1  0
 22 49  1  6
 23 24  1  0
 23 50  1  0
 23 51  1  0
 24 52  1  0
 24 53  1  0
 25 54  1  0
M  CHG  1  22   1
M  END
"
1uyg_Lingo3DMolv2_547775,"1uyg_Lingo3DMolv2_547775
     RDKit          3D

 38 40  0  0  1  0  0  0  0  0999 V2000
   -2.1997   11.4078   24.6022 N   0  0  0  0  0  0  0  0  0  0  0  0
   -1.1650   10.7868   25.2640 C   0  0  0  0  0  0  0  0  0  0  0  0
   -1.3964   10.2428   26.4862 N   0  0  0  0  0  0  0  0  0  0  0  0
   -0.3168    9.6286   26.9718 C   0  0  0  0  0  0  0  0  0  0  0  0
   -0.3109    8.9826   28.1708 O   0  0  0  0  0  0  0  0  0  0  0  0
    0.9731    8.4459   28.3524 N   0  0  0  0  0  0  0  0  0  0  0  0
    1.6957    8.7710   27.2998 C   0  0  0  0  0  0  0  0  0  0  0  0
    0.9441    9.5367   26.3576 C   0  0  0  0  0  0  0  0  0  0  0  0
    1.0726   10.1846   25.1066 C   0  0  0  0  0  0  0  0  0  0  0  0
   -0.0141   10.7925   24.5691 N   0  0  0  0  0  0  0  0  0  0  0  0
    2.2423   10.2262   24.3477 N   0  0  0  0  0  0  0  0  0  0  0  0
    2.4026   11.1255   23.1856 C   0  0  0  0  0  0  0  0  0  0  0  0
    3.4626   12.2050   23.4585 C   0  0  0  0  0  0  0  0  0  0  0  0
    4.7423   11.5457   23.7715 N   0  0  0  0  0  0  0  0  0  0  0  0
    4.7793   10.0947   24.0103 C   0  0  0  0  0  0  0  0  0  0  0  0
    3.5305    9.7181   24.8495 C   0  0  0  0  0  0  0  0  0  0  0  0
    5.9047   12.2924   24.0223 C   0  0  0  0  0  0  0  0  0  0  0  0
    7.0364   11.8220   24.1518 O   0  0  0  0  0  0  0  0  0  0  0  0
    5.6270   13.6096   24.1722 O   0  0  0  0  0  0  0  0  0  0  0  0
    6.5583   14.5071   24.7707 C   0  0  0  0  0  0  0  0  0  0  0  0
    5.8962   15.4049   25.8040 C   0  0  0  0  0  0  0  0  0  0  0  0
    4.6004   15.3991   26.1620 C   0  0  0  0  0  0  0  0  0  0  0  0
   -2.0252   11.7596   23.6748 H   0  0  0  0  0  0  0  0  0  0  0  0
   -3.1491   11.4140   24.9689 H   0  0  0  0  0  0  0  0  0  0  0  0
    2.7271    8.4597   27.2359 H   0  0  0  0  0  0  0  0  0  0  0  0
    2.6905   10.5048   22.3355 H   0  0  0  0  0  0  0  0  0  0  0  0
    1.4796   11.6200   22.8854 H   0  0  0  0  0  0  0  0  0  0  0  0
    3.5785   12.8252   22.5717 H   0  0  0  0  0  0  0  0  0  0  0  0
    3.1451   12.8575   24.2732 H   0  0  0  0  0  0  0  0  0  0  0  0
    4.7849    9.5620   23.0585 H   0  0  0  0  0  0  0  0  0  0  0  0
    5.6661    9.7961   24.5681 H   0  0  0  0  0  0  0  0  0  0  0  0
    3.4866    8.6318   24.9341 H   0  0  0  0  0  0  0  0  0  0  0  0
    3.6727   10.1749   25.8307 H   0  0  0  0  0  0  0  0  0  0  0  0
    7.3750   13.9816   25.2691 H   0  0  0  0  0  0  0  0  0  0  0  0
    7.0010   15.1288   23.9925 H   0  0  0  0  0  0  0  0  0  0  0  0
    6.5550   16.1134   26.2849 H   0  0  0  0  0  0  0  0  0  0  0  0
    4.2289   16.0847   26.9099 H   0  0  0  0  0  0  0  0  0  0  0  0
    3.8907   14.7148   25.7204 H   0  0  0  0  0  0  0  0  0  0  0  0
  1  2  1  0
  1 23  1  0
  1 24  1  0
  2  3  2  0
  2 10  1  0
  3  4  1  0
  4  5  1  0
  4  8  2  0
  5  6  1  0
  6  7  2  0
  7  8  1  0
  7 25  1  0
  8  9  1  0
  9 10  2  0
  9 11  1  0
 11 12  1  0
 11 16  1  0
 12 13  1  0
 12 26  1  0
 12 27  1  0
 13 14  1  0
 13 28  1  0
 13 29  1  0
 14 15  1  0
 14 17  1  0
 15 16  1  0
 15 30  1  0
 15 31  1  0
 16 32  1  0
 16 33  1  0
 17 18  2  0
 17 19  1  0
 19 20  1  0
 20 21  1  0
 20 34  1  0
 20 35  1  0
 21 22  2  0
 21 36  1  0
 22 37  1  0
 22 38  1  0
M  END
"
3ny8_Lingo3DMolv2_1151352,"3ny8_Lingo3DMolv2_1151352
     RDKit          3D

 37 38  0  0  1  0  0  0  0  0999 V2000
    3.5945    7.9688   49.6520 O   0  0  0  0  0  0  0  0  0  0  0  0
    3.3679    6.8025   50.4240 C   0  0  1  0  0  0  0  0  0  0  0  0
    2.5927    7.1324   51.7241 C   0  0  0  0  0  0  0  0  0  0  0  0
    3.1945    8.3551   52.4520 N   0  0  0  0  0  0  0  0  0  0  0  0
    2.6889    8.6167   53.8844 C   0  0  0  0  0  0  0  0  0  0  0  0
    1.1744    8.9096   53.8774 C   0  0  0  0  0  0  0  0  0  0  0  0
    3.5082    9.7835   54.4597 C   0  0  0  0  0  0  0  0  0  0  0  0
    2.6124    5.7892   49.5391 C   0  0  0  0  0  0  0  0  0  0  0  0
    2.4278    4.5821   50.2730 O   0  0  0  0  0  0  0  0  0  0  0  0
    1.7429    3.5499   49.6715 C   0  0  0  0  0  0  0  0  0  0  0  0
    1.1945    3.6257   48.4794 N   0  0  0  0  0  0  0  0  0  0  0  0
    0.3945    2.1590   48.0520 S   0  0  0  0  0  0  0  0  0  0  0  0
    0.9070    1.3831   49.5409 C   0  0  0  0  0  0  0  0  0  0  0  0
    0.6958    0.0619   49.9552 C   0  0  0  0  0  0  0  0  0  0  0  0
    1.1945   -0.3195   51.2000 C   0  0  0  0  0  0  0  0  0  0  0  0
    1.8804    0.5783   52.0093 C   0  0  0  0  0  0  0  0  0  0  0  0
    2.1069    1.8884   51.5975 C   0  0  0  0  0  0  0  0  0  0  0  0
    1.6258    2.3073   50.3428 C   0  0  0  0  0  0  0  0  0  0  0  0
    2.7945    2.7324   52.4008 F   0  0  0  0  0  0  0  0  0  0  0  0
    2.7119    8.3419   49.3967 H   0  0  0  0  0  0  0  0  0  0  0  0
    4.3349    6.3688   50.6882 H   0  0  0  0  0  0  0  0  0  0  0  0
    1.5452    7.3711   51.5355 H   0  0  0  0  0  0  0  0  0  0  0  0
    2.6525    6.3077   52.4369 H   0  0  0  0  0  0  0  0  0  0  0  0
    4.2052    8.2654   52.4774 H   0  0  0  0  0  0  0  0  0  0  0  0
    2.9699    9.1688   51.8899 H   0  0  0  0  0  0  0  0  0  0  0  0
    2.9109    7.6953   54.4284 H   0  0  0  0  0  0  0  0  0  0  0  0
    0.8160    9.1320   54.8834 H   0  0  0  0  0  0  0  0  0  0  0  0
    0.9286    9.7702   53.2520 H   0  0  0  0  0  0  0  0  0  0  0  0
    0.5900    8.0623   53.5193 H   0  0  0  0  0  0  0  0  0  0  0  0
    3.2229    9.9873   55.4925 H   0  0  0  0  0  0  0  0  0  0  0  0
    4.5785    9.5681   54.4588 H   0  0  0  0  0  0  0  0  0  0  0  0
    3.3548   10.7047   53.8937 H   0  0  0  0  0  0  0  0  0  0  0  0
    1.6513    6.1996   49.2175 H   0  0  0  0  0  0  0  0  0  0  0  0
    3.2009    5.5730   48.6464 H   0  0  0  0  0  0  0  0  0  0  0  0
    0.1730   -0.6389   49.3214 H   0  0  0  0  0  0  0  0  0  0  0  0
    1.0594   -1.3264   51.5532 H   0  0  0  0  0  0  0  0  0  0  0  0
    2.2532    0.2546   52.9690 H   0  0  0  0  0  0  0  0  0  0  0  0
  1  2  1  0
  1 20  1  0
  2  3  1  0
  2  8  1  0
  2 21  1  1
  3  4  1  0
  3 22  1  0
  3 23  1  0
  4  5  1  0
  4 24  1  0
  4 25  1  0
  5  6  1  0
  5  7  1  0
  5 26  1  0
  6 27  1  0
  6 28  1  0
  6 29  1  0
  7 30  1  0
  7 31  1  0
  7 32  1  0
  8  9  1  0
  8 33  1  0
  8 34  1  0
  9 10  1  0
 10 11  2  0
 10 18  1  0
 11 12  1  0
 12 13  1  0
 13 14  1  0
 13 18  2  0
 14 15  2  0
 14 35  1  0
 15 16  1  0
 15 36  1  0
 16 17  2  0
 16 37  1  0
 17 18  1  0
 17 19  1  0
M  CHG  1   4   1
M  END
"
1c8k_Lingo3DMolv2_615741,"1c8k_Lingo3DMolv2_615741
     RDKit          3D

 30 32  0  0  1  0  0  0  0  0999 V2000
   36.9045   35.8024   33.9533 N   0  0  0  0  0  0  0  0  0  0  0  0
   37.2055   35.4848   32.7171 C   0  0  0  0  0  0  0  0  0  0  0  0
   37.9520   36.5172   32.0651 C   0  0  0  0  0  0  0  0  0  0  0  0
   38.5119   36.7748   30.7814 C   0  0  0  0  0  0  0  0  0  0  0  0
   39.1526   38.0190   30.6558 C   0  0  0  0  0  0  0  0  0  0  0  0
   39.2872   38.8858   31.6662 O   0  0  0  0  0  0  0  0  0  0  0  0
   38.8055   38.6275   32.8809 C   0  0  0  0  0  0  0  0  0  0  0  0
   38.1013   37.4521   33.1184 C   0  0  0  0  0  0  0  0  0  0  0  0
   37.4762   37.0199   34.2392 N   0  0  0  0  0  0  0  0  0  0  0  0
   38.4644   35.8189   29.6221 C   0  0  0  0  0  0  0  0  0  0  0  0
   39.3501   35.9433   28.5402 C   0  0  0  0  0  0  0  0  0  0  0  0
   39.3059   35.0543   27.4689 C   0  0  0  0  0  0  0  0  0  0  0  0
   38.4034   33.9849   27.4905 C   0  0  0  0  0  0  0  0  0  0  0  0
   37.5280   33.8531   28.5263 N   0  0  0  0  0  0  0  0  0  0  0  0
   37.5528   34.7570   29.5377 C   0  0  0  0  0  0  0  0  0  0  0  0
   38.4154   32.9972   26.4684 N   0  0  0  0  0  0  0  0  0  0  0  0
   37.4577   31.8970   26.5032 C   0  0  0  0  0  0  0  0  0  0  0  0
   39.0521   33.2724   25.1802 C   0  0  0  0  0  0  0  0  0  0  0  0
   36.8808   34.5326   32.3313 H   0  0  0  0  0  0  0  0  0  0  0  0
   39.6100   38.4015   29.7565 H   0  0  0  0  0  0  0  0  0  0  0  0
   38.9599   39.4121   33.6064 H   0  0  0  0  0  0  0  0  0  0  0  0
   40.0975   36.7202   28.5113 H   0  0  0  0  0  0  0  0  0  0  0  0
   40.0176   35.1817   26.6685 H   0  0  0  0  0  0  0  0  0  0  0  0
   36.7805   34.6085   30.2700 H   0  0  0  0  0  0  0  0  0  0  0  0
   37.3049   31.5248   27.5165 H   0  0  0  0  0  0  0  0  0  0  0  0
   36.5049   32.2402   26.1055 H   0  0  0  0  0  0  0  0  0  0  0  0
   37.7992   31.0559   25.9044 H   0  0  0  0  0  0  0  0  0  0  0  0
   40.1039   33.5284   25.3006 H   0  0  0  0  0  0  0  0  0  0  0  0
   38.9940   32.4165   24.5063 H   0  0  0  0  0  0  0  0  0  0  0  0
   38.5603   34.1147   24.6928 H   0  0  0  0  0  0  0  0  0  0  0  0
  1  2  1  0
  1  9  2  0
  2  3  2  0
  2 19  1  0
  3  4  1  0
  3  8  1  0
  4  5  2  0
  4 10  1  0
  5  6  1  0
  5 20  1  0
  6  7  1  0
  7  8  2  0
  7 21  1  0
  8  9  1  0
 10 11  2  0
 10 15  1  0
 11 12  1  0
 11 22  1  0
 12 13  2  0
 12 23  1  0
 13 14  1  0
 13 16  1  0
 14 15  2  0
 15 24  1  0
 16 17  1  0
 16 18  1  0
 17 25  1  0
 17 26  1  0
 17 27  1  0
 18 28  1  0
 18 29  1  0
 18 30  1  0
M  END
"
3nxo_Lingo3DMolv2_38905,"3nxo_Lingo3DMolv2_38905
     RDKit          3D

 42 43  0  0  1  0  0  0  0  0999 V2000
   18.3878    7.4090    5.1962 N   0  0  0  0  0  0  0  0  0  0  0  0
   17.9347    6.8613    3.9880 C   0  0  0  0  0  0  0  0  0  0  0  0
   18.3878    7.4090    2.8343 N   0  0  0  0  0  0  0  0  0  0  0  0
   17.9817    6.8225    1.6735 C   0  0  0  0  0  0  0  0  0  0  0  0
   17.1305    5.6939    1.6617 C   0  0  0  0  0  0  0  0  0  0  0  0
   16.7065    5.1997    2.8945 C   0  0  0  0  0  0  0  0  0  0  0  0
   17.1137    5.8090    4.0100 N   0  0  0  0  0  0  0  0  0  0  0  0
   16.6444    4.9603    0.4229 C   0  0  0  0  0  0  0  0  0  0  0  0
   15.0973    4.9870    0.3137 C   0  0  0  0  0  0  0  0  0  0  0  0
   14.6010    4.3106   -0.9606 C   0  0  0  0  0  0  0  0  0  0  0  0
   14.3878    3.1071   -0.8282 O   0  0  0  0  0  0  0  0  0  0  0  0
   14.4091    4.9887   -2.1407 N   0  0  0  0  0  0  0  0  0  0  0  0
   14.5134    6.4862   -2.3260 C   0  0  0  0  0  0  0  0  0  0  0  0
   13.1553    7.1388   -1.9950 C   0  0  0  0  0  0  0  0  0  0  0  0
   15.6559    7.2697   -1.6120 C   0  0  0  0  0  0  0  0  0  0  0  0
   14.8814    6.8164   -3.7141 C   0  0  0  0  0  0  0  0  0  0  0  0
   15.1878    7.0859   -4.7900 N   0  0  0  0  0  0  0  0  0  0  0  0
   13.8380    4.2822   -3.3442 C   0  0  0  0  0  0  0  0  0  0  0  0
   14.2715    2.8794   -3.7344 C   0  0  0  0  0  0  0  0  0  0  0  0
   12.8579    3.1155   -3.2531 C   0  0  0  0  0  0  0  0  0  0  0  0
   18.4698    7.4046    0.5092 N   0  0  0  0  0  0  0  0  0  0  0  0
   18.1010    6.9680    6.0690 H   0  0  0  0  0  0  0  0  0  0  0  0
   19.0613    8.1593    5.1961 H   0  0  0  0  0  0  0  0  0  0  0  0
   16.0747    4.3335    3.0423 H   0  0  0  0  0  0  0  0  0  0  0  0
   16.8495    5.3689    4.9032 H   0  0  0  0  0  0  0  0  0  0  0  0
   16.9747    3.9225    0.5169 H   0  0  0  0  0  0  0  0  0  0  0  0
   17.1444    5.3168   -0.4726 H   0  0  0  0  0  0  0  0  0  0  0  0
   14.6906    4.4159    1.1504 H   0  0  0  0  0  0  0  0  0  0  0  0
   14.6287    5.9528    0.4721 H   0  0  0  0  0  0  0  0  0  0  0  0
   12.8996    7.0090   -0.9441 H   0  0  0  0  0  0  0  0  0  0  0  0
   13.1639    8.2090   -2.2032 H   0  0  0  0  0  0  0  0  0  0  0  0
   12.3473    6.7034   -2.5843 H   0  0  0  0  0  0  0  0  0  0  0  0
   15.5569    7.4090   -0.5422 H   0  0  0  0  0  0  0  0  0  0  0  0
   16.6321    6.8433   -1.8358 H   0  0  0  0  0  0  0  0  0  0  0  0
   15.7095    8.2933   -1.9898 H   0  0  0  0  0  0  0  0  0  0  0  0
   13.6190    4.9466   -4.1774 H   0  0  0  0  0  0  0  0  0  0  0  0
   14.4277    2.6659   -4.7900 H   0  0  0  0  0  0  0  0  0  0  0  0
   14.9756    2.3275   -3.1120 H   0  0  0  0  0  0  0  0  0  0  0  0
   12.0672    3.0090   -3.9900 H   0  0  0  0  0  0  0  0  0  0  0  0
   12.5325    2.7263   -2.2898 H   0  0  0  0  0  0  0  0  0  0  0  0
   18.2402    7.0205   -0.3936 H   0  0  0  0  0  0  0  0  0  0  0  0
   19.0910    8.1975    0.5997 H   0  0  0  0  0  0  0  0  0  0  0  0
  1  2  1  0
  1 22  1  0
  1 23  1  0
  2  3  2  0
  2  7  1  0
  3  4  1  0
  4  5  2  0
  4 21  1  0
  5  6  1  0
  5  8  1  0
  6  7  2  0
  6 24  1  0
  7 25  1  0
  8  9  1  0
  8 26  1  0
  8 27  1  0
  9 10  1  0
  9 28  1  0
  9 29  1  0
 10 11  2  0
 10 12  1  0
 12 13  1  0
 12 18  1  0
 13 14  1  0
 13 15  1  0
 13 16  1  0
 14 30  1  0
 14 31  1  0
 14 32  1  0
 15 33  1  0
 15 34  1  0
 15 35  1  0
 16 17  3  0
 18 19  1  0
 18 20  1  0
 18 36  1  0
 19 20  1  0
 19 37  1  0
 19 38  1  0
 20 39  1  0
 20 40  1  0
 21 41  1  0
 21 42  1  0
M  CHG  1   7   1
M  END
"
2owb_Lingo3DMolv2_1229058,"2owb_Lingo3DMolv2_1229058
     RDKit          3D

 46 50  0  0  1  0  0  0  0  0999 V2000
    1.5722   27.3304   68.9337 N   0  0  0  0  0  0  0  0  0  0  0  0
    1.9161   28.3287   68.0817 C   0  0  0  0  0  0  0  0  0  0  0  0
    1.3125   28.4352   66.8237 C   0  0  0  0  0  0  0  0  0  0  0  0
    1.3778   29.2669   65.6751 C   0  0  0  0  0  0  0  0  0  0  0  0
    0.5517   28.8444   64.7516 N   0  0  0  0  0  0  0  0  0  0  0  0
   -0.0822   27.7313   65.2144 N   0  0  0  0  0  0  0  0  0  0  0  0
    0.3473   27.4554   66.5096 C   0  0  0  0  0  0  0  0  0  0  0  0
   -0.0063   26.4507   67.3205 N   0  0  0  0  0  0  0  0  0  0  0  0
    0.6253   26.4483   68.5240 C   0  0  0  0  0  0  0  0  0  0  0  0
    0.3177   25.4543   69.4601 N   0  0  0  0  0  0  0  0  0  0  0  0
   -0.4629   24.2837   69.4228 C   0  0  0  0  0  0  0  0  0  0  0  0
   -1.5395   24.1385   68.5344 C   0  0  0  0  0  0  0  0  0  0  0  0
   -2.2777   22.9590   68.4885 C   0  0  0  0  0  0  0  0  0  0  0  0
   -1.9554   21.9079   69.3381 C   0  0  0  0  0  0  0  0  0  0  0  0
   -0.9136   22.0471   70.2499 C   0  0  0  0  0  0  0  0  0  0  0  0
   -0.1763   23.2337   70.3176 C   0  0  0  0  0  0  0  0  0  0  0  0
    0.8801   23.3601   71.4116 C   0  0  0  0  0  0  0  0  0  0  0  0
    2.3717   23.3315   71.1499 C   0  0  0  0  0  0  0  0  0  0  0  0
    1.7163   22.1828   71.8744 C   0  0  0  0  0  0  0  0  0  0  0  0
   -1.0394   27.0510   64.4115 C   0  0  0  0  0  0  0  0  0  0  0  0
   -2.0340   26.2291   64.9686 C   0  0  0  0  0  0  0  0  0  0  0  0
   -2.8706   25.5382   64.0880 C   0  0  0  0  0  0  0  0  0  0  0  0
   -2.7337   25.6131   62.7395 N   0  0  0  0  0  0  0  0  0  0  0  0
   -1.7382   26.4222   62.2944 C   0  0  0  0  0  0  0  0  0  0  0  0
   -0.8879   27.1507   63.0607 N   0  0  0  0  0  0  0  0  0  0  0  0
   -1.4260   26.3958   60.8147 C   0  0  0  0  0  0  0  0  0  0  0  0
   -0.3648   25.3315   60.4897 C   0  0  0  0  0  0  0  0  0  0  0  0
    2.6846   29.0156   68.4000 H   0  0  0  0  0  0  0  0  0  0  0  0
    2.0043   30.1308   65.5120 H   0  0  0  0  0  0  0  0  0  0  0  0
    0.7397   25.6316   70.3609 H   0  0  0  0  0  0  0  0  0  0  0  0
   -1.8327   24.9329   67.8722 H   0  0  0  0  0  0  0  0  0  0  0  0
   -3.0893   22.8522   67.7829 H   0  0  0  0  0  0  0  0  0  0  0  0
   -2.5163   20.9864   69.2920 H   0  0  0  0  0  0  0  0  0  0  0  0
   -0.6989   21.2315   70.9244 H   0  0  0  0  0  0  0  0  0  0  0  0
    0.5653   24.0514   72.1909 H   0  0  0  0  0  0  0  0  0  0  0  0
    2.7161   23.1849   70.1338 H   0  0  0  0  0  0  0  0  0  0  0  0
    3.0584   23.9619   71.7191 H   0  0  0  0  0  0  0  0  0  0  0  0
    1.6450   21.2258   71.3524 H   0  0  0  0  0  0  0  0  0  0  0  0
    1.8819   22.0590   72.9443 H   0  0  0  0  0  0  0  0  0  0  0  0
   -2.1711   26.1316   66.0321 H   0  0  0  0  0  0  0  0  0  0  0  0
   -3.6626   24.9047   64.4583 H   0  0  0  0  0  0  0  0  0  0  0  0
   -1.0578   27.3835   60.5332 H   0  0  0  0  0  0  0  0  0  0  0  0
   -2.3321   26.2432   60.2241 H   0  0  0  0  0  0  0  0  0  0  0  0
    0.2790   25.1018   61.3331 H   0  0  0  0  0  0  0  0  0  0  0  0
   -0.8246   24.4032   60.1463 H   0  0  0  0  0  0  0  0  0  0  0  0
    0.3161   25.6929   59.7335 H   0  0  0  0  0  0  0  0  0  0  0  0
  1  2  2  0
  1  9  1  0
  2  3  1  0
  2 28  1  0
  3  4  1  0
  3  7  2  0
  4  5  2  0
  4 29  1  0
  5  6  1  0
  6  7  1  0
  6 20  1  0
  7  8  1  0
  8  9  2  0
  9 10  1  0
 10 11  1  0
 10 30  1  0
 11 12  2  0
 11 16  1  0
 12 13  1  0
 12 31  1  0
 13 14  2  0
 13 32  1  0
 14 15  1  0
 14 33  1  0
 15 16  2  0
 15 34  1  0
 16 17  1  0
 17 18  1  0
 17 19  1  0
 17 35  1  0
 18 19  1  0
 18 36  1  0
 18 37  1  0
 19 38  1  0
 19 39  1  0
 20 21  2  0
 20 25  1  0
 21 22  1  0
 21 40  1  0
 22 23  2  0
 22 41  1  0
 23 24  1  0
 24 25  2  0
 24 26  1  0
 26 27  1  0
 26 42  1  0
 26 43  1  0
 27 44  1  0
 27 45  1  0
 27 46  1  0
M  END
"
2v3f_Lingo3DMolv2_851885,"2v3f_Lingo3DMolv2_851885
     RDKit          3D

 20 21  0  0  1  0  0  0  0  0999 V2000
   30.5561   33.7561  -20.6844 O   0  0  0  0  0  0  0  0  0  0  0  0
   31.6797   34.5235  -20.5423 C   0  0  0  0  0  0  0  0  0  0  0  0
   32.0743   35.5925  -21.2866 C   0  0  0  0  0  0  0  0  0  0  0  0
   33.2954   36.1993  -20.9439 N   0  0  0  0  0  0  0  0  0  0  0  0
   33.7980   37.5489  -20.6844 C   0  0  0  0  0  0  0  0  0  0  0  0
   34.6797   37.0556  -19.5454 C   0  0  0  0  0  0  0  0  0  0  0  0
   34.1910   35.6601  -19.9063 C   0  0  1  0  0  0  0  0  0  0  0  0
   33.3938   34.8947  -18.8025 C   0  0  1  0  0  0  0  0  0  0  0  0
   32.3859   34.0578  -19.4484 N   0  0  0  0  0  0  0  0  0  0  0  0
   34.3023   34.1516  -18.0186 O   0  0  0  0  0  0  0  0  0  0  0  0
   31.4071   36.0574  -22.2841 O   0  0  0  0  0  0  0  0  0  0  0  0
   30.6073   33.0089  -20.0623 H   0  0  0  0  0  0  0  0  0  0  0  0
   34.3392   37.9539  -21.5376 H   0  0  0  0  0  0  0  0  0  0  0  0
   33.0058   38.2361  -20.3875 H   0  0  0  0  0  0  0  0  0  0  0  0
   35.7474   37.2088  -19.7028 H   0  0  0  0  0  0  0  0  0  0  0  0
   34.3717   37.4128  -18.5618 H   0  0  0  0  0  0  0  0  0  0  0  0
   34.9403   34.9998  -20.3472 H   0  0  0  0  0  0  0  0  0  0  0  0
   32.8730   35.5961  -18.1486 H   0  0  0  0  0  0  0  0  0  0  0  0
   32.0126   33.3203  -18.8655 H   0  0  0  0  0  0  0  0  0  0  0  0
   35.0146   34.7389  -17.7575 H   0  0  0  0  0  0  0  0  0  0  0  0
  1  2  1  0
  1 12  1  0
  2  3  2  0
  2  9  1  0
  3  4  1  0
  3 11  1  0
  4  5  1  0
  4  7  1  0
  5  6  1  0
  5 13  1  0
  5 14  1  0
  6  7  1  0
  6 15  1  0
  6 16  1  0
  7  8  1  0
  7 17  1  6
  8  9  1  0
  8 10  1  0
  8 18  1  1
  9 19  1  0
 10 20  1  0
M  CHG  1  11  -1
M  END
"
2gtk_Lingo3DMolv2_1088357,"2gtk_Lingo3DMolv2_1088357
     RDKit          3D

 55 58  0  0  1  0  0  0  0  0999 V2000
   -2.1749   26.9661   19.9242 O   0  0  0  0  0  0  0  0  0  0  0  0
   -1.6185   27.6334   19.0264 C   0  0  0  0  0  0  0  0  0  0  0  0
   -2.1656   28.6030   18.4582 O   0  0  0  0  0  0  0  0  0  0  0  0
   -0.1486   27.2379   18.7389 C   0  0  2  0  0  0  0  0  0  0  0  0
    0.8191   27.8759   19.7715 C   0  0  0  0  0  0  0  0  0  0  0  0
    0.2603   27.2727   17.3564 O   0  0  0  0  0  0  0  0  0  0  0  0
    0.2319   28.4516   16.5601 C   0  0  0  0  0  0  0  0  0  0  0  0
    1.6429   28.6665   15.9964 C   0  0  0  0  0  0  0  0  0  0  0  0
   -0.7681   28.1849   15.4269 C   0  0  0  0  0  0  0  0  0  0  0  0
    2.0732   27.0418   19.8970 C   0  0  0  0  0  0  0  0  0  0  0  0
    3.2352   27.4572   19.2548 C   0  0  0  0  0  0  0  0  0  0  0  0
    4.3079   26.5859   19.1548 C   0  0  0  0  0  0  0  0  0  0  0  0
    4.2183   25.2964   19.6934 C   0  0  0  0  0  0  0  0  0  0  0  0
    3.1026   24.9085   20.4384 C   0  0  0  0  0  0  0  0  0  0  0  0
    2.0347   25.8021   20.5470 C   0  0  0  0  0  0  0  0  0  0  0  0
    3.1232   23.5198   21.0771 C   0  0  0  0  0  0  0  0  0  0  0  0
    4.4618   23.0778   21.3830 O   0  0  0  0  0  0  0  0  0  0  0  0
    5.3554   23.1662   20.3242 C   0  0  0  0  0  0  0  0  0  0  0  0
    6.3483   22.1665   20.1185 C   0  0  0  0  0  0  0  0  0  0  0  0
    7.0935   22.2710   18.9204 C   0  0  0  0  0  0  0  0  0  0  0  0
    6.9096   23.3180   18.0118 C   0  0  0  0  0  0  0  0  0  0  0  0
    6.0197   24.3253   18.3016 C   0  0  0  0  0  0  0  0  0  0  0  0
    5.2466   24.2662   19.4497 C   0  0  0  0  0  0  0  0  0  0  0  0
    7.6006   23.4151   16.8330 O   0  0  0  0  0  0  0  0  0  0  0  0
    7.0305   23.0072   15.6456 C   0  0  0  0  0  0  0  0  0  0  0  0
    6.1511   21.9203   15.5612 C   0  0  0  0  0  0  0  0  0  0  0  0
    5.6787   21.5036   14.3200 C   0  0  0  0  0  0  0  0  0  0  0  0
    6.0765   22.1763   13.1663 C   0  0  0  0  0  0  0  0  0  0  0  0
    6.9508   23.2572   13.2415 C   0  0  0  0  0  0  0  0  0  0  0  0
    7.4299   23.6684   14.4822 C   0  0  0  0  0  0  0  0  0  0  0  0
    6.6307   21.0193   21.0886 C   0  0  0  0  0  0  0  0  0  0  0  0
    6.0491   20.9665   22.1992 O   0  0  0  0  0  0  0  0  0  0  0  0
    7.4123   20.1080   20.7237 O   0  0  0  0  0  0  0  0  0  0  0  0
   -0.1129   26.1661   18.9162 H   0  0  0  0  0  0  0  0  0  0  0  0
    1.0564   28.9063   19.5249 H   0  0  0  0  0  0  0  0  0  0  0  0
    0.3708   27.9216   20.7655 H   0  0  0  0  0  0  0  0  0  0  0  0
   -0.0570   29.3359   17.1243 H   0  0  0  0  0  0  0  0  0  0  0  0
    2.3646   28.8525   16.7879 H   0  0  0  0  0  0  0  0  0  0  0  0
    1.9820   27.7882   15.4450 H   0  0  0  0  0  0  0  0  0  0  0  0
    1.6729   29.5222   15.3208 H   0  0  0  0  0  0  0  0  0  0  0  0
   -1.7548   27.9257   15.8097 H   0  0  0  0  0  0  0  0  0  0  0  0
   -0.8814   29.0548   14.7890 H   0  0  0  0  0  0  0  0  0  0  0  0
   -0.4293   27.3662   14.7938 H   0  0  0  0  0  0  0  0  0  0  0  0
    3.2892   28.4238   18.7779 H   0  0  0  0  0  0  0  0  0  0  0  0
    5.1832   26.9067   18.6097 H   0  0  0  0  0  0  0  0  0  0  0  0
    1.1371   25.4964   21.0670 H   0  0  0  0  0  0  0  0  0  0  0  0
    2.4982   23.4845   21.9671 H   0  0  0  0  0  0  0  0  0  0  0  0
    2.6724   22.8128   20.3783 H   0  0  0  0  0  0  0  0  0  0  0  0
    7.8303   21.5203   18.6811 H   0  0  0  0  0  0  0  0  0  0  0  0
    5.9015   25.1243   17.5842 H   0  0  0  0  0  0  0  0  0  0  0  0
    5.8492   21.3877   16.4506 H   0  0  0  0  0  0  0  0  0  0  0  0
    5.0022   20.6637   14.2536 H   0  0  0  0  0  0  0  0  0  0  0  0
    5.7066   21.8551   12.2038 H   0  0  0  0  0  0  0  0  0  0  0  0
    7.2634   23.7662   12.3420 H   0  0  0  0  0  0  0  0  0  0  0  0
    8.1226   24.4947   14.5437 H   0  0  0  0  0  0  0  0  0  0  0  0
  1  2  2  0
  2  3  1  0
  2  4  1  0
  4  5  1  0
  4  6  1  0
  4 34  1  1
  5 10  1  0
  5 35  1  0
  5 36  1  0
  6  7  1  0
  7  8  1  0
  7  9  1  0
  7 37  1  0
  8 38  1  0
  8 39  1  0
  8 40  1  0
  9 41  1  0
  9 42  1  0
  9 43  1  0
 10 11  2  0
 10 15  1  0
 11 12  1  0
 11 44  1  0
 12 13  2  0
 12 45  1  0
 13 14  1  0
 13 23  1  0
 14 15  2  0
 14 16  1  0
 15 46  1  0
 16 17  1  0
 16 47  1  0
 16 48  1  0
 17 18  1  0
 18 19  1  0
 18 23  2  0
 19 20  2  0
 19 31  1  0
 20 21  1  0
 20 49  1  0
 21 22  2  0
 21 24  1  0
 22 23  1  0
 22 50  1  0
 24 25  1  0
 25 26  2  0
 25 30  1  0
 26 27  1  0
 26 51  1  0
 27 28  2  0
 27 52  1  0
 28 29  1  0
 28 53  1  0
 29 30  2  0
 29 54  1  0
 30 55  1  0
 31 32  2  0
 31 33  1  0
M  CHG  2   3  -1  33  -1
M  END
"
2gtk_Lingo3DMolv2_361476,"2gtk_Lingo3DMolv2_361476
     RDKit          3D

 49 51  0  0  1  0  0  0  0  0999 V2000
   -1.8975   28.6833   18.6965 O   0  0  0  0  0  0  0  0  0  0  0  0
   -1.5621   27.5137   18.9854 C   0  0  0  0  0  0  0  0  0  0  0  0
   -2.1700   26.9663   19.9239 O   0  0  0  0  0  0  0  0  0  0  0  0
   -0.5597   26.8197   18.3405 O   0  0  0  0  0  0  0  0  0  0  0  0
    0.2993   27.4138   17.4553 C   0  0  0  0  0  0  0  0  0  0  0  0
   -0.0534   27.6996   16.1519 C   0  0  0  0  0  0  0  0  0  0  0  0
    1.1766   28.5663   15.3365 S   0  0  0  0  0  0  0  0  0  0  0  0
    2.2267   28.5212   16.7236 C   0  0  0  0  0  0  0  0  0  0  0  0
    1.6055   27.8278   17.8016 C   0  0  0  0  0  0  0  0  0  0  0  0
    2.1411   27.6235   19.2256 C   0  0  0  0  0  0  0  0  0  0  0  0
    3.6598   27.7307   19.4782 C   0  0  0  0  0  0  0  0  0  0  0  0
    4.5262   26.6260   18.8505 C   0  0  0  0  0  0  0  0  0  0  0  0
    4.2459   25.2080   19.3895 C   0  0  0  0  0  0  0  0  0  0  0  0
    5.4344   24.2551   19.1984 C   0  0  0  0  0  0  0  0  0  0  0  0
    5.8383   24.2869   17.8350 O   0  0  0  0  0  0  0  0  0  0  0  0
    6.9880   23.5159   17.5062 C   0  0  2  0  0  0  0  0  0  0  0  0
    8.2771   24.1662   18.0620 C   0  0  0  0  0  0  0  0  0  0  0  0
    6.9745   23.2553   15.9965 C   0  0  0  0  0  0  0  0  0  0  0  0
    6.5637   22.0706   15.4790 C   0  0  0  0  0  0  0  0  0  0  0  0
    6.5734   21.8415   14.0549 C   0  0  0  0  0  0  0  0  0  0  0  0
    6.1224   20.4484   13.1313 S   0  0  0  0  0  0  0  0  0  0  0  0
    6.5532   21.2790   11.6615 C   0  0  0  0  0  0  0  0  0  0  0  0
    7.0217   22.5686   11.8966 C   0  0  0  0  0  0  0  0  0  0  0  0
    7.0213   22.8810   13.2567 C   0  0  0  0  0  0  0  0  0  0  0  0
    7.4382   24.1039   13.7322 O   0  0  0  0  0  0  0  0  0  0  0  0
    7.4303   24.3628   15.0974 C   0  0  0  0  0  0  0  0  0  0  0  0
    7.8306   25.4853   15.4050 O   0  0  0  0  0  0  0  0  0  0  0  0
    3.5797   29.1983   16.5929 C   0  0  0  0  0  0  0  0  0  0  0  0
   -0.9907   27.4853   15.6634 H   0  0  0  0  0  0  0  0  0  0  0  0
    1.8075   26.6526   19.5982 H   0  0  0  0  0  0  0  0  0  0  0  0
    1.6456   28.3474   19.8765 H   0  0  0  0  0  0  0  0  0  0  0  0
    4.0295   28.7081   19.1817 H   0  0  0  0  0  0  0  0  0  0  0  0
    3.8310   27.7053   20.5537 H   0  0  0  0  0  0  0  0  0  0  0  0
    4.4157   26.6194   17.7666 H   0  0  0  0  0  0  0  0  0  0  0  0
    5.5712   26.8806   19.0330 H   0  0  0  0  0  0  0  0  0  0  0  0
    4.0076   25.2488   20.4528 H   0  0  0  0  0  0  0  0  0  0  0  0
    3.3634   24.7985   18.8947 H   0  0  0  0  0  0  0  0  0  0  0  0
    6.2473   24.5683   19.8543 H   0  0  0  0  0  0  0  0  0  0  0  0
    5.1524   23.2413   19.4872 H   0  0  0  0  0  0  0  0  0  0  0  0
    6.8971   22.5353   17.9798 H   0  0  0  0  0  0  0  0  0  0  0  0
    8.3835   23.9773   19.1254 H   0  0  0  0  0  0  0  0  0  0  0  0
    9.1714   23.7669   17.5860 H   0  0  0  0  0  0  0  0  0  0  0  0
    8.2787   25.2473   17.9191 H   0  0  0  0  0  0  0  0  0  0  0  0
    6.2294   21.2844   16.1407 H   0  0  0  0  0  0  0  0  0  0  0  0
    6.4443   20.7810   10.7092 H   0  0  0  0  0  0  0  0  0  0  0  0
    7.3458   23.2490   11.1253 H   0  0  0  0  0  0  0  0  0  0  0  0
    3.8068   29.8946   17.3998 H   0  0  0  0  0  0  0  0  0  0  0  0
    4.3903   28.4747   16.5461 H   0  0  0  0  0  0  0  0  0  0  0  0
    3.6578   29.7816   15.6745 H   0  0  0  0  0  0  0  0  0  0  0  0
  1  2  2  0
  2  3  1  0
  2  4  1  0
  4  5  1  0
  5  6  2  0
  5  9  1  0
  6  7  1  0
  6 29  1  0
  7  8  1  0
  8  9  2  0
  8 28  1  0
  9 10  1  0
 10 11  1  0
 10 30  1  0
 10 31  1  0
 11 12  1  0
 11 32  1  0
 11 33  1  0
 12 13  1  0
 12 34  1  0
 12 35  1  0
 13 14  1  0
 13 36  1  0
 13 37  1  0
 14 15  1  0
 14 38  1  0
 14 39  1  0
 15 16  1  0
 16 17  1  0
 16 18  1  0
 16 40  1  1
 17 41  1  0
 17 42  1  0
 17 43  1  0
 18 19  2  0
 18 26  1  0
 19 20  1  0
 19 44  1  0
 20 21  1  0
 20 24  2  0
 21 22  1  0
 22 23  2  0
 22 45  1  0
 23 24  1  0
 23 46  1  0
 24 25  1  0
 25 26  1  0
 26 27  2  0
 28 47  1  0
 28 48  1  0
 28 49  1  0
M  CHG  1   3  -1
M  END
"
2ojg_Lingo3DMolv2_367550,"2ojg_Lingo3DMolv2_367550
     RDKit          3D

 27 30  0  0  1  0  0  0  0  0999 V2000
  -17.9943   12.2379   41.1540 N   0  0  0  0  0  0  0  0  0  0  0  0
  -18.3937   12.9519   42.2420 C   0  0  0  0  0  0  0  0  0  0  0  0
  -17.5000   13.5384   43.1443 C   0  0  0  0  0  0  0  0  0  0  0  0
  -16.1549   13.5318   42.9390 N   0  0  0  0  0  0  0  0  0  0  0  0
  -15.7454   12.8905   41.8368 C   0  0  0  0  0  0  0  0  0  0  0  0
  -14.4647   12.7174   41.2226 C   0  0  0  0  0  0  0  0  0  0  0  0
  -14.7226   11.9007   40.1164 C   0  0  0  0  0  0  0  0  0  0  0  0
  -16.0437   11.5970   39.9668 O   0  0  0  0  0  0  0  0  0  0  0  0
  -16.6701   12.2274   40.9975 C   0  0  0  0  0  0  0  0  0  0  0  0
  -13.1703   13.2437   41.6288 C   0  0  0  0  0  0  0  0  0  0  0  0
  -12.9809   14.5688   42.7537 S   0  0  0  0  0  0  0  0  0  0  0  0
  -11.2548   14.4182   42.7059 C   0  0  0  0  0  0  0  0  0  0  0  0
  -10.8610   13.4416   41.8050 C   0  0  0  0  0  0  0  0  0  0  0  0
  -11.9295   12.7854   41.2111 C   0  0  0  0  0  0  0  0  0  0  0  0
  -11.4151   11.7295   40.3101 C   0  0  0  0  0  0  0  0  0  0  0  0
   -9.9183   11.8481   40.4971 C   0  0  0  0  0  0  0  0  0  0  0  0
   -9.0881   11.1317   39.9544 O   0  0  0  0  0  0  0  0  0  0  0  0
   -9.6983   12.8755   41.3351 N   0  0  0  0  0  0  0  0  0  0  0  0
  -10.4720   15.1870   43.5164 N   0  0  0  0  0  0  0  0  0  0  0  0
  -19.4477   13.1317   42.3500 H   0  0  0  0  0  0  0  0  0  0  0  0
  -17.8574   14.0905   44.0013 H   0  0  0  0  0  0  0  0  0  0  0  0
  -14.0851   11.4838   39.3511 H   0  0  0  0  0  0  0  0  0  0  0  0
  -11.7450   10.7317   40.5969 H   0  0  0  0  0  0  0  0  0  0  0  0
  -11.6723   11.8872   39.2633 H   0  0  0  0  0  0  0  0  0  0  0  0
   -8.7699   13.1484   41.6240 H   0  0  0  0  0  0  0  0  0  0  0  0
   -9.4796   15.0164   43.5956 H   0  0  0  0  0  0  0  0  0  0  0  0
  -10.8867   15.7640   44.2344 H   0  0  0  0  0  0  0  0  0  0  0  0
  1  2  2  0
  1  9  1  0
  2  3  1  0
  2 20  1  0
  3  4  2  0
  3 21  1  0
  4  5  1  0
  5  6  1  0
  5  9  2  0
  6  7  2  0
  6 10  1  0
  7  8  1  0
  7 22  1  0
  8  9  1  0
 10 11  1  0
 10 14  2  0
 11 12  1  0
 12 13  2  0
 12 19  1  0
 13 14  1  0
 13 18  1  0
 14 15  1  0
 15 16  1  0
 15 23  1  0
 15 24  1  0
 16 17  2  0
 16 18  1  0
 18 25  1  0
 19 26  1  0
 19 27  1  0
M  END
"
1njs_Lingo3DMolv2_125995,"1njs_Lingo3DMolv2_125995
     RDKit          3D

 53 54  0  0  1  0  0  0  0  0999 V2000
   51.1356   53.2137   28.8398 O   0  0  0  0  0  0  0  0  0  0  0  0
   52.0949   53.2136   28.0376 C   0  0  0  0  0  0  0  0  0  0  0  0
   53.0331   54.0411   28.0377 O   0  0  0  0  0  0  0  0  0  0  0  0
   51.9432   52.2880   26.8381 C   0  0  0  0  0  0  0  0  0  0  0  0
   53.2535   51.7305   26.2061 C   0  0  1  0  0  0  0  0  0  0  0  0
   53.0419   50.3128   25.9445 N   0  0  0  0  0  0  0  0  0  0  0  0
   53.8157   49.2763   26.2935 C   0  0  0  0  0  0  0  0  0  0  0  0
   54.9140   49.3885   26.8378 O   0  0  0  0  0  0  0  0  0  0  0  0
   53.6233   52.4587   24.8973 C   0  0  0  0  0  0  0  0  0  0  0  0
   54.7667   53.1418   24.8833 N   0  0  0  0  0  0  0  0  0  0  0  0
   52.8670   52.4296   23.9281 O   0  0  0  0  0  0  0  0  0  0  0  0
   53.1885   48.0002   26.0378 C   0  0  0  0  0  0  0  0  0  0  0  0
   53.8331   46.5461   26.7173 S   0  0  0  0  0  0  0  0  0  0  0  0
   52.5920   45.6044   25.9711 C   0  0  0  0  0  0  0  0  0  0  0  0
   51.6927   46.3659   25.2265 C   0  0  0  0  0  0  0  0  0  0  0  0
   52.0714   47.7193   25.2458 C   0  0  0  0  0  0  0  0  0  0  0  0
   51.4330   48.6462   24.5735 F   0  0  0  0  0  0  0  0  0  0  0  0
   50.4727   45.8336   24.4851 C   0  0  0  0  0  0  0  0  0  0  0  0
   49.7849   44.6114   25.1541 C   0  0  2  0  0  0  0  0  0  0  0  0
   48.5145   44.1244   24.4154 C   0  0  0  0  0  0  0  0  0  0  0  0
   48.5951   43.8377   22.9175 C   0  0  0  0  0  0  0  0  0  0  0  0
   49.5217   42.8136   22.6284 O   0  0  0  0  0  0  0  0  0  0  0  0
   49.4727   44.7965   26.6499 C   0  0  0  0  0  0  0  0  0  0  0  0
   49.5767   43.6908   27.4907 C   0  0  0  0  0  0  0  0  0  0  0  0
   49.3574   43.8085   28.8540 C   0  0  0  0  0  0  0  0  0  0  0  0
   49.0084   45.0427   29.4127 C   0  0  0  0  0  0  0  0  0  0  0  0
   48.8567   46.1525   28.5641 C   0  0  0  0  0  0  0  0  0  0  0  0
   49.0844   46.0282   27.1923 C   0  0  0  0  0  0  0  0  0  0  0  0
   48.8237   45.1189   30.8992 C   0  0  0  0  0  0  0  0  0  0  0  0
   49.0330   44.1477   31.6381 O   0  0  0  0  0  0  0  0  0  0  0  0
   48.3919   46.3487   31.3278 O   0  0  0  0  0  0  0  0  0  0  0  0
   48.2329   46.4137   32.7556 N   0  0  0  0  0  0  0  0  0  0  0  0
   51.3253   51.4599   27.1977 H   0  0  0  0  0  0  0  0  0  0  0  0
   51.3366   52.8148   26.1022 H   0  0  0  0  0  0  0  0  0  0  0  0
   54.0820   51.8212   26.9132 H   0  0  0  0  0  0  0  0  0  0  0  0
   52.2018   50.1123   25.4187 H   0  0  0  0  0  0  0  0  0  0  0  0
   55.0346   53.6311   24.0439 H   0  0  0  0  0  0  0  0  0  0  0  0
   55.3591   53.1670   25.6991 H   0  0  0  0  0  0  0  0  0  0  0  0
   52.5723   44.5342   26.1366 H   0  0  0  0  0  0  0  0  0  0  0  0
   50.7854   45.5610   23.4774 H   0  0  0  0  0  0  0  0  0  0  0  0
   49.7328   46.6235   24.3488 H   0  0  0  0  0  0  0  0  0  0  0  0
   50.5138   43.7999   25.0882 H   0  0  0  0  0  0  0  0  0  0  0  0
   48.2331   43.1757   24.8377 H   0  0  0  0  0  0  0  0  0  0  0  0
   47.6900   44.8140   24.6045 H   0  0  0  0  0  0  0  0  0  0  0  0
   47.6154   43.5956   22.5035 H   0  0  0  0  0  0  0  0  0  0  0  0
   48.9359   44.7374   22.4378 H   0  0  0  0  0  0  0  0  0  0  0  0
   49.1079   41.9671   22.8377 H   0  0  0  0  0  0  0  0  0  0  0  0
   49.8330   42.7243   27.0890 H   0  0  0  0  0  0  0  0  0  0  0  0
   49.4699   42.9236   29.4644 H   0  0  0  0  0  0  0  0  0  0  0  0
   48.5722   47.1205   28.9519 H   0  0  0  0  0  0  0  0  0  0  0  0
   48.9664   46.8937   26.5570 H   0  0  0  0  0  0  0  0  0  0  0  0
   47.9046   45.4852   32.9916 H   0  0  0  0  0  0  0  0  0  0  0  0
   49.1803   46.5035   33.0985 H   0  0  0  0  0  0  0  0  0  0  0  0
  1  2  2  0
  2  3  1  0
  2  4  1  0
  4  5  1  0
  4 33  1  0
  4 34  1  0
  5  6  1  0
  5  9  1  0
  5 35  1  1
  6  7  1  0
  6 36  1  0
  7  8  2  0
  7 12  1  0
  9 10  1  0
  9 11  2  0
 10 37  1  0
 10 38  1  0
 12 13  1  0
 12 16  2  0
 13 14  1  0
 14 15  2  0
 14 39  1  0
 15 16  1  0
 15 18  1  0
 16 17  1  0
 18 19  1  0
 18 40  1  0
 18 41  1  0
 19 20  1  0
 19 23  1  0
 19 42  1  1
 20 21  1  0
 20 43  1  0
 20 44  1  0
 21 22  1  0
 21 45  1  0
 21 46  1  0
 22 47  1  0
 23 24  2  0
 23 28  1  0
 24 25  1  0
 24 48  1  0
 25 26  2  0
 25 49  1  0
 26 27  1  0
 26 29  1  0
 27 28  2  0
 27 50  1  0
 28 51  1  0
 29 30  2  0
 29 31  1  0
 31 32  1  0
 32 52  1  0
 32 53  1  0
M  CHG  1   3  -1
M  END
"
3frj_Lingo3DMolv2_312986,"3frj_Lingo3DMolv2_312986
     RDKit          3D

 40 41  0  0  1  0  0  0  0  0999 V2000
   52.8871   20.5732   41.2979 O   0  0  0  0  0  0  0  0  0  0  0  0
   52.4823   19.2447   40.9706 C   0  0  0  0  0  0  0  0  0  0  0  0
   53.4180   21.2788   40.2463 C   0  0  0  0  0  0  0  0  0  0  0  0
   53.0794   22.6111   39.9561 C   0  0  0  0  0  0  0  0  0  0  0  0
   53.8702   23.1515   38.4883 S   0  0  0  0  0  0  0  0  0  0  0  0
   54.7625   21.6613   38.3830 C   0  0  0  0  0  0  0  0  0  0  0  0
   54.3851   20.7680   39.3641 C   0  0  0  0  0  0  0  0  0  0  0  0
   55.7357   21.4054   37.4412 O   0  0  0  0  0  0  0  0  0  0  0  0
   56.1696   22.4321   36.5481 C   0  0  0  0  0  0  0  0  0  0  0  0
   57.0234   23.5530   37.1877 C   0  0  0  0  0  0  0  0  0  0  0  0
   58.2112   23.1387   38.0921 C   0  0  1  0  0  0  0  0  0  0  0  0
   57.7593   22.4889   39.4195 C   0  0  0  0  0  0  0  0  0  0  0  0
   59.2806   22.3362   37.3312 C   0  0  0  0  0  0  0  0  0  0  0  0
   59.7139   21.2606   37.7393 O   0  0  0  0  0  0  0  0  0  0  0  0
   52.2002   23.5104   40.7185 C   0  0  0  0  0  0  0  0  0  0  0  0
   51.6607   23.1220   41.7540 O   0  0  0  0  0  0  0  0  0  0  0  0
   51.9722   24.9626   40.2230 C   0  0  0  0  0  0  0  0  0  0  0  0
   51.7023   26.1064   41.2424 C   0  0  0  0  0  0  0  0  0  0  0  0
   52.3142   26.1191   42.6226 C   0  0  0  0  0  0  0  0  0  0  0  0
   50.8076   25.9705   42.4492 C   0  0  0  0  0  0  0  0  0  0  0  0
   51.8153   18.8636   41.7447 H   0  0  0  0  0  0  0  0  0  0  0  0
   51.9425   19.1908   40.0212 H   0  0  0  0  0  0  0  0  0  0  0  0
   53.3448   18.5766   40.9242 H   0  0  0  0  0  0  0  0  0  0  0  0
   54.8134   19.7821   39.4497 H   0  0  0  0  0  0  0  0  0  0  0  0
   56.7609   21.9355   35.7782 H   0  0  0  0  0  0  0  0  0  0  0  0
   55.3219   22.8671   36.0178 H   0  0  0  0  0  0  0  0  0  0  0  0
   57.4092   24.1644   36.3724 H   0  0  0  0  0  0  0  0  0  0  0  0
   56.3730   24.2205   37.7484 H   0  0  0  0  0  0  0  0  0  0  0  0
   58.7227   24.0614   38.3603 H   0  0  0  0  0  0  0  0  0  0  0  0
   56.9435   23.0449   39.8800 H   0  0  0  0  0  0  0  0  0  0  0  0
   57.4298   21.4594   39.2853 H   0  0  0  0  0  0  0  0  0  0  0  0
   58.5597   22.4643   40.1485 H   0  0  0  0  0  0  0  0  0  0  0  0
   59.6303   22.7996   36.4080 H   0  0  0  0  0  0  0  0  0  0  0  0
   52.8501   25.2724   39.6588 H   0  0  0  0  0  0  0  0  0  0  0  0
   51.1396   24.9170   39.5212 H   0  0  0  0  0  0  0  0  0  0  0  0
   51.6486   27.0636   40.7215 H   0  0  0  0  0  0  0  0  0  0  0  0
   52.9040   25.2633   42.9538 H   0  0  0  0  0  0  0  0  0  0  0  0
   52.7126   27.0600   43.0068 H   0  0  0  0  0  0  0  0  0  0  0  0
   50.3231   25.0165   42.6493 H   0  0  0  0  0  0  0  0  0  0  0  0
   50.1652   26.8119   42.7086 H   0  0  0  0  0  0  0  0  0  0  0  0
  1  2  1  0
  1  3  1  0
  2 21  1  0
  2 22  1  0
  2 23  1  0
  3  4  2  0
  3  7  1  0
  4  5  1  0
  4 15  1  0
  5  6  1  0
  6  7  2  0
  6  8  1  0
  7 24  1  0
  8  9  1  0
  9 10  1  0
  9 25  1  0
  9 26  1  0
 10 11  1  0
 10 27  1  0
 10 28  1  0
 11 12  1  0
 11 13  1  0
 11 29  1  1
 12 30  1  0
 12 31  1  0
 12 32  1  0
 13 14  2  0
 13 33  1  0
 15 16  2  0
 15 17  1  0
 17 18  1  0
 17 34  1  0
 17 35  1  0
 18 19  1  0
 18 20  1  0
 18 36  1  0
 19 20  1  0
 19 37  1  0
 19 38  1  0
 20 39  1  0
 20 40  1  0
M  END
"
2rgp_Lingo3DMolv2_1152175,"2rgp_Lingo3DMolv2_1152175
     RDKit          3D

 50 54  0  0  1  0  0  0  0  0999 V2000
   13.0647   38.9379   96.1048 F   0  0  0  0  0  0  0  0  0  0  0  0
   14.2971   38.9370   96.6568 C   0  0  0  0  0  0  0  0  0  0  0  0
   14.8467   40.1200   97.1451 C   0  0  0  0  0  0  0  0  0  0  0  0
   16.1271   40.1199   97.6977 C   0  0  0  0  0  0  0  0  0  0  0  0
   16.8563   38.9316   97.7592 C   0  0  0  0  0  0  0  0  0  0  0  0
   16.3113   37.7349   97.2791 C   0  0  0  0  0  0  0  0  0  0  0  0
   15.0199   37.7493   96.7320 C   0  0  0  0  0  0  0  0  0  0  0  0
   17.1314   36.4474   97.3793 C   0  0  0  0  0  0  0  0  0  0  0  0
   16.7278   35.3795   96.4676 N   0  0  0  0  0  0  0  0  0  0  0  0
   15.9339   34.3780   96.9044 N   0  0  0  0  0  0  0  0  0  0  0  0
   15.6614   33.6179   95.8734 C   0  0  0  0  0  0  0  0  0  0  0  0
   16.2307   34.1515   94.6835 C   0  0  0  0  0  0  0  0  0  0  0  0
   16.1864   33.7613   93.4060 N   0  0  0  0  0  0  0  0  0  0  0  0
   16.8127   34.5748   92.5062 C   0  0  0  0  0  0  0  0  0  0  0  0
   17.5104   35.7319   92.8493 C   0  0  0  0  0  0  0  0  0  0  0  0
   17.5678   36.1391   94.1801 C   0  0  0  0  0  0  0  0  0  0  0  0
   16.9126   35.3185   95.1000 C   0  0  0  0  0  0  0  0  0  0  0  0
   16.7562   34.2092   91.1826 O   0  0  0  0  0  0  0  0  0  0  0  0
   15.5773   34.1373   90.4594 C   0  0  0  0  0  0  0  0  0  0  0  0
   14.4298   34.5382   91.0762 N   0  0  0  0  0  0  0  0  0  0  0  0
   13.2903   34.4290   90.3613 C   0  0  0  0  0  0  0  0  0  0  0  0
   13.1747   33.9409   89.1039 N   0  0  0  0  0  0  0  0  0  0  0  0
   14.3253   33.5501   88.4834 C   0  0  0  0  0  0  0  0  0  0  0  0
   14.2294   33.0228   87.1768 C   0  0  0  0  0  0  0  0  0  0  0  0
   15.3701   32.6014   86.5043 C   0  0  0  0  0  0  0  0  0  0  0  0
   16.6207   32.7221   87.0932 C   0  0  0  0  0  0  0  0  0  0  0  0
   16.7792   33.2411   88.3823 C   0  0  0  0  0  0  0  0  0  0  0  0
   15.6080   33.6455   89.1148 C   0  0  0  0  0  0  0  0  0  0  0  0
   18.1486   33.3394   88.9277 C   0  0  0  0  0  0  0  0  0  0  0  0
   19.1087   32.4091   88.8000 C   0  0  0  0  0  0  0  0  0  0  0  0
   20.3551   32.5538   89.3041 O   0  0  0  0  0  0  0  0  0  0  0  0
   21.2539   31.4961   89.0028 C   0  0  0  0  0  0  0  0  0  0  0  0
   14.2732   41.0320   97.0923 H   0  0  0  0  0  0  0  0  0  0  0  0
   16.5547   41.0370   98.0791 H   0  0  0  0  0  0  0  0  0  0  0  0
   17.8455   38.9461   98.1959 H   0  0  0  0  0  0  0  0  0  0  0  0
   14.5653   36.8463   96.3529 H   0  0  0  0  0  0  0  0  0  0  0  0
   18.1737   36.6775   97.1497 H   0  0  0  0  0  0  0  0  0  0  0  0
   17.1085   36.0758   98.4044 H   0  0  0  0  0  0  0  0  0  0  0  0
   15.0457   32.7361   95.9783 H   0  0  0  0  0  0  0  0  0  0  0  0
   17.9874   36.3226   92.0816 H   0  0  0  0  0  0  0  0  0  0  0  0
   18.0614   37.0523   94.4765 H   0  0  0  0  0  0  0  0  0  0  0  0
   12.3786   34.7413   90.8532 H   0  0  0  0  0  0  0  0  0  0  0  0
   13.2621   32.9358   86.7054 H   0  0  0  0  0  0  0  0  0  0  0  0
   15.2862   32.1714   85.5164 H   0  0  0  0  0  0  0  0  0  0  0  0
   17.4846   32.4023   86.5280 H   0  0  0  0  0  0  0  0  0  0  0  0
   18.4009   34.2538   89.4437 H   0  0  0  0  0  0  0  0  0  0  0  0
   18.9387   31.4717   88.2841 H   0  0  0  0  0  0  0  0  0  0  0  0
   22.2032   31.6642   89.5121 H   0  0  0  0  0  0  0  0  0  0  0  0
   20.8599   30.5384   89.3417 H   0  0  0  0  0  0  0  0  0  0  0  0
   21.4536   31.4338   87.9314 H   0  0  0  0  0  0  0  0  0  0  0  0
  1  2  1  0
  2  3  2  0
  2  7  1  0
  3  4  1  0
  3 33  1  0
  4  5  2  0
  4 34  1  0
  5  6  1  0
  5 35  1  0
  6  7  2  0
  6  8  1  0
  7 36  1  0
  8  9  1  0
  8 37  1  0
  8 38  1  0
  9 10  1  0
  9 17  1  0
 10 11  2  0
 11 12  1  0
 11 39  1  0
 12 13  1  0
 12 17  2  0
 13 14  2  0
 14 15  1  0
 14 18  1  0
 15 16  2  0
 15 40  1  0
 16 17  1  0
 16 41  1  0
 18 19  1  0
 19 20  2  0
 19 28  1  0
 20 21  1  0
 21 22  2  0
 21 42  1  0
 22 23  1  0
 23 24  1  0
 23 28  2  0
 24 25  2  0
 24 43  1  0
 25 26  1  0
 25 44  1  0
 26 27  2  0
 26 45  1  0
 27 28  1  0
 27 29  1  0
 29 30  2  3
 29 46  1  0
 30 31  1  0
 30 47  1  0
 31 32  1  0
 32 48  1  0
 32 49  1  0
 32 50  1  0
M  END
"
3g0e_Lingo3DMolv2_611960,"3g0e_Lingo3DMolv2_611960
     RDKit          3D

 32 34  0  0  1  0  0  0  0  0999 V2000
   31.8119   -1.4165  -77.5299 N   0  0  0  0  0  0  0  0  0  0  0  0
   31.4781   -0.1283  -77.7674 C   0  0  0  0  0  0  0  0  0  0  0  0
   32.1891    0.6753  -78.3756 O   0  0  0  0  0  0  0  0  0  0  0  0
   30.1166    0.3100  -77.2115 C   0  0  0  0  0  0  0  0  0  0  0  0
   29.4390    1.4806  -77.8973 C   0  0  0  0  0  0  0  0  0  0  0  0
   30.0864    1.6722  -76.5429 C   0  0  0  0  0  0  0  0  0  0  0  0
   33.0269   -2.0647  -77.8539 C   0  0  0  0  0  0  0  0  0  0  0  0
   34.1574   -1.3160  -78.0117 N   0  0  0  0  0  0  0  0  0  0  0  0
   35.2737   -1.9623  -78.4117 C   0  0  0  0  0  0  0  0  0  0  0  0
   35.3754   -3.2884  -78.6544 N   0  0  0  0  0  0  0  0  0  0  0  0
   34.2711   -4.0514  -78.4272 C   0  0  0  0  0  0  0  0  0  0  0  0
   33.0516   -3.4689  -78.0113 C   0  0  0  0  0  0  0  0  0  0  0  0
   31.9263   -4.2338  -77.7939 O   0  0  0  0  0  0  0  0  0  0  0  0
   34.5107   -5.5162  -78.6734 C   0  0  0  0  0  0  0  0  0  0  0  0
   33.6714   -6.5954  -78.4119 C   0  0  0  0  0  0  0  0  0  0  0  0
   34.2575   -7.7769  -78.7301 O   0  0  0  0  0  0  0  0  0  0  0  0
   35.4896   -7.4927  -79.2104 C   0  0  0  0  0  0  0  0  0  0  0  0
   35.6688   -6.1207  -79.1989 C   0  0  0  0  0  0  0  0  0  0  0  0
   36.3474   -8.6653  -79.6124 C   0  0  0  0  0  0  0  0  0  0  0  0
   31.1234   -1.9667  -77.0401 H   0  0  0  0  0  0  0  0  0  0  0  0
   29.4901   -0.4879  -76.8122 H   0  0  0  0  0  0  0  0  0  0  0  0
   29.9052    1.9469  -78.7660 H   0  0  0  0  0  0  0  0  0  0  0  0
   28.3486    1.4851  -77.9548 H   0  0  0  0  0  0  0  0  0  0  0  0
   31.0024    2.2608  -76.4688 H   0  0  0  0  0  0  0  0  0  0  0  0
   29.4486    1.8006  -75.6671 H   0  0  0  0  0  0  0  0  0  0  0  0
   36.1521   -1.3580  -78.5847 H   0  0  0  0  0  0  0  0  0  0  0  0
   31.1904   -3.7333  -77.4350 H   0  0  0  0  0  0  0  0  0  0  0  0
   32.6826   -6.6784  -77.9903 H   0  0  0  0  0  0  0  0  0  0  0  0
   36.5623   -5.6052  -79.5188 H   0  0  0  0  0  0  0  0  0  0  0  0
   36.5017   -9.3506  -78.7783 H   0  0  0  0  0  0  0  0  0  0  0  0
   35.8907   -9.2378  -80.4210 H   0  0  0  0  0  0  0  0  0  0  0  0
   37.3323   -8.3477  -79.9550 H   0  0  0  0  0  0  0  0  0  0  0  0
  1  2  1  0
  1  7  1  0
  1 20  1  0
  2  3  2  0
  2  4  1  0
  4  5  1  0
  4  6  1  0
  4 21  1  0
  5  6  1  0
  5 22  1  0
  5 23  1  0
  6 24  1  0
  6 25  1  0
  7  8  2  0
  7 12  1  0
  8  9  1  0
  9 10  2  0
  9 26  1  0
 10 11  1  0
 11 12  2  0
 11 14  1  0
 12 13  1  0
 13 27  1  0
 14 15  2  0
 14 18  1  0
 15 16  1  0
 15 28  1  0
 16 17  1  0
 17 18  2  0
 17 19  1  0
 18 29  1  0
 19 30  1  0
 19 31  1  0
 19 32  1  0
M  END
"
3d4q_Lingo3DMolv2_554662,"3d4q_Lingo3DMolv2_554662
     RDKit          3D

 72 77  0  0  1  0  0  0  0  0999 V2000
   66.2402   29.3921   -0.2609 N   0  0  0  0  0  0  0  0  0  0  0  0
   65.2062   28.5209   -0.5454 C   0  0  0  0  0  0  0  0  0  0  0  0
   65.4892   27.2081   -0.6985 N   0  0  0  0  0  0  0  0  0  0  0  0
   64.4373   26.4352   -1.0596 C   0  0  0  0  0  0  0  0  0  0  0  0
   63.1382   26.9425   -1.3018 C   0  0  0  0  0  0  0  0  0  0  0  0
   62.1254   26.1065   -1.6327 N   0  0  0  0  0  0  0  0  0  0  0  0
   60.9348   26.6866   -1.8991 C   0  0  0  0  0  0  0  0  0  0  0  0
   60.6880   28.0191   -1.9406 N   0  0  0  0  0  0  0  0  0  0  0  0
   61.6873   28.8989   -1.6100 C   0  0  0  0  0  0  0  0  0  0  0  0
   62.9666   28.3593   -1.1825 C   0  0  0  0  0  0  0  0  0  0  0  0
   64.0029   29.1089   -0.7071 N   0  0  0  0  0  0  0  0  0  0  0  0
   61.3565   30.3059   -1.7250 N   0  0  0  0  0  0  0  0  0  0  0  0
   59.9927   30.6241   -2.2128 C   0  0  0  0  0  0  0  0  0  0  0  0
   62.1219   31.4909   -1.4897 C   0  0  0  0  0  0  0  0  0  0  0  0
   61.5468   32.6335   -0.9009 C   0  0  0  0  0  0  0  0  0  0  0  0
   62.3129   33.7662   -0.6232 C   0  0  0  0  0  0  0  0  0  0  0  0
   63.6861   33.7785   -0.8798 C   0  0  0  0  0  0  0  0  0  0  0  0
   64.2447   32.6856   -1.5422 C   0  0  0  0  0  0  0  0  0  0  0  0
   63.4658   31.5848   -1.8634 C   0  0  0  0  0  0  0  0  0  0  0  0
   64.4596   34.8738   -0.5116 N   0  0  0  0  0  0  0  0  0  0  0  0
   65.8838   34.6842   -0.1612 C   0  0  0  0  0  0  0  0  0  0  0  0
   66.5025   35.8738    0.5955 C   0  0  0  0  0  0  0  0  0  0  0  0
   66.3076   37.1837   -0.1900 C   0  0  0  0  0  0  0  0  0  0  0  0
   64.8149   37.3712   -0.4895 C   0  0  0  0  0  0  0  0  0  0  0  0
   64.2265   36.1469   -1.2201 C   0  0  0  0  0  0  0  0  0  0  0  0
   66.8768   38.4301    0.5406 N   0  0  0  0  0  0  0  0  0  0  0  0
   66.3012   38.7721    1.9353 C   0  0  0  0  0  0  0  0  0  0  0  0
   67.4483   39.4947    2.6304 C   0  0  0  0  0  0  0  0  0  0  0  0
   68.6772   38.7259    2.1631 C   0  0  0  0  0  0  0  0  0  0  0  0
   68.4189   38.4368    0.6812 C   0  0  0  0  0  0  0  0  0  0  0  0
   59.7906   25.7618   -2.1734 C   0  0  0  0  0  0  0  0  0  0  0  0
   58.6599   26.0175   -2.9678 C   0  0  0  0  0  0  0  0  0  0  0  0
   57.8456   24.9936   -3.0608 N   0  0  0  0  0  0  0  0  0  0  0  0
   58.4019   24.0532   -2.2921 N   0  0  0  0  0  0  0  0  0  0  0  0
   59.5801   24.4584   -1.7051 C   0  0  0  0  0  0  0  0  0  0  0  0
   60.3495   23.5611   -0.7531 C   0  0  0  0  0  0  0  0  0  0  0  0
   57.7457   22.7568   -2.1739 C   0  0  0  0  0  0  0  0  0  0  0  0
   66.0135   30.3658   -0.1530 H   0  0  0  0  0  0  0  0  0  0  0  0
   67.2091   29.0797   -0.2608 H   0  0  0  0  0  0  0  0  0  0  0  0
   64.6213   25.3734   -1.1500 H   0  0  0  0  0  0  0  0  0  0  0  0
   59.2630   30.5143   -1.4118 H   0  0  0  0  0  0  0  0  0  0  0  0
   59.8948   31.6419   -2.5955 H   0  0  0  0  0  0  0  0  0  0  0  0
   59.6867   29.9821   -3.0410 H   0  0  0  0  0  0  0  0  0  0  0  0
   60.5085   32.6374   -0.6075 H   0  0  0  0  0  0  0  0  0  0  0  0
   61.8472   34.6080   -0.1318 H   0  0  0  0  0  0  0  0  0  0  0  0
   65.2898   32.6630   -1.8060 H   0  0  0  0  0  0  0  0  0  0  0  0
   63.9503   30.7866   -2.3970 H   0  0  0  0  0  0  0  0  0  0  0  0
   65.9701   33.8000    0.4742 H   0  0  0  0  0  0  0  0  0  0  0  0
   66.4678   34.4815   -1.0585 H   0  0  0  0  0  0  0  0  0  0  0  0
   66.0536   35.9076    1.5870 H   0  0  0  0  0  0  0  0  0  0  0  0
   67.5577   35.6946    0.8027 H   0  0  0  0  0  0  0  0  0  0  0  0
   66.8277   37.0854   -1.1479 H   0  0  0  0  0  0  0  0  0  0  0  0
   64.2470   37.5396    0.4266 H   0  0  0  0  0  0  0  0  0  0  0  0
   64.6514   38.2851   -1.0589 H   0  0  0  0  0  0  0  0  0  0  0  0
   63.1529   36.3053   -1.3343 H   0  0  0  0  0  0  0  0  0  0  0  0
   64.6389   36.0697   -2.2281 H   0  0  0  0  0  0  0  0  0  0  0  0
   66.6566   39.2336   -0.0309 H   0  0  0  0  0  0  0  0  0  0  0  0
   65.3931   39.3622    1.8104 H   0  0  0  0  0  0  0  0  0  0  0  0
   66.0716   37.8439    2.4539 H   0  0  0  0  0  0  0  0  0  0  0  0
   67.4912   40.5404    2.3207 H   0  0  0  0  0  0  0  0  0  0  0  0
   67.3445   39.4747    3.7160 H   0  0  0  0  0  0  0  0  0  0  0  0
   69.5949   39.2965    2.3116 H   0  0  0  0  0  0  0  0  0  0  0  0
   68.7868   37.7898    2.7145 H   0  0  0  0  0  0  0  0  0  0  0  0
   68.7576   39.2736    0.0644 H   0  0  0  0  0  0  0  0  0  0  0  0
   68.8589   37.4922    0.3530 H   0  0  0  0  0  0  0  0  0  0  0  0
   58.4578   26.9385   -3.4987 H   0  0  0  0  0  0  0  0  0  0  0  0
   59.7179   23.1917    0.0520 H   0  0  0  0  0  0  0  0  0  0  0  0
   60.7566   22.6880   -1.2583 H   0  0  0  0  0  0  0  0  0  0  0  0
   61.1844   24.0670   -0.2722 H   0  0  0  0  0  0  0  0  0  0  0  0
   57.6108   22.5106   -1.1210 H   0  0  0  0  0  0  0  0  0  0  0  0
   56.7699   22.7626   -2.6612 H   0  0  0  0  0  0  0  0  0  0  0  0
   58.3691   21.9951   -2.6449 H   0  0  0  0  0  0  0  0  0  0  0  0
  1  2  1  0
  1 38  1  0
  1 39  1  0
  2  3  2  0
  2 11  1  0
  3  4  1  0
  4  5  2  0
  4 40  1  0
  5  6  1  0
  5 10  1  0
  6  7  2  0
  7  8  1  0
  7 31  1  0
  8  9  2  0
  9 10  1  0
  9 12  1  0
 10 11  2  0
 12 13  1  0
 12 14  1  0
 13 41  1  0
 13 42  1  0
 13 43  1  0
 14 15  2  0
 14 19  1  0
 15 16  1  0
 15 44  1  0
 16 17  2  0
 16 45  1  0
 17 18  1  0
 17 20  1  0
 18 19  2  0
 18 46  1  0
 19 47  1  0
 20 21  1  0
 20 25  1  0
 21 22  1  0
 21 48  1  0
 21 49  1  0
 22 23  1  0
 22 50  1  0
 22 51  1  0
 23 24  1  0
 23 26  1  0
 23 52  1  0
 24 25  1  0
 24 53  1  0
 24 54  1  0
 25 55  1  0
 25 56  1  0
 26 27  1  0
 26 30  1  0
 26 57  1  0
 27 28  1  0
 27 58  1  0
 27 59  1  0
 28 29  1  0
 28 60  1  0
 28 61  1  0
 29 30  1  0
 29 62  1  0
 29 63  1  0
 30 64  1  0
 30 65  1  0
 31 32  1  0
 31 35  2  0
 32 33  2  0
 32 66  1  0
 33 34  1  0
 34 35  1  0
 34 37  1  0
 35 36  1  0
 36 67  1  0
 36 68  1  0
 36 69  1  0
 37 70  1  0
 37 71  1  0
 37 72  1  0
M  CHG  1  26   1
M  END
"
2zdt_Lingo3DMolv2_540974,"2zdt_Lingo3DMolv2_540974
     RDKit          3D

 52 55  0  0  1  0  0  0  0  0999 V2000
   46.0978    6.5110   32.5785 O   0  0  0  0  0  0  0  0  0  0  0  0
   45.3600    7.6469   32.5862 C   0  0  0  0  0  0  0  0  0  0  0  0
   44.1248    7.5518   33.2060 C   0  0  0  0  0  0  0  0  0  0  0  0
   43.4105    8.6794   33.5435 C   0  0  0  0  0  0  0  0  0  0  0  0
   43.9361    9.9441   33.3509 C   0  0  0  0  0  0  0  0  0  0  0  0
   45.1680   10.0438   32.6563 C   0  0  0  0  0  0  0  0  0  0  0  0
   45.8723    8.8968   32.1534 C   0  0  0  0  0  0  0  0  0  0  0  0
   46.9374    9.3709   31.2484 C   0  0  0  0  0  0  0  0  0  0  0  0
   47.0039   10.7822   31.5282 C   0  0  0  0  0  0  0  0  0  0  0  0
   45.9274   11.1497   32.3379 N   0  0  0  0  0  0  0  0  0  0  0  0
   45.5062   12.5107   32.7227 C   0  0  0  0  0  0  0  0  0  0  0  0
   47.9513   11.9036   31.0026 C   0  0  0  0  0  0  0  0  0  0  0  0
   48.7883   12.6498   32.0722 C   0  0  0  0  0  0  0  0  0  0  0  0
   47.2935   12.8212   29.9468 C   0  0  0  0  0  0  0  0  0  0  0  0
   47.7261    8.5894   30.0976 C   0  0  1  0  0  0  0  0  0  0  0  0
   49.0622    9.2638   29.6586 C   0  0  0  0  0  0  0  0  0  0  0  0
   50.1257    8.3775   28.9995 C   0  0  0  0  0  0  0  0  0  0  0  0
   50.3560    7.0524   29.7441 C   0  0  0  0  0  0  0  0  0  0  0  0
   49.1760    6.4897   30.4337 N   0  0  0  0  0  0  0  0  0  0  0  0
   49.3108    5.0237   30.4989 C   0  0  0  0  0  0  0  0  0  0  0  0
   48.0746    4.3753   31.1329 C   0  0  0  0  0  0  0  0  0  0  0  0
   48.1291    3.6118   32.0937 O   0  0  0  0  0  0  0  0  0  0  0  0
   46.9101    4.7314   30.5600 N   0  0  0  0  0  0  0  0  0  0  0  0
   46.6831    6.0032   29.8375 C   0  0  0  0  0  0  0  0  0  0  0  0
   47.8904    7.0058   29.9141 C   0  0  1  0  0  0  0  0  0  0  0  0
   43.0035   11.2782   33.9381 Cl  0  0  0  0  0  0  0  0  0  0  0  0
   46.9271    6.5807   33.0551 H   0  0  0  0  0  0  0  0  0  0  0  0
   43.7342    6.5891   33.4902 H   0  0  0  0  0  0  0  0  0  0  0  0
   42.4600    8.5734   34.0459 H   0  0  0  0  0  0  0  0  0  0  0  0
   45.3267   12.5576   33.7981 H   0  0  0  0  0  0  0  0  0  0  0  0
   46.2132   13.2815   32.4520 H   0  0  0  0  0  0  0  0  0  0  0  0
   44.5696   12.7611   32.2303 H   0  0  0  0  0  0  0  0  0  0  0  0
   48.7747   11.5006   30.4524 H   0  0  0  0  0  0  0  0  0  0  0  0
   49.2886   11.9460   32.7367 H   0  0  0  0  0  0  0  0  0  0  0  0
   49.5729   13.2385   31.5967 H   0  0  0  0  0  0  0  0  0  0  0  0
   48.2450   13.3588   32.6911 H   0  0  0  0  0  0  0  0  0  0  0  0
   46.4048   13.3371   30.3000 H   0  0  0  0  0  0  0  0  0  0  0  0
   47.9903   13.5861   29.6016 H   0  0  0  0  0  0  0  0  0  0  0  0
   46.9956   12.2456   29.0690 H   0  0  0  0  0  0  0  0  0  0  0  0
   47.0772    8.7532   29.2366 H   0  0  0  0  0  0  0  0  0  0  0  0
   48.8839   10.1271   29.0191 H   0  0  0  0  0  0  0  0  0  0  0  0
   49.5742    9.5599   30.5762 H   0  0  0  0  0  0  0  0  0  0  0  0
   49.8519    8.1810   27.9647 H   0  0  0  0  0  0  0  0  0  0  0  0
   51.0708    8.9178   28.9316 H   0  0  0  0  0  0  0  0  0  0  0  0
   50.5824    6.3727   28.9195 H   0  0  0  0  0  0  0  0  0  0  0  0
   51.2624    7.0255   30.3374 H   0  0  0  0  0  0  0  0  0  0  0  0
   49.4448    4.5861   29.5074 H   0  0  0  0  0  0  0  0  0  0  0  0
   50.1877    4.7527   31.0902 H   0  0  0  0  0  0  0  0  0  0  0  0
   46.1066    4.2995   30.9919 H   0  0  0  0  0  0  0  0  0  0  0  0
   46.4238    5.7811   28.8025 H   0  0  0  0  0  0  0  0  0  0  0  0
   45.8069    6.4719   30.2665 H   0  0  0  0  0  0  0  0  0  0  0  0
   48.0982    6.9506   28.8425 H   0  0  0  0  0  0  0  0  0  0  0  0
  1  2  1  0
  1 27  1  0
  2  3  2  0
  2  7  1  0
  3  4  1  0
  3 28  1  0
  4  5  2  0
  4 29  1  0
  5  6  1  0
  5 26  1  0
  6  7  2  0
  6 10  1  0
  7  8  1  0
  8  9  2  0
  8 15  1  0
  9 10  1  0
  9 12  1  0
 10 11  1  0
 11 30  1  0
 11 31  1  0
 11 32  1  0
 12 13  1  0
 12 14  1  0
 12 33  1  0
 13 34  1  0
 13 35  1  0
 13 36  1  0
 14 37  1  0
 14 38  1  0
 14 39  1  0
 15 16  1  0
 15 25  1  0
 15 40  1  6
 16 17  1  0
 16 41  1  0
 16 42  1  0
 17 18  1  0
 17 43  1  0
 17 44  1  0
 18 19  1  0
 18 45  1  0
 18 46  1  0
 19 20  1  0
 19 25  1  0
 20 21  1  0
 20 47  1  0
 20 48  1  0
 21 22  2  0
 21 23  1  0
 23 24  1  0
 23 49  1  0
 24 25  1  0
 24 50  1  0
 24 51  1  0
 25 52  1  6
M  END
"
3bgs_Lingo3DMolv2_1067255,"3bgs_Lingo3DMolv2_1067255
     RDKit          3D

 31 33  0  0  1  0  0  0  0  0999 V2000
   12.3373    9.4642   56.2389 N   0  0  0  0  0  0  0  0  0  0  0  0
   13.7542    9.3868   56.2392 O   0  0  0  0  0  0  0  0  0  0  0  0
   14.3184   10.6078   55.9866 C   0  0  0  0  0  0  0  0  0  0  0  0
   15.2227   10.6662   55.0380 N   0  0  0  0  0  0  0  0  0  0  0  0
   15.6227   11.9321   55.0395 N   0  0  0  0  0  0  0  0  0  0  0  0
   15.0017   12.6862   55.9924 C   0  0  0  0  0  0  0  0  0  0  0  0
   14.0946   11.8525   56.6315 C   0  0  0  0  0  0  0  0  0  0  0  0
   13.1194   12.2217   57.7388 C   0  0  0  0  0  0  0  0  0  0  0  0
   13.7703   12.5657   58.9915 N   0  0  0  0  0  0  0  0  0  0  0  0
   14.4607   11.5238   59.6164 N   0  0  0  0  0  0  0  0  0  0  0  0
   15.3274   11.8532   60.4797 C   0  0  0  0  0  0  0  0  0  0  0  0
   16.1780   10.8898   61.1802 C   0  0  0  0  0  0  0  0  0  0  0  0
   16.7884   11.2513   62.3938 C   0  0  0  0  0  0  0  0  0  0  0  0
   17.6265   10.4586   63.1163 N   0  0  0  0  0  0  0  0  0  0  0  0
   17.8472    9.2640   62.5749 C   0  0  0  0  0  0  0  0  0  0  0  0
   18.6731    8.3355   63.1339 O   0  0  0  0  0  0  0  0  0  0  0  0
   18.6641    7.2054   62.3006 N   0  0  0  0  0  0  0  0  0  0  0  0
   17.8612    7.4661   61.2909 C   0  0  0  0  0  0  0  0  0  0  0  0
   17.3005    8.7714   61.3853 C   0  0  0  0  0  0  0  0  0  0  0  0
   16.4282    9.6035   60.6666 C   0  0  0  0  0  0  0  0  0  0  0  0
   12.1488   10.2160   56.8809 H   0  0  0  0  0  0  0  0  0  0  0  0
   12.1188    9.7703   55.2984 H   0  0  0  0  0  0  0  0  0  0  0  0
   16.3243   12.2660   54.3849 H   0  0  0  0  0  0  0  0  0  0  0  0
   15.2349   13.7356   56.1033 H   0  0  0  0  0  0  0  0  0  0  0  0
   12.4263   11.4123   57.9583 H   0  0  0  0  0  0  0  0  0  0  0  0
   12.5029   13.0668   57.4334 H   0  0  0  0  0  0  0  0  0  0  0  0
   14.2574   13.4504   59.0156 H   0  0  0  0  0  0  0  0  0  0  0  0
   15.5013   12.8916   60.7523 H   0  0  0  0  0  0  0  0  0  0  0  0
   16.6097   12.2230   62.8327 H   0  0  0  0  0  0  0  0  0  0  0  0
   17.6876    6.7301   60.5192 H   0  0  0  0  0  0  0  0  0  0  0  0
   15.9802    9.2665   59.7415 H   0  0  0  0  0  0  0  0  0  0  0  0
  1  2  1  0
  1 21  1  0
  1 22  1  0
  2  3  1  0
  3  4  2  0
  3  7  1  0
  4  5  1  0
  5  6  1  0
  5 23  1  0
  6  7  2  0
  6 24  1  0
  7  8  1  0
  8  9  1  0
  8 25  1  0
  8 26  1  0
  9 10  1  0
  9 27  1  0
 10 11  2  0
 11 12  1  0
 11 28  1  0
 12 13  2  0
 12 20  1  0
 13 14  1  0
 13 29  1  0
 14 15  2  0
 15 16  1  0
 15 19  1  0
 16 17  1  0
 17 18  2  0
 18 19  1  0
 18 30  1  0
 19 20  2  0
 20 31  1  0
M  END
"
2nnq_Lingo3DMolv2_1082008,"2nnq_Lingo3DMolv2_1082008
     RDKit          3D

 39 41  0  0  1  0  0  0  0  0999 V2000
    5.7284    4.3824   15.5585 O   0  0  0  0  0  0  0  0  0  0  0  0
    6.6295    5.2497   15.5264 C   0  0  0  0  0  0  0  0  0  0  0  0
    7.6088    5.1824   14.7569 O   0  0  0  0  0  0  0  0  0  0  0  0
    6.4556    6.4634   16.4580 C   0  0  0  0  0  0  0  0  0  0  0  0
    7.6301    7.4813   16.4776 C   0  0  0  0  0  0  0  0  0  0  0  0
    7.7459    8.2042   17.7065 O   0  0  0  0  0  0  0  0  0  0  0  0
    6.6980    9.1226   18.0214 C   0  0  0  0  0  0  0  0  0  0  0  0
    5.6103    8.4155   18.8026 C   0  0  0  0  0  0  0  0  0  0  0  0
    4.4592    8.1118   18.2480 N   0  0  0  0  0  0  0  0  0  0  0  0
    3.7681    7.3634   19.0846 C   0  0  0  0  0  0  0  0  0  0  0  0
    4.4082    7.2922   20.3163 N   0  0  0  0  0  0  0  0  0  0  0  0
    4.0752    6.7320   21.5319 C   0  0  0  0  0  0  0  0  0  0  0  0
    4.9771    6.7824   22.5903 C   0  0  0  0  0  0  0  0  0  0  0  0
    6.2103    7.4013   22.4242 C   0  0  0  0  0  0  0  0  0  0  0  0
    6.5550    7.9888   21.2091 C   0  0  0  0  0  0  0  0  0  0  0  0
    5.6429    7.9541   20.1375 C   0  0  0  0  0  0  0  0  0  0  0  0
    7.0851    7.4399   23.4538 F   0  0  0  0  0  0  0  0  0  0  0  0
    2.8589    6.1592   21.6759 F   0  0  0  0  0  0  0  0  0  0  0  0
    2.5338    6.6864   18.6837 C   0  0  0  0  0  0  0  0  0  0  0  0
    1.5786    7.3413   17.9744 C   0  0  0  0  0  0  0  0  0  0  0  0
    0.3347    6.6725   17.5561 C   0  0  0  0  0  0  0  0  0  0  0  0
   -0.6170    7.1574   16.9499 O   0  0  0  0  0  0  0  0  0  0  0  0
    0.2387    5.3386   17.9151 O   0  0  0  0  0  0  0  0  0  0  0  0
    1.2112    4.6719   18.6012 C   0  0  0  0  0  0  0  0  0  0  0  0
    2.3480    5.2757   18.9941 C   0  0  0  0  0  0  0  0  0  0  0  0
    0.8255    3.2268   18.8134 C   0  0  0  0  0  0  0  0  0  0  0  0
    5.5441    6.9734   16.1488 H   0  0  0  0  0  0  0  0  0  0  0  0
    6.2959    6.0784   17.4659 H   0  0  0  0  0  0  0  0  0  0  0  0
    8.5877    6.9691   16.3818 H   0  0  0  0  0  0  0  0  0  0  0  0
    7.5641    8.1741   15.6376 H   0  0  0  0  0  0  0  0  0  0  0  0
    7.1272    9.9223   18.6260 H   0  0  0  0  0  0  0  0  0  0  0  0
    6.3168    9.6028   17.1180 H   0  0  0  0  0  0  0  0  0  0  0  0
    4.7210    6.3439   23.5437 H   0  0  0  0  0  0  0  0  0  0  0  0
    7.5179    8.4624   21.0923 H   0  0  0  0  0  0  0  0  0  0  0  0
    1.7235    8.3790   17.7154 H   0  0  0  0  0  0  0  0  0  0  0  0
    3.1080    4.7182   19.5222 H   0  0  0  0  0  0  0  0  0  0  0  0
    0.0189    3.1695   19.5445 H   0  0  0  0  0  0  0  0  0  0  0  0
    0.4765    2.7848   17.8795 H   0  0  0  0  0  0  0  0  0  0  0  0
    1.6701    2.6431   19.1785 H   0  0  0  0  0  0  0  0  0  0  0  0
  1  2  2  0
  2  3  1  0
  2  4  1  0
  4  5  1  0
  4 27  1  0
  4 28  1  0
  5  6  1  0
  5 29  1  0
  5 30  1  0
  6  7  1  0
  7  8  1  0
  7 31  1  0
  7 32  1  0
  8  9  1  0
  8 16  2  0
  9 10  2  0
 10 11  1  0
 10 19  1  0
 11 12  1  0
 11 16  1  0
 12 13  2  0
 12 18  1  0
 13 14  1  0
 13 33  1  0
 14 15  2  0
 14 17  1  0
 15 16  1  0
 15 34  1  0
 19 20  2  0
 19 25  1  0
 20 21  1  0
 20 35  1  0
 21 22  2  0
 21 23  1  0
 23 24  1  0
 24 25  2  0
 24 26  1  0
 25 36  1  0
 26 37  1  0
 26 38  1  0
 26 39  1  0
M  CHG  1   3  -1
M  END
"
2hv5_Lingo3DMolv2_767487,"2hv5_Lingo3DMolv2_767487
     RDKit          3D

 42 44  0  0  1  0  0  0  0  0999 V2000
   15.6265   -5.0038   18.0813 N   0  0  0  0  0  0  0  0  0  0  0  0
   15.9347   -4.8646   19.4095 N   0  0  0  0  0  0  0  0  0  0  0  0
   16.4265   -6.0656   19.8377 N   0  0  0  0  0  0  0  0  0  0  0  0
   16.4263   -6.9316   18.7689 N   0  0  0  0  0  0  0  0  0  0  0  0
   15.9304   -6.2406   17.7731 C   0  0  0  0  0  0  0  0  0  0  0  0
   15.5987   -6.8655   16.1585 S   0  0  0  0  0  0  0  0  0  0  0  0
   16.4420   -8.4286   16.0478 C   0  0  0  0  0  0  0  0  0  0  0  0
   17.5709   -8.5262   15.2117 C   0  0  0  0  0  0  0  0  0  0  0  0
   18.1246   -9.7811   14.9702 C   0  0  0  0  0  0  0  0  0  0  0  0
   17.6264  -10.9289   15.5831 C   0  0  0  0  0  0  0  0  0  0  0  0
   16.5336  -10.8336   16.4608 C   0  0  0  0  0  0  0  0  0  0  0  0
   15.9192   -9.5822   16.6762 C   0  0  0  0  0  0  0  0  0  0  0  0
   14.6647   -9.5079   17.5534 C   0  0  0  0  0  0  0  0  0  0  0  0
   16.0197  -12.0842   17.1814 C   0  0  0  0  0  0  0  0  0  0  0  0
   18.2862  -12.2631   15.2557 C   0  0  0  0  0  0  0  0  0  0  0  0
   18.2225   -7.3079   14.5306 C   0  0  0  0  0  0  0  0  0  0  0  0
   17.5966   -6.9019   13.1832 C   0  0  0  0  0  0  0  0  0  0  0  0
   16.8268   -7.6591   12.5994 O   0  0  0  0  0  0  0  0  0  0  0  0
   17.9842   -5.7049   12.7004 N   0  0  0  0  0  0  0  0  0  0  0  0
   17.5179   -5.0264   11.5637 C   0  0  0  0  0  0  0  0  0  0  0  0
   16.1944   -5.0986   11.0969 C   0  0  0  0  0  0  0  0  0  0  0  0
   15.8077   -4.2476   10.0544 C   0  0  0  0  0  0  0  0  0  0  0  0
   16.7392   -3.3547    9.5105 C   0  0  0  0  0  0  0  0  0  0  0  0
   18.0415   -3.3728   10.0021 C   0  0  0  0  0  0  0  0  0  0  0  0
   18.4265   -4.1891   11.0088 N   0  0  0  0  0  0  0  0  0  0  0  0
   16.4265   -2.5326    8.5991 O   0  0  0  0  0  0  0  0  0  0  0  0
   18.9699   -9.8617   14.3015 H   0  0  0  0  0  0  0  0  0  0  0  0
   14.9396   -9.4710   18.6077 H   0  0  0  0  0  0  0  0  0  0  0  0
   14.0268   -8.6563   17.3282 H   0  0  0  0  0  0  0  0  0  0  0  0
   14.0264  -10.3772   17.3966 H   0  0  0  0  0  0  0  0  0  0  0  0
   15.6943  -11.8506   18.1950 H   0  0  0  0  0  0  0  0  0  0  0  0
   15.1776  -12.5172   16.6414 H   0  0  0  0  0  0  0  0  0  0  0  0
   16.7887  -12.8452   17.3048 H   0  0  0  0  0  0  0  0  0  0  0  0
   18.8385  -12.6404   16.1160 H   0  0  0  0  0  0  0  0  0  0  0  0
   17.5310  -13.0035   14.9909 H   0  0  0  0  0  0  0  0  0  0  0  0
   18.9675  -12.1897   14.4070 H   0  0  0  0  0  0  0  0  0  0  0  0
   19.2773   -7.5210   14.3514 H   0  0  0  0  0  0  0  0  0  0  0  0
   18.2136   -6.4591   15.2155 H   0  0  0  0  0  0  0  0  0  0  0  0
   18.6378   -5.1795   13.2589 H   0  0  0  0  0  0  0  0  0  0  0  0
   15.4652   -5.7493   11.5574 H   0  0  0  0  0  0  0  0  0  0  0  0
   14.7853   -4.2638    9.7032 H   0  0  0  0  0  0  0  0  0  0  0  0
   18.8003   -2.7059    9.6184 H   0  0  0  0  0  0  0  0  0  0  0  0
  1  2  1  0
  1  5  2  0
  2  3  2  0
  3  4  1  0
  4  5  1  0
  5  6  1  0
  6  7  1  0
  7  8  1  0
  7 12  2  0
  8  9  2  0
  8 16  1  0
  9 10  1  0
  9 27  1  0
 10 11  2  0
 10 15  1  0
 11 12  1  0
 11 14  1  0
 12 13  1  0
 13 28  1  0
 13 29  1  0
 13 30  1  0
 14 31  1  0
 14 32  1  0
 14 33  1  0
 15 34  1  0
 15 35  1  0
 15 36  1  0
 16 17  1  0
 16 37  1  0
 16 38  1  0
 17 18  2  0
 17 19  1  0
 19 20  1  0
 19 39  1  0
 20 21  2  0
 20 25  1  0
 21 22  1  0
 21 40  1  0
 22 23  2  0
 22 41  1  0
 23 24  1  0
 23 26  1  0
 24 25  2  0
 24 42  1  0
M  CHG  2   4  -1  26  -1
M  END
"
3nxu_Lingo3DMolv2_54263,"3nxu_Lingo3DMolv2_54263
     RDKit          3D

 72 75  0  0  1  0  0  0  0  0999 V2000
   29.1745  -28.5077  -19.2385 O   0  0  0  0  0  0  0  0  0  0  0  0
   28.8738  -29.5402  -18.6375 C   0  0  0  0  0  0  0  0  0  0  0  0
   29.0962  -29.6937  -17.3200 N   0  0  0  0  0  0  0  0  0  0  0  0
   29.5379  -28.6727  -16.3761 C   0  0  0  0  0  0  0  0  0  0  0  0
   28.3712  -28.0988  -15.5431 C   0  0  0  0  0  0  0  0  0  0  0  0
   27.2772  -27.3945  -16.3722 C   0  0  0  0  0  0  0  0  0  0  0  0
   26.2733  -26.5993  -15.5064 C   0  0  0  0  0  0  0  0  0  0  0  0
   25.4875  -25.5242  -16.2905 C   0  0  0  0  0  0  0  0  0  0  0  0
   26.1706  -24.1385  -16.3522 C   0  0  0  0  0  0  0  0  0  0  0  0
   27.5514  -24.1416  -17.0269 C   0  0  0  0  0  0  0  0  0  0  0  0
   28.1602  -22.7493  -17.2268 C   0  0  0  0  0  0  0  0  0  0  0  0
   29.5216  -22.8205  -17.9329 C   0  0  0  0  0  0  0  0  0  0  0  0
   28.2212  -30.7294  -19.4060 C   0  0  2  0  0  0  0  0  0  0  0  0
   27.3150  -30.2873  -20.5999 C   0  0  0  0  0  0  0  0  0  0  0  0
   26.0321  -29.5348  -20.2343 C   0  0  0  0  0  0  0  0  0  0  0  0
   26.0422  -28.1419  -20.1174 C   0  0  0  0  0  0  0  0  0  0  0  0
   24.8775  -27.4596  -19.7723 C   0  0  0  0  0  0  0  0  0  0  0  0
   23.7012  -28.1733  -19.5417 C   0  0  0  0  0  0  0  0  0  0  0  0
   23.6803  -29.5603  -19.6648 C   0  0  0  0  0  0  0  0  0  0  0  0
   24.8429  -30.2404  -20.0184 C   0  0  0  0  0  0  0  0  0  0  0  0
   27.4942  -31.7433  -18.5031 C   0  0  0  0  0  0  0  0  0  0  0  0
   27.6875  -33.1200  -18.6368 C   0  0  0  0  0  0  0  0  0  0  0  0
   27.0693  -34.0238  -17.8303 N   0  0  0  0  0  0  0  0  0  0  0  0
   26.2395  -33.5965  -16.8629 N   0  0  0  0  0  0  0  0  0  0  0  0
   25.9595  -32.2684  -16.7140 C   0  0  0  0  0  0  0  0  0  0  0  0
   26.5871  -31.3238  -17.5272 C   0  0  0  0  0  0  0  0  0  0  0  0
   25.1275  -31.8707  -15.6670 N   0  0  0  0  0  0  0  0  0  0  0  0
   24.4999  -32.8420  -14.7571 C   0  0  0  0  0  0  0  0  0  0  0  0
   23.2098  -33.4507  -15.3707 C   0  0  0  0  0  0  0  0  0  0  0  0
   22.3265  -32.3102  -15.8527 C   0  0  0  0  0  0  0  0  0  0  0  0
   20.9946  -32.1814  -16.1666 C   0  0  0  0  0  0  0  0  0  0  0  0
   20.7099  -30.8868  -16.4455 O   0  0  0  0  0  0  0  0  0  0  0  0
   21.8806  -30.1399  -16.3111 N   0  0  0  0  0  0  0  0  0  0  0  0
   22.8111  -31.0030  -15.9710 C   0  0  0  0  0  0  0  0  0  0  0  0
   24.2789  -30.6541  -15.7296 C   0  0  0  0  0  0  0  0  0  0  0  0
   28.8958  -30.6050  -16.9286 H   0  0  0  0  0  0  0  0  0  0  0  0
   30.2733  -29.1191  -15.7079 H   0  0  0  0  0  0  0  0  0  0  0  0
   30.0367  -27.8600  -16.9112 H   0  0  0  0  0  0  0  0  0  0  0  0
   27.9206  -28.8891  -14.9431 H   0  0  0  0  0  0  0  0  0  0  0  0
   28.7902  -27.3857  -14.8324 H   0  0  0  0  0  0  0  0  0  0  0  0
   27.7623  -26.7507  -17.1021 H   0  0  0  0  0  0  0  0  0  0  0  0
   26.7298  -28.1224  -16.9695 H   0  0  0  0  0  0  0  0  0  0  0  0
   25.5737  -27.3061  -15.0601 H   0  0  0  0  0  0  0  0  0  0  0  0
   26.7818  -26.1227  -14.6660 H   0  0  0  0  0  0  0  0  0  0  0  0
   25.2742  -25.8786  -17.2991 H   0  0  0  0  0  0  0  0  0  0  0  0
   24.5098  -25.3967  -15.8235 H   0  0  0  0  0  0  0  0  0  0  0  0
   25.5105  -23.4496  -16.8806 H   0  0  0  0  0  0  0  0  0  0  0  0
   26.2694  -23.7368  -15.3414 H   0  0  0  0  0  0  0  0  0  0  0  0
   28.2492  -24.7249  -16.4257 H   0  0  0  0  0  0  0  0  0  0  0  0
   27.4721  -24.6349  -17.9969 H   0  0  0  0  0  0  0  0  0  0  0  0
   27.4703  -22.1331  -17.8080 H   0  0  0  0  0  0  0  0  0  0  0  0
   28.2793  -22.2510  -16.2647 H   0  0  0  0  0  0  0  0  0  0  0  0
   30.2767  -23.2692  -17.2884 H   0  0  0  0  0  0  0  0  0  0  0  0
   29.4692  -23.4167  -18.8447 H   0  0  0  0  0  0  0  0  0  0  0  0
   29.8687  -21.8321  -18.2258 H   0  0  0  0  0  0  0  0  0  0  0  0
   29.0788  -31.2545  -19.8236 H   0  0  0  0  0  0  0  0  0  0  0  0
   27.8852  -29.6827  -21.3082 H   0  0  0  0  0  0  0  0  0  0  0  0
   27.0392  -31.1688  -21.1810 H   0  0  0  0  0  0  0  0  0  0  0  0
   26.9524  -27.5866  -20.2922 H   0  0  0  0  0  0  0  0  0  0  0  0
   24.8869  -26.3839  -19.6812 H   0  0  0  0  0  0  0  0  0  0  0  0
   22.7983  -27.6490  -19.2659 H   0  0  0  0  0  0  0  0  0  0  0  0
   22.7641  -30.1067  -19.4836 H   0  0  0  0  0  0  0  0  0  0  0  0
   24.8252  -31.3186  -20.1076 H   0  0  0  0  0  0  0  0  0  0  0  0
   28.3450  -33.5289  -19.3895 H   0  0  0  0  0  0  0  0  0  0  0  0
   26.4008  -30.2707  -17.4034 H   0  0  0  0  0  0  0  0  0  0  0  0
   25.2130  -33.6128  -14.4691 H   0  0  0  0  0  0  0  0  0  0  0  0
   24.2685  -32.3340  -13.8238 H   0  0  0  0  0  0  0  0  0  0  0  0
   23.4630  -34.1549  -16.1648 H   0  0  0  0  0  0  0  0  0  0  0  0
   22.7021  -34.0624  -14.6271 H   0  0  0  0  0  0  0  0  0  0  0  0
   20.1671  -32.8715  -16.2099 H   0  0  0  0  0  0  0  0  0  0  0  0
   24.6082  -29.9597  -16.4974 H   0  0  0  0  0  0  0  0  0  0  0  0
   24.4135  -30.0951  -14.8026 H   0  0  0  0  0  0  0  0  0  0  0  0
  1  2  2  0
  2  3  1  0
  2 13  1  0
  3  4  1  0
  3 36  1  0
  4  5  1  0
  4 37  1  0
  4 38  1  0
  5  6  1  0
  5 39  1  0
  5 40  1  0
  6  7  1  0
  6 41  1  0
  6 42  1  0
  7  8  1  0
  7 43  1  0
  7 44  1  0
  8  9  1  0
  8 45  1  0
  8 46  1  0
  9 10  1  0
  9 47  1  0
  9 48  1  0
 10 11  1  0
 10 49  1  0
 10 50  1  0
 11 12  1  0
 11 51  1  0
 11 52  1  0
 12 53  1  0
 12 54  1  0
 12 55  1  0
 13 14  1  0
 13 21  1  0
 13 56  1  6
 14 15  1  0
 14 57  1  0
 14 58  1  0
 15 16  2  0
 15 20  1  0
 16 17  1  0
 16 59  1  0
 17 18  2  0
 17 60  1  0
 18 19  1  0
 18 61  1  0
 19 20  2  0
 19 62  1  0
 20 63  1  0
 21 22  2  0
 21 26  1  0
 22 23  1  0
 22 64  1  0
 23 24  2  0
 24 25  1  0
 25 26  2  0
 25 27  1  0
 26 65  1  0
 27 28  1  0
 27 35  1  0
 28 29  1  0
 28 66  1  0
 28 67  1  0
 29 30  1  0
 29 68  1  0
 29 69  1  0
 30 31  2  0
 30 34  1  0
 31 32  1  0
 31 70  1  0
 32 33  1  0
 33 34  2  0
 34 35  1  0
 35 71  1  0
 35 72  1  0
M  END
"
3lpb_Lingo3DMolv2_980122,"3lpb_Lingo3DMolv2_980122
     RDKit          3D

 47 49  0  0  1  0  0  0  0  0999 V2000
   79.0787  114.2656   18.1459 N   0  0  0  0  0  0  0  0  0  0  0  0
   80.3457  114.2225   18.4621 C   0  0  0  0  0  0  0  0  0  0  0  0
   80.6011  113.4742   19.5788 N   0  0  0  0  0  0  0  0  0  0  0  0
   79.3677  113.0174   19.9850 C   0  0  0  0  0  0  0  0  0  0  0  0
   78.4511  113.5286   19.0459 C   0  0  0  0  0  0  0  0  0  0  0  0
   77.0832  113.4346   18.9139 N   0  0  0  0  0  0  0  0  0  0  0  0
   76.1281  112.6595   19.5840 C   0  0  0  0  0  0  0  0  0  0  0  0
   74.7895  112.9702   19.3490 C   0  0  0  0  0  0  0  0  0  0  0  0
   73.7910  112.2208   19.9910 C   0  0  0  0  0  0  0  0  0  0  0  0
   74.1738  111.2058   20.8730 C   0  0  0  0  0  0  0  0  0  0  0  0
   75.5325  110.9414   21.0539 C   0  0  0  0  0  0  0  0  0  0  0  0
   76.4953  111.6544   20.4178 N   0  0  0  0  0  0  0  0  0  0  0  0
   75.9095  109.8946   21.9044 N   0  0  0  0  0  0  0  0  0  0  0  0
   77.1992  109.5467   22.3239 C   0  0  0  0  0  0  0  0  0  0  0  0
   77.8396  110.2478   23.3495 C   0  0  0  0  0  0  0  0  0  0  0  0
   79.0790  109.9258   23.8046 N   0  0  0  0  0  0  0  0  0  0  0  0
   79.7177  108.8645   23.2328 C   0  0  0  0  0  0  0  0  0  0  0  0
   79.1397  108.1148   22.2016 C   0  0  0  0  0  0  0  0  0  0  0  0
   77.8651  108.4621   21.7484 C   0  0  0  0  0  0  0  0  0  0  0  0
   81.1061  108.4935   23.7570 C   0  0  0  0  0  0  0  0  0  0  0  0
   81.8379  109.5543   24.3451 O   0  0  0  0  0  0  0  0  0  0  0  0
   72.4147  112.4335   19.8115 N   0  0  0  0  0  0  0  0  0  0  0  0
   71.7976  113.0295   18.7703 C   0  0  0  0  0  0  0  0  0  0  0  0
   70.2854  113.1773   18.8827 C   0  0  0  0  0  0  0  0  0  0  0  0
   72.3575  113.4223   17.7488 O   0  0  0  0  0  0  0  0  0  0  0  0
   79.2379  112.2255   21.0930 N   0  0  0  0  0  0  0  0  0  0  0  0
   81.8986  113.2532   20.1967 C   0  0  0  0  0  0  0  0  0  0  0  0
   81.1502  114.7228   17.9427 H   0  0  0  0  0  0  0  0  0  0  0  0
   76.6414  114.0286   18.2290 H   0  0  0  0  0  0  0  0  0  0  0  0
   74.5413  113.7836   18.6842 H   0  0  0  0  0  0  0  0  0  0  0  0
   73.4335  110.6174   21.3954 H   0  0  0  0  0  0  0  0  0  0  0  0
   75.1598  109.5187   22.4661 H   0  0  0  0  0  0  0  0  0  0  0  0
   77.3572  111.0885   23.8257 H   0  0  0  0  0  0  0  0  0  0  0  0
   79.6598  107.2764   21.7596 H   0  0  0  0  0  0  0  0  0  0  0  0
   77.4052  107.8926   20.9549 H   0  0  0  0  0  0  0  0  0  0  0  0
   81.7055  108.0719   22.9509 H   0  0  0  0  0  0  0  0  0  0  0  0
   80.9924  107.7029   24.4992 H   0  0  0  0  0  0  0  0  0  0  0  0
   82.7914  109.4206   24.1477 H   0  0  0  0  0  0  0  0  0  0  0  0
   71.8235  112.0355   20.5239 H   0  0  0  0  0  0  0  0  0  0  0  0
   69.8868  112.6748   19.7643 H   0  0  0  0  0  0  0  0  0  0  0  0
   70.0224  114.2337   18.9403 H   0  0  0  0  0  0  0  0  0  0  0  0
   69.8050  112.7555   17.9997 H   0  0  0  0  0  0  0  0  0  0  0  0
   78.3364  111.8207   21.3159 H   0  0  0  0  0  0  0  0  0  0  0  0
   80.0301  111.9003   21.6284 H   0  0  0  0  0  0  0  0  0  0  0  0
   81.8397  113.4495   21.2669 H   0  0  0  0  0  0  0  0  0  0  0  0
   82.2076  112.2228   20.0248 H   0  0  0  0  0  0  0  0  0  0  0  0
   82.6393  113.9142   19.7483 H   0  0  0  0  0  0  0  0  0  0  0  0
  1  2  2  0
  1  5  1  0
  2  3  1  0
  2 28  1  0
  3  4  1  0
  3 27  1  0
  4  5  2  0
  4 26  1  0
  5  6  1  0
  6  7  1  0
  6 29  1  0
  7  8  2  0
  7 12  1  0
  8  9  1  0
  8 30  1  0
  9 10  2  0
  9 22  1  0
 10 11  1  0
 10 31  1  0
 11 12  2  0
 11 13  1  0
 13 14  1  0
 13 32  1  0
 14 15  2  0
 14 19  1  0
 15 16  1  0
 15 33  1  0
 16 17  2  0
 17 18  1  0
 17 20  1  0
 18 19  2  0
 18 34  1  0
 19 35  1  0
 20 21  1  0
 20 36  1  0
 20 37  1  0
 21 38  1  0
 22 23  1  0
 22 39  1  0
 23 24  1  0
 23 25  2  0
 24 40  1  0
 24 41  1  0
 24 42  1  0
 26 43  1  0
 26 44  1  0
 27 45  1  0
 27 46  1  0
 27 47  1  0
M  END
"
2rgp_Lingo3DMolv2_1288275,"2rgp_Lingo3DMolv2_1288275
     RDKit          3D

 60 63  0  0  1  0  0  0  0  0999 V2000
   13.3201   34.1898   89.5833 N   0  0  0  0  0  0  0  0  0  0  0  0
   13.2613   34.5382   90.8926 C   0  0  0  0  0  0  0  0  0  0  0  0
   14.3148   34.5974   91.7445 N   0  0  0  0  0  0  0  0  0  0  0  0
   15.5360   34.3011   91.2302 C   0  0  0  0  0  0  0  0  0  0  0  0
   15.7081   34.0034   89.8819 C   0  0  0  0  0  0  0  0  0  0  0  0
   14.5630   33.9939   89.0735 C   0  0  0  0  0  0  0  0  0  0  0  0
   14.6196   33.8547   87.6846 N   0  0  0  0  0  0  0  0  0  0  0  0
   15.8755   33.6830   86.9684 C   0  0  0  0  0  0  0  0  0  0  0  0
   16.1938   32.2003   86.7319 C   0  0  0  0  0  0  0  0  0  0  0  0
   17.2945   31.8617   85.7168 C   0  0  0  0  0  0  0  0  0  0  0  0
   16.8952   32.2647   84.2841 C   0  0  0  0  0  0  0  0  0  0  0  0
   17.9565   31.8506   83.2644 C   0  0  0  0  0  0  0  0  0  0  0  0
   19.2614   32.5273   83.7043 N   0  0  0  0  0  0  0  0  0  0  0  0
   19.7491   32.1112   85.1028 C   0  0  0  0  0  0  0  0  0  0  0  0
   18.6497   32.4954   86.1023 C   0  0  0  0  0  0  0  0  0  0  0  0
   16.6664   34.3323   92.0537 N   0  0  0  0  0  0  0  0  0  0  0  0
   16.7332   34.6093   93.4256 C   0  0  0  0  0  0  0  0  0  0  0  0
   16.0361   33.8204   94.3437 C   0  0  0  0  0  0  0  0  0  0  0  0
   16.0614   34.1364   95.7022 C   0  0  0  0  0  0  0  0  0  0  0  0
   16.7777   35.2395   96.1656 C   0  0  0  0  0  0  0  0  0  0  0  0
   17.4817   36.0234   95.2392 C   0  0  0  0  0  0  0  0  0  0  0  0
   17.4606   35.7131   93.8805 C   0  0  0  0  0  0  0  0  0  0  0  0
   18.1455   36.4904   93.0089 F   0  0  0  0  0  0  0  0  0  0  0  0
   16.7342   35.4828   97.5245 O   0  0  0  0  0  0  0  0  0  0  0  0
   17.2089   36.7302   98.0414 C   0  0  0  0  0  0  0  0  0  0  0  0
   16.3143   37.9090   97.6652 C   0  0  0  0  0  0  0  0  0  0  0  0
   14.9684   37.7184   97.3288 C   0  0  0  0  0  0  0  0  0  0  0  0
   14.1599   38.8133   97.0423 C   0  0  0  0  0  0  0  0  0  0  0  0
   14.6968   40.0957   97.1051 C   0  0  0  0  0  0  0  0  0  0  0  0
   16.0356   40.2946   97.4349 C   0  0  0  0  0  0  0  0  0  0  0  0
   16.8466   39.1998   97.7093 C   0  0  0  0  0  0  0  0  0  0  0  0
   12.2837   34.7464   91.3043 H   0  0  0  0  0  0  0  0  0  0  0  0
   16.6947   33.8133   89.4932 H   0  0  0  0  0  0  0  0  0  0  0  0
   13.7483   33.7595   87.1812 H   0  0  0  0  0  0  0  0  0  0  0  0
   15.7722   34.2226   86.0339 H   0  0  0  0  0  0  0  0  0  0  0  0
   16.7122   34.1947   87.4425 H   0  0  0  0  0  0  0  0  0  0  0  0
   16.4614   31.7399   87.6847 H   0  0  0  0  0  0  0  0  0  0  0  0
   15.2684   31.7356   86.3980 H   0  0  0  0  0  0  0  0  0  0  0  0
   17.4292   30.7784   85.7043 H   0  0  0  0  0  0  0  0  0  0  0  0
   15.9328   31.8225   84.0194 H   0  0  0  0  0  0  0  0  0  0  0  0
   16.7498   33.3382   84.2344 H   0  0  0  0  0  0  0  0  0  0  0  0
   18.1424   30.7750   83.2350 H   0  0  0  0  0  0  0  0  0  0  0  0
   17.7448   32.2130   82.2565 H   0  0  0  0  0  0  0  0  0  0  0  0
   19.9929   32.3965   83.0035 H   0  0  0  0  0  0  0  0  0  0  0  0
   19.1388   33.5301   83.6826 H   0  0  0  0  0  0  0  0  0  0  0  0
   19.9446   31.0373   85.0653 H   0  0  0  0  0  0  0  0  0  0  0  0
   20.6853   32.6453   85.2751 H   0  0  0  0  0  0  0  0  0  0  0  0
   18.9335   32.1831   87.1088 H   0  0  0  0  0  0  0  0  0  0  0  0
   18.5666   33.5816   86.1638 H   0  0  0  0  0  0  0  0  0  0  0  0
   17.5484   34.3373   91.5648 H   0  0  0  0  0  0  0  0  0  0  0  0
   15.4595   32.9717   94.0043 H   0  0  0  0  0  0  0  0  0  0  0  0
   15.5114   33.5247   96.4031 H   0  0  0  0  0  0  0  0  0  0  0  0
   18.0595   36.8815   95.5499 H   0  0  0  0  0  0  0  0  0  0  0  0
   17.1996   36.6679   99.1275 H   0  0  0  0  0  0  0  0  0  0  0  0
   18.2479   36.9052   97.7558 H   0  0  0  0  0  0  0  0  0  0  0  0
   14.5425   36.7260   97.3016 H   0  0  0  0  0  0  0  0  0  0  0  0
   13.1197   38.6710   96.7881 H   0  0  0  0  0  0  0  0  0  0  0  0
   14.0614   40.9439   96.9042 H   0  0  0  0  0  0  0  0  0  0  0  0
   16.4411   41.2950   97.4939 H   0  0  0  0  0  0  0  0  0  0  0  0
   17.8787   39.3628   97.9875 H   0  0  0  0  0  0  0  0  0  0  0  0
  1  2  2  0
  1  6  1  0
  2  3  1  0
  2 32  1  0
  3  4  2  0
  4  5  1  0
  4 16  1  0
  5  6  2  0
  5 33  1  0
  6  7  1  0
  7  8  1  0
  7 34  1  0
  8  9  1  0
  8 35  1  0
  8 36  1  0
  9 10  1  0
  9 37  1  0
  9 38  1  0
 10 11  1  0
 10 15  1  0
 10 39  1  0
 11 12  1  0
 11 40  1  0
 11 41  1  0
 12 13  1  0
 12 42  1  0
 12 43  1  0
 13 14  1  0
 13 44  1  0
 13 45  1  0
 14 15  1  0
 14 46  1  0
 14 47  1  0
 15 48  1  0
 15 49  1  0
 16 17  1  0
 16 50  1  0
 17 18  2  0
 17 22  1  0
 18 19  1  0
 18 51  1  0
 19 20  2  0
 19 52  1  0
 20 21  1  0
 20 24  1  0
 21 22  2  0
 21 53  1  0
 22 23  1  0
 24 25  1  0
 25 26  1  0
 25 54  1  0
 25 55  1  0
 26 27  2  0
 26 31  1  0
 27 28  1  0
 27 56  1  0
 28 29  2  0
 28 57  1  0
 29 30  1  0
 29 58  1  0
 30 31  2  0
 30 59  1  0
 31 60  1  0
M  CHG  1  13   1
M  END
"
2zdt_Lingo3DMolv2_717418,"2zdt_Lingo3DMolv2_717418
     RDKit          3D

 51 54  0  0  1  0  0  0  0  0999 V2000
   44.1512    6.1812   32.3381 N   0  0  0  0  0  0  0  0  0  0  0  0
   43.5387    7.2771   32.8512 C   0  0  0  0  0  0  0  0  0  0  0  0
   44.1684    8.5157   32.9411 C   0  0  0  0  0  0  0  0  0  0  0  0
   45.4651    8.6197   32.4026 C   0  0  0  0  0  0  0  0  0  0  0  0
   46.0989    7.5191   31.9157 N   0  0  0  0  0  0  0  0  0  0  0  0
   45.4320    6.3353   31.9324 C   0  0  0  0  0  0  0  0  0  0  0  0
   46.0914    5.1481   31.5580 N   0  0  0  0  0  0  0  0  0  0  0  0
   47.5261    5.1195   31.2532 C   0  0  2  0  0  0  0  0  0  0  0  0
   47.7673    5.5828   29.8065 C   0  0  0  0  0  0  0  0  0  0  0  0
   49.2740    5.5679   29.5022 C   0  0  0  0  0  0  0  0  0  0  0  0
   49.9429    4.2265   29.8762 C   0  0  0  0  0  0  0  0  0  0  0  0
   49.6004    3.7718   31.2385 N   0  0  0  0  0  0  0  0  0  0  0  0
   48.1419    3.7252   31.4697 C   0  0  0  0  0  0  0  0  0  0  0  0
   50.2424    2.4903   31.5368 C   0  0  0  0  0  0  0  0  0  0  0  0
   50.3977    2.3156   32.9926 C   0  0  0  0  0  0  0  0  0  0  0  0
   50.5272    2.1759   34.1368 N   0  0  0  0  0  0  0  0  0  0  0  0
   46.1069    9.8738   32.3152 N   0  0  0  0  0  0  0  0  0  0  0  0
   47.2896   10.3660   31.7356 C   0  0  0  0  0  0  0  0  0  0  0  0
   48.3191    9.5052   31.3345 C   0  0  0  0  0  0  0  0  0  0  0  0
   49.4626    9.9983   30.7085 C   0  0  0  0  0  0  0  0  0  0  0  0
   49.6107   11.3694   30.5143 C   0  0  0  0  0  0  0  0  0  0  0  0
   48.6085   12.2455   30.9309 C   0  0  0  0  0  0  0  0  0  0  0  0
   47.4392   11.7586   31.5334 C   0  0  0  0  0  0  0  0  0  0  0  0
   46.3977   12.7949   31.8405 C   0  0  0  0  0  0  0  0  0  0  0  0
   46.1288   14.0547   31.3063 C   0  0  0  0  0  0  0  0  0  0  0  0
   44.9200   14.4960   31.8326 C   0  0  0  0  0  0  0  0  0  0  0  0
   44.5248   13.5280   32.7375 C   0  0  0  0  0  0  0  0  0  0  0  0
   45.4070   12.4999   32.7367 O   0  0  0  0  0  0  0  0  0  0  0  0
   43.4731    9.6261   33.5815 C   0  0  0  0  0  0  0  0  0  0  0  0
   42.9312   10.5069   34.0908 N   0  0  0  0  0  0  0  0  0  0  0  0
   42.5358    7.1298   33.2031 H   0  0  0  0  0  0  0  0  0  0  0  0
   45.6305    4.2599   31.7233 H   0  0  0  0  0  0  0  0  0  0  0  0
   48.0201    5.7813   31.9380 H   0  0  0  0  0  0  0  0  0  0  0  0
   47.2276    4.9224   29.1381 H   0  0  0  0  0  0  0  0  0  0  0  0
   47.3627    6.5844   29.6417 H   0  0  0  0  0  0  0  0  0  0  0  0
   49.4249    5.7471   28.4368 H   0  0  0  0  0  0  0  0  0  0  0  0
   49.7857    6.3862   30.0068 H   0  0  0  0  0  0  0  0  0  0  0  0
   49.6991    3.4544   29.1424 H   0  0  0  0  0  0  0  0  0  0  0  0
   51.0295    4.3402   29.8229 H   0  0  0  0  0  0  0  0  0  0  0  0
   47.6728    2.9801   30.8331 H   0  0  0  0  0  0  0  0  0  0  0  0
   47.9568    3.4119   32.4984 H   0  0  0  0  0  0  0  0  0  0  0  0
   51.2492    2.4510   31.1050 H   0  0  0  0  0  0  0  0  0  0  0  0
   49.6777    1.6476   31.1386 H   0  0  0  0  0  0  0  0  0  0  0  0
   45.5144   10.6259   32.6517 H   0  0  0  0  0  0  0  0  0  0  0  0
   48.2672    8.4427   31.4870 H   0  0  0  0  0  0  0  0  0  0  0  0
   50.2350    9.3155   30.3910 H   0  0  0  0  0  0  0  0  0  0  0  0
   50.5006   11.7545   30.0314 H   0  0  0  0  0  0  0  0  0  0  0  0
   48.7417   13.3028   30.7570 H   0  0  0  0  0  0  0  0  0  0  0  0
   46.7041   14.5629   30.5453 H   0  0  0  0  0  0  0  0  0  0  0  0
   44.4062   15.3975   31.5424 H   0  0  0  0  0  0  0  0  0  0  0  0
   43.6604   13.3978   33.3763 H   0  0  0  0  0  0  0  0  0  0  0  0
  1  2  2  0
  1  6  1  0
  2  3  1  0
  2 31  1  0
  3  4  2  0
  3 29  1  0
  4  5  1  0
  4 17  1  0
  5  6  2  0
  6  7  1  0
  7  8  1  0
  7 32  1  0
  8  9  1  0
  8 13  1  0
  8 33  1  1
  9 10  1  0
  9 34  1  0
  9 35  1  0
 10 11  1  0
 10 36  1  0
 10 37  1  0
 11 12  1  0
 11 38  1  0
 11 39  1  0
 12 13  1  0
 12 14  1  0
 13 40  1  0
 13 41  1  0
 14 15  1  0
 14 42  1  0
 14 43  1  0
 15 16  3  0
 17 18  1  0
 17 44  1  0
 18 19  2  0
 18 23  1  0
 19 20  1  0
 19 45  1  0
 20 21  2  0
 20 46  1  0
 21 22  1  0
 21 47  1  0
 22 23  2  0
 22 48  1  0
 23 24  1  0
 24 25  2  0
 24 28  1  0
 25 26  1  0
 25 49  1  0
 26 27  2  0
 26 50  1  0
 27 28  1  0
 27 51  1  0
 29 30  3  0
M  END
"
1sj0_Lingo3DMolv2_1293523,"1sj0_Lingo3DMolv2_1293523
     RDKit          3D

 40 41  0  0  1  0  0  0  0  0999 V2000
   25.7180   -0.2254   27.2655 O   0  0  0  0  0  0  0  0  0  0  0  0
   26.8051   -1.0308   27.4714 C   0  0  0  0  0  0  0  0  0  0  0  0
   26.5885   -2.4079   27.4763 C   0  0  0  0  0  0  0  0  0  0  0  0
   27.6575   -3.2705   27.6624 C   0  0  0  0  0  0  0  0  0  0  0  0
   28.9168   -2.7670   27.8983 C   0  0  0  0  0  0  0  0  0  0  0  0
   29.1441   -1.4001   27.9473 C   0  0  0  0  0  0  0  0  0  0  0  0
   28.0940   -0.4963   27.6676 C   0  0  0  0  0  0  0  0  0  0  0  0
   28.4003    1.0052   27.5464 C   0  0  0  0  0  0  0  0  0  0  0  0
   29.6529    1.4118   28.3498 C   0  0  0  0  0  0  0  0  0  0  0  0
   30.8651    0.4943   28.0315 C   0  0  2  0  0  0  0  0  0  0  0  0
   30.5072   -0.9474   28.4188 C   0  0  0  0  0  0  0  0  0  0  0  0
   32.2116    0.8401   28.7508 C   0  0  2  0  0  0  0  0  0  0  0  0
   32.0003    1.4343   30.1675 C   0  0  0  0  0  0  0  0  0  0  0  0
   33.1995    1.3054   31.1143 C   0  0  0  0  0  0  0  0  0  0  0  0
   33.2102    1.6420   27.8599 C   0  0  0  0  0  0  0  0  0  0  0  0
   34.6949    1.2910   28.0690 C   0  0  0  0  0  0  0  0  0  0  0  0
   35.5997    2.1734   27.6708 N   0  0  0  0  0  0  0  0  0  0  0  0
   35.0478    0.2287   28.5731 O   0  0  0  0  0  0  0  0  0  0  0  0
   27.5153   -4.6203   27.6265 O   0  0  0  0  0  0  0  0  0  0  0  0
   25.9215    0.7078   27.1795 H   0  0  0  0  0  0  0  0  0  0  0  0
   25.6023   -2.8075   27.2895 H   0  0  0  0  0  0  0  0  0  0  0  0
   29.7331   -3.4468   28.0869 H   0  0  0  0  0  0  0  0  0  0  0  0
   28.5659    1.2340   26.4928 H   0  0  0  0  0  0  0  0  0  0  0  0
   27.5504    1.6113   27.8627 H   0  0  0  0  0  0  0  0  0  0  0  0
   29.9158    2.4493   28.1437 H   0  0  0  0  0  0  0  0  0  0  0  0
   29.4147    1.3981   29.4126 H   0  0  0  0  0  0  0  0  0  0  0  0
   31.0137    0.5065   26.9504 H   0  0  0  0  0  0  0  0  0  0  0  0
   31.2695   -1.6298   28.0372 H   0  0  0  0  0  0  0  0  0  0  0  0
   30.5287   -1.0605   29.5038 H   0  0  0  0  0  0  0  0  0  0  0  0
   32.6916   -0.1225   28.9413 H   0  0  0  0  0  0  0  0  0  0  0  0
   31.6847    2.4731   30.0764 H   0  0  0  0  0  0  0  0  0  0  0  0
   31.1757    0.9223   30.6650 H   0  0  0  0  0  0  0  0  0  0  0  0
   33.4352    0.2566   31.3010 H   0  0  0  0  0  0  0  0  0  0  0  0
   34.0995    1.7748   30.7238 H   0  0  0  0  0  0  0  0  0  0  0  0
   32.9793    1.7771   32.0677 H   0  0  0  0  0  0  0  0  0  0  0  0
   33.0285    1.4138   26.8106 H   0  0  0  0  0  0  0  0  0  0  0  0
   33.0351    2.7134   27.9530 H   0  0  0  0  0  0  0  0  0  0  0  0
   36.5737    1.9519   27.8354 H   0  0  0  0  0  0  0  0  0  0  0  0
   35.3491    2.9909   27.1457 H   0  0  0  0  0  0  0  0  0  0  0  0
   28.3547   -5.0407   27.4169 H   0  0  0  0  0  0  0  0  0  0  0  0
  1  2  1  0
  1 20  1  0
  2  3  2  0
  2  7  1  0
  3  4  1  0
  3 21  1  0
  4  5  2  0
  4 19  1  0
  5  6  1  0
  5 22  1  0
  6  7  2  0
  6 11  1  0
  7  8  1  0
  8  9  1  0
  8 23  1  0
  8 24  1  0
  9 10  1  0
  9 25  1  0
  9 26  1  0
 10 11  1  0
 10 12  1  0
 10 27  1  6
 11 28  1  0
 11 29  1  0
 12 13  1  0
 12 15  1  0
 12 30  1  1
 13 14  1  0
 13 31  1  0
 13 32  1  0
 14 33  1  0
 14 34  1  0
 14 35  1  0
 15 16  1  0
 15 36  1  0
 15 37  1  0
 16 17  1  0
 16 18  2  0
 17 38  1  0
 17 39  1  0
 19 40  1  0
M  END
"
3bz3_Lingo3DMolv2_1029964,"3bz3_Lingo3DMolv2_1029964
     RDKit          3D

 40 42  0  0  1  0  0  0  0  0999 V2000
    6.4877    3.9177   11.2389 F   0  0  0  0  0  0  0  0  0  0  0  0
    7.5764    3.9850   10.4785 C   0  0  0  0  0  0  0  0  0  0  0  0
    8.3964    2.9756   10.7678 F   0  0  0  0  0  0  0  0  0  0  0  0
    7.2710    3.9570    8.9882 C   0  0  0  0  0  0  0  0  0  0  0  0
    5.9862    3.5983    8.5412 C   0  0  0  0  0  0  0  0  0  0  0  0
    5.7411    3.6370    7.1753 C   0  0  0  0  0  0  0  0  0  0  0  0
    6.7124    3.9770    6.2789 C   0  0  0  0  0  0  0  0  0  0  0  0
    8.0039    4.3129    6.6728 C   0  0  0  0  0  0  0  0  0  0  0  0
    8.2682    4.3189    8.0558 C   0  0  0  0  0  0  0  0  0  0  0  0
    6.2015    3.9112    5.0220 O   0  0  0  0  0  0  0  0  0  0  0  0
    4.8202    3.7517    5.1844 C   0  0  0  0  0  0  0  0  0  0  0  0
    4.5913    3.3547    6.5094 O   0  0  0  0  0  0  0  0  0  0  0  0
    9.5008    4.7172    8.5040 O   0  0  0  0  0  0  0  0  0  0  0  0
    9.0593    4.7118    5.6512 C   0  0  0  0  0  0  0  0  0  0  0  0
   10.0006    3.6177    5.4278 N   0  0  0  0  0  0  0  0  0  0  0  0
   11.3286    3.6252    5.8925 C   0  0  0  0  0  0  0  0  0  0  0  0
   11.7946    4.7118    6.5697 N   0  0  0  0  0  0  0  0  0  0  0  0
   13.1024    4.7169    6.9394 C   0  0  0  0  0  0  0  0  0  0  0  0
   13.9964    3.7504    6.6196 N   0  0  0  0  0  0  0  0  0  0  0  0
   13.5144    2.6732    5.9523 C   0  0  0  0  0  0  0  0  0  0  0  0
   12.1711    2.5394    5.5926 C   0  0  0  0  0  0  0  0  0  0  0  0
   11.7010    1.3047    4.8294 C   0  0  0  0  0  0  0  0  0  0  0  0
   13.5966    5.7605    7.7355 N   0  0  0  0  0  0  0  0  0  0  0  0
   12.7793    6.9206    8.0704 C   0  0  0  0  0  0  0  0  0  0  0  0
    8.0802    4.9117   10.7569 H   0  0  0  0  0  0  0  0  0  0  0  0
    5.2050    3.3208    9.2353 H   0  0  0  0  0  0  0  0  0  0  0  0
    4.3367    4.7131    5.0038 H   0  0  0  0  0  0  0  0  0  0  0  0
    4.4311    3.0071    4.4896 H   0  0  0  0  0  0  0  0  0  0  0  0
    9.6820    4.3961    9.3885 H   0  0  0  0  0  0  0  0  0  0  0  0
    9.5565    5.6227    5.9841 H   0  0  0  0  0  0  0  0  0  0  0  0
    8.5794    4.9544    4.7021 H   0  0  0  0  0  0  0  0  0  0  0  0
    9.6644    2.7980    4.9440 H   0  0  0  0  0  0  0  0  0  0  0  0
   14.2356    1.9171    5.6932 H   0  0  0  0  0  0  0  0  0  0  0  0
   11.0913    0.6661    5.4682 H   0  0  0  0  0  0  0  0  0  0  0  0
   11.0940    1.5874    3.9684 H   0  0  0  0  0  0  0  0  0  0  0  0
   12.5388    0.7252    4.4416 H   0  0  0  0  0  0  0  0  0  0  0  0
   14.5974    5.8117    7.8895 H   0  0  0  0  0  0  0  0  0  0  0  0
   11.8014    6.6206    8.4495 H   0  0  0  0  0  0  0  0  0  0  0  0
   13.2712    7.5138    8.8421 H   0  0  0  0  0  0  0  0  0  0  0  0
   12.6327    7.5516    7.1934 H   0  0  0  0  0  0  0  0  0  0  0  0
  1  2  1  0
  2  3  1  0
  2  4  1  0
  2 25  1  0
  4  5  2  0
  4  9  1  0
  5  6  1  0
  5 26  1  0
  6  7  2  0
  6 12  1  0
  7  8  1  0
  7 10  1  0
  8  9  2  0
  8 14  1  0
  9 13  1  0
 10 11  1  0
 11 12  1  0
 11 27  1  0
 11 28  1  0
 13 29  1  0
 14 15  1  0
 14 30  1  0
 14 31  1  0
 15 16  1  0
 15 32  1  0
 16 17  2  0
 16 21  1  0
 17 18  1  0
 18 19  2  0
 18 23  1  0
 19 20  1  0
 20 21  2  0
 20 33  1  0
 21 22  1  0
 22 34  1  0
 22 35  1  0
 22 36  1  0
 23 24  1  0
 23 37  1  0
 24 38  1  0
 24 39  1  0
 24 40  1  0
M  END
"
2zdt_Lingo3DMolv2_604974,"2zdt_Lingo3DMolv2_604974
     RDKit          3D

 27 29  0  0  1  0  0  0  0  0999 V2000
   44.5455    5.7946   31.9902 O   0  0  0  0  0  0  0  0  0  0  0  0
   44.5817    6.9751   32.3383 C   0  0  0  0  0  0  0  0  0  0  0  0
   43.4465    7.5927   33.1786 C   0  0  0  0  0  0  0  0  0  0  0  0
   43.6686    9.0398   33.5352 C   0  0  0  0  0  0  0  0  0  0  0  0
   42.8074    9.7760   34.2791 O   0  0  0  0  0  0  0  0  0  0  0  0
   43.3230   11.0717   34.3638 N   0  0  0  0  0  0  0  0  0  0  0  0
   44.4447   11.0557   33.6763 C   0  0  0  0  0  0  0  0  0  0  0  0
   44.7274    9.8025   33.1360 C   0  0  0  0  0  0  0  0  0  0  0  0
   45.8167    9.2383   32.3049 C   0  0  0  0  0  0  0  0  0  0  0  0
   46.8929   10.0100   31.8627 C   0  0  0  0  0  0  0  0  0  0  0  0
   47.8776    9.4196   31.0647 C   0  0  0  0  0  0  0  0  0  0  0  0
   47.8175    8.1110   30.7040 N   0  0  0  0  0  0  0  0  0  0  0  0
   46.7680    7.3699   31.1379 C   0  0  0  0  0  0  0  0  0  0  0  0
   45.7305    7.8760   31.9381 C   0  0  0  0  0  0  0  0  0  0  0  0
   49.0710   10.2021   30.5070 C   0  0  2  0  0  0  0  0  0  0  0  0
   49.4164   11.5001   31.2634 C   0  0  0  0  0  0  0  0  0  0  0  0
   48.8940   10.5314   29.1416 O   0  0  0  0  0  0  0  0  0  0  0  0
   42.5284    7.4864   32.6077 H   0  0  0  0  0  0  0  0  0  0  0  0
   43.3276    6.9849   34.0744 H   0  0  0  0  0  0  0  0  0  0  0  0
   45.0466   11.9439   33.5654 H   0  0  0  0  0  0  0  0  0  0  0  0
   46.9456   11.0519   32.1318 H   0  0  0  0  0  0  0  0  0  0  0  0
   46.7695    6.3378   30.8151 H   0  0  0  0  0  0  0  0  0  0  0  0
   49.9430    9.5471   30.5681 H   0  0  0  0  0  0  0  0  0  0  0  0
   50.3419   11.9413   30.8887 H   0  0  0  0  0  0  0  0  0  0  0  0
   48.6317   12.2510   31.1625 H   0  0  0  0  0  0  0  0  0  0  0  0
   49.5624   11.3060   32.3281 H   0  0  0  0  0  0  0  0  0  0  0  0
   49.4877   11.2513   28.9165 H   0  0  0  0  0  0  0  0  0  0  0  0
  1  2  2  0
  2  3  1  0
  2 14  1  0
  3  4  1  0
  3 18  1  0
  3 19  1  0
  4  5  1  0
  4  8  2  0
  5  6  1  0
  6  7  2  0
  7  8  1  0
  7 20  1  0
  8  9  1  0
  9 10  1  0
  9 14  2  0
 10 11  2  0
 10 21  1  0
 11 12  1  0
 11 15  1  0
 12 13  2  0
 13 14  1  0
 13 22  1  0
 15 16  1  0
 15 17  1  0
 15 23  1  6
 16 24  1  0
 16 25  1  0
 16 26  1  0
 17 27  1  0
M  END
"
2ayw_Lingo3DMolv2_1269073,"2ayw_Lingo3DMolv2_1269073
     RDKit          3D

 41 43  0  0  1  0  0  0  0  0999 V2000
   30.2274   14.1179   28.0094 N   0  0  0  0  0  0  0  0  0  0  0  0
   29.8293   15.3623   28.0898 C   0  0  0  0  0  0  0  0  0  0  0  0
   30.5993   16.3139   27.6096 N   0  0  0  0  0  0  0  0  0  0  0  0
   28.2760   15.6499   28.8095 S   0  0  0  0  0  0  0  0  0  0  0  0
   28.1891   17.3947   29.3174 C   0  0  0  0  0  0  0  0  0  0  0  0
   26.8800   17.6690   30.0873 C   0  0  2  0  0  0  0  0  0  0  0  0
   25.6490   17.4907   29.2223 C   0  0  0  0  0  0  0  0  0  0  0  0
   25.9712   18.8417   29.8096 C   0  0  1  0  0  0  0  0  0  0  0  0
   24.9679   19.2728   30.7726 N   0  0  0  0  0  0  0  0  0  0  0  0
   24.7532   20.5461   31.1619 C   0  0  0  0  0  0  0  0  0  0  0  0
   25.5093   21.4539   30.8098 O   0  0  0  0  0  0  0  0  0  0  0  0
   23.6852   20.7530   31.9914 N   0  0  0  0  0  0  0  0  0  0  0  0
   22.7767   19.7177   32.3153 N   0  0  0  0  0  0  0  0  0  0  0  0
   22.8462   19.0877   33.5057 C   0  0  0  0  0  0  0  0  0  0  0  0
   22.2296   18.0437   33.7059 O   0  0  0  0  0  0  0  0  0  0  0  0
   23.6371   19.8702   34.5283 C   0  0  0  0  0  0  0  0  0  0  0  0
   23.8372   19.3189   35.7933 C   0  0  0  0  0  0  0  0  0  0  0  0
   24.5127   20.0468   36.7713 C   0  0  0  0  0  0  0  0  0  0  0  0
   24.9832   21.3303   36.4901 C   0  0  0  0  0  0  0  0  0  0  0  0
   24.7920   21.8995   35.2256 C   0  0  0  0  0  0  0  0  0  0  0  0
   24.1233   21.1602   34.2365 C   0  0  0  0  0  0  0  0  0  0  0  0
   23.9365   21.7371   32.9828 O   0  0  0  0  0  0  0  0  0  0  0  0
   25.3218   23.3000   34.9476 C   0  0  0  0  0  0  0  0  0  0  0  0
   29.6107   13.3835   28.3229 H   0  0  0  0  0  0  0  0  0  0  0  0
   31.0938   13.8726   27.5265 H   0  0  0  0  0  0  0  0  0  0  0  0
   30.4273   17.2898   27.8093 H   0  0  0  0  0  0  0  0  0  0  0  0
   31.4626   16.0367   27.1588 H   0  0  0  0  0  0  0  0  0  0  0  0
   29.0498   17.6270   29.9460 H   0  0  0  0  0  0  0  0  0  0  0  0
   28.2627   18.0256   28.4303 H   0  0  0  0  0  0  0  0  0  0  0  0
   26.8988   17.3179   31.1174 H   0  0  0  0  0  0  0  0  0  0  0  0
   25.7554   17.3523   28.1450 H   0  0  0  0  0  0  0  0  0  0  0  0
   24.8208   16.8993   29.6179 H   0  0  0  0  0  0  0  0  0  0  0  0
   26.4054   19.6301   29.2093 H   0  0  0  0  0  0  0  0  0  0  0  0
   24.4287   18.5396   31.2083 H   0  0  0  0  0  0  0  0  0  0  0  0
   22.2647   19.3760   31.5179 H   0  0  0  0  0  0  0  0  0  0  0  0
   23.4729   18.3254   36.0092 H   0  0  0  0  0  0  0  0  0  0  0  0
   24.6659   19.6168   37.7508 H   0  0  0  0  0  0  0  0  0  0  0  0
   25.4997   21.8810   37.2629 H   0  0  0  0  0  0  0  0  0  0  0  0
   25.8325   23.7321   35.8097 H   0  0  0  0  0  0  0  0  0  0  0  0
   26.0231   23.2762   34.1128 H   0  0  0  0  0  0  0  0  0  0  0  0
   24.5026   23.9625   34.6657 H   0  0  0  0  0  0  0  0  0  0  0  0
  1  2  1  0
  1 24  1  0
  1 25  1  0
  2  3  2  0
  2  4  1  0
  3 26  1  0
  3 27  1  0
  4  5  1  0
  5  6  1  0
  5 28  1  0
  5 29  1  0
  6  7  1  0
  6  8  1  0
  6 30  1  1
  7  8  1  0
  7 31  1  0
  7 32  1  0
  8  9  1  0
  8 33  1  6
  9 10  1  0
  9 34  1  0
 10 11  2  0
 10 12  1  0
 12 13  1  0
 12 22  1  0
 13 14  1  0
 13 35  1  0
 14 15  2  0
 14 16  1  0
 16 17  2  0
 16 21  1  0
 17 18  1  0
 17 36  1  0
 18 19  2  0
 18 37  1  0
 19 20  1  0
 19 38  1  0
 20 21  2  0
 20 23  1  0
 21 22  1  0
 23 39  1  0
 23 40  1  0
 23 41  1  0
M  CHG  1   3   1
M  END
"
2ojg_Lingo3DMolv2_813638,"2ojg_Lingo3DMolv2_813638
     RDKit          3D

 31 33  0  0  1  0  0  0  0  0999 V2000
   -9.8303   10.8599   39.9540 O   0  0  0  0  0  0  0  0  0  0  0  0
  -10.0471   11.9652   40.4463 C   0  0  0  0  0  0  0  0  0  0  0  0
   -9.0102   12.7890   40.7544 N   0  0  0  0  0  0  0  0  0  0  0  0
   -9.1377   13.9301   41.4965 C   0  0  0  0  0  0  0  0  0  0  0  0
  -10.3096   14.4341   41.9140 C   0  0  0  0  0  0  0  0  0  0  0  0
  -11.5423   13.7518   41.4938 C   0  0  0  0  0  0  0  0  0  0  0  0
  -12.8175   14.2682   41.7388 C   0  0  0  0  0  0  0  0  0  0  0  0
  -13.9374   13.6066   41.3381 N   0  0  0  0  0  0  0  0  0  0  0  0
  -13.8212   12.4013   40.7173 C   0  0  0  0  0  0  0  0  0  0  0  0
  -12.5774   11.8455   40.4069 C   0  0  0  0  0  0  0  0  0  0  0  0
  -11.4209   12.5439   40.7756 C   0  0  0  0  0  0  0  0  0  0  0  0
  -15.2929   11.5320   40.2172 S   0  0  0  0  0  0  0  0  0  0  0  0
  -16.5613   12.1729   41.2730 C   0  0  0  0  0  0  0  0  0  0  0  0
  -16.4503   12.7316   42.5360 C   0  0  0  0  0  0  0  0  0  0  0  0
  -17.7200   13.0499   42.9189 N   0  0  0  0  0  0  0  0  0  0  0  0
  -18.5824   12.7319   41.9538 N   0  0  0  0  0  0  0  0  0  0  0  0
  -17.8400   12.1492   40.9405 N   0  0  0  0  0  0  0  0  0  0  0  0
  -18.1486   13.7439   44.1190 C   0  0  0  0  0  0  0  0  0  0  0  0
  -12.9426   15.4807   42.3978 O   0  0  0  0  0  0  0  0  0  0  0  0
  -14.2249   16.0557   42.6548 C   0  0  0  0  0  0  0  0  0  0  0  0
  -14.9068   16.2900   41.5326 F   0  0  0  0  0  0  0  0  0  0  0  0
  -14.0203   17.2313   43.2470 F   0  0  0  0  0  0  0  0  0  0  0  0
  -14.9438   15.3083   43.4929 F   0  0  0  0  0  0  0  0  0  0  0  0
   -8.0949   12.3930   40.5950 H   0  0  0  0  0  0  0  0  0  0  0  0
   -8.1756   14.3266   41.7935 H   0  0  0  0  0  0  0  0  0  0  0  0
  -10.3433   15.3018   42.5566 H   0  0  0  0  0  0  0  0  0  0  0  0
  -12.5189   10.9014   39.8817 H   0  0  0  0  0  0  0  0  0  0  0  0
  -15.5979   12.9462   43.1543 H   0  0  0  0  0  0  0  0  0  0  0  0
  -17.5408   13.4179   44.9642 H   0  0  0  0  0  0  0  0  0  0  0  0
  -18.0231   14.8162   43.9719 H   0  0  0  0  0  0  0  0  0  0  0  0
  -19.1950   13.5321   44.3345 H   0  0  0  0  0  0  0  0  0  0  0  0
  1  2  2  0
  2  3  1  0
  2 11  1  0
  3  4  1  0
  3 24  1  0
  4  5  2  0
  4 25  1  0
  5  6  1  0
  5 26  1  0
  6  7  1  0
  6 11  2  0
  7  8  2  0
  7 19  1  0
  8  9  1  0
  9 10  2  0
  9 12  1  0
 10 11  1  0
 10 27  1  0
 12 13  1  0
 13 14  2  0
 13 17  1  0
 14 15  1  0
 14 28  1  0
 15 16  1  0
 15 18  1  0
 16 17  2  0
 18 29  1  0
 18 30  1  0
 18 31  1  0
 19 20  1  0
 20 21  1  0
 20 22  1  0
 20 23  1  0
M  END
"
3kba_Lingo3DMolv2_880434,"3kba_Lingo3DMolv2_880434
     RDKit          3D

 38 39  0  0  1  0  0  0  0  0999 V2000
   13.5532   16.7275   11.9302 O   0  0  0  0  0  0  0  0  0  0  0  0
   12.5834   15.6353   11.8911 S   0  0  0  0  0  0  0  0  0  0  0  0
   10.9155   16.4038   12.2312 C   0  0  0  0  0  0  0  0  0  0  0  0
   12.7538   14.4706   12.7669 O   0  0  0  0  0  0  0  0  0  0  0  0
   12.4906   15.0365   10.2305 N   0  0  0  0  0  0  0  0  0  0  0  0
   13.5075   14.1933    9.5259 C   0  0  0  0  0  0  0  0  0  0  0  0
   12.9890   14.7866    8.2001 C   0  0  0  0  0  0  0  0  0  0  0  0
   12.1455   15.8179    8.9974 C   0  0  1  0  0  0  0  0  0  0  0  0
   10.6558   16.0978    8.6218 C   0  0  1  0  0  0  0  0  0  0  0  0
   10.3470   16.1100    7.1147 C   0  0  0  0  0  0  0  0  0  0  0  0
    9.6002   15.2931    9.3848 C   0  0  0  0  0  0  0  0  0  0  0  0
    9.6576   13.8993    9.4364 C   0  0  0  0  0  0  0  0  0  0  0  0
    8.7038   13.1840   10.1496 C   0  0  0  0  0  0  0  0  0  0  0  0
    7.6854   13.8418   10.8306 C   0  0  0  0  0  0  0  0  0  0  0  0
    7.6065   15.2328   10.7785 C   0  0  0  0  0  0  0  0  0  0  0  0
    8.5492   15.9517   10.0394 C   0  0  0  0  0  0  0  0  0  0  0  0
    6.4741   15.9502   11.4769 C   0  0  0  0  0  0  0  0  0  0  0  0
   13.9541   15.3607    7.3612 O   0  0  0  0  0  0  0  0  0  0  0  0
   12.3428   13.8610    7.3663 O   0  0  0  0  0  0  0  0  0  0  0  0
   11.0156   16.9953   13.1379 H   0  0  0  0  0  0  0  0  0  0  0  0
   10.6680   17.0725   11.4109 H   0  0  0  0  0  0  0  0  0  0  0  0
   10.1736   15.6153   12.3434 H   0  0  0  0  0  0  0  0  0  0  0  0
   14.5258   14.5058    9.7423 H   0  0  0  0  0  0  0  0  0  0  0  0
   13.3911   13.1270    9.7060 H   0  0  0  0  0  0  0  0  0  0  0  0
   12.6503   16.7860    9.0229 H   0  0  0  0  0  0  0  0  0  0  0  0
   10.5222   17.1229    8.9673 H   0  0  0  0  0  0  0  0  0  0  0  0
    9.3471   16.5074    6.9662 H   0  0  0  0  0  0  0  0  0  0  0  0
   11.0474   16.7352    6.5596 H   0  0  0  0  0  0  0  0  0  0  0  0
   10.3407   15.1171    6.6672 H   0  0  0  0  0  0  0  0  0  0  0  0
   10.4356   13.3572    8.9274 H   0  0  0  0  0  0  0  0  0  0  0  0
    8.7528   12.1085   10.1669 H   0  0  0  0  0  0  0  0  0  0  0  0
    6.9495   13.2670   11.3741 H   0  0  0  0  0  0  0  0  0  0  0  0
    8.4723   17.0273    9.9934 H   0  0  0  0  0  0  0  0  0  0  0  0
    6.7139   16.1091   12.5275 H   0  0  0  0  0  0  0  0  0  0  0  0
    6.2733   16.9021   10.9866 H   0  0  0  0  0  0  0  0  0  0  0  0
    5.5574   15.3631   11.4235 H   0  0  0  0  0  0  0  0  0  0  0  0
   14.2729   14.6563    6.7939 H   0  0  0  0  0  0  0  0  0  0  0  0
   12.0813   13.1089    7.9007 H   0  0  0  0  0  0  0  0  0  0  0  0
  1  2  2  0
  2  3  1  0
  2  4  2  0
  2  5  1  0
  3 20  1  0
  3 21  1  0
  3 22  1  0
  5  6  1  0
  5  8  1  0
  6  7  1  0
  6 23  1  0
  6 24  1  0
  7  8  1  0
  7 18  1  0
  7 19  1  0
  8  9  1  0
  8 25  1  1
  9 10  1  0
  9 11  1  0
  9 26  1  1
 10 27  1  0
 10 28  1  0
 10 29  1  0
 11 12  2  0
 11 16  1  0
 12 13  1  0
 12 30  1  0
 13 14  2  0
 13 31  1  0
 14 15  1  0
 14 32  1  0
 15 16  2  0
 15 17  1  0
 16 33  1  0
 17 34  1  0
 17 35  1  0
 17 36  1  0
 18 37  1  0
 19 38  1  0
M  END
"
2i0e_Lingo3DMolv2_1334817,"2i0e_Lingo3DMolv2_1334817
     RDKit          3D

 61 64  0  0  1  0  0  0  0  0999 V2000
    6.6722   37.4000    2.8332 N   0  0  0  0  0  0  0  0  0  0  0  0
    5.4504   37.7597    2.3493 C   0  0  0  0  0  0  0  0  0  0  0  0
    4.8860   38.9968    2.0051 C   0  0  0  0  0  0  0  0  0  0  0  0
    3.6025   38.6766    1.3754 C   0  0  0  0  0  0  0  0  0  0  0  0
    2.5372   39.3832    0.7334 C   0  0  0  0  0  0  0  0  0  0  0  0
    1.4583   38.6300    0.2366 C   0  0  0  0  0  0  0  0  0  0  0  0
    1.3750   37.2544    0.4320 C   0  0  0  0  0  0  0  0  0  0  0  0
    2.3551   36.5995    1.0769 N   0  0  0  0  0  0  0  0  0  0  0  0
    3.4443   37.2602    1.5160 C   0  0  0  0  0  0  0  0  0  0  0  0
    4.5650   36.7509    2.1171 N   0  0  0  0  0  0  0  0  0  0  0  0
    2.5795   40.7604    0.5323 N   0  0  0  0  0  0  0  0  0  0  0  0
    3.2410   41.2467   -0.6966 C   0  0  0  0  0  0  0  0  0  0  0  0
    3.4972   42.7773   -0.6667 C   0  0  0  0  0  0  0  0  0  0  0  0
    2.2753   43.4799   -0.4245 O   0  0  0  0  0  0  0  0  0  0  0  0
    1.6040   43.0553    0.7625 C   0  0  1  0  0  0  0  0  0  0  0  0
    1.3307   41.5415    0.6170 C   0  0  0  0  0  0  0  0  0  0  0  0
    2.3152   43.4518    2.0764 C   0  0  0  0  0  0  0  0  0  0  0  0
    2.5404   44.9799    2.1004 N   0  0  0  0  0  0  0  0  0  0  0  0
    2.6082   45.6733    3.4831 C   0  0  1  0  0  0  0  0  0  0  0  0
    1.2138   45.6809    4.1485 C   0  0  0  0  0  0  0  0  0  0  0  0
    3.7447   45.1036    4.3633 C   0  0  0  0  0  0  0  0  0  0  0  0
    3.4708   43.8000    4.8415 O   0  0  0  0  0  0  0  0  0  0  0  0
    5.5712   40.2639    2.1199 C   0  0  0  0  0  0  0  0  0  0  0  0
    5.4722   41.1002    1.2317 O   0  0  0  0  0  0  0  0  0  0  0  0
    6.3217   40.4201    3.2316 N   0  0  0  0  0  0  0  0  0  0  0  0
    7.1945   41.4893    3.5254 C   0  0  0  0  0  0  0  0  0  0  0  0
    8.2940   41.1986    4.3378 C   0  0  0  0  0  0  0  0  0  0  0  0
    9.2404   42.1841    4.6158 C   0  0  0  0  0  0  0  0  0  0  0  0
    9.0708   43.4716    4.1067 C   0  0  0  0  0  0  0  0  0  0  0  0
    7.9541   43.7857    3.3354 C   0  0  0  0  0  0  0  0  0  0  0  0
    7.0154   42.7990    3.0478 C   0  0  0  0  0  0  0  0  0  0  0  0
    6.9410   36.4267    2.9375 H   0  0  0  0  0  0  0  0  0  0  0  0
    7.4216   38.0713    2.9060 H   0  0  0  0  0  0  0  0  0  0  0  0
    0.6503   39.1213   -0.2878 H   0  0  0  0  0  0  0  0  0  0  0  0
    0.5411   36.6471    0.1007 H   0  0  0  0  0  0  0  0  0  0  0  0
    2.2321   35.6045    1.2262 H   0  0  0  0  0  0  0  0  0  0  0  0
    4.7821   35.7973    2.3635 H   0  0  0  0  0  0  0  0  0  0  0  0
    4.1916   40.7306   -0.8371 H   0  0  0  0  0  0  0  0  0  0  0  0
    2.6325   40.9972   -1.5674 H   0  0  0  0  0  0  0  0  0  0  0  0
    4.2557   43.0443    0.0710 H   0  0  0  0  0  0  0  0  0  0  0  0
    3.8916   43.0970   -1.6299 H   0  0  0  0  0  0  0  0  0  0  0  0
    0.6398   43.5673    0.7551 H   0  0  0  0  0  0  0  0  0  0  0  0
    0.6452   41.2071    1.3990 H   0  0  0  0  0  0  0  0  0  0  0  0
    0.7637   41.3891   -0.3034 H   0  0  0  0  0  0  0  0  0  0  0  0
    3.3000   42.9996    2.2110 H   0  0  0  0  0  0  0  0  0  0  0  0
    1.6904   43.2107    2.9350 H   0  0  0  0  0  0  0  0  0  0  0  0
    3.3850   45.1827    1.5828 H   0  0  0  0  0  0  0  0  0  0  0  0
    1.7848   45.4053    1.5834 H   0  0  0  0  0  0  0  0  0  0  0  0
    2.8696   46.6965    3.2087 H   0  0  0  0  0  0  0  0  0  0  0  0
    1.2309   46.2677    5.0681 H   0  0  0  0  0  0  0  0  0  0  0  0
    0.4525   46.1208    3.5038 H   0  0  0  0  0  0  0  0  0  0  0  0
    0.8780   44.6829    4.4294 H   0  0  0  0  0  0  0  0  0  0  0  0
    4.6975   45.1036    3.8305 H   0  0  0  0  0  0  0  0  0  0  0  0
    3.8721   45.7535    5.2309 H   0  0  0  0  0  0  0  0  0  0  0  0
    3.0704   43.9027    5.7143 H   0  0  0  0  0  0  0  0  0  0  0  0
    6.3371   39.6471    3.8781 H   0  0  0  0  0  0  0  0  0  0  0  0
    8.4401   40.2051    4.7348 H   0  0  0  0  0  0  0  0  0  0  0  0
   10.1043   41.9557    5.2243 H   0  0  0  0  0  0  0  0  0  0  0  0
    9.7957   44.2393    4.3380 H   0  0  0  0  0  0  0  0  0  0  0  0
    7.8186   44.7930    2.9673 H   0  0  0  0  0  0  0  0  0  0  0  0
    6.1549   43.0703    2.4541 H   0  0  0  0  0  0  0  0  0  0  0  0
  1  2  1  0
  1 32  1  0
  1 33  1  0
  2  3  2  0
  2 10  1  0
  3  4  1  0
  3 23  1  0
  4  5  2  0
  4  9  1  0
  5  6  1  0
  5 11  1  0
  6  7  2  0
  6 34  1  0
  7  8  1  0
  7 35  1  0
  8  9  2  0
  8 36  1  0
  9 10  1  0
 10 37  1  0
 11 12  1  0
 11 16  1  0
 12 13  1  0
 12 38  1  0
 12 39  1  0
 13 14  1  0
 13 40  1  0
 13 41  1  0
 14 15  1  0
 15 16  1  0
 15 17  1  0
 15 42  1  1
 16 43  1  0
 16 44  1  0
 17 18  1  0
 17 45  1  0
 17 46  1  0
 18 19  1  0
 18 47  1  0
 18 48  1  0
 19 20  1  0
 19 21  1  0
 19 49  1  6
 20 50  1  0
 20 51  1  0
 20 52  1  0
 21 22  1  0
 21 53  1  0
 21 54  1  0
 22 55  1  0
 23 24  2  0
 23 25  1  0
 25 26  1  0
 25 56  1  0
 26 27  2  0
 26 31  1  0
 27 28  1  0
 27 57  1  0
 28 29  2  0
 28 58  1  0
 29 30  1  0
 29 59  1  0
 30 31  2  0
 30 60  1  0
 31 61  1  0
M  CHG  2   8   1  18   1
M  END
"
2p2i_Lingo3DMolv2_806211,"2p2i_Lingo3DMolv2_806211
     RDKit          3D

 44 46  0  0  1  0  0  0  0  0999 V2000
   23.2818    3.9803   29.2462 N   0  0  0  0  0  0  0  0  0  0  0  0
   23.8839    4.0608   28.0412 C   0  0  0  0  0  0  0  0  0  0  0  0
   25.0568    4.3802   27.8665 O   0  0  0  0  0  0  0  0  0  0  0  0
   23.0567    3.7290   27.0380 N   0  0  0  0  0  0  0  0  0  0  0  0
   23.3848    3.8306   25.6982 C   0  0  0  0  0  0  0  0  0  0  0  0
   22.6055    4.1434   24.5928 C   0  0  0  0  0  0  0  0  0  0  0  0
   23.4207    3.9801   23.4692 C   0  0  0  0  0  0  0  0  0  0  0  0
   24.6515    3.5746   23.9574 C   0  0  0  0  0  0  0  0  0  0  0  0
   24.6274    3.4286   25.3047 O   0  0  0  0  0  0  0  0  0  0  0  0
   25.8453    3.2816   23.3534 O   0  0  0  0  0  0  0  0  0  0  0  0
   26.6407    4.3178   22.9103 C   0  0  0  0  0  0  0  0  0  0  0  0
   26.6574    5.5888   23.5070 C   0  0  0  0  0  0  0  0  0  0  0  0
   27.4618    6.5865   22.9518 C   0  0  0  0  0  0  0  0  0  0  0  0
   28.2561    6.3793   21.8696 N   0  0  0  0  0  0  0  0  0  0  0  0
   28.2569    5.1382   21.3178 C   0  0  0  0  0  0  0  0  0  0  0  0
   27.4714    4.0892   21.8086 C   0  0  0  0  0  0  0  0  0  0  0  0
   23.8303    4.2847   30.5123 C   0  0  0  0  0  0  0  0  0  0  0  0
   24.9534    5.1058   30.7051 C   0  0  0  0  0  0  0  0  0  0  0  0
   25.4614    5.3277   31.9805 C   0  0  0  0  0  0  0  0  0  0  0  0
   24.8367    4.7634   33.0876 C   0  0  0  0  0  0  0  0  0  0  0  0
   23.6774    3.9942   32.9302 C   0  0  0  0  0  0  0  0  0  0  0  0
   23.1920    3.7486   31.6369 C   0  0  0  0  0  0  0  0  0  0  0  0
   22.9334    3.4029   34.1294 C   0  0  0  0  0  0  0  0  0  0  0  0
   23.1529    4.0831   35.5038 C   0  0  0  0  0  0  0  0  0  0  0  0
   22.7823    5.5772   35.5466 C   0  0  0  0  0  0  0  0  0  0  0  0
   22.3487    3.5940   29.2548 H   0  0  0  0  0  0  0  0  0  0  0  0
   22.0967    3.4798   27.2704 H   0  0  0  0  0  0  0  0  0  0  0  0
   21.5694    4.4503   24.6043 H   0  0  0  0  0  0  0  0  0  0  0  0
   23.1535    4.1521   22.4384 H   0  0  0  0  0  0  0  0  0  0  0  0
   26.0507    5.8047   24.3726 H   0  0  0  0  0  0  0  0  0  0  0  0
   27.4824    7.5797   23.3792 H   0  0  0  0  0  0  0  0  0  0  0  0
   28.9031    4.9929   20.4639 H   0  0  0  0  0  0  0  0  0  0  0  0
   27.4928    3.1172   21.3381 H   0  0  0  0  0  0  0  0  0  0  0  0
   25.4563    5.5792   29.8783 H   0  0  0  0  0  0  0  0  0  0  0  0
   26.3419    5.9401   32.1075 H   0  0  0  0  0  0  0  0  0  0  0  0
   25.2563    4.9462   34.0653 H   0  0  0  0  0  0  0  0  0  0  0  0
   22.3143    3.1304   31.5088 H   0  0  0  0  0  0  0  0  0  0  0  0
   23.2046    2.3478   34.2013 H   0  0  0  0  0  0  0  0  0  0  0  0
   21.8629    3.4242   33.9120 H   0  0  0  0  0  0  0  0  0  0  0  0
   22.5423    3.5570   36.2390 H   0  0  0  0  0  0  0  0  0  0  0  0
   24.1825    3.9469   35.8383 H   0  0  0  0  0  0  0  0  0  0  0  0
   22.6571    5.9242   36.5726 H   0  0  0  0  0  0  0  0  0  0  0  0
   23.5462    6.1979   35.0799 H   0  0  0  0  0  0  0  0  0  0  0  0
   21.8545    5.7683   35.0140 H   0  0  0  0  0  0  0  0  0  0  0  0
  1  2  1  0
  1 17  1  0
  1 26  1  0
  2  3  2  0
  2  4  1  0
  4  5  1  0
  4 27  1  0
  5  6  2  0
  5  9  1  0
  6  7  1  0
  6 28  1  0
  7  8  2  0
  7 29  1  0
  8  9  1  0
  8 10  1  0
 10 11  1  0
 11 12  2  0
 11 16  1  0
 12 13  1  0
 12 30  1  0
 13 14  2  0
 13 31  1  0
 14 15  1  0
 15 16  2  0
 15 32  1  0
 16 33  1  0
 17 18  2  0
 17 22  1  0
 18 19  1  0
 18 34  1  0
 19 20  2  0
 19 35  1  0
 20 21  1  0
 20 36  1  0
 21 22  2  0
 21 23  1  0
 22 37  1  0
 23 24  1  0
 23 38  1  0
 23 39  1  0
 24 25  1  0
 24 40  1  0
 24 41  1  0
 25 42  1  0
 25 43  1  0
 25 44  1  0
M  END
"
3frj_Lingo3DMolv2_16821,"3frj_Lingo3DMolv2_16821
     RDKit          3D

 52 55  0  0  1  0  0  0  0  0999 V2000
   53.3893   19.5486   40.9561 O   0  0  0  0  0  0  0  0  0  0  0  0
   52.4462   20.1927   40.4412 C   0  0  0  0  0  0  0  0  0  0  0  0
   51.3678   19.6325   40.1552 O   0  0  0  0  0  0  0  0  0  0  0  0
   52.5950   21.7485   40.2374 C   0  0  1  0  0  0  0  0  0  0  0  0
   51.3568   22.3236   39.4577 C   0  0  0  0  0  0  0  0  0  0  0  0
   51.4431   23.7353   39.2621 O   0  0  0  0  0  0  0  0  0  0  0  0
   51.1791   24.5053   40.4349 C   0  0  1  0  0  0  0  0  0  0  0  0
   52.2260   24.2451   41.5535 C   0  0  1  0  0  0  0  0  0  0  0  0
   52.4477   22.4738   41.9171 S   0  0  0  0  0  0  0  0  0  0  0  0
   53.5941   24.9288   41.4032 C   0  0  0  0  0  0  0  0  0  0  0  0
   51.0693   25.9985   40.1180 C   0  0  0  0  0  0  0  0  0  0  0  0
   50.2075   26.7970   40.8815 C   0  0  0  0  0  0  0  0  0  0  0  0
   50.1649   28.1775   40.6891 C   0  0  0  0  0  0  0  0  0  0  0  0
   50.9848   28.7724   39.7320 C   0  0  0  0  0  0  0  0  0  0  0  0
   51.8312   27.9847   38.9556 C   0  0  0  0  0  0  0  0  0  0  0  0
   51.8744   26.6042   39.1390 C   0  0  0  0  0  0  0  0  0  0  0  0
   52.7313   25.8764   38.3857 F   0  0  0  0  0  0  0  0  0  0  0  0
   53.9573   22.0654   39.5441 C   0  0  0  0  0  0  0  0  0  0  0  0
   55.1687   21.9883   40.2550 C   0  0  0  0  0  0  0  0  0  0  0  0
   56.3939   22.1433   39.6065 C   0  0  0  0  0  0  0  0  0  0  0  0
   56.4227   22.3751   38.2324 C   0  0  0  0  0  0  0  0  0  0  0  0
   55.2328   22.5125   37.5241 C   0  0  0  0  0  0  0  0  0  0  0  0
   54.0138   22.3548   38.1714 C   0  0  0  0  0  0  0  0  0  0  0  0
   57.6931   22.3938   37.4677 C   0  0  0  0  0  0  0  0  0  0  0  0
   58.6125   23.4211   37.3349 C   0  0  0  0  0  0  0  0  0  0  0  0
   59.5501   22.9610   36.4492 N   0  0  0  0  0  0  0  0  0  0  0  0
   59.3288   21.6962   36.0802 N   0  0  0  0  0  0  0  0  0  0  0  0
   58.1958   21.3585   36.6555 C   0  0  0  0  0  0  0  0  0  0  0  0
   57.5978   20.0003   36.3676 C   0  0  0  0  0  0  0  0  0  0  0  0
   60.6949   23.6631   35.9006 C   0  0  0  0  0  0  0  0  0  0  0  0
   51.2602   21.8569   38.4773 H   0  0  0  0  0  0  0  0  0  0  0  0
   50.4159   22.0893   39.9632 H   0  0  0  0  0  0  0  0  0  0  0  0
   50.1928   24.2073   40.8004 H   0  0  0  0  0  0  0  0  0  0  0  0
   51.8035   24.6417   42.4780 H   0  0  0  0  0  0  0  0  0  0  0  0
   54.1677   24.7664   42.3134 H   0  0  0  0  0  0  0  0  0  0  0  0
   54.1619   24.5567   40.5524 H   0  0  0  0  0  0  0  0  0  0  0  0
   53.5056   26.0084   41.2894 H   0  0  0  0  0  0  0  0  0  0  0  0
   49.5888   26.3523   41.6477 H   0  0  0  0  0  0  0  0  0  0  0  0
   49.5096   28.7877   41.2931 H   0  0  0  0  0  0  0  0  0  0  0  0
   50.9682   29.8426   39.5875 H   0  0  0  0  0  0  0  0  0  0  0  0
   52.4626   28.4413   38.2095 H   0  0  0  0  0  0  0  0  0  0  0  0
   55.1633   21.7544   41.3095 H   0  0  0  0  0  0  0  0  0  0  0  0
   57.3155   22.0322   40.1586 H   0  0  0  0  0  0  0  0  0  0  0  0
   55.2506   22.6944   36.4592 H   0  0  0  0  0  0  0  0  0  0  0  0
   53.1228   22.4270   37.5690 H   0  0  0  0  0  0  0  0  0  0  0  0
   58.6552   24.4208   37.7399 H   0  0  0  0  0  0  0  0  0  0  0  0
   58.3022   19.1890   36.5540 H   0  0  0  0  0  0  0  0  0  0  0  0
   56.7100   19.8041   36.9679 H   0  0  0  0  0  0  0  0  0  0  0  0
   57.2850   19.9254   35.3279 H   0  0  0  0  0  0  0  0  0  0  0  0
   61.5519   23.5553   36.5610 H   0  0  0  0  0  0  0  0  0  0  0  0
   60.9546   23.2376   34.9355 H   0  0  0  0  0  0  0  0  0  0  0  0
   60.4517   24.7160   35.7556 H   0  0  0  0  0  0  0  0  0  0  0  0
  1  2  2  0
  2  3  1  0
  4  2  1  1
  4  5  1  0
  4  9  1  0
  4 18  1  0
  5  6  1  0
  5 31  1  0
  5 32  1  0
  6  7  1  0
  7  8  1  0
  7 11  1  0
  7 33  1  1
  8  9  1  0
  8 10  1  0
  8 34  1  1
 10 35  1  0
 10 36  1  0
 10 37  1  0
 11 12  2  0
 11 16  1  0
 12 13  1  0
 12 38  1  0
 13 14  2  0
 13 39  1  0
 14 15  1  0
 14 40  1  0
 15 16  2  0
 15 41  1  0
 16 17  1  0
 18 19  2  0
 18 23  1  0
 19 20  1  0
 19 42  1  0
 20 21  2  0
 20 43  1  0
 21 22  1  0
 21 24  1  0
 22 23  2  0
 22 44  1  0
 23 45  1  0
 24 25  2  0
 24 28  1  0
 25 26  1  0
 25 46  1  0
 26 27  1  0
 26 30  1  0
 27 28  2  0
 28 29  1  0
 29 47  1  0
 29 48  1  0
 29 49  1  0
 30 50  1  0
 30 51  1  0
 30 52  1  0
M  CHG  1   3  -1
M  END
"
3g6z_Lingo3DMolv2_442509,"3g6z_Lingo3DMolv2_442509
     RDKit          3D

 75 79  0  0  1  0  0  0  0  0999 V2000
    8.8266    7.2330    5.1320 N   0  0  0  0  0  0  0  0  0  0  0  0
    8.6850    6.3557    4.1407 C   0  0  0  0  0  0  0  0  0  0  0  0
    8.9810    6.8330    2.9271 N   0  0  0  0  0  0  0  0  0  0  0  0
    9.0901    6.0528    1.6838 C   0  0  1  0  0  0  0  0  0  0  0  0
    9.0465    4.5036    1.9447 C   0  0  0  0  0  0  0  0  0  0  0  0
    8.3660    4.0325    3.2485 C   0  0  0  0  0  0  0  0  0  0  0  0
    7.9646    2.8885    3.4663 O   0  0  0  0  0  0  0  0  0  0  0  0
    8.2754    5.0704    4.3194 N   0  0  0  0  0  0  0  0  0  0  0  0
    7.7660    4.5702    5.6245 C   0  0  0  0  0  0  0  0  0  0  0  0
    8.2508    6.5830    0.5100 C   0  0  0  0  0  0  0  0  0  0  0  0
    8.8150    7.5736   -0.3038 C   0  0  0  0  0  0  0  0  0  0  0  0
    8.1263    8.0819   -1.4011 C   0  0  0  0  0  0  0  0  0  0  0  0
    6.8586    7.6125   -1.7272 C   0  0  0  0  0  0  0  0  0  0  0  0
    6.2770    6.6341   -0.9089 C   0  0  0  0  0  0  0  0  0  0  0  0
    6.9507    6.1321    0.2153 C   0  0  0  0  0  0  0  0  0  0  0  0
    6.3592    5.1672    0.9971 O   0  0  0  0  0  0  0  0  0  0  0  0
    5.1228    5.4218    1.5379 C   0  0  0  0  0  0  0  0  0  0  0  0
    3.9768    4.9209    0.9307 C   0  0  0  0  0  0  0  0  0  0  0  0
    2.7280    5.1958    1.4774 C   0  0  0  0  0  0  0  0  0  0  0  0
    2.5879    5.9455    2.6549 C   0  0  0  0  0  0  0  0  0  0  0  0
    3.7644    6.4111    3.2985 C   0  0  0  0  0  0  0  0  0  0  0  0
    5.0093    6.1587    2.7134 C   0  0  0  0  0  0  0  0  0  0  0  0
    3.7102    7.1337    4.6470 C   0  0  0  0  0  0  0  0  0  0  0  0
    2.3223    7.7182    4.9471 C   0  0  0  0  0  0  0  0  0  0  0  0
    1.2423    6.6479    4.7156 C   0  0  1  0  0  0  0  0  0  0  0  0
   -0.1536    7.0928    5.2036 C   0  0  0  0  0  0  0  0  0  0  0  0
   -1.1165    6.0813    4.9164 O   0  0  0  0  0  0  0  0  0  0  0  0
   -1.2828    5.8211    3.5238 C   0  0  0  0  0  0  0  0  0  0  0  0
    0.0423    5.3243    2.9061 C   0  0  0  0  0  0  0  0  0  0  0  0
    1.1940    6.3142    3.2052 C   0  0  2  0  0  0  0  0  0  0  0  0
    6.2663    8.1620   -2.8488 O   0  0  0  0  0  0  0  0  0  0  0  0
    5.0725    7.5805   -3.3630 C   0  0  0  0  0  0  0  0  0  0  0  0
    4.6478    8.3389   -4.6326 C   0  0  0  0  0  0  0  0  0  0  0  0
    4.0432    9.7267   -4.3470 C   0  0  0  0  0  0  0  0  0  0  0  0
    2.7550    9.6436   -3.6596 N   0  0  0  0  0  0  0  0  0  0  0  0
    1.5641    9.5930   -4.2760 C   0  0  0  0  0  0  0  0  0  0  0  0
    0.3349    9.4804   -3.3789 C   0  0  0  0  0  0  0  0  0  0  0  0
    1.4299    9.6348   -5.4982 O   0  0  0  0  0  0  0  0  0  0  0  0
    8.8547    6.9395    6.1057 H   0  0  0  0  0  0  0  0  0  0  0  0
    9.0598    8.2056    4.9343 H   0  0  0  0  0  0  0  0  0  0  0  0
    8.8323    7.8332    2.8212 H   0  0  0  0  0  0  0  0  0  0  0  0
   10.1180    6.2592    1.3813 H   0  0  0  0  0  0  0  0  0  0  0  0
    8.5911    3.9703    1.1098 H   0  0  0  0  0  0  0  0  0  0  0  0
   10.0666    4.1240    2.0070 H   0  0  0  0  0  0  0  0  0  0  0  0
    8.6064    4.1840    6.2013 H   0  0  0  0  0  0  0  0  0  0  0  0
    7.2973    5.3873    6.1736 H   0  0  0  0  0  0  0  0  0  0  0  0
    7.0180    3.7872    5.4907 H   0  0  0  0  0  0  0  0  0  0  0  0
    9.8003    7.9596   -0.0878 H   0  0  0  0  0  0  0  0  0  0  0  0
    8.5849    8.8424   -2.0137 H   0  0  0  0  0  0  0  0  0  0  0  0
    5.2941    6.2520   -1.1273 H   0  0  0  0  0  0  0  0  0  0  0  0
    4.0519    4.3348    0.0266 H   0  0  0  0  0  0  0  0  0  0  0  0
    1.8596    4.8331    0.9509 H   0  0  0  0  0  0  0  0  0  0  0  0
    5.9057    6.5223    3.1936 H   0  0  0  0  0  0  0  0  0  0  0  0
    3.9691    6.4161    5.4274 H   0  0  0  0  0  0  0  0  0  0  0  0
    4.4639    7.9217    4.6934 H   0  0  0  0  0  0  0  0  0  0  0  0
    2.2958    8.0505    5.9872 H   0  0  0  0  0  0  0  0  0  0  0  0
    2.1167    8.6207    4.3678 H   0  0  0  0  0  0  0  0  0  0  0  0
    1.5133    5.7481    5.2742 H   0  0  0  0  0  0  0  0  0  0  0  0
   -0.1424    7.2778    6.2779 H   0  0  0  0  0  0  0  0  0  0  0  0
   -0.4381    8.0333    4.7315 H   0  0  0  0  0  0  0  0  0  0  0  0
   -2.0632    5.0703    3.3988 H   0  0  0  0  0  0  0  0  0  0  0  0
   -1.6394    6.7192    3.0146 H   0  0  0  0  0  0  0  0  0  0  0  0
    0.2840    4.3376    3.3049 H   0  0  0  0  0  0  0  0  0  0  0  0
   -0.1298    5.2355    1.8326 H   0  0  0  0  0  0  0  0  0  0  0  0
    0.9380    7.2326    2.6794 H   0  0  0  0  0  0  0  0  0  0  0  0
    5.2491    6.5310   -3.6063 H   0  0  0  0  0  0  0  0  0  0  0  0
    4.2731    7.6307   -2.6205 H   0  0  0  0  0  0  0  0  0  0  0  0
    5.5090    8.4391   -5.2954 H   0  0  0  0  0  0  0  0  0  0  0  0
    3.9219    7.7453   -5.1901 H   0  0  0  0  0  0  0  0  0  0  0  0
    4.7137   10.2794   -3.6850 H   0  0  0  0  0  0  0  0  0  0  0  0
    3.9725   10.3183   -5.2629 H   0  0  0  0  0  0  0  0  0  0  0  0
    2.7741    9.6458   -2.6508 H   0  0  0  0  0  0  0  0  0  0  0  0
   -0.1943   10.4328   -3.3434 H   0  0  0  0  0  0  0  0  0  0  0  0
   -0.3464    8.7264   -3.7747 H   0  0  0  0  0  0  0  0  0  0  0  0
    0.6017    9.1966   -2.3606 H   0  0  0  0  0  0  0  0  0  0  0  0
  1  2  1  0
  1 39  1  0
  1 40  1  0
  2  3  2  0
  2  8  1  0
  3  4  1  0
  3 41  1  0
  4  5  1  0
  4 10  1  0
  4 42  1  6
  5  6  1  0
  5 43  1  0
  5 44  1  0
  6  7  2  0
  6  8  1  0
  8  9  1  0
  9 45  1  0
  9 46  1  0
  9 47  1  0
 10 11  2  0
 10 15  1  0
 11 12  1  0
 11 48  1  0
 12 13  2  0
 12 49  1  0
 13 14  1  0
 13 31  1  0
 14 15  2  0
 14 50  1  0
 15 16  1  0
 16 17  1  0
 17 18  2  0
 17 22  1  0
 18 19  1  0
 18 51  1  0
 19 20  2  0
 19 52  1  0
 20 21  1  0
 20 30  1  0
 21 22  2  0
 21 23  1  0
 22 53  1  0
 23 24  1  0
 23 54  1  0
 23 55  1  0
 24 25  1  0
 24 56  1  0
 24 57  1  0
 25 26  1  0
 25 30  1  0
 25 58  1  1
 26 27  1  0
 26 59  1  0
 26 60  1  0
 27 28  1  0
 28 29  1  0
 28 61  1  0
 28 62  1  0
 29 30  1  0
 29 63  1  0
 29 64  1  0
 30 65  1  6
 31 32  1  0
 32 33  1  0
 32 66  1  0
 32 67  1  0
 33 34  1  0
 33 68  1  0
 33 69  1  0
 34 35  1  0
 34 70  1  0
 34 71  1  0
 35 36  1  0
 35 72  1  0
 36 37  1  0
 36 38  2  0
 37 73  1  0
 37 74  1  0
 37 75  1  0
M  CHG  1   3   1
M  END
"
2fsz_Lingo3DMolv2_1128101,"2fsz_Lingo3DMolv2_1128101
     RDKit          3D

 58 60  0  0  1  0  0  0  0  0999 V2000
   90.8469   25.4689   -6.5560 O   0  0  0  0  0  0  0  0  0  0  0  0
   91.1564   24.1982   -6.1549 C   0  0  0  0  0  0  0  0  0  0  0  0
   92.2067   23.5178   -6.7652 C   0  0  0  0  0  0  0  0  0  0  0  0
   92.5712   22.2580   -6.2973 C   0  0  0  0  0  0  0  0  0  0  0  0
   91.8946   21.6847   -5.2086 C   0  0  0  0  0  0  0  0  0  0  0  0
   90.8196   22.3654   -4.6296 C   0  0  0  0  0  0  0  0  0  0  0  0
   90.4472   23.6128   -5.1077 C   0  0  0  0  0  0  0  0  0  0  0  0
   92.3832   20.4271   -4.5872 C   0  0  0  0  0  0  0  0  0  0  0  0
   91.5958   19.3430   -4.3220 C   0  0  0  0  0  0  0  0  0  0  0  0
   90.1294   19.2347   -4.7372 C   0  0  0  0  0  0  0  0  0  0  0  0
   92.0892   18.1850   -3.5393 C   0  0  0  0  0  0  0  0  0  0  0  0
   92.6163   18.3614   -2.2514 C   0  0  0  0  0  0  0  0  0  0  0  0
   93.1102   17.2660   -1.5432 C   0  0  0  0  0  0  0  0  0  0  0  0
   93.0493   16.0050   -2.1370 C   0  0  0  0  0  0  0  0  0  0  0  0
   92.5323   15.8047   -3.3756 N   0  0  0  0  0  0  0  0  0  0  0  0
   92.0635   16.8826   -4.0541 C   0  0  0  0  0  0  0  0  0  0  0  0
   93.8297   20.4809   -4.2478 C   0  0  0  0  0  0  0  0  0  0  0  0
   94.7163   19.5133   -4.7324 C   0  0  0  0  0  0  0  0  0  0  0  0
   96.0718   19.6040   -4.4393 C   0  0  0  0  0  0  0  0  0  0  0  0
   96.5600   20.6543   -3.6635 C   0  0  0  0  0  0  0  0  0  0  0  0
   95.6717   21.6118   -3.1599 C   0  0  0  0  0  0  0  0  0  0  0  0
   94.3171   21.5279   -3.4566 C   0  0  0  0  0  0  0  0  0  0  0  0
   97.9186   20.6654   -3.4497 O   0  0  0  0  0  0  0  0  0  0  0  0
   98.5190   21.7267   -2.7183 C   0  0  0  0  0  0  0  0  0  0  0  0
  100.0123   21.6322   -3.0250 C   0  0  0  0  0  0  0  0  0  0  0  0
  100.9092   22.4130   -2.0573 C   0  0  0  0  0  0  0  0  0  0  0  0
  102.3755   22.4131   -2.5549 N   0  0  0  0  0  0  0  0  0  0  0  0
  103.2323   23.4173   -1.7554 C   0  0  0  0  0  0  0  0  0  0  0  0
  103.0364   21.0190   -2.6078 C   0  0  0  0  0  0  0  0  0  0  0  0
   90.1944   25.8955   -5.9892 H   0  0  0  0  0  0  0  0  0  0  0  0
   92.7568   23.9857   -7.5709 H   0  0  0  0  0  0  0  0  0  0  0  0
   93.4107   21.7504   -6.7513 H   0  0  0  0  0  0  0  0  0  0  0  0
   90.3006   21.9486   -3.7781 H   0  0  0  0  0  0  0  0  0  0  0  0
   89.6398   24.1423   -4.6326 H   0  0  0  0  0  0  0  0  0  0  0  0
   89.9211   18.2750   -5.2133 H   0  0  0  0  0  0  0  0  0  0  0  0
   89.4910   19.3233   -3.8560 H   0  0  0  0  0  0  0  0  0  0  0  0
   89.8259   20.0068   -5.4444 H   0  0  0  0  0  0  0  0  0  0  0  0
   92.6590   19.3464   -1.8060 H   0  0  0  0  0  0  0  0  0  0  0  0
   93.5307   17.3910   -0.5564 H   0  0  0  0  0  0  0  0  0  0  0  0
   93.4213   15.1290   -1.6223 H   0  0  0  0  0  0  0  0  0  0  0  0
   91.6786   16.6825   -5.0440 H   0  0  0  0  0  0  0  0  0  0  0  0
   94.3578   18.6975   -5.3418 H   0  0  0  0  0  0  0  0  0  0  0  0
   96.7543   18.8600   -4.8230 H   0  0  0  0  0  0  0  0  0  0  0  0
   96.0131   22.4352   -2.5538 H   0  0  0  0  0  0  0  0  0  0  0  0
   93.6455   22.2845   -3.0750 H   0  0  0  0  0  0  0  0  0  0  0  0
   98.1557   22.7070   -3.0348 H   0  0  0  0  0  0  0  0  0  0  0  0
   98.3153   21.6131   -1.6540 H   0  0  0  0  0  0  0  0  0  0  0  0
  100.3002   20.5798   -3.0293 H   0  0  0  0  0  0  0  0  0  0  0  0
  100.1458   22.0152   -4.0362 H   0  0  0  0  0  0  0  0  0  0  0  0
  100.6097   23.4629   -2.0334 H   0  0  0  0  0  0  0  0  0  0  0  0
  100.9089   22.0053   -1.0456 H   0  0  0  0  0  0  0  0  0  0  0  0
  102.3384   22.7809   -3.5067 H   0  0  0  0  0  0  0  0  0  0  0  0
  103.2685   23.0833   -0.7149 H   0  0  0  0  0  0  0  0  0  0  0  0
  104.2233   23.4380   -2.2125 H   0  0  0  0  0  0  0  0  0  0  0  0
  102.7544   24.3956   -1.8520 H   0  0  0  0  0  0  0  0  0  0  0  0
  102.9699   20.5782   -1.6119 H   0  0  0  0  0  0  0  0  0  0  0  0
  102.5046   20.4233   -3.3512 H   0  0  0  0  0  0  0  0  0  0  0  0
  104.0746   21.1577   -2.9166 H   0  0  0  0  0  0  0  0  0  0  0  0
  1  2  1  0
  1 30  1  0
  2  3  2  0
  2  7  1  0
  3  4  1  0
  3 31  1  0
  4  5  2  0
  4 32  1  0
  5  6  1  0
  5  8  1  0
  6  7  2  0
  6 33  1  0
  7 34  1  0
  8  9  2  3
  8 17  1  0
  9 10  1  0
  9 11  1  0
 10 35  1  0
 10 36  1  0
 10 37  1  0
 11 12  2  0
 11 16  1  0
 12 13  1  0
 12 38  1  0
 13 14  2  0
 13 39  1  0
 14 15  1  0
 14 40  1  0
 15 16  2  0
 16 41  1  0
 17 18  2  0
 17 22  1  0
 18 19  1  0
 18 42  1  0
 19 20  2  0
 19 43  1  0
 20 21  1  0
 20 23  1  0
 21 22  2  0
 21 44  1  0
 22 45  1  0
 23 24  1  0
 24 25  1  0
 24 46  1  0
 24 47  1  0
 25 26  1  0
 25 48  1  0
 25 49  1  0
 26 27  1  0
 26 50  1  0
 26 51  1  0
 27 28  1  0
 27 29  1  0
 27 52  1  0
 28 53  1  0
 28 54  1  0
 28 55  1  0
 29 56  1  0
 29 57  1  0
 29 58  1  0
M  CHG  1  27   1
M  END
"
1r9o_Lingo3DMolv2_47214,"1r9o_Lingo3DMolv2_47214
     RDKit          3D

 28 28  0  0  1  0  0  0  0  0999 V2000
   11.7233   36.4484    0.0523 F   0  0  0  0  0  0  0  0  0  0  0  0
   10.4249   36.3585    0.3396 C   0  0  0  0  0  0  0  0  0  0  0  0
    9.8861   37.5653    0.1601 F   0  0  0  0  0  0  0  0  0  0  0  0
   10.2873   36.0223    1.6218 F   0  0  0  0  0  0  0  0  0  0  0  0
    9.7697   35.2893   -0.5328 C   0  0  0  0  0  0  0  0  0  0  0  0
   10.3460   34.0304   -0.7123 C   0  0  0  0  0  0  0  0  0  0  0  0
    9.6773   33.0973   -1.5031 C   0  0  0  0  0  0  0  0  0  0  0  0
    8.4335   33.4504   -2.0648 C   0  0  0  0  0  0  0  0  0  0  0  0
    7.9502   34.7156   -1.8791 N   0  0  0  0  0  0  0  0  0  0  0  0
    8.5901   35.6152   -1.1181 N   0  0  0  0  0  0  0  0  0  0  0  0
    7.5654   32.4952   -2.9507 C   0  0  1  0  0  0  0  0  0  0  0  0
    6.1287   32.7498   -2.7445 N   0  0  0  0  0  0  0  0  0  0  0  0
    5.5702   33.8971   -3.1786 C   0  0  0  0  0  0  0  0  0  0  0  0
    5.0556   34.8491   -3.5884 N   0  0  0  0  0  0  0  0  0  0  0  0
    7.9475   32.7185   -4.4352 C   0  0  0  0  0  0  0  0  0  0  0  0
    7.8107   30.9898   -2.5978 C   0  0  0  0  0  0  0  0  0  0  0  0
    6.8131   29.9582   -3.1716 C   0  0  0  0  0  0  0  0  0  0  0  0
   10.2529   31.8898   -1.6894 F   0  0  0  0  0  0  0  0  0  0  0  0
   11.2722   33.7630   -0.2249 H   0  0  0  0  0  0  0  0  0  0  0  0
    5.6052   31.9095   -2.9347 H   0  0  0  0  0  0  0  0  0  0  0  0
    8.9881   32.4496   -4.6217 H   0  0  0  0  0  0  0  0  0  0  0  0
    7.3325   32.1262   -5.1135 H   0  0  0  0  0  0  0  0  0  0  0  0
    7.8309   33.7630   -4.7287 H   0  0  0  0  0  0  0  0  0  0  0  0
    8.7949   30.6811   -2.9479 H   0  0  0  0  0  0  0  0  0  0  0  0
    7.8291   30.8699   -1.5139 H   0  0  0  0  0  0  0  0  0  0  0  0
    7.1419   28.9431   -2.9472 H   0  0  0  0  0  0  0  0  0  0  0  0
    5.8186   30.0692   -2.7391 H   0  0  0  0  0  0  0  0  0  0  0  0
    6.7195   30.0374   -4.2543 H   0  0  0  0  0  0  0  0  0  0  0  0
  1  2  1  0
  2  3  1  0
  2  4  1  0
  2  5  1  0
  5  6  2  0
  5 10  1  0
  6  7  1  0
  6 19  1  0
  7  8  2  0
  7 18  1  0
  8  9  1  0
  8 11  1  0
  9 10  2  0
 11 12  1  6
 11 15  1  0
 11 16  1  0
 12 13  1  0
 12 20  1  0
 13 14  3  0
 15 21  1  0
 15 22  1  0
 15 23  1  0
 16 17  1  0
 16 24  1  0
 16 25  1  0
 17 26  1  0
 17 27  1  0
 17 28  1  0
M  END
"
3ln1_Lingo3DMolv2_960708,"3ln1_Lingo3DMolv2_960708
     RDKit          3D

 28 29  0  0  1  0  0  0  0  0999 V2000
   15.3233  -53.9289   51.7680 O   0  0  0  0  0  0  0  0  0  0  0  0
   15.2783  -53.5288   52.9323 C   0  0  0  0  0  0  0  0  0  0  0  0
   16.3439  -53.1286   53.7226 N   0  0  0  0  0  0  0  0  0  0  0  0
   14.1646  -53.4438   53.6731 O   0  0  0  0  0  0  0  0  0  0  0  0
   13.0231  -54.2167   53.3425 C   0  0  0  0  0  0  0  0  0  0  0  0
   17.7173  -53.2718   53.4780 C   0  0  0  0  0  0  0  0  0  0  0  0
   18.2698  -54.1391   52.5221 C   0  0  0  0  0  0  0  0  0  0  0  0
   19.6079  -54.3035   52.3646 N   0  0  0  0  0  0  0  0  0  0  0  0
   20.4360  -53.5832   53.1630 C   0  0  0  0  0  0  0  0  0  0  0  0
   19.9806  -52.6670   54.1205 C   0  0  0  0  0  0  0  0  0  0  0  0
   18.5923  -52.5517   54.2930 C   0  0  0  0  0  0  0  0  0  0  0  0
   20.9523  -51.9052   54.9680 C   0  0  0  0  0  0  0  0  0  0  0  0
   22.0917  -52.3288   55.1728 O   0  0  0  0  0  0  0  0  0  0  0  0
   20.5802  -50.5768   55.4655 C   0  0  0  0  0  0  0  0  0  0  0  0
   21.1270  -49.9691   56.6128 C   0  0  0  0  0  0  0  0  0  0  0  0
   20.6157  -48.7100   56.8927 C   0  0  0  0  0  0  0  0  0  0  0  0
   19.4506  -48.2125   55.7217 S   0  0  0  0  0  0  0  0  0  0  0  0
   19.6639  -49.7003   54.8729 C   0  0  0  0  0  0  0  0  0  0  0  0
   16.0875  -52.7570   54.6249 H   0  0  0  0  0  0  0  0  0  0  0  0
   12.2510  -54.0759   54.0997 H   0  0  0  0  0  0  0  0  0  0  0  0
   12.6157  -53.9307   52.3718 H   0  0  0  0  0  0  0  0  0  0  0  0
   13.2673  -55.2800   53.3222 H   0  0  0  0  0  0  0  0  0  0  0  0
   17.6532  -54.7485   51.8770 H   0  0  0  0  0  0  0  0  0  0  0  0
   21.4935  -53.7457   53.0062 H   0  0  0  0  0  0  0  0  0  0  0  0
   18.1857  -51.9108   55.0631 H   0  0  0  0  0  0  0  0  0  0  0  0
   21.8751  -50.4449   57.2320 H   0  0  0  0  0  0  0  0  0  0  0  0
   20.8641  -48.0618   57.7203 H   0  0  0  0  0  0  0  0  0  0  0  0
   19.1050  -49.8538   53.9611 H   0  0  0  0  0  0  0  0  0  0  0  0
  1  2  2  0
  2  3  1  0
  2  4  1  0
  3  6  1  0
  3 19  1  0
  4  5  1  0
  5 20  1  0
  5 21  1  0
  5 22  1  0
  6  7  2  0
  6 11  1  0
  7  8  1  0
  7 23  1  0
  8  9  2  0
  9 10  1  0
  9 24  1  0
 10 11  2  0
 10 12  1  0
 11 25  1  0
 12 13  2  0
 12 14  1  0
 14 15  1  0
 14 18  2  0
 15 16  2  0
 15 26  1  0
 16 17  1  0
 16 27  1  0
 17 18  1  0
 18 28  1  0
M  END
"
2nnq_Lingo3DMolv2_1239136,"2nnq_Lingo3DMolv2_1239136
     RDKit          3D

 50 54  0  0  1  0  0  0  0  0999 V2000
    6.0092    4.3824   15.5577 O   0  0  0  0  0  0  0  0  0  0  0  0
    6.4533    5.4589   15.9473 C   0  0  0  0  0  0  0  0  0  0  0  0
    6.3618    6.7915   15.2185 C   0  0  0  0  0  0  0  0  0  0  0  0
    6.9519    7.8440   16.1575 C   0  0  2  0  0  0  0  0  0  0  0  0
    7.6815    7.0397   17.2408 C   0  0  1  0  0  0  0  0  0  0  0  0
    7.5479    7.6645   18.6429 C   0  0  0  0  0  0  0  0  0  0  0  0
    6.1512    7.9757   18.9961 N   0  0  0  0  0  0  0  0  0  0  0  0
    5.5206    8.8279   18.0773 C   0  0  0  0  0  0  0  0  0  0  0  0
    4.5206    9.6562   18.5060 N   0  0  0  0  0  0  0  0  0  0  0  0
    3.9608   10.5122   17.6196 C   0  0  0  0  0  0  0  0  0  0  0  0
    4.3804   10.5581   16.2885 C   0  0  0  0  0  0  0  0  0  0  0  0
    5.3527    9.7106   15.8411 N   0  0  0  0  0  0  0  0  0  0  0  0
    5.9194    8.8352   16.7168 C   0  0  0  0  0  0  0  0  0  0  0  0
    7.1368    5.6939   17.0741 N   0  0  0  0  0  0  0  0  0  0  0  0
    3.8077   11.4662   15.4148 O   0  0  0  0  0  0  0  0  0  0  0  0
    4.2993   11.5635   14.0839 C   0  0  0  0  0  0  0  0  0  0  0  0
    2.9515   11.3564   18.0777 N   0  0  0  0  0  0  0  0  0  0  0  0
    5.6300    7.5826   20.2353 C   0  0  0  0  0  0  0  0  0  0  0  0
    6.4475    7.6213   21.3772 C   0  0  0  0  0  0  0  0  0  0  0  0
    5.9831    7.1894   22.6171 C   0  0  0  0  0  0  0  0  0  0  0  0
    4.6808    6.7203   22.7437 C   0  0  0  0  0  0  0  0  0  0  0  0
    3.8398    6.6976   21.6331 C   0  0  0  0  0  0  0  0  0  0  0  0
    4.3035    7.1138   20.3754 C   0  0  0  0  0  0  0  0  0  0  0  0
    3.4660    7.0449   19.2763 O   0  0  0  0  0  0  0  0  0  0  0  0
    2.8019    5.8749   18.9695 C   0  0  0  0  0  0  0  0  0  0  0  0
    1.5024    5.9386   18.4624 C   0  0  0  0  0  0  0  0  0  0  0  0
    0.8180    4.7580   18.1572 C   0  0  0  0  0  0  0  0  0  0  0  0
    1.4627    3.5332   18.3585 C   0  0  0  0  0  0  0  0  0  0  0  0
    2.7393    3.4526   18.8160 N   0  0  0  0  0  0  0  0  0  0  0  0
    3.3868    4.6095   19.1055 C   0  0  0  0  0  0  0  0  0  0  0  0
    0.8088    2.3845   18.0712 F   0  0  0  0  0  0  0  0  0  0  0  0
    6.9204    6.7334   14.2837 H   0  0  0  0  0  0  0  0  0  0  0  0
    5.3240    6.9937   14.9555 H   0  0  0  0  0  0  0  0  0  0  0  0
    7.6833    8.4473   15.6223 H   0  0  0  0  0  0  0  0  0  0  0  0
    8.7453    7.0321   16.9865 H   0  0  0  0  0  0  0  0  0  0  0  0
    7.9189    6.9265   19.3547 H   0  0  0  0  0  0  0  0  0  0  0  0
    8.1783    8.5502   18.7452 H   0  0  0  0  0  0  0  0  0  0  0  0
    7.3742    4.9482   17.7114 H   0  0  0  0  0  0  0  0  0  0  0  0
    5.3591   11.8255   14.0634 H   0  0  0  0  0  0  0  0  0  0  0  0
    4.1551   10.6284   13.5376 H   0  0  0  0  0  0  0  0  0  0  0  0
    3.7557   12.3480   13.5584 H   0  0  0  0  0  0  0  0  0  0  0  0
    2.5838   12.0440   17.4333 H   0  0  0  0  0  0  0  0  0  0  0  0
    2.6529   11.3142   19.0360 H   0  0  0  0  0  0  0  0  0  0  0  0
    7.4617    7.9854   21.3096 H   0  0  0  0  0  0  0  0  0  0  0  0
    6.6272    7.2262   23.4828 H   0  0  0  0  0  0  0  0  0  0  0  0
    4.3230    6.3814   23.7046 H   0  0  0  0  0  0  0  0  0  0  0  0
    2.8273    6.3373   21.7420 H   0  0  0  0  0  0  0  0  0  0  0  0
    1.0263    6.8963   18.3143 H   0  0  0  0  0  0  0  0  0  0  0  0
   -0.1917    4.7834   17.7775 H   0  0  0  0  0  0  0  0  0  0  0  0
    4.4071    4.5142   19.4506 H   0  0  0  0  0  0  0  0  0  0  0  0
  1  2  2  0
  2  3  1  0
  2 14  1  0
  3  4  1  0
  3 32  1  0
  3 33  1  0
  4  5  1  0
  4 13  1  0
  4 34  1  6
  5  6  1  0
  5 14  1  0
  5 35  1  6
  6  7  1  0
  6 36  1  0
  6 37  1  0
  7  8  1  0
  7 18  1  0
  8  9  2  0
  8 13  1  0
  9 10  1  0
 10 11  2  0
 10 17  1  0
 11 12  1  0
 11 15  1  0
 12 13  2  0
 14 38  1  0
 15 16  1  0
 16 39  1  0
 16 40  1  0
 16 41  1  0
 17 42  1  0
 17 43  1  0
 18 19  2  0
 18 23  1  0
 19 20  1  0
 19 44  1  0
 20 21  2  0
 20 45  1  0
 21 22  1  0
 21 46  1  0
 22 23  2  0
 22 47  1  0
 23 24  1  0
 24 25  1  0
 25 26  2  0
 25 30  1  0
 26 27  1  0
 26 48  1  0
 27 28  2  0
 27 49  1  0
 28 29  1  0
 28 31  1  0
 29 30  2  0
 30 50  1  0
M  END
"
3hmm_Lingo3DMolv2_1271644,"3hmm_Lingo3DMolv2_1271644
     RDKit          3D

 38 40  0  0  1  0  0  0  0  0999 V2000
   13.7342   66.4622    7.7011 N   0  0  0  0  0  0  0  0  0  0  0  0
   13.3513   65.7941    6.5970 N   0  0  0  0  0  0  0  0  0  0  0  0
   14.1715   65.7357    5.5119 C   0  0  0  0  0  0  0  0  0  0  0  0
   15.3956   66.4101    5.4807 C   0  0  0  0  0  0  0  0  0  0  0  0
   15.7946   67.0882    6.6376 C   0  0  0  0  0  0  0  0  0  0  0  0
   14.9400   67.0837    7.7322 C   0  0  0  0  0  0  0  0  0  0  0  0
   15.3231   67.7141    8.9099 N   0  0  0  0  0  0  0  0  0  0  0  0
   16.1866   66.3490    4.3546 O   0  0  0  0  0  0  0  0  0  0  0  0
   16.6028   67.5295    3.7242 C   0  0  0  0  0  0  0  0  0  0  0  0
   15.5957   68.2255    2.5896 S   0  0  0  0  0  0  0  0  0  0  0  0
   17.7844   67.8255    4.1980 N   0  0  0  0  0  0  0  0  0  0  0  0
   18.7547   68.6032    3.5710 C   0  0  0  0  0  0  0  0  0  0  0  0
   18.6219   69.1725    2.3279 N   0  0  0  0  0  0  0  0  0  0  0  0
   19.7120   69.7592    1.7894 N   0  0  0  0  0  0  0  0  0  0  0  0
   20.9361   69.8255    2.3316 C   0  0  0  0  0  0  0  0  0  0  0  0
   21.0849   69.3431    3.6255 C   0  0  0  0  0  0  0  0  0  0  0  0
   19.9962   68.7266    4.2575 C   0  0  0  0  0  0  0  0  0  0  0  0
   20.2179   68.1909    5.6728 C   0  0  0  0  0  0  0  0  0  0  0  0
   13.6558   64.9546    4.3051 C   0  0  0  0  0  0  0  0  0  0  0  0
   14.5021   63.9045    3.5585 C   0  0  0  0  0  0  0  0  0  0  0  0
   13.2304   63.0947    3.2927 C   0  0  0  0  0  0  0  0  0  0  0  0
   12.5871   63.8490    4.4547 C   0  0  0  0  0  0  0  0  0  0  0  0
   16.7477   67.5918    6.6834 H   0  0  0  0  0  0  0  0  0  0  0  0
   14.6902   67.7155    9.6957 H   0  0  0  0  0  0  0  0  0  0  0  0
   16.2072   68.1999    8.9533 H   0  0  0  0  0  0  0  0  0  0  0  0
   19.5371   70.1875    0.8873 H   0  0  0  0  0  0  0  0  0  0  0  0
   21.7030   70.3175    1.7496 H   0  0  0  0  0  0  0  0  0  0  0  0
   22.0420   69.4255    4.1228 H   0  0  0  0  0  0  0  0  0  0  0  0
   19.3770   68.4459    6.3184 H   0  0  0  0  0  0  0  0  0  0  0  0
   20.3199   67.1051    5.6594 H   0  0  0  0  0  0  0  0  0  0  0  0
   21.1071   68.6208    6.1372 H   0  0  0  0  0  0  0  0  0  0  0  0
   13.3351   65.6631    3.5515 H   0  0  0  0  0  0  0  0  0  0  0  0
   14.9997   64.2255    2.6494 H   0  0  0  0  0  0  0  0  0  0  0  0
   15.2402   63.4255    4.1881 H   0  0  0  0  0  0  0  0  0  0  0  0
   12.7741   63.3106    2.3244 H   0  0  0  0  0  0  0  0  0  0  0  0
   13.3224   62.0183    3.4283 H   0  0  0  0  0  0  0  0  0  0  0  0
   11.5563   64.1731    4.3055 H   0  0  0  0  0  0  0  0  0  0  0  0
   12.6539   63.2962    5.3910 H   0  0  0  0  0  0  0  0  0  0  0  0
  1  2  2  0
  1  6  1  0
  2  3  1  0
  3  4  2  0
  3 19  1  0
  4  5  1  0
  4  8  1  0
  5  6  2  0
  5 23  1  0
  6  7  1  0
  7 24  1  0
  7 25  1  0
  8  9  1  0
  9 10  2  0
  9 11  1  0
 11 12  1  0
 12 13  2  0
 12 17  1  0
 13 14  1  0
 14 15  2  0
 14 26  1  0
 15 16  1  0
 15 27  1  0
 16 17  2  0
 16 28  1  0
 17 18  1  0
 18 29  1  0
 18 30  1  0
 18 31  1  0
 19 20  1  0
 19 22  1  0
 19 32  1  0
 20 21  1  0
 20 33  1  0
 20 34  1  0
 21 22  1  0
 21 35  1  0
 21 36  1  0
 22 37  1  0
 22 38  1  0
M  CHG  2  11  -1  14   1
M  END
"
2ica_Lingo3DMolv2_767758,"2ica_Lingo3DMolv2_767758
     RDKit          3D

 48 51  0  0  1  0  0  0  0  0999 V2000
  -10.2125    1.1277   26.1724 N   0  0  0  0  0  0  0  0  0  0  0  0
   -9.4413    0.2005   25.5418 C   0  0  0  0  0  0  0  0  0  0  0  0
   -8.6011    0.4092   24.6659 O   0  0  0  0  0  0  0  0  0  0  0  0
   -9.7886   -1.0117   26.0440 N   0  0  0  0  0  0  0  0  0  0  0  0
  -10.7655   -0.9633   26.9562 C   0  0  0  0  0  0  0  0  0  0  0  0
  -11.3094   -1.8657   27.5947 O   0  0  0  0  0  0  0  0  0  0  0  0
  -11.1044    0.5020   27.1477 C   0  0  0  0  0  0  0  0  0  0  0  0
  -12.6211    0.7877   27.0826 C   0  0  0  0  0  0  0  0  0  0  0  0
  -12.5297    1.4431   28.4717 C   0  0  0  0  0  0  0  0  0  0  0  0
  -11.0936    0.9071   28.6394 C   0  0  0  0  0  0  0  0  0  0  0  0
   -9.0887   -2.2723   25.7473 C   0  0  0  0  0  0  0  0  0  0  0  0
   -7.7729   -2.4630   26.5218 C   0  0  0  0  0  0  0  0  0  0  0  0
   -6.8327   -1.5161   26.0248 O   0  0  0  0  0  0  0  0  0  0  0  0
   -5.6118   -1.3810   26.7432 C   0  0  0  0  0  0  0  0  0  0  0  0
   -5.8035   -0.6825   28.0715 C   0  0  0  0  0  0  0  0  0  0  0  0
   -5.0010   -0.7413   29.2005 C   0  0  0  0  0  0  0  0  0  0  0  0
   -5.4898   -0.0166   30.2882 C   0  0  0  0  0  0  0  0  0  0  0  0
   -6.7079    0.5912   30.0494 C   0  0  0  0  0  0  0  0  0  0  0  0
   -7.1348    0.3923   28.3861 S   0  0  0  0  0  0  0  0  0  0  0  0
   -7.6006    1.3520   30.9832 C   0  0  0  0  0  0  0  0  0  0  0  0
  -10.3855    2.4797   25.7546 C   0  0  0  0  0  0  0  0  0  0  0  0
  -10.4012    2.8019   24.3870 C   0  0  0  0  0  0  0  0  0  0  0  0
  -10.6022    4.1110   23.9661 C   0  0  0  0  0  0  0  0  0  0  0  0
  -10.7800    5.1203   24.9085 C   0  0  0  0  0  0  0  0  0  0  0  0
  -10.7492    4.8271   26.2676 C   0  0  0  0  0  0  0  0  0  0  0  0
  -10.5504    3.5144   26.6874 C   0  0  0  0  0  0  0  0  0  0  0  0
  -12.9300    1.4642   26.2844 H   0  0  0  0  0  0  0  0  0  0  0  0
  -13.2614   -0.0964   27.0508 H   0  0  0  0  0  0  0  0  0  0  0  0
  -12.5895    2.5320   28.4386 H   0  0  0  0  0  0  0  0  0  0  0  0
  -13.2513    1.0615   29.1913 H   0  0  0  0  0  0  0  0  0  0  0  0
  -10.3391    1.6382   28.9268 H   0  0  0  0  0  0  0  0  0  0  0  0
  -11.0186    0.0756   29.3437 H   0  0  0  0  0  0  0  0  0  0  0  0
   -8.8225   -2.2264   24.6928 H   0  0  0  0  0  0  0  0  0  0  0  0
   -9.7322   -3.1491   25.8396 H   0  0  0  0  0  0  0  0  0  0  0  0
   -7.9586   -2.3481   27.5909 H   0  0  0  0  0  0  0  0  0  0  0  0
   -7.4006   -3.4789   26.3911 H   0  0  0  0  0  0  0  0  0  0  0  0
   -5.1487   -2.3582   26.8733 H   0  0  0  0  0  0  0  0  0  0  0  0
   -4.9324   -0.8029   26.1157 H   0  0  0  0  0  0  0  0  0  0  0  0
   -4.0851   -1.3097   29.2346 H   0  0  0  0  0  0  0  0  0  0  0  0
   -5.0012    0.0217   31.2492 H   0  0  0  0  0  0  0  0  0  0  0  0
   -7.3675    1.1762   32.0342 H   0  0  0  0  0  0  0  0  0  0  0  0
   -7.4630    2.3972   30.7801 H   0  0  0  0  0  0  0  0  0  0  0  0
   -8.6624    1.1661   30.8279 H   0  0  0  0  0  0  0  0  0  0  0  0
  -10.2673    2.0387   23.6342 H   0  0  0  0  0  0  0  0  0  0  0  0
  -10.6183    4.3439   22.9103 H   0  0  0  0  0  0  0  0  0  0  0  0
  -10.9320    6.1392   24.5825 H   0  0  0  0  0  0  0  0  0  0  0  0
  -10.8766    5.6143   26.9975 H   0  0  0  0  0  0  0  0  0  0  0  0
  -10.5120    3.3392   27.7478 H   0  0  0  0  0  0  0  0  0  0  0  0
  1  2  1  0
  1  7  1  0
  1 21  1  0
  2  3  2  0
  2  4  1  0
  4  5  1  0
  4 11  1  0
  5  6  2  0
  5  7  1  0
  7  8  1  0
  7 10  1  0
  8  9  1  0
  8 27  1  0
  8 28  1  0
  9 10  1  0
  9 29  1  0
  9 30  1  0
 10 31  1  0
 10 32  1  0
 11 12  1  0
 11 33  1  0
 11 34  1  0
 12 13  1  0
 12 35  1  0
 12 36  1  0
 13 14  1  0
 14 15  1  0
 14 37  1  0
 14 38  1  0
 15 16  2  0
 15 19  1  0
 16 17  1  0
 16 39  1  0
 17 18  2  0
 17 40  1  0
 18 19  1  0
 18 20  1  0
 20 41  1  0
 20 42  1  0
 20 43  1  0
 21 22  2  0
 21 26  1  0
 22 23  1  0
 22 44  1  0
 23 24  2  0
 23 45  1  0
 24 25  1  0
 24 46  1  0
 25 26  2  0
 25 47  1  0
 26 48  1  0
M  END
"
2v3f_Lingo3DMolv2_851992,"2v3f_Lingo3DMolv2_851992
     RDKit          3D

 20 20  0  0  1  0  0  0  0  0999 V2000
   31.4070   36.4574  -22.6540 O   0  0  0  0  0  0  0  0  0  0  0  0
   32.4300   35.8408  -21.8693 C   0  0  2  0  0  0  0  0  0  0  0  0
   32.0869   34.3647  -21.5936 C   0  0  0  0  0  0  0  0  0  0  0  0
   31.0070   33.8574  -21.8842 O   0  0  0  0  0  0  0  0  0  0  0  0
   32.6629   36.5886  -20.5354 C   0  0  2  0  0  0  0  0  0  0  0  0
   31.4561   36.8574  -19.8415 O   0  0  0  0  0  0  0  0  0  0  0  0
   33.4432   37.9011  -20.7001 C   0  0  2  0  0  0  0  0  0  0  0  0
   34.8494   37.8360  -20.6556 O   0  0  0  0  0  0  0  0  0  0  0  0
   34.2410   38.4574  -19.5535 C   0  0  2  0  0  0  0  0  0  0  0  0
   34.3345   37.7188  -18.2075 C   0  0  0  0  0  0  0  0  0  0  0  0
   31.2470   37.3677  -22.3505 H   0  0  0  0  0  0  0  0  0  0  0  0
   33.3516   35.8488  -22.4542 H   0  0  0  0  0  0  0  0  0  0  0  0
   32.8811   33.7976  -21.1067 H   0  0  0  0  0  0  0  0  0  0  0  0
   33.2371   35.9262  -19.8877 H   0  0  0  0  0  0  0  0  0  0  0  0
   31.0256   37.6186  -20.2471 H   0  0  0  0  0  0  0  0  0  0  0  0
   33.0070   38.5943  -21.4209 H   0  0  0  0  0  0  0  0  0  0  0  0
   34.3298   39.5426  -19.4842 H   0  0  0  0  0  0  0  0  0  0  0  0
   33.4264   37.8640  -17.6213 H   0  0  0  0  0  0  0  0  0  0  0  0
   34.4939   36.6475  -18.3194 H   0  0  0  0  0  0  0  0  0  0  0  0
   35.1759   38.0856  -17.6252 H   0  0  0  0  0  0  0  0  0  0  0  0
  1  2  1  0
  1 11  1  0
  2  3  1  0
  2  5  1  0
  2 12  1  6
  3  4  2  0
  3 13  1  0
  5  6  1  0
  5  7  1  0
  5 14  1  1
  6 15  1  0
  7  8  1  0
  7  9  1  0
  7 16  1  6
  8  9  1  0
  9 10  1  0
  9 17  1  1
 10 18  1  0
 10 19  1  0
 10 20  1  0
M  END
"
3el8_Lingo3DMolv2_557324,"3el8_Lingo3DMolv2_557324
     RDKit          3D

 47 50  0  0  1  0  0  0  0  0999 V2000
   -3.1851    2.2640    8.8385 C   0  0  0  0  0  0  0  0  0  0  0  0
   -2.4404    3.2608    9.4277 C   0  0  0  0  0  0  0  0  0  0  0  0
   -1.0854    2.9153    9.3549 C   0  0  0  0  0  0  0  0  0  0  0  0
   -1.0413    1.7442    8.6053 C   0  0  0  0  0  0  0  0  0  0  0  0
   -2.3167    1.3552    8.3067 N   0  0  0  0  0  0  0  0  0  0  0  0
    0.0727    3.5861   10.0436 C   0  0  0  0  0  0  0  0  0  0  0  0
    0.0416    5.0357    9.9528 N   0  0  0  0  0  0  0  0  0  0  0  0
    0.9727    5.6759    9.1390 C   0  0  0  0  0  0  0  0  0  0  0  0
    2.2617    5.1535    8.9410 C   0  0  0  0  0  0  0  0  0  0  0  0
    3.1664    5.8086    8.1234 C   0  0  0  0  0  0  0  0  0  0  0  0
    2.8083    7.0255    7.5735 C   0  0  0  0  0  0  0  0  0  0  0  0
    3.7638    7.6609    6.8107 N   0  0  0  0  0  0  0  0  0  0  0  0
    3.6271    8.8513    6.3782 C   0  0  0  0  0  0  0  0  0  0  0  0
    2.3824    9.4354    6.5336 N   0  0  0  0  0  0  0  0  0  0  0  0
    1.2947    8.9519    7.2047 C   0  0  0  0  0  0  0  0  0  0  0  0
    0.2726    9.6164    7.3583 O   0  0  0  0  0  0  0  0  0  0  0  0
    1.5514    7.5809    7.7831 C   0  0  0  0  0  0  0  0  0  0  0  0
    0.6095    6.8932    8.5547 C   0  0  0  0  0  0  0  0  0  0  0  0
    4.7761    9.5334    5.7430 C   0  0  0  0  0  0  0  0  0  0  0  0
    4.5175   10.3913    4.6619 C   0  0  0  0  0  0  0  0  0  0  0  0
    5.5570   10.9848    3.9532 C   0  0  0  0  0  0  0  0  0  0  0  0
    6.8748   10.7179    4.3021 C   0  0  0  0  0  0  0  0  0  0  0  0
    7.1536    9.8721    5.3709 C   0  0  0  0  0  0  0  0  0  0  0  0
    6.1303    9.2940    6.1342 C   0  0  0  0  0  0  0  0  0  0  0  0
    6.5400    8.4204    7.3569 C   0  0  1  0  0  0  0  0  0  0  0  0
    6.8837    6.9758    6.9902 C   0  0  0  0  0  0  0  0  0  0  0  0
    7.6797    8.8578    8.0500 O   0  0  0  0  0  0  0  0  0  0  0  0
   -4.2530    2.1465    8.7024 H   0  0  0  0  0  0  0  0  0  0  0  0
   -2.8375    4.1409    9.9042 H   0  0  0  0  0  0  0  0  0  0  0  0
   -0.2055    1.1292    8.3095 H   0  0  0  0  0  0  0  0  0  0  0  0
   -2.5849    0.5497    7.7558 H   0  0  0  0  0  0  0  0  0  0  0  0
    0.9861    3.1300    9.6697 H   0  0  0  0  0  0  0  0  0  0  0  0
    0.0805    3.3644   11.1046 H   0  0  0  0  0  0  0  0  0  0  0  0
   -0.8842    5.4541   10.0388 H   0  0  0  0  0  0  0  0  0  0  0  0
    2.5949    4.2496    9.4226 H   0  0  0  0  0  0  0  0  0  0  0  0
    4.1427    5.3917    7.9257 H   0  0  0  0  0  0  0  0  0  0  0  0
    2.2367   10.3581    6.1612 H   0  0  0  0  0  0  0  0  0  0  0  0
   -0.3819    7.2869    8.7169 H   0  0  0  0  0  0  0  0  0  0  0  0
    3.5051   10.5819    4.3307 H   0  0  0  0  0  0  0  0  0  0  0  0
    5.3396   11.6356    3.1169 H   0  0  0  0  0  0  0  0  0  0  0  0
    7.6819   11.1660    3.7408 H   0  0  0  0  0  0  0  0  0  0  0  0
    8.1871    9.6615    5.6032 H   0  0  0  0  0  0  0  0  0  0  0  0
    5.7597    8.4316    8.1174 H   0  0  0  0  0  0  0  0  0  0  0  0
    7.2993    6.4163    7.8316 H   0  0  0  0  0  0  0  0  0  0  0  0
    5.9756    6.4610    6.7049 H   0  0  0  0  0  0  0  0  0  0  0  0
    7.5933    6.9191    6.1612 H   0  0  0  0  0  0  0  0  0  0  0  0
    7.4656    9.6824    8.4934 H   0  0  0  0  0  0  0  0  0  0  0  0
  1  2  2  0
  1  5  1  0
  1 28  1  0
  2  3  1  0
  2 29  1  0
  3  4  2  0
  3  6  1  0
  4  5  1  0
  4 30  1  0
  5 31  1  0
  6  7  1  0
  6 32  1  0
  6 33  1  0
  7  8  1  0
  7 34  1  0
  8  9  2  0
  8 18  1  0
  9 10  1  0
  9 35  1  0
 10 11  2  0
 10 36  1  0
 11 12  1  0
 11 17  1  0
 12 13  2  0
 13 14  1  0
 13 19  1  0
 14 15  1  0
 14 37  1  0
 15 16  2  0
 15 17  1  0
 17 18  2  0
 18 38  1  0
 19 20  2  0
 19 24  1  0
 20 21  1  0
 20 39  1  0
 21 22  2  0
 21 40  1  0
 22 23  1  0
 22 41  1  0
 23 24  2  0
 23 42  1  0
 24 25  1  0
 25 26  1  0
 25 27  1  0
 25 43  1  1
 26 44  1  0
 26 45  1  0
 26 46  1  0
 27 47  1  0
M  END
"
3frj_Lingo3DMolv2_46963,"3frj_Lingo3DMolv2_46963
     RDKit          3D

 33 34  0  0  1  0  0  0  0  0999 V2000
   52.8124   19.4848   41.2270 O   0  0  0  0  0  0  0  0  0  0  0  0
   51.6190   18.7606   40.9561 C   0  0  0  0  0  0  0  0  0  0  0  0
   53.1434   20.5200   40.3758 C   0  0  0  0  0  0  0  0  0  0  0  0
   54.3654   21.1498   40.5921 C   0  0  0  0  0  0  0  0  0  0  0  0
   54.7515   22.2357   39.8178 C   0  0  0  0  0  0  0  0  0  0  0  0
   53.9608   22.6693   38.7457 C   0  0  0  0  0  0  0  0  0  0  0  0
   52.7325   22.0436   38.5456 C   0  0  0  0  0  0  0  0  0  0  0  0
   52.3235   20.9790   39.3359 C   0  0  0  0  0  0  0  0  0  0  0  0
   54.2944   23.7396   37.9025 N   0  0  0  0  0  0  0  0  0  0  0  0
   55.4509   23.8414   37.3330 N   0  0  0  0  0  0  0  0  0  0  0  0
   56.5248   22.8653   37.4140 C   0  0  2  0  0  0  0  0  0  0  0  0
   57.7165   23.4605   38.1702 C   0  0  0  0  0  0  0  0  0  0  0  0
   58.9014   22.4930   38.1309 C   0  0  0  0  0  0  0  0  0  0  0  0
   59.2140   22.0459   36.6985 C   0  0  1  0  0  0  0  0  0  0  0  0
   58.0642   21.5597   36.0602 O   0  0  0  0  0  0  0  0  0  0  0  0
   56.9894   22.5074   36.0018 C   0  0  0  0  0  0  0  0  0  0  0  0
   59.7171   23.0630   35.9953 F   0  0  0  0  0  0  0  0  0  0  0  0
   60.1676   21.0744   36.7764 O   0  0  0  0  0  0  0  0  0  0  0  0
   51.3733   18.0638   41.7545 H   0  0  0  0  0  0  0  0  0  0  0  0
   50.7450   19.4055   40.8603 H   0  0  0  0  0  0  0  0  0  0  0  0
   51.7678   18.1860   40.0402 H   0  0  0  0  0  0  0  0  0  0  0  0
   55.0319   20.7943   41.3561 H   0  0  0  0  0  0  0  0  0  0  0  0
   55.6856   22.7225   40.0456 H   0  0  0  0  0  0  0  0  0  0  0  0
   52.0844   22.3791   37.7554 H   0  0  0  0  0  0  0  0  0  0  0  0
   51.3674   20.5297   39.1173 H   0  0  0  0  0  0  0  0  0  0  0  0
   56.2277   21.9210   37.8645 H   0  0  0  0  0  0  0  0  0  0  0  0
   58.0156   24.4112   37.7206 H   0  0  0  0  0  0  0  0  0  0  0  0
   57.4620   23.6626   39.2091 H   0  0  0  0  0  0  0  0  0  0  0  0
   59.7687   23.0034   38.5309 H   0  0  0  0  0  0  0  0  0  0  0  0
   58.6975   21.6215   38.7535 H   0  0  0  0  0  0  0  0  0  0  0  0
   57.2740   23.3872   35.4198 H   0  0  0  0  0  0  0  0  0  0  0  0
   56.1682   22.0629   35.4554 H   0  0  0  0  0  0  0  0  0  0  0  0
   60.6597   21.2358   37.5822 H   0  0  0  0  0  0  0  0  0  0  0  0
  1  2  1  0
  1  3  1  0
  2 19  1  0
  2 20  1  0
  2 21  1  0
  3  4  2  0
  3  8  1  0
  4  5  1  0
  4 22  1  0
  5  6  2  0
  5 23  1  0
  6  7  1  0
  6  9  1  0
  7  8  2  0
  7 24  1  0
  8 25  1  0
  9 10  2  3
 10 11  1  0
 11 12  1  0
 11 16  1  0
 11 26  1  1
 12 13  1  0
 12 27  1  0
 12 28  1  0
 13 14  1  0
 13 29  1  0
 13 30  1  0
 14 15  1  0
 14 17  1  6
 14 18  1  0
 15 16  1  0
 16 31  1  0
 16 32  1  0
 18 33  1  0
M  END
"
2p2i_Lingo3DMolv2_804048,"2p2i_Lingo3DMolv2_804048
     RDKit          3D

 47 48  0  0  1  0  0  0  0  0999 V2000
   23.0567    3.9294   28.7892 N   0  0  0  0  0  0  0  0  0  0  0  0
   23.8460    4.1898   27.7306 C   0  0  0  0  0  0  0  0  0  0  0  0
   25.0567    4.3801   27.8027 O   0  0  0  0  0  0  0  0  0  0  0  0
   23.1457    4.1860   26.3639 C   0  0  0  0  0  0  0  0  0  0  0  0
   24.0294    3.2519   25.0719 S   0  0  0  0  0  0  0  0  0  0  0  0
   25.1017    4.5272   24.3751 C   0  0  0  0  0  0  0  0  0  0  0  0
   26.2478    3.9869   23.5249 C   0  0  0  0  0  0  0  0  0  0  0  0
   26.8538    5.1129   22.9106 O   0  0  0  0  0  0  0  0  0  0  0  0
   27.8566    4.9135   21.9915 C   0  0  0  0  0  0  0  0  0  0  0  0
   28.4307    6.0373   21.4030 C   0  0  0  0  0  0  0  0  0  0  0  0
   29.4566    5.9685   20.5168 N   0  0  0  0  0  0  0  0  0  0  0  0
   29.9146    4.7251   20.2306 C   0  0  0  0  0  0  0  0  0  0  0  0
   29.4337    3.5626   20.7362 N   0  0  0  0  0  0  0  0  0  0  0  0
   28.3930    3.6752   21.6063 C   0  0  0  0  0  0  0  0  0  0  0  0
   23.4389    3.6987   30.1234 C   0  0  0  0  0  0  0  0  0  0  0  0
   22.6565    2.7789   30.8055 C   0  0  0  0  0  0  0  0  0  0  0  0
   22.9417    2.4127   32.1094 C   0  0  0  0  0  0  0  0  0  0  0  0
   24.0715    2.9290   32.7432 C   0  0  0  0  0  0  0  0  0  0  0  0
   24.8487    3.8952   32.0843 C   0  0  0  0  0  0  0  0  0  0  0  0
   24.5253    4.2942   30.7807 C   0  0  0  0  0  0  0  0  0  0  0  0
   24.4605    2.3950   34.1246 C   0  0  2  0  0  0  0  0  0  0  0  0
   24.6567    0.8621   34.1101 N   0  0  0  0  0  0  0  0  0  0  0  0
   23.4671    2.7700   35.2525 C   0  0  0  0  0  0  0  0  0  0  0  0
   23.3458    4.2882   35.4769 C   0  0  0  0  0  0  0  0  0  0  0  0
   22.1006    3.6620   28.5586 H   0  0  0  0  0  0  0  0  0  0  0  0
   22.1885    3.6781   26.4609 H   0  0  0  0  0  0  0  0  0  0  0  0
   22.9208    5.2017   26.0425 H   0  0  0  0  0  0  0  0  0  0  0  0
   24.4788    5.1631   23.7449 H   0  0  0  0  0  0  0  0  0  0  0  0
   25.4933    5.1550   25.1761 H   0  0  0  0  0  0  0  0  0  0  0  0
   26.9639    3.4430   24.1444 H   0  0  0  0  0  0  0  0  0  0  0  0
   25.8570    3.3037   22.7696 H   0  0  0  0  0  0  0  0  0  0  0  0
   28.0732    7.0183   21.6765 H   0  0  0  0  0  0  0  0  0  0  0  0
   30.7352    4.6604   19.5311 H   0  0  0  0  0  0  0  0  0  0  0  0
   28.0143    2.7536   22.0129 H   0  0  0  0  0  0  0  0  0  0  0  0
   21.8565    2.2727   30.2995 H   0  0  0  0  0  0  0  0  0  0  0  0
   22.3233    1.6677   32.5886 H   0  0  0  0  0  0  0  0  0  0  0  0
   25.7160    4.3228   32.5665 H   0  0  0  0  0  0  0  0  0  0  0  0
   25.1335    5.0318   30.2796 H   0  0  0  0  0  0  0  0  0  0  0  0
   25.4567    2.7469   34.3868 H   0  0  0  0  0  0  0  0  0  0  0  0
   25.0068    0.5040   34.9878 H   0  0  0  0  0  0  0  0  0  0  0  0
   23.7898    0.3884   33.9012 H   0  0  0  0  0  0  0  0  0  0  0  0
   25.3072    0.5898   33.3840 H   0  0  0  0  0  0  0  0  0  0  0  0
   22.4748    2.3674   35.0388 H   0  0  0  0  0  0  0  0  0  0  0  0
   23.7772    2.3196   36.1988 H   0  0  0  0  0  0  0  0  0  0  0  0
   22.6712    4.5101   36.3047 H   0  0  0  0  0  0  0  0  0  0  0  0
   24.3134    4.7337   35.7111 H   0  0  0  0  0  0  0  0  0  0  0  0
   22.9541    4.7942   34.5931 H   0  0  0  0  0  0  0  0  0  0  0  0
  1  2  1  0
  1 15  1  0
  1 25  1  0
  2  3  2  0
  2  4  1  0
  4  5  1  0
  4 26  1  0
  4 27  1  0
  5  6  1  0
  6  7  1  0
  6 28  1  0
  6 29  1  0
  7  8  1  0
  7 30  1  0
  7 31  1  0
  8  9  1  0
  9 10  2  0
  9 14  1  0
 10 11  1  0
 10 32  1  0
 11 12  2  0
 12 13  1  0
 12 33  1  0
 13 14  2  0
 14 34  1  0
 15 16  2  0
 15 20  1  0
 16 17  1  0
 16 35  1  0
 17 18  2  0
 17 36  1  0
 18 19  1  0
 18 21  1  0
 19 20  2  0
 19 37  1  0
 20 38  1  0
 21 22  1  0
 21 23  1  0
 21 39  1  1
 22 40  1  0
 22 41  1  0
 22 42  1  0
 23 24  1  0
 23 43  1  0
 23 44  1  0
 24 45  1  0
 24 46  1  0
 24 47  1  0
M  CHG  1  22   1
M  END
"
2i0e_Lingo3DMolv2_1255558,"2i0e_Lingo3DMolv2_1255558
     RDKit          3D

 60 64  0  0  1  0  0  0  0  0999 V2000
    5.4721   36.4193    2.3894 N   0  0  0  0  0  0  0  0  0  0  0  0
    6.2350   37.4705    2.9473 C   0  0  0  0  0  0  0  0  0  0  0  0
    5.4367   38.6759    2.5605 C   0  0  0  0  0  0  0  0  0  0  0  0
    5.6943   39.8609    2.9446 N   0  0  0  0  0  0  0  0  0  0  0  0
    6.9222   39.9668    3.6348 O   0  0  0  0  0  0  0  0  0  0  0  0
    7.5487   41.1449    3.3981 C   0  0  0  0  0  0  0  0  0  0  0  0
    7.3005   41.9229    2.4702 O   0  0  0  0  0  0  0  0  0  0  0  0
    8.5326   41.3104    4.3600 N   0  0  0  0  0  0  0  0  0  0  0  0
    4.4303   38.2019    1.7537 N   0  0  0  0  0  0  0  0  0  0  0  0
    4.5585   36.8548    1.5261 C   0  0  0  0  0  0  0  0  0  0  0  0
    3.8624   36.1184    0.8319 O   0  0  0  0  0  0  0  0  0  0  0  0
    3.3575   38.9696    1.2251 C   0  0  0  0  0  0  0  0  0  0  0  0
    2.1254   38.4621    0.7583 C   0  0  0  0  0  0  0  0  0  0  0  0
    1.2711   39.3774    0.3869 N   0  0  0  0  0  0  0  0  0  0  0  0
    1.9018   40.5376    0.5776 N   0  0  0  0  0  0  0  0  0  0  0  0
    3.1944   40.3648    1.0525 C   0  0  0  0  0  0  0  0  0  0  0  0
    4.0254   41.4496    1.2672 N   0  0  0  0  0  0  0  0  0  0  0  0
    3.8065   42.4688    2.2145 C   0  0  0  0  0  0  0  0  0  0  0  0
    4.6586   43.5785    2.2308 C   0  0  0  0  0  0  0  0  0  0  0  0
    4.5428   44.5988    3.1174 N   0  0  0  0  0  0  0  0  0  0  0  0
    3.5445   44.5296    4.0329 C   0  0  0  0  0  0  0  0  0  0  0  0
    2.6499   43.4609    4.0995 C   0  0  0  0  0  0  0  0  0  0  0  0
    2.7870   42.4195    3.1782 C   0  0  0  0  0  0  0  0  0  0  0  0
    1.1995   41.7364    0.3206 C   0  0  0  0  0  0  0  0  0  0  0  0
    1.7131   42.6813   -0.5687 C   0  0  0  0  0  0  0  0  0  0  0  0
    1.0440   43.8872   -0.7613 C   0  0  0  0  0  0  0  0  0  0  0  0
   -0.1403   44.1749   -0.0601 C   0  0  0  0  0  0  0  0  0  0  0  0
   -0.6591   43.2251    0.8367 C   0  0  0  0  0  0  0  0  0  0  0  0
    0.0115   42.0040    1.0092 C   0  0  0  0  0  0  0  0  0  0  0  0
   -1.8157   43.5662    1.5200 O   0  0  0  0  0  0  0  0  0  0  0  0
   -2.3256   42.6997    2.5296 C   0  0  0  0  0  0  0  0  0  0  0  0
   -0.8365   45.3639   -0.1931 O   0  0  0  0  0  0  0  0  0  0  0  0
   -0.3090   46.4046   -1.0054 C   0  0  0  0  0  0  0  0  0  0  0  0
    9.3708   42.5013    4.4462 C   0  0  0  0  0  0  0  0  0  0  0  0
    9.9276   43.1153    3.1858 C   0  0  0  0  0  0  0  0  0  0  0  0
   10.8487   42.3993    4.1434 C   0  0  0  0  0  0  0  0  0  0  0  0
    5.9467   35.5309    2.2700 H   0  0  0  0  0  0  0  0  0  0  0  0
    6.2726   37.3669    4.0316 H   0  0  0  0  0  0  0  0  0  0  0  0
    7.2448   37.4975    2.5325 H   0  0  0  0  0  0  0  0  0  0  0  0
    8.6269   40.5949    5.0621 H   0  0  0  0  0  0  0  0  0  0  0  0
    1.8289   37.4251    0.7312 H   0  0  0  0  0  0  0  0  0  0  0  0
    4.9923   41.4077    0.9796 H   0  0  0  0  0  0  0  0  0  0  0  0
    5.4716   43.6655    1.5253 H   0  0  0  0  0  0  0  0  0  0  0  0
    3.4854   45.3464    4.7407 H   0  0  0  0  0  0  0  0  0  0  0  0
    1.8721   43.4368    4.8503 H   0  0  0  0  0  0  0  0  0  0  0  0
    2.1085   41.5792    3.2269 H   0  0  0  0  0  0  0  0  0  0  0  0
    2.6317   42.4865   -1.1039 H   0  0  0  0  0  0  0  0  0  0  0  0
    1.4659   44.5991   -1.4514 H   0  0  0  0  0  0  0  0  0  0  0  0
   -0.3631   41.2674    1.7040 H   0  0  0  0  0  0  0  0  0  0  0  0
   -1.5925   42.5288    3.3207 H   0  0  0  0  0  0  0  0  0  0  0  0
   -3.2019   43.1573    2.9910 H   0  0  0  0  0  0  0  0  0  0  0  0
   -2.6365   41.7390    2.1141 H   0  0  0  0  0  0  0  0  0  0  0  0
    0.6716   46.7233   -0.6494 H   0  0  0  0  0  0  0  0  0  0  0  0
   -0.2350   46.1047   -2.0508 H   0  0  0  0  0  0  0  0  0  0  0  0
   -0.9711   47.2673   -0.9539 H   0  0  0  0  0  0  0  0  0  0  0  0
    9.0728   43.1883    5.2320 H   0  0  0  0  0  0  0  0  0  0  0  0
    9.7306   42.6563    2.2184 H   0  0  0  0  0  0  0  0  0  0  0  0
    9.8723   44.1995    3.1382 H   0  0  0  0  0  0  0  0  0  0  0  0
   11.2618   41.4296    3.8639 H   0  0  0  0  0  0  0  0  0  0  0  0
   11.5421   42.9848    4.7475 H   0  0  0  0  0  0  0  0  0  0  0  0
  1  2  1  0
  1 10  1  0
  1 37  1  0
  2  3  1  0
  2 38  1  0
  2 39  1  0
  3  4  2  3
  3  9  1  0
  4  5  1  0
  5  6  1  0
  6  7  2  0
  6  8  1  0
  8 34  1  0
  8 40  1  0
  9 10  1  0
  9 12  1  0
 10 11  2  0
 12 13  1  0
 12 16  2  0
 13 14  2  0
 13 41  1  0
 14 15  1  0
 15 16  1  0
 15 24  1  0
 16 17  1  0
 17 18  1  0
 17 42  1  0
 18 19  2  0
 18 23  1  0
 19 20  1  0
 19 43  1  0
 20 21  2  0
 21 22  1  0
 21 44  1  0
 22 23  2  0
 22 45  1  0
 23 46  1  0
 24 25  2  0
 24 29  1  0
 25 26  1  0
 25 47  1  0
 26 27  2  0
 26 48  1  0
 27 28  1  0
 27 32  1  0
 28 29  2  0
 28 30  1  0
 29 49  1  0
 30 31  1  0
 31 50  1  0
 31 51  1  0
 31 52  1  0
 32 33  1  0
 33 53  1  0
 33 54  1  0
 33 55  1  0
 34 35  1  0
 34 36  1  0
 34 56  1  0
 35 36  1  0
 35 57  1  0
 35 58  1  0
 36 59  1  0
 36 60  1  0
M  END
"
1d3g_Lingo3DMolv2_498999,"1d3g_Lingo3DMolv2_498999
     RDKit          3D

 29 31  0  0  1  0  0  0  0  0999 V2000
   47.7626   40.6717   -5.9511 O   0  0  0  0  0  0  0  0  0  0  0  0
   48.6037   41.4272   -5.4691 C   0  0  0  0  0  0  0  0  0  0  0  0
   49.4333   42.1931   -6.1547 O   0  0  0  0  0  0  0  0  0  0  0  0
   50.1739   42.9777   -5.2852 N   0  0  0  0  0  0  0  0  0  0  0  0
   49.8038   42.6021   -4.1408 C   0  0  0  0  0  0  0  0  0  0  0  0
   48.8470   41.6368   -4.1735 O   0  0  0  0  0  0  0  0  0  0  0  0
   50.2029   43.0019   -2.8774 N   0  0  0  0  0  0  0  0  0  0  0  0
   51.1756   43.9607   -2.5515 C   0  0  0  0  0  0  0  0  0  0  0  0
   51.0365   44.6723   -1.3580 C   0  0  0  0  0  0  0  0  0  0  0  0
   51.9953   45.6156   -0.9896 C   0  0  0  0  0  0  0  0  0  0  0  0
   53.1056   45.8566   -1.8082 C   0  0  0  0  0  0  0  0  0  0  0  0
   53.2243   45.1607   -3.0125 C   0  0  0  0  0  0  0  0  0  0  0  0
   52.2777   44.2136   -3.3755 C   0  0  0  0  0  0  0  0  0  0  0  0
   54.1933   46.7787   -1.3941 C   0  0  0  0  0  0  0  0  0  0  0  0
   54.7425   46.6842   -0.1101 C   0  0  0  0  0  0  0  0  0  0  0  0
   55.8322   47.4710    0.2463 C   0  0  0  0  0  0  0  0  0  0  0  0
   56.3594   48.3788   -0.6696 C   0  0  0  0  0  0  0  0  0  0  0  0
   55.8045   48.5073   -1.9395 C   0  0  0  0  0  0  0  0  0  0  0  0
   54.7276   47.7031   -2.3018 C   0  0  0  0  0  0  0  0  0  0  0  0
   49.6110   42.7264   -2.1099 H   0  0  0  0  0  0  0  0  0  0  0  0
   50.1899   44.5006   -0.7089 H   0  0  0  0  0  0  0  0  0  0  0  0
   51.8824   46.1491   -0.0565 H   0  0  0  0  0  0  0  0  0  0  0  0
   54.0802   45.3193   -3.6521 H   0  0  0  0  0  0  0  0  0  0  0  0
   52.4351   43.6569   -4.2847 H   0  0  0  0  0  0  0  0  0  0  0  0
   54.3525   45.9713    0.6028 H   0  0  0  0  0  0  0  0  0  0  0  0
   56.2688   47.3786    1.2305 H   0  0  0  0  0  0  0  0  0  0  0  0
   57.2062   48.9895   -0.3902 H   0  0  0  0  0  0  0  0  0  0  0  0
   56.2155   49.2168   -2.6435 H   0  0  0  0  0  0  0  0  0  0  0  0
   54.3123   47.7938   -3.2959 H   0  0  0  0  0  0  0  0  0  0  0  0
  1  2  2  0
  2  3  1  0
  2  6  1  0
  3  4  1  0
  4  5  2  0
  5  6  1  0
  5  7  1  0
  7  8  1  0
  7 20  1  0
  8  9  2  0
  8 13  1  0
  9 10  1  0
  9 21  1  0
 10 11  2  0
 10 22  1  0
 11 12  1  0
 11 14  1  0
 12 13  2  0
 12 23  1  0
 13 24  1  0
 14 15  2  0
 14 19  1  0
 15 16  1  0
 15 25  1  0
 16 17  2  0
 16 26  1  0
 17 18  1  0
 17 27  1  0
 18 19  2  0
 18 28  1  0
 19 29  1  0
M  END
"
2hzi_Lingo3DMolv2_1281993,"2hzi_Lingo3DMolv2_1281993
     RDKit          3D

 41 42  0  0  1  0  0  0  0  0999 V2000
   24.6041   51.6734    9.9644 O   0  0  0  0  0  0  0  0  0  0  0  0
   23.4078   51.9196   10.7079 C   0  0  1  0  0  0  0  0  0  0  0  0
   23.6300   51.5076   12.1906 C   0  0  0  0  0  0  0  0  0  0  0  0
   24.7578   51.5264   12.6912 O   0  0  0  0  0  0  0  0  0  0  0  0
   22.5220   51.1014   12.8469 N   0  0  0  0  0  0  0  0  0  0  0  0
   22.8816   53.3899   10.5277 C   0  0  0  0  0  0  0  0  0  0  0  0
   22.9315   53.8368    9.0459 C   0  0  0  0  0  0  0  0  0  0  0  0
   21.4278   53.5237   11.0370 C   0  0  0  0  0  0  0  0  0  0  0  0
   23.6287   54.2587   11.2134 F   0  0  0  0  0  0  0  0  0  0  0  0
   22.4960   50.4990   14.0990 C   0  0  0  0  0  0  0  0  0  0  0  0
   21.8640   49.2868   14.3622 C   0  0  0  0  0  0  0  0  0  0  0  0
   21.9438   48.9535   15.6160 N   0  0  0  0  0  0  0  0  0  0  0  0
   22.6296   49.9314   16.2368 N   0  0  0  0  0  0  0  0  0  0  0  0
   23.0058   50.9262   15.3308 C   0  0  0  0  0  0  0  0  0  0  0  0
   23.7747   52.1847   15.6795 C   0  0  0  0  0  0  0  0  0  0  0  0
   22.8297   49.8084   17.6501 C   0  0  0  0  0  0  0  0  0  0  0  0
   23.8745   50.4714   18.3085 C   0  0  0  0  0  0  0  0  0  0  0  0
   24.0289   50.3571   19.6891 C   0  0  0  0  0  0  0  0  0  0  0  0
   23.1545   49.5663   20.4250 C   0  0  0  0  0  0  0  0  0  0  0  0
   22.1372   48.8686   19.7864 C   0  0  0  0  0  0  0  0  0  0  0  0
   21.9788   48.9829   18.4107 C   0  0  0  0  0  0  0  0  0  0  0  0
   21.2302   48.4695   13.4879 N   0  0  0  0  0  0  0  0  0  0  0  0
   24.5089   52.0584    9.0869 H   0  0  0  0  0  0  0  0  0  0  0  0
   22.6655   51.2402   10.2821 H   0  0  0  0  0  0  0  0  0  0  0  0
   21.6611   51.0637   12.3226 H   0  0  0  0  0  0  0  0  0  0  0  0
   22.5112   54.8354    8.9152 H   0  0  0  0  0  0  0  0  0  0  0  0
   23.9534   53.8905    8.6718 H   0  0  0  0  0  0  0  0  0  0  0  0
   22.3796   53.1616    8.3957 H   0  0  0  0  0  0  0  0  0  0  0  0
   21.3767   53.4796   12.1254 H   0  0  0  0  0  0  0  0  0  0  0  0
   20.9776   54.4696   10.7402 H   0  0  0  0  0  0  0  0  0  0  0  0
   20.7886   52.7338   10.6466 H   0  0  0  0  0  0  0  0  0  0  0  0
   23.4245   52.6569   16.5980 H   0  0  0  0  0  0  0  0  0  0  0  0
   24.8422   51.9911   15.7823 H   0  0  0  0  0  0  0  0  0  0  0  0
   23.6827   52.9286   14.8905 H   0  0  0  0  0  0  0  0  0  0  0  0
   24.5977   51.0672   17.7769 H   0  0  0  0  0  0  0  0  0  0  0  0
   24.8309   50.8698   20.1955 H   0  0  0  0  0  0  0  0  0  0  0  0
   23.2818   49.4783   21.4939 H   0  0  0  0  0  0  0  0  0  0  0  0
   21.4686   48.2399   20.3566 H   0  0  0  0  0  0  0  0  0  0  0  0
   21.1732   48.4275   17.9520 H   0  0  0  0  0  0  0  0  0  0  0  0
   20.7180   47.6561   13.7869 H   0  0  0  0  0  0  0  0  0  0  0  0
   21.1275   48.7028   12.5110 H   0  0  0  0  0  0  0  0  0  0  0  0
  1  2  1  0
  1 23  1  0
  2  3  1  0
  2  6  1  0
  2 24  1  6
  3  4  2  0
  3  5  1  0
  5 10  1  0
  5 25  1  0
  6  7  1  0
  6  8  1  0
  6  9  1  0
  7 26  1  0
  7 27  1  0
  7 28  1  0
  8 29  1  0
  8 30  1  0
  8 31  1  0
 10 11  1  0
 10 14  2  0
 11 12  2  0
 11 22  1  0
 12 13  1  0
 13 14  1  0
 13 16  1  0
 14 15  1  0
 15 32  1  0
 15 33  1  0
 15 34  1  0
 16 17  2  0
 16 21  1  0
 17 18  1  0
 17 35  1  0
 18 19  2  0
 18 36  1  0
 19 20  1  0
 19 37  1  0
 20 21  2  0
 20 38  1  0
 21 39  1  0
 22 40  1  0
 22 41  1  0
M  END
"
2owb_Lingo3DMolv2_1045646,"2owb_Lingo3DMolv2_1045646
     RDKit          3D

 44 46  0  0  1  0  0  0  0  0999 V2000
    1.1696   27.9214   68.5335 N   0  0  0  0  0  0  0  0  0  0  0  0
    1.1537   28.9046   67.5964 C   0  0  0  0  0  0  0  0  0  0  0  0
    0.5074   28.7131   66.3729 C   0  0  0  0  0  0  0  0  0  0  0  0
   -0.0863   27.5316   66.0616 N   0  0  0  0  0  0  0  0  0  0  0  0
   -0.0695   26.5544   67.0082 C   0  0  0  0  0  0  0  0  0  0  0  0
    0.5280   26.7528   68.2609 C   0  0  0  0  0  0  0  0  0  0  0  0
    0.5356   25.8088   69.2995 N   0  0  0  0  0  0  0  0  0  0  0  0
   -0.1041   24.5816   69.5312 C   0  0  0  0  0  0  0  0  0  0  0  0
   -1.2687   24.1695   68.8743 C   0  0  0  0  0  0  0  0  0  0  0  0
   -1.8483   22.9366   69.1735 C   0  0  0  0  0  0  0  0  0  0  0  0
   -1.2841   22.1123   70.1480 C   0  0  0  0  0  0  0  0  0  0  0  0
   -0.1413   22.5313   70.8503 C   0  0  0  0  0  0  0  0  0  0  0  0
    0.4382   23.7645   70.5260 C   0  0  0  0  0  0  0  0  0  0  0  0
    0.3577   21.6865   71.8221 O   0  0  0  0  0  0  0  0  0  0  0  0
    1.7439   21.7254   72.1667 C   0  0  0  0  0  0  0  0  0  0  0  0
   -1.9110   20.9310   70.4822 O   0  0  0  0  0  0  0  0  0  0  0  0
   -1.4591   19.7604   69.8071 C   0  0  0  0  0  0  0  0  0  0  0  0
   -2.6769   18.9576   69.3278 C   0  0  0  0  0  0  0  0  0  0  0  0
   -2.2411   17.7112   68.5302 C   0  0  0  0  0  0  0  0  0  0  0  0
   -1.3091   16.8386   69.3970 N   0  0  0  0  0  0  0  0  0  0  0  0
   -0.0982   17.6131   69.9580 C   0  0  0  0  0  0  0  0  0  0  0  0
   -0.5850   18.8678   70.7103 C   0  0  0  0  0  0  0  0  0  0  0  0
    0.3995   29.7733   65.3841 C   0  0  0  0  0  0  0  0  0  0  0  0
    0.3090   30.6201   64.5991 N   0  0  0  0  0  0  0  0  0  0  0  0
    1.6435   29.8346   67.8529 H   0  0  0  0  0  0  0  0  0  0  0  0
   -0.5256   25.6231   66.7217 H   0  0  0  0  0  0  0  0  0  0  0  0
    1.0422   26.1325   70.1123 H   0  0  0  0  0  0  0  0  0  0  0  0
   -1.7654   24.8044   68.1603 H   0  0  0  0  0  0  0  0  0  0  0  0
   -2.7476   22.6292   68.6614 H   0  0  0  0  0  0  0  0  0  0  0  0
    1.3046   24.1148   71.0658 H   0  0  0  0  0  0  0  0  0  0  0  0
    1.8865   22.1317   73.1665 H   0  0  0  0  0  0  0  0  0  0  0  0
    2.1185   20.7021   72.1971 H   0  0  0  0  0  0  0  0  0  0  0  0
    2.3859   22.2625   71.4666 H   0  0  0  0  0  0  0  0  0  0  0  0
   -0.8831   20.0485   68.9338 H   0  0  0  0  0  0  0  0  0  0  0  0
   -3.2849   18.6472   70.1779 H   0  0  0  0  0  0  0  0  0  0  0  0
   -3.2864   19.5857   68.6786 H   0  0  0  0  0  0  0  0  0  0  0  0
   -3.0822   17.0791   68.2430 H   0  0  0  0  0  0  0  0  0  0  0  0
   -1.6713   17.9691   67.6360 H   0  0  0  0  0  0  0  0  0  0  0  0
   -1.8379   16.4494   70.1654 H   0  0  0  0  0  0  0  0  0  0  0  0
   -0.9784   16.0546   68.8483 H   0  0  0  0  0  0  0  0  0  0  0  0
    0.4447   16.9224   70.6057 H   0  0  0  0  0  0  0  0  0  0  0  0
    0.5305   17.8594   69.1014 H   0  0  0  0  0  0  0  0  0  0  0  0
   -1.1439   18.5600   71.5952 H   0  0  0  0  0  0  0  0  0  0  0  0
    0.2979   19.4095   71.0404 H   0  0  0  0  0  0  0  0  0  0  0  0
  1  2  2  0
  1  6  1  0
  2  3  1  0
  2 25  1  0
  3  4  2  0
  3 23  1  0
  4  5  1  0
  5  6  2  0
  5 26  1  0
  6  7  1  0
  7  8  1  0
  7 27  1  0
  8  9  2  0
  8 13  1  0
  9 10  1  0
  9 28  1  0
 10 11  2  0
 10 29  1  0
 11 12  1  0
 11 16  1  0
 12 13  2  0
 12 14  1  0
 13 30  1  0
 14 15  1  0
 15 31  1  0
 15 32  1  0
 15 33  1  0
 16 17  1  0
 17 18  1  0
 17 22  1  0
 17 34  1  0
 18 19  1  0
 18 35  1  0
 18 36  1  0
 19 20  1  0
 19 37  1  0
 19 38  1  0
 20 21  1  0
 20 39  1  0
 20 40  1  0
 21 22  1  0
 21 41  1  0
 21 42  1  0
 22 43  1  0
 22 44  1  0
 23 24  3  0
M  CHG  1  20   1
M  END
"
2gtk_Lingo3DMolv2_379312,"2gtk_Lingo3DMolv2_379312
     RDKit          3D

 24 25  0  0  1  0  0  0  0  0999 V2000
   -2.1693   26.9661   19.9243 O   0  0  0  0  0  0  0  0  0  0  0  0
   -1.7693   27.6016   18.9289 C   0  0  0  0  0  0  0  0  0  0  0  0
   -2.0332   28.8049   18.7243 O   0  0  0  0  0  0  0  0  0  0  0  0
   -0.9703   26.8225   17.8786 C   0  0  0  0  0  0  0  0  0  0  0  0
    0.3440   27.4166   17.6571 N   0  0  0  0  0  0  0  0  0  0  0  0
    0.6956   28.2369   16.5972 C   0  0  0  0  0  0  0  0  0  0  0  0
    2.0287   28.5660   16.7244 C   0  0  0  0  0  0  0  0  0  0  0  0
    2.5355   27.8856   17.8750 C   0  0  0  0  0  0  0  0  0  0  0  0
    3.8032   27.7663   18.4442 C   0  0  0  0  0  0  0  0  0  0  0  0
    3.9854   26.9396   19.5467 C   0  0  0  0  0  0  0  0  0  0  0  0
    2.9109   26.2627   20.1076 C   0  0  0  0  0  0  0  0  0  0  0  0
    1.6142   26.4125   19.6218 C   0  0  0  0  0  0  0  0  0  0  0  0
    1.4472   27.1924   18.4678 C   0  0  0  0  0  0  0  0  0  0  0  0
    3.1371   25.4110   21.1249 F   0  0  0  0  0  0  0  0  0  0  0  0
   -0.2876   28.6329   15.5244 C   0  0  0  0  0  0  0  0  0  0  0  0
   -0.8283   25.7778   18.1612 H   0  0  0  0  0  0  0  0  0  0  0  0
   -1.5325   26.7985   16.9470 H   0  0  0  0  0  0  0  0  0  0  0  0
    2.5814   29.1878   16.0349 H   0  0  0  0  0  0  0  0  0  0  0  0
    4.6307   28.2652   17.9851 H   0  0  0  0  0  0  0  0  0  0  0  0
    4.9753   26.8007   19.9561 H   0  0  0  0  0  0  0  0  0  0  0  0
    0.7987   25.8831   20.0880 H   0  0  0  0  0  0  0  0  0  0  0  0
   -1.1927   29.0783   15.9367 H   0  0  0  0  0  0  0  0  0  0  0  0
    0.1497   29.3662   14.8489 H   0  0  0  0  0  0  0  0  0  0  0  0
   -0.5875   27.7802   14.9148 H   0  0  0  0  0  0  0  0  0  0  0  0
  1  2  2  0
  2  3  1  0
  2  4  1  0
  4  5  1  0
  4 16  1  0
  4 17  1  0
  5  6  1  0
  5 13  1  0
  6  7  2  0
  6 15  1  0
  7  8  1  0
  7 18  1  0
  8  9  1  0
  8 13  2  0
  9 10  2  0
  9 19  1  0
 10 11  1  0
 10 20  1  0
 11 12  2  0
 11 14  1  0
 12 13  1  0
 12 21  1  0
 15 22  1  0
 15 23  1  0
 15 24  1  0
M  CHG  1   3  -1
M  END
"
2owb_Lingo3DMolv2_1200239,"2owb_Lingo3DMolv2_1200239
     RDKit          3D

 44 47  0  0  1  0  0  0  0  0999 V2000
    1.9186   28.4644   68.3104 N   0  0  0  0  0  0  0  0  0  0  0  0
    1.7909   29.4476   67.3883 C   0  0  0  0  0  0  0  0  0  0  0  0
    1.0405   29.3827   66.2618 N   0  0  0  0  0  0  0  0  0  0  0  0
    0.3733   28.2150   66.0970 C   0  0  0  0  0  0  0  0  0  0  0  0
    0.4072   27.1678   66.9638 N   0  0  0  0  0  0  0  0  0  0  0  0
    1.2069   27.3475   68.0475 C   0  0  0  0  0  0  0  0  0  0  0  0
    1.3745   26.3278   68.9861 N   0  0  0  0  0  0  0  0  0  0  0  0
    0.5264   25.2832   69.2477 C   0  0  0  0  0  0  0  0  0  0  0  0
   -0.7444   24.9745   68.8081 C   0  0  0  0  0  0  0  0  0  0  0  0
   -1.1003   23.7880   69.4429 C   0  0  0  0  0  0  0  0  0  0  0  0
   -0.1606   23.3851   70.2676 N   0  0  0  0  0  0  0  0  0  0  0  0
    0.8283   24.2701   70.1337 N   0  0  0  0  0  0  0  0  0  0  0  0
    2.0725   23.9978   70.8351 C   0  0  0  0  0  0  0  0  0  0  0  0
   -2.2979   23.1571   69.2270 N   0  0  0  0  0  0  0  0  0  0  0  0
   -2.5640   21.8434   69.2870 C   0  0  0  0  0  0  0  0  0  0  0  0
   -3.6844   21.4986   68.9337 O   0  0  0  0  0  0  0  0  0  0  0  0
   -1.5221   20.7858   69.7337 C   0  0  0  0  0  0  0  0  0  0  0  0
   -1.9178   19.8555   70.8638 C   0  0  0  0  0  0  0  0  0  0  0  0
   -1.8751   19.3316   69.4510 C   0  0  0  0  0  0  0  0  0  0  0  0
   -0.3666   28.1155   64.9143 N   0  0  0  0  0  0  0  0  0  0  0  0
   -1.2037   26.9611   64.6132 C   0  0  0  0  0  0  0  0  0  0  0  0
   -1.8086   27.0278   63.2034 C   0  0  0  0  0  0  0  0  0  0  0  0
   -1.0140   26.5319   62.0207 C   0  0  0  0  0  0  0  0  0  0  0  0
   -2.2269   25.7561   62.5086 C   0  0  0  0  0  0  0  0  0  0  0  0
    2.3450   30.3580   67.5674 H   0  0  0  0  0  0  0  0  0  0  0  0
    2.1165   26.5319   69.6296 H   0  0  0  0  0  0  0  0  0  0  0  0
   -1.3354   25.5378   68.1015 H   0  0  0  0  0  0  0  0  0  0  0  0
    1.8779   23.4073   71.7334 H   0  0  0  0  0  0  0  0  0  0  0  0
    2.7156   23.4185   70.1758 H   0  0  0  0  0  0  0  0  0  0  0  0
    2.5673   24.9301   71.1071 H   0  0  0  0  0  0  0  0  0  0  0  0
   -3.0211   23.7212   68.8087 H   0  0  0  0  0  0  0  0  0  0  0  0
   -0.4844   21.0349   69.5511 H   0  0  0  0  0  0  0  0  0  0  0  0
   -1.1423   19.5489   71.5664 H   0  0  0  0  0  0  0  0  0  0  0  0
   -2.8844   19.9650   71.3493 H   0  0  0  0  0  0  0  0  0  0  0  0
   -1.0699   18.6565   69.1589 H   0  0  0  0  0  0  0  0  0  0  0  0
   -2.8078   19.0857   68.9400 H   0  0  0  0  0  0  0  0  0  0  0  0
   -0.4163   28.9309   64.3243 H   0  0  0  0  0  0  0  0  0  0  0  0
   -0.6138   26.0525   64.7349 H   0  0  0  0  0  0  0  0  0  0  0  0
   -1.9983   26.8949   65.3573 H   0  0  0  0  0  0  0  0  0  0  0  0
   -2.4432   27.9045   63.0636 H   0  0  0  0  0  0  0  0  0  0  0  0
   -1.0803   27.0851   61.0839 H   0  0  0  0  0  0  0  0  0  0  0  0
   -0.0140   26.1316   62.1936 H   0  0  0  0  0  0  0  0  0  0  0  0
   -3.1401   25.7683   61.9123 H   0  0  0  0  0  0  0  0  0  0  0  0
   -2.0845   24.8049   63.0226 H   0  0  0  0  0  0  0  0  0  0  0  0
  1  2  2  0
  1  6  1  0
  2  3  1  0
  2 25  1  0
  3  4  2  0
  4  5  1  0
  4 20  1  0
  5  6  2  0
  6  7  1  0
  7  8  1  0
  7 26  1  0
  8  9  2  0
  8 12  1  0
  9 10  1  0
  9 27  1  0
 10 11  2  0
 10 14  1  0
 11 12  1  0
 12 13  1  0
 13 28  1  0
 13 29  1  0
 13 30  1  0
 14 15  1  0
 14 31  1  0
 15 16  2  0
 15 17  1  0
 17 18  1  0
 17 19  1  0
 17 32  1  0
 18 19  1  0
 18 33  1  0
 18 34  1  0
 19 35  1  0
 19 36  1  0
 20 21  1  0
 20 37  1  0
 21 22  1  0
 21 38  1  0
 21 39  1  0
 22 23  1  0
 22 24  1  0
 22 40  1  0
 23 24  1  0
 23 41  1  0
 23 42  1  0
 24 43  1  0
 24 44  1  0
M  END
"
2of2_Lingo3DMolv2_626332,"2of2_Lingo3DMolv2_626332
     RDKit          3D

 54 57  0  0  1  0  0  0  0  0999 V2000
   21.3155   41.4633   83.6339 F   0  0  0  0  0  0  0  0  0  0  0  0
   22.3967   41.3562   84.4348 C   0  0  0  0  0  0  0  0  0  0  0  0
   23.4397   42.2612   84.2476 C   0  0  0  0  0  0  0  0  0  0  0  0
   24.5800   42.1935   85.0427 C   0  0  0  0  0  0  0  0  0  0  0  0
   24.6770   41.2353   86.0632 C   0  0  0  0  0  0  0  0  0  0  0  0
   23.6012   40.3710   86.2764 C   0  0  0  0  0  0  0  0  0  0  0  0
   22.4751   40.3782   85.4419 C   0  0  0  0  0  0  0  0  0  0  0  0
   21.3493   39.3942   85.6725 C   0  0  0  0  0  0  0  0  0  0  0  0
   20.2913   39.8150   86.1324 O   0  0  0  0  0  0  0  0  0  0  0  0
   21.4600   38.0709   85.3931 N   0  0  0  0  0  0  0  0  0  0  0  0
   22.4110   37.3610   84.6423 C   0  0  0  0  0  0  0  0  0  0  0  0
   21.9305   36.4254   83.7125 C   0  0  0  0  0  0  0  0  0  0  0  0
   22.8157   35.7005   82.9055 C   0  0  0  0  0  0  0  0  0  0  0  0
   24.1570   35.9301   83.0554 N   0  0  0  0  0  0  0  0  0  0  0  0
   25.1742   35.4493   82.3098 N   0  0  0  0  0  0  0  0  0  0  0  0
   26.2199   36.0691   82.8348 C   0  0  0  0  0  0  0  0  0  0  0  0
   26.0131   36.8255   83.8948 N   0  0  0  0  0  0  0  0  0  0  0  0
   24.6716   36.8093   84.0028 C   0  0  0  0  0  0  0  0  0  0  0  0
   23.7908   37.5078   84.8338 C   0  0  0  0  0  0  0  0  0  0  0  0
   27.4522   35.9526   82.2604 N   0  0  0  0  0  0  0  0  0  0  0  0
   28.7805   36.2367   82.7965 C   0  0  0  0  0  0  0  0  0  0  0  0
   29.8163   35.8773   81.7148 C   0  0  0  0  0  0  0  0  0  0  0  0
   31.2340   36.3334   82.1064 C   0  0  0  0  0  0  0  0  0  0  0  0
   31.2233   37.7233   82.4306 O   0  0  0  0  0  0  0  0  0  0  0  0
   30.4020   38.0534   83.5490 C   0  0  0  0  0  0  0  0  0  0  0  0
   28.9338   37.7142   83.2335 C   0  0  0  0  0  0  0  0  0  0  0  0
   25.7717   41.0773   86.8928 O   0  0  0  0  0  0  0  0  0  0  0  0
   27.0277   41.6767   86.5620 C   0  0  0  0  0  0  0  0  0  0  0  0
   27.6595   41.0031   85.3269 C   0  0  0  0  0  0  0  0  0  0  0  0
   27.9264   41.5314   87.7950 C   0  0  0  0  0  0  0  0  0  0  0  0
   23.3629   43.0195   83.4817 H   0  0  0  0  0  0  0  0  0  0  0  0
   25.3700   42.9040   84.8551 H   0  0  0  0  0  0  0  0  0  0  0  0
   23.6651   39.6636   87.0900 H   0  0  0  0  0  0  0  0  0  0  0  0
   20.6193   37.5505   85.5887 H   0  0  0  0  0  0  0  0  0  0  0  0
   20.8665   36.2767   83.5915 H   0  0  0  0  0  0  0  0  0  0  0  0
   22.5149   35.0010   82.1378 H   0  0  0  0  0  0  0  0  0  0  0  0
   24.2090   38.1424   85.5877 H   0  0  0  0  0  0  0  0  0  0  0  0
   27.5093   35.4607   81.3771 H   0  0  0  0  0  0  0  0  0  0  0  0
   28.9151   35.5635   83.6344 H   0  0  0  0  0  0  0  0  0  0  0  0
   29.8182   34.8003   81.5378 H   0  0  0  0  0  0  0  0  0  0  0  0
   29.5509   36.3287   80.7630 H   0  0  0  0  0  0  0  0  0  0  0  0
   31.6183   35.7479   82.9439 H   0  0  0  0  0  0  0  0  0  0  0  0
   31.9208   36.1721   81.2747 H   0  0  0  0  0  0  0  0  0  0  0  0
   30.7444   37.5311   84.4440 H   0  0  0  0  0  0  0  0  0  0  0  0
   30.5043   39.1194   83.7553 H   0  0  0  0  0  0  0  0  0  0  0  0
   28.3285   37.9278   84.1124 H   0  0  0  0  0  0  0  0  0  0  0  0
   28.5846   38.3758   82.4365 H   0  0  0  0  0  0  0  0  0  0  0  0
   26.9022   42.7466   86.3873 H   0  0  0  0  0  0  0  0  0  0  0  0
   27.7875   39.9334   85.4877 H   0  0  0  0  0  0  0  0  0  0  0  0
   27.0491   41.1290   84.4352 H   0  0  0  0  0  0  0  0  0  0  0  0
   28.6407   41.4240   85.1078 H   0  0  0  0  0  0  0  0  0  0  0  0
   27.4730   42.0009   88.6689 H   0  0  0  0  0  0  0  0  0  0  0  0
   28.0997   40.4808   88.0316 H   0  0  0  0  0  0  0  0  0  0  0  0
   28.8991   41.9992   87.6356 H   0  0  0  0  0  0  0  0  0  0  0  0
  1  2  1  0
  2  3  2  0
  2  7  1  0
  3  4  1  0
  3 31  1  0
  4  5  2  0
  4 32  1  0
  5  6  1  0
  5 27  1  0
  6  7  2  0
  6 33  1  0
  7  8  1  0
  8  9  2  0
  8 10  1  0
 10 11  1  0
 10 34  1  0
 11 12  1  0
 11 19  2  0
 12 13  2  0
 12 35  1  0
 13 14  1  0
 13 36  1  0
 14 15  1  0
 14 18  1  0
 15 16  2  0
 16 17  1  0
 16 20  1  0
 17 18  2  0
 18 19  1  0
 19 37  1  0
 20 21  1  0
 20 38  1  0
 21 22  1  0
 21 26  1  0
 21 39  1  0
 22 23  1  0
 22 40  1  0
 22 41  1  0
 23 24  1  0
 23 42  1  0
 23 43  1  0
 24 25  1  0
 25 26  1  0
 25 44  1  0
 25 45  1  0
 26 46  1  0
 26 47  1  0
 27 28  1  0
 28 29  1  0
 28 30  1  0
 28 48  1  0
 29 49  1  0
 29 50  1  0
 29 51  1  0
 30 52  1  0
 30 53  1  0
 30 54  1  0
M  END
"
3nxu_Lingo3DMolv2_42987,"3nxu_Lingo3DMolv2_42987
     RDKit          3D

 12 13  0  0  1  0  0  0  0  0999 V2000
   19.8551  -36.3410  -19.2732 N   0  0  0  0  0  0  0  0  0  0  0  0
   20.3131  -36.8068  -20.4209 C   0  0  0  0  0  0  0  0  0  0  0  0
   20.8547  -35.8263  -21.2530 C   0  0  0  0  0  0  0  0  0  0  0  0
   20.6979  -34.6266  -20.5107 C   0  0  0  0  0  0  0  0  0  0  0  0
   20.9905  -32.8989  -20.5721 S   0  0  0  0  0  0  0  0  0  0  0  0
   20.2722  -32.7407  -18.9714 C   0  0  0  0  0  0  0  0  0  0  0  0
   19.8402  -33.9458  -18.4529 C   0  0  0  0  0  0  0  0  0  0  0  0
   20.0898  -34.9888  -19.3299 N   0  0  0  0  0  0  0  0  0  0  0  0
   20.2521  -37.8606  -20.6527 H   0  0  0  0  0  0  0  0  0  0  0  0
   21.2799  -35.9823  -22.2339 H   0  0  0  0  0  0  0  0  0  0  0  0
   20.2092  -31.7672  -18.5059 H   0  0  0  0  0  0  0  0  0  0  0  0
   19.3576  -34.1170  -17.5017 H   0  0  0  0  0  0  0  0  0  0  0  0
  1  2  2  0
  1  8  1  0
  2  3  1  0
  2  9  1  0
  3  4  2  0
  3 10  1  0
  4  5  1  0
  4  8  1  0
  5  6  1  0
  6  7  2  0
  6 11  1  0
  7  8  1  0
  7 12  1  0
M  END
"
1qw6_Lingo3DMolv2_695432,"1qw6_Lingo3DMolv2_695432
     RDKit          3D

 16 16  0  0  1  0  0  0  0  0999 V2000
    1.6498   -0.2077   49.5591 F   0  0  0  0  0  0  0  0  0  0  0  0
    0.9677    0.9276   49.4138 C   0  0  0  0  0  0  0  0  0  0  0  0
   -0.2090    0.6909   48.8349 F   0  0  0  0  0  0  0  0  0  0  0  0
    0.7876    1.5138   50.6001 F   0  0  0  0  0  0  0  0  0  0  0  0
    1.7671    1.8340   48.5223 C   0  0  0  0  0  0  0  0  0  0  0  0
    2.4226    2.9082   48.9452 N   0  0  0  0  0  0  0  0  0  0  0  0
    3.1345    3.6332   47.8687 C   0  0  0  0  0  0  0  0  0  0  0  0
    3.0874    2.6256   46.7244 C   0  0  0  0  0  0  0  0  0  0  0  0
    1.9352    1.6763   47.0415 C   0  0  0  0  0  0  0  0  0  0  0  0
    2.4079    3.2418   49.9069 H   0  0  0  0  0  0  0  0  0  0  0  0
    2.5864    4.5582   47.6689 H   0  0  0  0  0  0  0  0  0  0  0  0
    4.1468    3.8612   48.2060 H   0  0  0  0  0  0  0  0  0  0  0  0
    2.9559    3.1231   45.7601 H   0  0  0  0  0  0  0  0  0  0  0  0
    4.0281    2.0737   46.6656 H   0  0  0  0  0  0  0  0  0  0  0  0
    1.0082    1.9807   46.5470 H   0  0  0  0  0  0  0  0  0  0  0  0
    2.1442    0.6402   46.7718 H   0  0  0  0  0  0  0  0  0  0  0  0
  1  2  1  0
  2  3  1  0
  2  4  1  0
  2  5  1  0
  5  6  2  0
  5  9  1  0
  6  7  1  0
  6 10  1  0
  7  8  1  0
  7 11  1  0
  7 12  1  0
  8  9  1  0
  8 13  1  0
  8 14  1  0
  9 15  1  0
  9 16  1  0
M  CHG  1   6   1
M  END
"
2oyu_Lingo3DMolv2_710337,"2oyu_Lingo3DMolv2_710337
     RDKit          3D

 33 33  0  0  1  0  0  0  0  0999 V2000
   19.1930   48.6286    5.8426 Cl  0  0  0  0  0  0  0  0  0  0  0  0
   20.4321   48.9238    7.0848 C   0  0  0  0  0  0  0  0  0  0  0  0
   20.1097   50.1936    7.8475 C   0  0  0  0  0  0  0  0  0  0  0  0
   19.8517   50.3329    9.1614 C   0  0  0  0  0  0  0  0  0  0  0  0
   19.8285   49.2495   10.2324 C   0  0  0  0  0  0  0  0  0  0  0  0
   20.4322   49.5701   11.5498 N   0  0  0  0  0  0  0  0  0  0  0  0
   20.6165   50.9612   11.9883 C   0  0  0  0  0  0  0  0  0  0  0  0
   20.6171   48.5816   12.5294 C   0  0  0  0  0  0  0  0  0  0  0  0
   21.0507   48.7860   13.6681 O   0  0  0  0  0  0  0  0  0  0  0  0
   20.2293   47.3643   12.0973 O   0  0  0  0  0  0  0  0  0  0  0  0
   20.4220   46.2303   12.9128 C   0  0  0  0  0  0  0  0  0  0  0  0
   22.0471   51.4729   12.0460 C   0  0  0  0  0  0  0  0  0  0  0  0
   22.4277   52.2314   13.1571 C   0  0  0  0  0  0  0  0  0  0  0  0
   23.7120   52.7524   13.2384 C   0  0  0  0  0  0  0  0  0  0  0  0
   24.6116   52.5104   12.2051 C   0  0  0  0  0  0  0  0  0  0  0  0
   24.2505   51.7362   11.1056 C   0  0  0  0  0  0  0  0  0  0  0  0
   22.9648   51.2081   11.0262 C   0  0  0  0  0  0  0  0  0  0  0  0
   25.8514   53.0291   12.2757 F   0  0  0  0  0  0  0  0  0  0  0  0
   20.4790   48.0418    7.7225 H   0  0  0  0  0  0  0  0  0  0  0  0
   21.3886   49.0286    6.5698 H   0  0  0  0  0  0  0  0  0  0  0  0
   20.0763   51.0835    7.2335 H   0  0  0  0  0  0  0  0  0  0  0  0
   19.6040   51.3249    9.4954 H   0  0  0  0  0  0  0  0  0  0  0  0
   18.7782   49.0399   10.4366 H   0  0  0  0  0  0  0  0  0  0  0  0
   20.2515   48.3280    9.8337 H   0  0  0  0  0  0  0  0  0  0  0  0
   19.9895   51.6481   11.4297 H   0  0  0  0  0  0  0  0  0  0  0  0
   20.2520   51.0288   13.0108 H   0  0  0  0  0  0  0  0  0  0  0  0
   21.4808   45.9683   12.9223 H   0  0  0  0  0  0  0  0  0  0  0  0
   20.0888   46.4022   13.9381 H   0  0  0  0  0  0  0  0  0  0  0  0
   19.8534   45.3939   12.5148 H   0  0  0  0  0  0  0  0  0  0  0  0
   21.7273   52.4321   13.9554 H   0  0  0  0  0  0  0  0  0  0  0  0
   24.0049   53.3440   14.0942 H   0  0  0  0  0  0  0  0  0  0  0  0
   24.9669   51.5496   10.3191 H   0  0  0  0  0  0  0  0  0  0  0  0
   22.6799   50.6161   10.1689 H   0  0  0  0  0  0  0  0  0  0  0  0
  1  2  1  0
  2  3  1  0
  2 19  1  0
  2 20  1  0
  3  4  2  3
  3 21  1  0
  4  5  1  0
  4 22  1  0
  5  6  1  0
  5 23  1  0
  5 24  1  0
  6  7  1  0
  6  8  1  0
  7 12  1  0
  7 25  1  0
  7 26  1  0
  8  9  2  0
  8 10  1  0
 10 11  1  0
 11 27  1  0
 11 28  1  0
 11 29  1  0
 12 13  2  0
 12 17  1  0
 13 14  1  0
 13 30  1  0
 14 15  2  0
 14 31  1  0
 15 16  1  0
 15 18  1  0
 16 17  2  0
 16 32  1  0
 17 33  1  0
M  END
"
3ln1_Lingo3DMolv2_1181598,"3ln1_Lingo3DMolv2_1181598
     RDKit          3D

 31 31  0  0  1  0  0  0  0  0999 V2000
   14.8729  -53.8074   52.0451 O   0  0  0  0  0  0  0  0  0  0  0  0
   14.6640  -53.5288   53.2250 C   0  0  0  0  0  0  0  0  0  0  0  0
   13.2642  -53.6054   53.8124 C   0  0  0  0  0  0  0  0  0  0  0  0
   15.5840  -53.1257   54.1208 O   0  0  0  0  0  0  0  0  0  0  0  0
   16.9485  -52.9655   53.7484 C   0  0  0  0  0  0  0  0  0  0  0  0
   17.7043  -52.2853   54.8987 C   0  0  0  0  0  0  0  0  0  0  0  0
   19.0445  -51.6331   54.4609 C   0  0  2  0  0  0  0  0  0  0  0  0
   20.2611  -52.4907   54.8618 C   0  0  0  0  0  0  0  0  0  0  0  0
   19.1442  -50.1980   54.9608 C   0  0  0  0  0  0  0  0  0  0  0  0
   18.2507  -49.1704   54.6921 C   0  0  0  0  0  0  0  0  0  0  0  0
   18.6488  -48.0265   55.3213 N   0  0  0  0  0  0  0  0  0  0  0  0
   19.7754  -48.2827   56.0440 C   0  0  0  0  0  0  0  0  0  0  0  0
   20.1051  -49.6080   55.8026 C   0  0  0  0  0  0  0  0  0  0  0  0
   20.3872  -47.2354   56.9235 C   0  0  0  0  0  0  0  0  0  0  0  0
   13.2946  -53.5299   54.9006 H   0  0  0  0  0  0  0  0  0  0  0  0
   12.6516  -52.7936   53.4231 H   0  0  0  0  0  0  0  0  0  0  0  0
   12.7995  -54.5558   53.5519 H   0  0  0  0  0  0  0  0  0  0  0  0
   17.4027  -53.9279   53.5044 H   0  0  0  0  0  0  0  0  0  0  0  0
   17.0206  -52.3380   52.8593 H   0  0  0  0  0  0  0  0  0  0  0  0
   17.0432  -51.5260   55.3190 H   0  0  0  0  0  0  0  0  0  0  0  0
   17.8561  -52.9985   55.7097 H   0  0  0  0  0  0  0  0  0  0  0  0
   19.0632  -51.5699   53.3714 H   0  0  0  0  0  0  0  0  0  0  0  0
   20.3730  -52.5361   55.9466 H   0  0  0  0  0  0  0  0  0  0  0  0
   20.1579  -53.5150   54.5020 H   0  0  0  0  0  0  0  0  0  0  0  0
   21.1859  -52.0880   54.4447 H   0  0  0  0  0  0  0  0  0  0  0  0
   17.3337  -49.1626   54.1251 H   0  0  0  0  0  0  0  0  0  0  0  0
   18.1606  -47.1422   55.2923 H   0  0  0  0  0  0  0  0  0  0  0  0
   20.9524  -50.1191   56.2347 H   0  0  0  0  0  0  0  0  0  0  0  0
   20.2516  -47.5192   57.9682 H   0  0  0  0  0  0  0  0  0  0  0  0
   21.4508  -47.1330   56.7399 H   0  0  0  0  0  0  0  0  0  0  0  0
   19.9361  -46.2524   56.7987 H   0  0  0  0  0  0  0  0  0  0  0  0
  1  2  2  0
  2  3  1  0
  2  4  1  0
  3 15  1  0
  3 16  1  0
  3 17  1  0
  4  5  1  0
  5  6  1  0
  5 18  1  0
  5 19  1  0
  6  7  1  0
  6 20  1  0
  6 21  1  0
  7  8  1  0
  7  9  1  0
  7 22  1  6
  8 23  1  0
  8 24  1  0
  8 25  1  0
  9 10  2  0
  9 13  1  0
 10 11  1  0
 10 26  1  0
 11 12  1  0
 11 27  1  0
 12 13  2  0
 12 14  1  0
 13 28  1  0
 14 29  1  0
 14 30  1  0
 14 31  1  0
M  END
"
1xl2_Lingo3DMolv2_69553,"1xl2_Lingo3DMolv2_69553
     RDKit          3D

 69 71  0  0  1  0  0  0  0  0999 V2000
   16.3162   -5.4299   13.6247 N   0  0  0  0  0  0  0  0  0  0  0  0
   17.2942   -6.1108   14.1679 C   0  0  0  0  0  0  0  0  0  0  0  0
   18.0511   -5.3566   15.0251 N   0  0  0  0  0  0  0  0  0  0  0  0
   17.5119   -4.0956   15.0176 C   0  0  0  0  0  0  0  0  0  0  0  0
   16.4342   -4.2192   14.1442 C   0  0  0  0  0  0  0  0  0  0  0  0
   18.0367   -2.9386   15.8462 C   0  0  0  0  0  0  0  0  0  0  0  0
   19.5046   -2.5446   15.5336 C   0  0  1  0  0  0  0  0  0  0  0  0
   19.7006   -1.9779   14.1019 C   0  0  0  0  0  0  0  0  0  0  0  0
   21.1864   -1.7959   13.7430 N   0  0  0  0  0  0  0  0  0  0  0  0
   19.9930   -1.5446   16.6102 N   0  0  0  0  0  0  0  0  0  0  0  0
   19.4519   -0.0966   16.5506 C   0  0  0  0  0  0  0  0  0  0  0  0
   19.4972    0.5474   17.9559 C   0  0  1  0  0  0  0  0  0  0  0  0
   18.6128   -0.2266   18.9801 C   0  0  0  0  0  0  0  0  0  0  0  0
   18.4754    0.4035   20.3830 C   0  0  0  0  0  0  0  0  0  0  0  0
   20.8703    0.8762   18.3806 N   0  0  0  0  0  0  0  0  0  0  0  0
   21.7647    0.0869   19.0090 C   0  0  0  0  0  0  0  0  0  0  0  0
   21.5419   -1.0926   19.2831 O   0  0  0  0  0  0  0  0  0  0  0  0
   23.0955    0.7199   19.3557 C   0  0  0  0  0  0  0  0  0  0  0  0
   23.2116    1.9491   20.0627 C   0  0  0  0  0  0  0  0  0  0  0  0
   24.4893    2.4704   20.3189 C   0  0  0  0  0  0  0  0  0  0  0  0
   25.6354    1.7909   19.9273 C   0  0  0  0  0  0  0  0  0  0  0  0
   25.5252    0.5876   19.2457 C   0  0  0  0  0  0  0  0  0  0  0  0
   24.2708    0.0611   18.9480 C   0  0  0  0  0  0  0  0  0  0  0  0
   24.2169   -1.1025   18.2548 F   0  0  0  0  0  0  0  0  0  0  0  0
   21.9951    2.7659   20.5373 C   0  0  0  0  0  0  0  0  0  0  0  0
   22.1416    3.3809   21.9472 C   0  0  0  0  0  0  0  0  0  0  0  0
   21.5940    3.8154   19.4850 C   0  0  0  0  0  0  0  0  0  0  0  0
   17.8732   -0.5461   21.4182 C   0  0  0  0  0  0  0  0  0  0  0  0
   18.4620   -0.6534   22.6837 C   0  0  0  0  0  0  0  0  0  0  0  0
   17.9352   -1.5291   23.6294 C   0  0  0  0  0  0  0  0  0  0  0  0
   16.8206   -2.2991   23.3107 C   0  0  0  0  0  0  0  0  0  0  0  0
   16.2276   -2.2012   22.0549 C   0  0  0  0  0  0  0  0  0  0  0  0
   16.7462   -1.3180   21.1122 C   0  0  0  0  0  0  0  0  0  0  0  0
   17.5213   -7.1549   14.0080 H   0  0  0  0  0  0  0  0  0  0  0  0
   18.8407   -5.6766   15.5699 H   0  0  0  0  0  0  0  0  0  0  0  0
   15.7381   -3.4347   13.8821 H   0  0  0  0  0  0  0  0  0  0  0  0
   17.9331   -3.1946   16.9025 H   0  0  0  0  0  0  0  0  0  0  0  0
   17.3831   -2.0785   15.7030 H   0  0  0  0  0  0  0  0  0  0  0  0
   20.1411   -3.4175   15.6980 H   0  0  0  0  0  0  0  0  0  0  0  0
   19.3373   -2.6692   13.3424 H   0  0  0  0  0  0  0  0  0  0  0  0
   19.2404   -1.0028   13.9323 H   0  0  0  0  0  0  0  0  0  0  0  0
   21.6603   -1.1192   14.3261 H   0  0  0  0  0  0  0  0  0  0  0  0
   21.6992   -2.6652   13.7659 H   0  0  0  0  0  0  0  0  0  0  0  0
   21.2633   -1.4123   12.8112 H   0  0  0  0  0  0  0  0  0  0  0  0
   19.7469   -1.9226   17.5160 H   0  0  0  0  0  0  0  0  0  0  0  0
   21.0031   -1.4976   16.6133 H   0  0  0  0  0  0  0  0  0  0  0  0
   20.0582    0.4326   15.8131 H   0  0  0  0  0  0  0  0  0  0  0  0
   18.4268   -0.1610   16.1832 H   0  0  0  0  0  0  0  0  0  0  0  0
   19.0225    1.5239   17.8384 H   0  0  0  0  0  0  0  0  0  0  0  0
   17.6166   -0.3502   18.5522 H   0  0  0  0  0  0  0  0  0  0  0  0
   19.0009   -1.2377   19.1097 H   0  0  0  0  0  0  0  0  0  0  0  0
   19.4594    0.7027   20.7371 H   0  0  0  0  0  0  0  0  0  0  0  0
   17.8745    1.3123   20.3350 H   0  0  0  0  0  0  0  0  0  0  0  0
   21.1932    1.7903   18.0918 H   0  0  0  0  0  0  0  0  0  0  0  0
   24.6118    3.4100   20.8379 H   0  0  0  0  0  0  0  0  0  0  0  0
   26.6081    2.1988   20.1599 H   0  0  0  0  0  0  0  0  0  0  0  0
   26.4154    0.0597   18.9429 H   0  0  0  0  0  0  0  0  0  0  0  0
   21.1633    2.0788   20.6542 H   0  0  0  0  0  0  0  0  0  0  0  0
   22.8571    4.2032   21.9635 H   0  0  0  0  0  0  0  0  0  0  0  0
   21.1918    3.7800   22.3028 H   0  0  0  0  0  0  0  0  0  0  0  0
   22.4735    2.6343   22.6701 H   0  0  0  0  0  0  0  0  0  0  0  0
   21.9876    4.7958   19.7334 H   0  0  0  0  0  0  0  0  0  0  0  0
   21.9840    3.5804   18.4970 H   0  0  0  0  0  0  0  0  0  0  0  0
   20.5115    3.8952   19.3877 H   0  0  0  0  0  0  0  0  0  0  0  0
   19.3324   -0.0656   22.9372 H   0  0  0  0  0  0  0  0  0  0  0  0
   18.3901   -1.6136   24.6068 H   0  0  0  0  0  0  0  0  0  0  0  0
   16.4107   -2.9791   24.0423 H   0  0  0  0  0  0  0  0  0  0  0  0
   15.3602   -2.7996   21.8166 H   0  0  0  0  0  0  0  0  0  0  0  0
   16.2663   -1.2457   20.1473 H   0  0  0  0  0  0  0  0  0  0  0  0
  1  2  2  0
  1  5  1  0
  2  3  1  0
  2 34  1  0
  3  4  1  0
  3 35  1  0
  4  5  2  0
  4  6  1  0
  5 36  1  0
  6  7  1  0
  6 37  1  0
  6 38  1  0
  7  8  1  0
  7 10  1  0
  7 39  1  6
  8  9  1  0
  8 40  1  0
  8 41  1  0
  9 42  1  0
  9 43  1  0
  9 44  1  0
 10 11  1  0
 10 45  1  0
 10 46  1  0
 11 12  1  0
 11 47  1  0
 11 48  1  0
 12 13  1  0
 12 15  1  0
 12 49  1  6
 13 14  1  0
 13 50  1  0
 13 51  1  0
 14 28  1  0
 14 52  1  0
 14 53  1  0
 15 16  1  0
 15 54  1  0
 16 17  2  0
 16 18  1  0
 18 19  2  0
 18 23  1  0
 19 20  1  0
 19 25  1  0
 20 21  2  0
 20 55  1  0
 21 22  1  0
 21 56  1  0
 22 23  2  0
 22 57  1  0
 23 24  1  0
 25 26  1  0
 25 27  1  0
 25 58  1  0
 26 59  1  0
 26 60  1  0
 26 61  1  0
 27 62  1  0
 27 63  1  0
 27 64  1  0
 28 29  2  0
 28 33  1  0
 29 30  1  0
 29 65  1  0
 30 31  2  0
 30 66  1  0
 31 32  1  0
 31 67  1  0
 32 33  2  0
 32 68  1  0
 33 69  1  0
M  CHG  2   9   1  10   1
M  END
"
1c8k_Lingo3DMolv2_81675,"1c8k_Lingo3DMolv2_81675
     RDKit          3D

 33 34  0  0  1  0  0  0  0  0999 V2000
   38.4810   34.0043   26.5603 C   0  0  0  0  0  0  0  0  0  0  0  0
   37.8313   32.7155   26.0081 C   0  0  0  0  0  0  0  0  0  0  0  0
   38.3030   32.4493   24.5689 C   0  0  0  0  0  0  0  0  0  0  0  0
   38.0651   31.4775   26.8957 C   0  0  0  0  0  0  0  0  0  0  0  0
   38.0233   34.3974   27.9739 C   0  0  0  0  0  0  0  0  0  0  0  0
   38.6542   35.6229   28.3252 O   0  0  0  0  0  0  0  0  0  0  0  0
   38.5385   36.0953   29.6164 C   0  0  0  0  0  0  0  0  0  0  0  0
   39.2988   37.2198   29.9277 C   0  0  0  0  0  0  0  0  0  0  0  0
   39.2958   37.7699   31.2062 C   0  0  0  0  0  0  0  0  0  0  0  0
   38.5059   37.1871   32.2220 C   0  0  0  0  0  0  0  0  0  0  0  0
   38.4832   37.6818   33.5488 C   0  0  0  0  0  0  0  0  0  0  0  0
   37.6790   37.0533   34.4964 C   0  0  0  0  0  0  0  0  0  0  0  0
   36.9053   35.9630   34.1060 C   0  0  0  0  0  0  0  0  0  0  0  0
   36.9045   35.4537   32.8495 N   0  0  0  0  0  0  0  0  0  0  0  0
   37.6994   36.0490   31.9140 C   0  0  0  0  0  0  0  0  0  0  0  0
   37.7254   35.5169   30.6031 C   0  0  0  0  0  0  0  0  0  0  0  0
   39.5672   33.9045   26.5416 H   0  0  0  0  0  0  0  0  0  0  0  0
   38.2506   34.8338   25.8886 H   0  0  0  0  0  0  0  0  0  0  0  0
   36.7560   32.8893   25.9682 H   0  0  0  0  0  0  0  0  0  0  0  0
   39.3851   32.3190   24.5207 H   0  0  0  0  0  0  0  0  0  0  0  0
   37.8489   31.5510   24.1520 H   0  0  0  0  0  0  0  0  0  0  0  0
   38.0361   33.2818   23.9191 H   0  0  0  0  0  0  0  0  0  0  0  0
   37.7049   31.6219   27.9127 H   0  0  0  0  0  0  0  0  0  0  0  0
   37.5235   30.6190   26.5044 H   0  0  0  0  0  0  0  0  0  0  0  0
   39.1205   31.2107   26.9510 H   0  0  0  0  0  0  0  0  0  0  0  0
   36.9376   34.5069   28.0060 H   0  0  0  0  0  0  0  0  0  0  0  0
   38.3139   33.6231   28.6860 H   0  0  0  0  0  0  0  0  0  0  0  0
   39.9165   37.6635   29.1608 H   0  0  0  0  0  0  0  0  0  0  0  0
   39.9056   38.6331   31.4310 H   0  0  0  0  0  0  0  0  0  0  0  0
   39.0864   38.5374   33.8171 H   0  0  0  0  0  0  0  0  0  0  0  0
   37.6540   37.4101   35.5156 H   0  0  0  0  0  0  0  0  0  0  0  0
   36.2761   35.4590   34.8221 H   0  0  0  0  0  0  0  0  0  0  0  0
   37.1133   34.6541   30.3904 H   0  0  0  0  0  0  0  0  0  0  0  0
  1  2  1  0
  1  5  1  0
  1 17  1  0
  1 18  1  0
  2  3  1  0
  2  4  1  0
  2 19  1  0
  3 20  1  0
  3 21  1  0
  3 22  1  0
  4 23  1  0
  4 24  1  0
  4 25  1  0
  5  6  1  0
  5 26  1  0
  5 27  1  0
  6  7  1  0
  7  8  2  0
  7 16  1  0
  8  9  1  0
  8 28  1  0
  9 10  2  0
  9 29  1  0
 10 11  1  0
 10 15  1  0
 11 12  2  0
 11 30  1  0
 12 13  1  0
 12 31  1  0
 13 14  2  0
 13 32  1  0
 14 15  1  0
 15 16  2  0
 16 33  1  0
M  END
"
3nxo_Lingo3DMolv2_38233,"3nxo_Lingo3DMolv2_38233
     RDKit          3D

 42 44  0  0  1  0  0  0  0  0999 V2000
   18.0457    7.4081    4.9307 N   0  0  0  0  0  0  0  0  0  0  0  0
   17.7383    6.8504    3.6862 C   0  0  0  0  0  0  0  0  0  0  0  0
   18.3352    7.4010    2.6047 N   0  0  0  0  0  0  0  0  0  0  0  0
   18.1077    6.8002    1.4049 C   0  0  0  0  0  0  0  0  0  0  0  0
   17.2714    5.6688    1.2558 C   0  0  0  0  0  0  0  0  0  0  0  0
   16.6329    5.2230    2.4365 C   0  0  0  0  0  0  0  0  0  0  0  0
   16.9109    5.8083    3.6094 N   0  0  0  0  0  0  0  0  0  0  0  0
   15.7131    4.1712    2.4846 N   0  0  0  0  0  0  0  0  0  0  0  0
   17.1505    4.8891   -0.0781 C   0  0  0  0  0  0  0  0  0  0  0  0
   15.8684    5.1064   -0.7702 N   0  0  0  0  0  0  0  0  0  0  0  0
   15.6799    6.2425   -1.5644 C   0  0  0  0  0  0  0  0  0  0  0  0
   16.6922    6.7822   -2.3760 C   0  0  0  0  0  0  0  0  0  0  0  0
   16.3878    7.7738   -3.3068 C   0  0  0  0  0  0  0  0  0  0  0  0
   15.1265    8.2067   -3.4258 N   0  0  0  0  0  0  0  0  0  0  0  0
   14.1232    7.7210   -2.6783 C   0  0  0  0  0  0  0  0  0  0  0  0
   14.3575    6.7135   -1.7407 C   0  0  0  0  0  0  0  0  0  0  0  0
   13.1864    6.0840   -0.9842 C   0  0  0  0  0  0  0  0  0  0  0  0
   12.8546    4.6157   -1.3427 C   0  0  0  0  0  0  0  0  0  0  0  0
   13.9198    3.5669   -0.9587 C   0  0  0  0  0  0  0  0  0  0  0  0
   15.3229    3.9270   -1.4633 C   0  0  0  0  0  0  0  0  0  0  0  0
   18.7865    7.3778    0.3390 N   0  0  0  0  0  0  0  0  0  0  0  0
   17.7109    6.9522    5.7793 H   0  0  0  0  0  0  0  0  0  0  0  0
   18.7077    8.1654    4.9897 H   0  0  0  0  0  0  0  0  0  0  0  0
   16.5575    5.3881    4.4697 H   0  0  0  0  0  0  0  0  0  0  0  0
   15.3962    3.8219    3.3805 H   0  0  0  0  0  0  0  0  0  0  0  0
   15.4377    3.7168    1.6280 H   0  0  0  0  0  0  0  0  0  0  0  0
   18.0039    5.0780   -0.7277 H   0  0  0  0  0  0  0  0  0  0  0  0
   17.2466    3.8297    0.1738 H   0  0  0  0  0  0  0  0  0  0  0  0
   17.6994    6.3988   -2.3479 H   0  0  0  0  0  0  0  0  0  0  0  0
   17.1028    8.2078   -3.9885 H   0  0  0  0  0  0  0  0  0  0  0  0
   14.9208    8.9150   -4.1175 H   0  0  0  0  0  0  0  0  0  0  0  0
   13.1518    8.1453   -2.8493 H   0  0  0  0  0  0  0  0  0  0  0  0
   13.3717    6.1867    0.0864 H   0  0  0  0  0  0  0  0  0  0  0  0
   12.2978    6.6816   -1.1903 H   0  0  0  0  0  0  0  0  0  0  0  0
   11.9130    4.3407   -0.8639 H   0  0  0  0  0  0  0  0  0  0  0  0
   12.6621    4.5498   -2.4160 H   0  0  0  0  0  0  0  0  0  0  0  0
   13.9348    3.4443    0.1249 H   0  0  0  0  0  0  0  0  0  0  0  0
   13.6290    2.5957   -1.3624 H   0  0  0  0  0  0  0  0  0  0  0  0
   15.9800    3.0724   -1.5034 H   0  0  0  0  0  0  0  0  0  0  0  0
   15.2117    4.1444   -2.5304 H   0  0  0  0  0  0  0  0  0  0  0  0
   18.7068    7.0000   -0.5897 H   0  0  0  0  0  0  0  0  0  0  0  0
   19.3832    8.1725    0.5341 H   0  0  0  0  0  0  0  0  0  0  0  0
  1  2  1  0
  1 22  1  0
  1 23  1  0
  2  3  2  0
  2  7  1  0
  3  4  1  0
  4  5  2  0
  4 21  1  0
  5  6  1  0
  5  9  1  0
  6  7  2  0
  6  8  1  0
  7 24  1  0
  8 25  1  0
  8 26  1  0
  9 10  1  0
  9 27  1  0
  9 28  1  0
 10 11  1  0
 10 20  1  0
 11 12  2  0
 11 16  1  0
 12 13  1  0
 12 29  1  0
 13 14  2  0
 13 30  1  0
 14 15  1  0
 14 31  1  0
 15 16  2  0
 15 32  1  0
 16 17  1  0
 17 18  1  0
 17 33  1  0
 17 34  1  0
 18 19  1  0
 18 35  1  0
 18 36  1  0
 19 20  1  0
 19 37  1  0
 19 38  1  0
 20 39  1  0
 20 40  1  0
 21 41  1  0
 21 42  1  0
M  CHG  2   7   1  14   1
M  END
"
2i0e_Lingo3DMolv2_1318557,"2i0e_Lingo3DMolv2_1318557
     RDKit          3D

 52 55  0  0  1  0  0  0  0  0999 V2000
    6.2723   36.9995    2.4322 N   0  0  0  0  0  0  0  0  0  0  0  0
    5.0427   37.3757    1.9212 C   0  0  0  0  0  0  0  0  0  0  0  0
    4.2849   36.3799    1.4029 N   0  0  0  0  0  0  0  0  0  0  0  0
    3.0989   36.7210    0.8508 C   0  0  0  0  0  0  0  0  0  0  0  0
    2.5805   37.9670    0.7434 N   0  0  0  0  0  0  0  0  0  0  0  0
    3.3200   38.9501    1.2689 C   0  0  0  0  0  0  0  0  0  0  0  0
    4.5832   38.6997    1.8910 C   0  0  0  0  0  0  0  0  0  0  0  0
    5.0751   39.9287    2.3295 N   0  0  0  0  0  0  0  0  0  0  0  0
    4.1525   40.8817    1.9550 C   0  0  0  0  0  0  0  0  0  0  0  0
    3.0408   40.3550    1.3228 C   0  0  0  0  0  0  0  0  0  0  0  0
    1.7931   41.0653    0.7924 C   0  0  2  0  0  0  0  0  0  0  0  0
    2.0169   41.7219   -0.5873 C   0  0  0  0  0  0  0  0  0  0  0  0
    2.9000   42.9839   -0.4945 C   0  0  0  0  0  0  0  0  0  0  0  0
    2.3678   44.0104    0.5339 C   0  0  0  0  0  0  0  0  0  0  0  0
    2.1600   43.3101    1.9013 N   0  0  2  0  0  0  0  0  0  0  0  0
    1.1915   42.1020    1.7777 C   0  0  0  0  0  0  0  0  0  0  0  0
    1.8313   44.3048    3.0456 C   0  0  0  0  0  0  0  0  0  0  0  0
    2.1456   43.6403    4.4011 C   0  0  0  0  0  0  0  0  0  0  0  0
    0.3967   44.8488    2.9422 C   0  0  0  0  0  0  0  0  0  0  0  0
    6.2604   40.2499    3.0456 C   0  0  0  0  0  0  0  0  0  0  0  0
    6.7702   39.3994    4.0322 C   0  0  0  0  0  0  0  0  0  0  0  0
    7.8721   39.7745    4.8041 C   0  0  0  0  0  0  0  0  0  0  0  0
    8.4898   41.0031    4.5880 C   0  0  0  0  0  0  0  0  0  0  0  0
    8.0113   41.8488    3.5860 C   0  0  0  0  0  0  0  0  0  0  0  0
    6.9224   41.4624    2.8011 C   0  0  0  0  0  0  0  0  0  0  0  0
    8.6065   43.1564    3.3886 C   0  0  0  0  0  0  0  0  0  0  0  0
    9.0720   44.1991    3.2327 N   0  0  0  0  0  0  0  0  0  0  0  0
    6.9054   37.7106    2.7638 H   0  0  0  0  0  0  0  0  0  0  0  0
    6.5422   36.0181    2.4323 H   0  0  0  0  0  0  0  0  0  0  0  0
    2.5044   35.9158    0.4414 H   0  0  0  0  0  0  0  0  0  0  0  0
    4.3658   41.9043    2.2156 H   0  0  0  0  0  0  0  0  0  0  0  0
    1.0107   40.3130    0.6691 H   0  0  0  0  0  0  0  0  0  0  0  0
    2.3450   40.9988   -1.3347 H   0  0  0  0  0  0  0  0  0  0  0  0
    1.0505   42.0857   -0.9435 H   0  0  0  0  0  0  0  0  0  0  0  0
    3.9234   42.7039   -0.2442 H   0  0  0  0  0  0  0  0  0  0  0  0
    2.9598   43.4458   -1.4792 H   0  0  0  0  0  0  0  0  0  0  0  0
    3.0710   44.8286    0.6964 H   0  0  0  0  0  0  0  0  0  0  0  0
    1.4041   44.4219    0.2304 H   0  0  0  0  0  0  0  0  0  0  0  0
    3.0516   42.9131    2.1451 H   0  0  0  0  0  0  0  0  0  0  0  0
    1.0318   41.6694    2.7648 H   0  0  0  0  0  0  0  0  0  0  0  0
    0.2416   42.5020    1.4175 H   0  0  0  0  0  0  0  0  0  0  0  0
    2.5423   45.1223    2.9014 H   0  0  0  0  0  0  0  0  0  0  0  0
    1.9362   44.3162    5.2303 H   0  0  0  0  0  0  0  0  0  0  0  0
    1.5431   42.7521    4.5816 H   0  0  0  0  0  0  0  0  0  0  0  0
    3.1942   43.3527    4.4809 H   0  0  0  0  0  0  0  0  0  0  0  0
   -0.3468   44.0876    3.1794 H   0  0  0  0  0  0  0  0  0  0  0  0
    0.2702   45.6678    3.6491 H   0  0  0  0  0  0  0  0  0  0  0  0
    0.1670   45.2519    1.9566 H   0  0  0  0  0  0  0  0  0  0  0  0
    6.2378   38.5091    4.3271 H   0  0  0  0  0  0  0  0  0  0  0  0
    8.2148   39.1303    5.5991 H   0  0  0  0  0  0  0  0  0  0  0  0
    9.3288   41.2929    5.2068 H   0  0  0  0  0  0  0  0  0  0  0  0
    6.5650   42.1331    2.0327 H   0  0  0  0  0  0  0  0  0  0  0  0
  1  2  1  0
  1 28  1  0
  1 29  1  0
  2  3  2  0
  2  7  1  0
  3  4  1  0
  4  5  2  0
  4 30  1  0
  5  6  1  0
  6  7  2  0
  6 10  1  0
  7  8  1  0
  8  9  1  0
  8 20  1  0
  9 10  2  0
  9 31  1  0
 10 11  1  0
 11 12  1  0
 11 16  1  0
 11 32  1  6
 12 13  1  0
 12 33  1  0
 12 34  1  0
 13 14  1  0
 13 35  1  0
 13 36  1  0
 14 15  1  0
 14 37  1  0
 14 38  1  0
 15 16  1  0
 15 17  1  0
 15 39  1  1
 16 40  1  0
 16 41  1  0
 17 18  1  0
 17 19  1  0
 17 42  1  0
 18 43  1  0
 18 44  1  0
 18 45  1  0
 19 46  1  0
 19 47  1  0
 19 48  1  0
 20 21  2  0
 20 25  1  0
 21 22  1  0
 21 49  1  0
 22 23  2  0
 22 50  1  0
 23 24  1  0
 23 51  1  0
 24 25  2  0
 24 26  1  0
 25 52  1  0
 26 27  3  0
M  CHG  1  15   1
M  END
"
2azr_Lingo3DMolv2_792575,"2azr_Lingo3DMolv2_792575
     RDKit          3D

 27 29  0  0  1  0  0  0  0  0999 V2000
   44.0495   17.1220    4.7800 O   0  0  0  0  0  0  0  0  0  0  0  0
   45.2604   16.3020    4.8657 S   0  0  0  0  0  0  0  0  0  0  0  0
   45.1149   15.0302    5.5800 O   0  0  0  0  0  0  0  0  0  0  0  0
   46.5030   17.1208    5.3420 N   0  0  0  0  0  0  0  0  0  0  0  0
   47.5400   17.0218    4.5533 C   0  0  0  0  0  0  0  0  0  0  0  0
   48.6391   17.5220    4.7800 O   0  0  0  0  0  0  0  0  0  0  0  0
   47.3036   16.2220    3.2810 C   0  0  0  0  0  0  0  0  0  0  0  0
   45.8833   16.0075    3.2487 N   0  0  0  0  0  0  0  0  0  0  0  0
   45.2143   15.3603    2.2321 C   0  0  0  0  0  0  0  0  0  0  0  0
   44.3882   15.8678    1.2149 C   0  0  0  0  0  0  0  0  0  0  0  0
   44.0495   14.9026    0.3768 N   0  0  0  0  0  0  0  0  0  0  0  0
   44.5897   13.8155    0.8492 C   0  0  0  0  0  0  0  0  0  0  0  0
   44.4495   12.5861    0.2338 O   0  0  0  0  0  0  0  0  0  0  0  0
   45.1157   11.5526    0.8396 C   0  0  0  0  0  0  0  0  0  0  0  0
   45.8378   11.6706    1.9800 C   0  0  0  0  0  0  0  0  0  0  0  0
   45.9568   12.9223    2.6939 C   0  0  0  0  0  0  0  0  0  0  0  0
   46.4495   13.0898    3.8052 O   0  0  0  0  0  0  0  0  0  0  0  0
   45.3122   13.9958    2.0021 N   0  0  0  0  0  0  0  0  0  0  0  0
   44.9140   10.2764    0.0518 C   0  0  0  0  0  0  0  0  0  0  0  0
   43.9733   17.1220    1.0229 N   0  0  0  0  0  0  0  0  0  0  0  0
   47.6490   16.7794    2.4099 H   0  0  0  0  0  0  0  0  0  0  0  0
   47.8623   15.2877    3.3302 H   0  0  0  0  0  0  0  0  0  0  0  0
   46.3339   10.8073    2.3972 H   0  0  0  0  0  0  0  0  0  0  0  0
   45.4133    9.4320    0.5279 H   0  0  0  0  0  0  0  0  0  0  0  0
   43.8516   10.0466   -0.0247 H   0  0  0  0  0  0  0  0  0  0  0  0
   45.3171   10.3881   -0.9550 H   0  0  0  0  0  0  0  0  0  0  0  0
   43.3999   17.0638    0.1695 H   0  0  0  0  0  0  0  0  0  0  0  0
  1  2  2  0
  2  3  2  0
  2  4  1  0
  2  8  1  0
  4  5  1  0
  5  6  2  0
  5  7  1  0
  7  8  1  0
  7 21  1  0
  7 22  1  0
  8  9  1  0
  9 10  2  0
  9 18  1  0
 10 11  1  0
 10 20  1  0
 11 12  2  0
 12 13  1  0
 12 18  1  0
 13 14  1  0
 14 15  2  0
 14 19  1  0
 15 16  1  0
 15 23  1  0
 16 17  2  0
 16 18  1  0
 19 24  1  0
 19 25  1  0
 19 26  1  0
 20 27  1  0
M  CHG  2   4  -1  20  -1
M  END
"
2b8t_Lingo3DMolv2_355634,"2b8t_Lingo3DMolv2_355634
     RDKit          3D

 24 26  0  0  1  0  0  0  0  0999 V2000
   29.6278   11.4714    6.8431 N   0  0  0  0  0  0  0  0  0  0  0  0
   28.7588   11.6486    7.8714 C   0  0  0  0  0  0  0  0  0  0  0  0
   28.7066   10.7979    8.9709 C   0  0  0  0  0  0  0  0  0  0  0  0
   29.6154    9.7493    9.0351 C   0  0  0  0  0  0  0  0  0  0  0  0
   30.5602    9.5599    8.0305 C   0  0  0  0  0  0  0  0  0  0  0  0
   30.5100   10.4391    6.9360 C   0  0  0  0  0  0  0  0  0  0  0  0
   31.5755    8.4753    8.1963 C   0  0  0  0  0  0  0  0  0  0  0  0
   31.6150    7.5638    9.1489 N   0  0  0  0  0  0  0  0  0  0  0  0
   32.7586    6.9285    8.9146 C   0  0  0  0  0  0  0  0  0  0  0  0
   33.4323    7.3321    7.8708 N   0  0  0  0  0  0  0  0  0  0  0  0
   32.6765    8.3190    7.4112 N   0  0  0  0  0  0  0  0  0  0  0  0
   33.3320    5.8116    9.7640 C   0  0  0  0  0  0  0  0  0  0  0  0
   33.1330    5.7710   11.2578 C   0  0  0  0  0  0  0  0  0  0  0  0
   32.4492    4.7572   10.3669 C   0  0  0  0  0  0  0  0  0  0  0  0
   28.0839   12.4879    7.8153 H   0  0  0  0  0  0  0  0  0  0  0  0
   27.9911   10.9312    9.7659 H   0  0  0  0  0  0  0  0  0  0  0  0
   29.5851    9.0737    9.8716 H   0  0  0  0  0  0  0  0  0  0  0  0
   31.2051   10.3469    6.1159 H   0  0  0  0  0  0  0  0  0  0  0  0
   32.9553    8.9104    6.6426 H   0  0  0  0  0  0  0  0  0  0  0  0
   34.3016    5.4536    9.4125 H   0  0  0  0  0  0  0  0  0  0  0  0
   33.9766    5.4644   11.8743 H   0  0  0  0  0  0  0  0  0  0  0  0
   32.5206    6.5313   11.7304 H   0  0  0  0  0  0  0  0  0  0  0  0
   32.8155    3.7313   10.3608 H   0  0  0  0  0  0  0  0  0  0  0  0
   31.3706    4.8105   10.2101 H   0  0  0  0  0  0  0  0  0  0  0  0
  1  2  2  0
  1  6  1  0
  2  3  1  0
  2 15  1  0
  3  4  2  0
  3 16  1  0
  4  5  1  0
  4 17  1  0
  5  6  2  0
  5  7  1  0
  6 18  1  0
  7  8  2  0
  7 11  1  0
  8  9  1  0
  9 10  2  0
  9 12  1  0
 10 11  1  0
 11 19  1  0
 12 13  1  0
 12 14  1  0
 12 20  1  0
 13 14  1  0
 13 21  1  0
 13 22  1  0
 14 23  1  0
 14 24  1  0
M  END
"
3lq8_Lingo3DMolv2_16867,"3lq8_Lingo3DMolv2_16867
     RDKit          3D

 61 65  0  0  1  0  0  0  0  0999 V2000
    5.1499    3.9120   29.2140 N   0  0  0  0  0  0  0  0  0  0  0  0
    6.3314    3.8910   29.8733 C   0  0  0  0  0  0  0  0  0  0  0  0
    6.4177    3.8290   31.0993 O   0  0  0  0  0  0  0  0  0  0  0  0
    7.6386    3.9090   29.0065 C   0  0  0  0  0  0  0  0  0  0  0  0
    8.9235    4.2791   29.7529 C   0  0  0  0  0  0  0  0  0  0  0  0
    8.6684    2.8382   29.4063 C   0  0  0  0  0  0  0  0  0  0  0  0
    7.6106    4.2636   27.4854 C   0  0  0  0  0  0  0  0  0  0  0  0
    6.5617    4.6899   26.9976 O   0  0  0  0  0  0  0  0  0  0  0  0
    8.7270    4.0902   26.7392 N   0  0  0  0  0  0  0  0  0  0  0  0
    8.8372    4.3292   25.3596 C   0  0  0  0  0  0  0  0  0  0  0  0
    8.2923    5.4677   24.7469 C   0  0  0  0  0  0  0  0  0  0  0  0
    8.3522    5.6113   23.3636 C   0  0  0  0  0  0  0  0  0  0  0  0
    8.9705    4.6291   22.5937 C   0  0  0  0  0  0  0  0  0  0  0  0
    9.5527    3.5182   23.1997 C   0  0  0  0  0  0  0  0  0  0  0  0
    9.5064    3.3793   24.5854 C   0  0  0  0  0  0  0  0  0  0  0  0
    3.8219    3.8285   29.6763 C   0  0  0  0  0  0  0  0  0  0  0  0
    2.8489    3.5108   28.7228 C   0  0  0  0  0  0  0  0  0  0  0  0
    1.5010    3.4299   29.0786 C   0  0  0  0  0  0  0  0  0  0  0  0
    1.0952    3.6779   30.3930 C   0  0  0  0  0  0  0  0  0  0  0  0
    2.0687    3.9845   31.3523 C   0  0  0  0  0  0  0  0  0  0  0  0
    3.4199    4.0603   30.9996 C   0  0  0  0  0  0  0  0  0  0  0  0
    1.7059    4.2316   32.6281 F   0  0  0  0  0  0  0  0  0  0  0  0
   -0.2533    3.6227   30.7191 O   0  0  0  0  0  0  0  0  0  0  0  0
   -1.0736    4.7395   30.5986 C   0  0  0  0  0  0  0  0  0  0  0  0
   -0.4554    5.9406   30.3704 N   0  0  0  0  0  0  0  0  0  0  0  0
   -1.2454    7.0256   30.1882 C   0  0  0  0  0  0  0  0  0  0  0  0
   -2.5968    7.0288   30.2033 N   0  0  0  0  0  0  0  0  0  0  0  0
   -3.1952    5.8339   30.4353 C   0  0  0  0  0  0  0  0  0  0  0  0
   -2.4911    4.6354   30.6167 C   0  0  0  0  0  0  0  0  0  0  0  0
   -3.2207    3.4505   30.8454 N   0  0  0  0  0  0  0  0  0  0  0  0
   -4.6142    3.0940   30.5538 C   0  0  0  0  0  0  0  0  0  0  0  0
   -4.2457    1.6105   30.4399 C   0  0  0  0  0  0  0  0  0  0  0  0
   -2.8477    2.0443   30.8996 C   0  0  0  0  0  0  0  0  0  0  0  0
   -5.0034    0.6608   31.3969 C   0  0  0  0  0  0  0  0  0  0  0  0
   -4.3014    1.0283   29.0138 N   0  0  0  0  0  0  0  0  0  0  0  0
    5.2514    3.9491   28.2079 H   0  0  0  0  0  0  0  0  0  0  0  0
    9.7163    4.8141   29.2287 H   0  0  0  0  0  0  0  0  0  0  0  0
    8.8741    4.5959   30.7962 H   0  0  0  0  0  0  0  0  0  0  0  0
    9.2773    2.3473   28.6462 H   0  0  0  0  0  0  0  0  0  0  0  0
    8.4268    2.1319   30.2018 H   0  0  0  0  0  0  0  0  0  0  0  0
    9.5056    3.6187   27.1734 H   0  0  0  0  0  0  0  0  0  0  0  0
    7.7925    6.2266   25.3310 H   0  0  0  0  0  0  0  0  0  0  0  0
    7.9084    6.4767   22.8955 H   0  0  0  0  0  0  0  0  0  0  0  0
    9.0081    4.7364   21.5193 H   0  0  0  0  0  0  0  0  0  0  0  0
   10.0303    2.7565   22.6000 H   0  0  0  0  0  0  0  0  0  0  0  0
    9.9528    2.5064   25.0399 H   0  0  0  0  0  0  0  0  0  0  0  0
    3.1285    3.3193   27.6965 H   0  0  0  0  0  0  0  0  0  0  0  0
    0.7622    3.1824   28.3306 H   0  0  0  0  0  0  0  0  0  0  0  0
    4.1354    4.3219   31.7641 H   0  0  0  0  0  0  0  0  0  0  0  0
   -0.7525    7.9733   30.0141 H   0  0  0  0  0  0  0  0  0  0  0  0
   -4.2750    5.8529   30.4567 H   0  0  0  0  0  0  0  0  0  0  0  0
   -5.2800    3.3441   31.3876 H   0  0  0  0  0  0  0  0  0  0  0  0
   -4.9979    3.5428   29.6390 H   0  0  0  0  0  0  0  0  0  0  0  0
   -2.5519    1.7218   31.9000 H   0  0  0  0  0  0  0  0  0  0  0  0
   -2.0476    1.8289   30.2075 H   0  0  0  0  0  0  0  0  0  0  0  0
   -5.0399    1.0288   32.4195 H   0  0  0  0  0  0  0  0  0  0  0  0
   -6.0440    0.5245   31.0898 H   0  0  0  0  0  0  0  0  0  0  0  0
   -4.5427   -0.3287   31.4379 H   0  0  0  0  0  0  0  0  0  0  0  0
   -3.8783    0.1097   28.9828 H   0  0  0  0  0  0  0  0  0  0  0  0
   -5.2584    0.9321   28.7099 H   0  0  0  0  0  0  0  0  0  0  0  0
   -3.8063    1.6241   28.3660 H   0  0  0  0  0  0  0  0  0  0  0  0
  1  2  1  0
  1 16  1  0
  1 36  1  0
  2  3  2  0
  2  4  1  0
  4  5  1  0
  4  6  1  0
  4  7  1  0
  5  6  1  0
  5 37  1  0
  5 38  1  0
  6 39  1  0
  6 40  1  0
  7  8  2  0
  7  9  1  0
  9 10  1  0
  9 41  1  0
 10 11  2  0
 10 15  1  0
 11 12  1  0
 11 42  1  0
 12 13  2  0
 12 43  1  0
 13 14  1  0
 13 44  1  0
 14 15  2  0
 14 45  1  0
 15 46  1  0
 16 17  2  0
 16 21  1  0
 17 18  1  0
 17 47  1  0
 18 19  2  0
 18 48  1  0
 19 20  1  0
 19 23  1  0
 20 21  2  0
 20 22  1  0
 21 49  1  0
 23 24  1  0
 24 25  2  0
 24 29  1  0
 25 26  1  0
 26 27  2  0
 26 50  1  0
 27 28  1  0
 28 29  2  0
 28 51  1  0
 29 30  1  0
 30 31  1  0
 30 33  1  0
 31 32  1  0
 31 52  1  0
 31 53  1  0
 32 33  1  0
 32 34  1  0
 32 35  1  0
 33 54  1  0
 33 55  1  0
 34 56  1  0
 34 57  1  0
 34 58  1  0
 35 59  1  0
 35 60  1  0
 35 61  1  0
M  CHG  1  35   1
M  END
"
3eml_Lingo3DMolv2_1273616,"3eml_Lingo3DMolv2_1273616
     RDKit          3D

 36 39  0  0  1  0  0  0  0  0999 V2000
   -8.1404   -5.0224   56.4839 N   0  0  0  0  0  0  0  0  0  0  0  0
   -8.3697   -6.2463   55.8614 C   0  0  0  0  0  0  0  0  0  0  0  0
   -8.9277   -7.2329   56.5982 N   0  0  0  0  0  0  0  0  0  0  0  0
   -9.1101   -8.4430   55.9968 C   0  0  0  0  0  0  0  0  0  0  0  0
   -8.7854   -8.7416   54.7001 N   0  0  0  0  0  0  0  0  0  0  0  0
   -8.2333   -7.7461   53.9971 C   0  0  0  0  0  0  0  0  0  0  0  0
   -7.7859   -7.7289   52.7195 N   0  0  0  0  0  0  0  0  0  0  0  0
   -7.3420   -6.4880   52.5850 C   0  0  0  0  0  0  0  0  0  0  0  0
   -7.4470   -5.6866   53.6373 N   0  0  0  0  0  0  0  0  0  0  0  0
   -8.0260   -6.4899   54.5560 N   0  0  0  0  0  0  0  0  0  0  0  0
   -6.7604   -6.0241   51.2562 C   0  0  0  0  0  0  0  0  0  0  0  0
   -6.6264   -4.6047   51.2278 O   0  0  0  0  0  0  0  0  0  0  0  0
   -6.1854   -4.0844   49.9845 C   0  0  0  0  0  0  0  0  0  0  0  0
   -9.6359   -9.4941   56.8072 N   0  0  0  0  0  0  0  0  0  0  0  0
   -9.8979  -10.7210   56.2981 N   0  0  0  0  0  0  0  0  0  0  0  0
  -10.2994  -11.4660   57.3075 C   0  0  0  0  0  0  0  0  0  0  0  0
  -10.3577  -10.7638   58.5150 C   0  0  0  0  0  0  0  0  0  0  0  0
   -9.9020   -9.5090   58.1605 C   0  0  0  0  0  0  0  0  0  0  0  0
   -9.6740   -8.4368   58.9878 O   0  0  0  0  0  0  0  0  0  0  0  0
  -10.1927   -8.5998   60.3137 C   0  0  0  0  0  0  0  0  0  0  0  0
  -10.0081  -10.0392   60.8622 C   0  0  0  0  0  0  0  0  0  0  0  0
  -10.6708  -11.1145   59.9585 C   0  0  0  0  0  0  0  0  0  0  0  0
   -7.9117   -4.2195   55.9082 H   0  0  0  0  0  0  0  0  0  0  0  0
   -8.4912   -4.8877   57.4343 H   0  0  0  0  0  0  0  0  0  0  0  0
   -7.4001   -6.3414   50.4312 H   0  0  0  0  0  0  0  0  0  0  0  0
   -5.7831   -6.4847   51.1012 H   0  0  0  0  0  0  0  0  0  0  0  0
   -6.0564   -3.0069   50.0839 H   0  0  0  0  0  0  0  0  0  0  0  0
   -5.2276   -4.5115   49.6825 H   0  0  0  0  0  0  0  0  0  0  0  0
   -6.9171   -4.2653   49.1954 H   0  0  0  0  0  0  0  0  0  0  0  0
  -10.5405  -12.5100   57.1704 H   0  0  0  0  0  0  0  0  0  0  0  0
   -9.7079   -7.8739   60.9677 H   0  0  0  0  0  0  0  0  0  0  0  0
  -11.2551   -8.3501   60.3038 H   0  0  0  0  0  0  0  0  0  0  0  0
   -8.9401  -10.2451   60.9448 H   0  0  0  0  0  0  0  0  0  0  0  0
  -10.4081  -10.0945   61.8751 H   0  0  0  0  0  0  0  0  0  0  0  0
  -10.3170  -12.1155   60.2091 H   0  0  0  0  0  0  0  0  0  0  0  0
  -11.7503  -11.1277   60.1129 H   0  0  0  0  0  0  0  0  0  0  0  0
  1  2  1  0
  1 23  1  0
  1 24  1  0
  2  3  2  0
  2 10  1  0
  3  4  1  0
  4  5  2  0
  4 14  1  0
  5  6  1  0
  6  7  2  0
  6 10  1  0
  7  8  1  0
  8  9  2  0
  8 11  1  0
  9 10  1  0
 11 12  1  0
 11 25  1  0
 11 26  1  0
 12 13  1  0
 13 27  1  0
 13 28  1  0
 13 29  1  0
 14 15  1  0
 14 18  1  0
 15 16  2  0
 16 17  1  0
 16 30  1  0
 17 18  2  0
 17 22  1  0
 18 19  1  0
 19 20  1  0
 20 21  1  0
 20 31  1  0
 20 32  1  0
 21 22  1  0
 21 33  1  0
 21 34  1  0
 22 35  1  0
 22 36  1  0
M  END
"
2b8t_Lingo3DMolv2_1144398,"2b8t_Lingo3DMolv2_1144398
     RDKit          3D

 16 15  0  0  1  0  0  0  0  0999 V2000
   29.6128   11.9345    6.5134 O   0  0  0  0  0  0  0  0  0  0  0  0
   29.8942   10.9326    7.1741 C   0  0  0  0  0  0  0  0  0  0  0  0
   30.8205   10.0145    6.8237 N   0  0  0  0  0  0  0  0  0  0  0  0
   31.5487   10.1029    5.5554 C   0  0  0  0  0  0  0  0  0  0  0  0
   30.9992    8.7786    7.5965 C   0  0  0  0  0  0  0  0  0  0  0  0
   32.4167    8.5811    8.1093 C   0  0  0  0  0  0  0  0  0  0  0  0
   32.7579    8.4697    9.4023 C   0  0  0  0  0  0  0  0  0  0  0  0
   29.4148   10.6821    8.1343 H   0  0  0  0  0  0  0  0  0  0  0  0
   32.6157    9.9688    5.7228 H   0  0  0  0  0  0  0  0  0  0  0  0
   31.2161    9.3323    4.8619 H   0  0  0  0  0  0  0  0  0  0  0  0
   31.4213   11.0704    5.0722 H   0  0  0  0  0  0  0  0  0  0  0  0
   30.3117    8.7367    8.4442 H   0  0  0  0  0  0  0  0  0  0  0  0
   30.7397    7.9376    6.9515 H   0  0  0  0  0  0  0  0  0  0  0  0
   33.1966    8.5310    7.3627 H   0  0  0  0  0  0  0  0  0  0  0  0
   33.7874    8.3340    9.7007 H   0  0  0  0  0  0  0  0  0  0  0  0
   32.0154    8.5161   10.1849 H   0  0  0  0  0  0  0  0  0  0  0  0
  1  2  2  0
  2  3  1  0
  2  8  1  0
  3  4  1  0
  3  5  1  0
  4  9  1  0
  4 10  1  0
  4 11  1  0
  5  6  1  0
  5 12  1  0
  5 13  1  0
  6  7  2  0
  6 14  1  0
  7 15  1  0
  7 16  1  0
M  END
"
3krj_Lingo3DMolv2_117459,"3krj_Lingo3DMolv2_117459
     RDKit          3D

 38 40  0  0  1  0  0  0  0  0999 V2000
    9.0565   27.9162   10.9115 O   0  0  0  0  0  0  0  0  0  0  0  0
    8.5594   27.9661    9.7968 C   0  0  0  0  0  0  0  0  0  0  0  0
    8.8841   26.9788    8.9114 N   0  0  0  0  0  0  0  0  0  0  0  0
    8.4681   26.8318    7.6134 C   0  0  0  0  0  0  0  0  0  0  0  0
    9.0556   25.5046    6.7969 S   0  0  0  0  0  0  0  0  0  0  0  0
    7.5943   27.8762    7.1171 C   0  0  0  0  0  0  0  0  0  0  0  0
    7.2398   28.8445    7.9933 C   0  0  0  0  0  0  0  0  0  0  0  0
    7.6922   28.9220    9.2951 N   0  0  0  0  0  0  0  0  0  0  0  0
    7.2936   30.0430   10.0753 C   0  0  0  0  0  0  0  0  0  0  0  0
    6.6535   31.2263    9.6311 C   0  0  0  0  0  0  0  0  0  0  0  0
    6.4789   32.0582   10.7242 C   0  0  0  0  0  0  0  0  0  0  0  0
    6.9935   31.3220   11.7530 N   0  0  0  0  0  0  0  0  0  0  0  0
    7.4552   30.1270   11.3879 N   0  0  0  0  0  0  0  0  0  0  0  0
    5.9411   33.4036   10.8726 C   0  0  0  0  0  0  0  0  0  0  0  0
    5.4458   34.0174   12.0424 C   0  0  0  0  0  0  0  0  0  0  0  0
    5.0737   35.2552   11.8121 N   0  0  0  0  0  0  0  0  0  0  0  0
    5.2924   35.4619   10.5107 N   0  0  0  0  0  0  0  0  0  0  0  0
    5.8559   34.3788    9.8786 C   0  0  0  0  0  0  0  0  0  0  0  0
    6.2555   34.3965    8.4148 C   0  0  0  0  0  0  0  0  0  0  0  0
    5.0161   36.7822    9.9629 C   0  0  0  0  0  0  0  0  0  0  0  0
    5.3162   33.4646   13.4466 C   0  0  0  0  0  0  0  0  0  0  0  0
    7.1468   27.9117    5.6691 C   0  0  0  0  0  0  0  0  0  0  0  0
    9.5186   26.2591    9.2261 H   0  0  0  0  0  0  0  0  0  0  0  0
    6.5847   29.6416    7.6845 H   0  0  0  0  0  0  0  0  0  0  0  0
    6.3660   31.4836    8.6238 H   0  0  0  0  0  0  0  0  0  0  0  0
    7.0376   31.6366   12.7122 H   0  0  0  0  0  0  0  0  0  0  0  0
    5.4060   34.1812    7.7658 H   0  0  0  0  0  0  0  0  0  0  0  0
    6.6583   35.3629    8.1096 H   0  0  0  0  0  0  0  0  0  0  0  0
    7.0299   33.6628    8.1909 H   0  0  0  0  0  0  0  0  0  0  0  0
    4.1898   37.2495   10.5006 H   0  0  0  0  0  0  0  0  0  0  0  0
    5.9077   37.4019   10.0592 H   0  0  0  0  0  0  0  0  0  0  0  0
    4.7427   36.6988    8.9110 H   0  0  0  0  0  0  0  0  0  0  0  0
    4.4823   33.9098   13.9909 H   0  0  0  0  0  0  0  0  0  0  0  0
    5.1466   32.3880   13.4547 H   0  0  0  0  0  0  0  0  0  0  0  0
    6.2187   33.6555   14.0305 H   0  0  0  0  0  0  0  0  0  0  0  0
    6.2371   28.4982    5.5347 H   0  0  0  0  0  0  0  0  0  0  0  0
    7.9639   28.4265    5.1761 H   0  0  0  0  0  0  0  0  0  0  0  0
    6.9951   26.9293    5.2227 H   0  0  0  0  0  0  0  0  0  0  0  0
  1  2  2  0
  2  3  1  0
  2  8  1  0
  3  4  1  0
  3 23  1  0
  4  5  2  0
  4  6  1  0
  6  7  2  0
  6 22  1  0
  7  8  1  0
  7 24  1  0
  8  9  1  0
  9 10  1  0
  9 13  2  0
 10 11  2  0
 10 25  1  0
 11 12  1  0
 11 14  1  0
 12 13  1  0
 12 26  1  0
 14 15  1  0
 14 18  2  0
 15 16  2  0
 15 21  1  0
 16 17  1  0
 17 18  1  0
 17 20  1  0
 18 19  1  0
 19 27  1  0
 19 28  1  0
 19 29  1  0
 20 30  1  0
 20 31  1  0
 20 32  1  0
 21 33  1  0
 21 34  1  0
 21 35  1  0
 22 36  1  0
 22 37  1  0
 22 38  1  0
M  END
"
2h7l_Lingo3DMolv2_777124,"2h7l_Lingo3DMolv2_777124
     RDKit          3D

 29 30  0  0  1  0  0  0  0  0999 V2000
   14.5678   32.0644   63.8340 Cl  0  0  0  0  0  0  0  0  0  0  0  0
   13.3334   32.9321   62.9979 C   0  0  0  0  0  0  0  0  0  0  0  0
   13.6646   34.1503   62.4051 C   0  0  0  0  0  0  0  0  0  0  0  0
   12.6885   34.8939   61.7459 C   0  0  0  0  0  0  0  0  0  0  0  0
   11.3844   34.4192   61.6533 C   0  0  0  0  0  0  0  0  0  0  0  0
   11.0546   33.1897   62.2289 C   0  0  0  0  0  0  0  0  0  0  0  0
   12.0206   32.4485   62.9143 C   0  0  0  0  0  0  0  0  0  0  0  0
   11.5705   30.9500   63.6516 Cl  0  0  0  0  0  0  0  0  0  0  0  0
   10.4345   35.1846   60.9726 N   0  0  0  0  0  0  0  0  0  0  0  0
    9.9162   34.8756   59.7380 C   0  0  0  0  0  0  0  0  0  0  0  0
    9.1010   35.6249   58.9572 C   0  0  0  0  0  0  0  0  0  0  0  0
    8.7548   36.8341   59.5005 O   0  0  0  0  0  0  0  0  0  0  0  0
    8.2771   37.8207   58.5793 C   0  0  0  0  0  0  0  0  0  0  0  0
    7.1962   37.2922   57.6105 C   0  0  0  0  0  0  0  0  0  0  0  0
    7.6767   35.9789   56.9891 C   0  0  0  0  0  0  0  0  0  0  0  0
    8.6070   35.2115   57.6195 C   0  0  0  0  0  0  0  0  0  0  0  0
    9.0865   34.1513   57.0524 O   0  0  0  0  0  0  0  0  0  0  0  0
    7.1116   35.6592   55.6605 N   0  0  0  0  0  0  0  0  0  0  0  0
    7.1397   36.5503   54.8219 O   0  0  0  0  0  0  0  0  0  0  0  0
    6.6469   34.5383   55.4710 O   0  0  0  0  0  0  0  0  0  0  0  0
   14.6780   34.5191   62.4578 H   0  0  0  0  0  0  0  0  0  0  0  0
   12.9518   35.8359   61.2921 H   0  0  0  0  0  0  0  0  0  0  0  0
   10.0408   32.8189   62.1620 H   0  0  0  0  0  0  0  0  0  0  0  0
   10.1030   36.0060   61.4567 H   0  0  0  0  0  0  0  0  0  0  0  0
   10.2487   33.9019   59.4048 H   0  0  0  0  0  0  0  0  0  0  0  0
    7.8907   38.6737   59.1381 H   0  0  0  0  0  0  0  0  0  0  0  0
    9.1242   38.1832   57.9935 H   0  0  0  0  0  0  0  0  0  0  0  0
    6.2647   37.1124   58.1481 H   0  0  0  0  0  0  0  0  0  0  0  0
    6.9910   38.0532   56.8564 H   0  0  0  0  0  0  0  0  0  0  0  0
  1  2  1  0
  2  3  2  0
  2  7  1  0
  3  4  1  0
  3 21  1  0
  4  5  2  0
  4 22  1  0
  5  6  1  0
  5  9  1  0
  6  7  2  0
  6 23  1  0
  7  8  1  0
  9 10  1  0
  9 24  1  0
 10 11  2  0
 10 25  1  0
 11 12  1  0
 11 16  1  0
 12 13  1  0
 13 14  1  0
 13 26  1  0
 13 27  1  0
 14 15  1  0
 14 28  1  0
 14 29  1  0
 15 16  2  0
 15 18  1  0
 16 17  1  0
 18 19  2  0
 18 20  1  0
M  CHG  3  17  -1  18   1  20  -1
M  END
"
3lq8_Lingo3DMolv2_702177,"3lq8_Lingo3DMolv2_702177
     RDKit          3D

 61 65  0  0  1  0  0  0  0  0999 V2000
    5.2840    4.2248   29.3232 N   0  0  0  0  0  0  0  0  0  0  0  0
    6.5157    4.1243   29.8836 C   0  0  0  0  0  0  0  0  0  0  0  0
    6.6783    3.9135   31.0863 O   0  0  0  0  0  0  0  0  0  0  0  0
    7.5757    4.2283   29.0084 N   0  0  0  0  0  0  0  0  0  0  0  0
    8.9399    4.1115   29.5021 C   0  0  0  0  0  0  0  0  0  0  0  0
    9.7440    3.9190   28.2462 C   0  0  0  0  0  0  0  0  0  0  0  0
    8.8069    4.2129   27.1746 N   0  0  0  0  0  0  0  0  0  0  0  0
    7.5376    4.3766   27.6468 C   0  0  0  0  0  0  0  0  0  0  0  0
    6.5320    4.6299   26.9774 O   0  0  0  0  0  0  0  0  0  0  0  0
    9.1064    4.1500   25.7801 C   0  0  0  0  0  0  0  0  0  0  0  0
    8.4963    5.0723   24.9071 C   0  0  0  0  0  0  0  0  0  0  0  0
    8.6149    4.9520   23.5275 C   0  0  0  0  0  0  0  0  0  0  0  0
    9.3610    3.9125   22.9924 C   0  0  0  0  0  0  0  0  0  0  0  0
   10.0196    3.0249   23.8345 C   0  0  0  0  0  0  0  0  0  0  0  0
    9.9425    3.1441   25.2365 C   0  0  0  0  0  0  0  0  0  0  0  0
   10.5978    2.2747   26.0884 O   0  0  0  0  0  0  0  0  0  0  0  0
   11.3538    1.1863   25.5628 C   0  0  0  0  0  0  0  0  0  0  0  0
    7.9849    5.8285   22.7157 F   0  0  0  0  0  0  0  0  0  0  0  0
    3.9934    4.0514   29.8394 C   0  0  0  0  0  0  0  0  0  0  0  0
    3.0003    3.7648   28.8982 C   0  0  0  0  0  0  0  0  0  0  0  0
    1.6687    3.6417   29.2918 C   0  0  0  0  0  0  0  0  0  0  0  0
    1.3151    3.8257   30.6277 C   0  0  0  0  0  0  0  0  0  0  0  0
    2.3046    4.0912   31.5776 C   0  0  0  0  0  0  0  0  0  0  0  0
    3.6421    4.2062   31.1877 C   0  0  0  0  0  0  0  0  0  0  0  0
    1.9534    4.2690   32.8723 F   0  0  0  0  0  0  0  0  0  0  0  0
   -0.0101    3.7916   30.9931 O   0  0  0  0  0  0  0  0  0  0  0  0
   -0.8125    4.8896   30.7542 C   0  0  0  0  0  0  0  0  0  0  0  0
   -0.3096    6.1590   30.4220 C   0  0  0  0  0  0  0  0  0  0  0  0
   -1.2041    7.1990   30.1953 C   0  0  0  0  0  0  0  0  0  0  0  0
   -2.5448    7.0317   30.2598 N   0  0  0  0  0  0  0  0  0  0  0  0
   -3.0402    5.8143   30.5849 C   0  0  0  0  0  0  0  0  0  0  0  0
   -2.1973    4.7224   30.8532 C   0  0  0  0  0  0  0  0  0  0  0  0
   -4.4398    5.7832   30.5989 N   0  0  0  0  0  0  0  0  0  0  0  0
   -5.2791    4.7319   30.6094 C   0  0  0  0  0  0  0  0  0  0  0  0
   -4.9236    3.5511   30.5990 O   0  0  0  0  0  0  0  0  0  0  0  0
   -6.7712    5.1145   30.6157 C   0  0  0  0  0  0  0  0  0  0  0  0
   -7.6916    4.2124   31.4156 C   0  0  0  0  0  0  0  0  0  0  0  0
   -7.7142    4.1652   29.8994 C   0  0  0  0  0  0  0  0  0  0  0  0
    5.3131    4.3532   28.3184 H   0  0  0  0  0  0  0  0  0  0  0  0
    9.2437    5.0259   30.0111 H   0  0  0  0  0  0  0  0  0  0  0  0
    9.0538    3.2595   30.1724 H   0  0  0  0  0  0  0  0  0  0  0  0
   10.5964    4.5953   28.1923 H   0  0  0  0  0  0  0  0  0  0  0  0
   10.0980    2.8919   28.2103 H   0  0  0  0  0  0  0  0  0  0  0  0
    7.8866    5.8804   25.2889 H   0  0  0  0  0  0  0  0  0  0  0  0
    9.4411    3.8020   21.9223 H   0  0  0  0  0  0  0  0  0  0  0  0
   10.5894    2.2346   23.3741 H   0  0  0  0  0  0  0  0  0  0  0  0
   11.7214    0.5714   26.3835 H   0  0  0  0  0  0  0  0  0  0  0  0
   10.7527    0.5448   24.9196 H   0  0  0  0  0  0  0  0  0  0  0  0
   12.2194    1.5380   25.0002 H   0  0  0  0  0  0  0  0  0  0  0  0
    3.2507    3.6384   27.8547 H   0  0  0  0  0  0  0  0  0  0  0  0
    0.9076    3.4272   28.5564 H   0  0  0  0  0  0  0  0  0  0  0  0
    4.3866    4.4457   31.9315 H   0  0  0  0  0  0  0  0  0  0  0  0
    0.7488    6.3444   30.3445 H   0  0  0  0  0  0  0  0  0  0  0  0
   -0.8506    8.1865   29.9335 H   0  0  0  0  0  0  0  0  0  0  0  0
   -2.5862    3.7534   31.1207 H   0  0  0  0  0  0  0  0  0  0  0  0
   -4.8761    6.6841   30.5056 H   0  0  0  0  0  0  0  0  0  0  0  0
   -6.9852    6.1834   30.5814 H   0  0  0  0  0  0  0  0  0  0  0  0
   -7.2794    3.3634   31.9626 H   0  0  0  0  0  0  0  0  0  0  0  0
   -8.5230    4.6752   31.9515 H   0  0  0  0  0  0  0  0  0  0  0  0
   -7.3214    3.2780   29.3979 H   0  0  0  0  0  0  0  0  0  0  0  0
   -8.5618    4.5926   29.3603 H   0  0  0  0  0  0  0  0  0  0  0  0
  1  2  1  0
  1 19  1  0
  1 39  1  0
  2  3  2  0
  2  4  1  0
  4  5  1  0
  4  8  1  0
  5  6  1  0
  5 40  1  0
  5 41  1  0
  6  7  1  0
  6 42  1  0
  6 43  1  0
  7  8  1  0
  7 10  1  0
  8  9  2  0
 10 11  2  0
 10 15  1  0
 11 12  1  0
 11 44  1  0
 12 13  2  0
 12 18  1  0
 13 14  1  0
 13 45  1  0
 14 15  2  0
 14 46  1  0
 15 16  1  0
 16 17  1  0
 17 47  1  0
 17 48  1  0
 17 49  1  0
 19 20  2  0
 19 24  1  0
 20 21  1  0
 20 50  1  0
 21 22  2  0
 21 51  1  0
 22 23  1  0
 22 26  1  0
 23 24  2  0
 23 25  1  0
 24 52  1  0
 26 27  1  0
 27 28  2  0
 27 32  1  0
 28 29  1  0
 28 53  1  0
 29 30  2  0
 29 54  1  0
 30 31  1  0
 31 32  2  0
 31 33  1  0
 32 55  1  0
 33 34  1  0
 33 56  1  0
 34 35  2  0
 34 36  1  0
 36 37  1  0
 36 38  1  0
 36 57  1  0
 37 38  1  0
 37 58  1  0
 37 59  1  0
 38 60  1  0
 38 61  1  0
M  END
"
1mv9_Lingo3DMolv2_566324,"1mv9_Lingo3DMolv2_566324
     RDKit          3D

 49 48  0  0  1  0  0  0  0  0999 V2000
   54.3083   45.2329   30.9691 O   0  0  0  0  0  0  0  0  0  0  0  0
   54.5573   45.8173   29.8890 C   0  0  0  0  0  0  0  0  0  0  0  0
   53.9152   46.8205   29.4889 O   0  0  0  0  0  0  0  0  0  0  0  0
   55.6373   45.2128   28.9648 C   0  0  0  0  0  0  0  0  0  0  0  0
   56.9414   44.7816   29.6940 C   0  0  0  0  0  0  0  0  0  0  0  0
   57.9051   45.9161   29.9858 C   0  0  0  0  0  0  0  0  0  0  0  0
   58.9042   46.2947   29.1673 C   0  0  0  0  0  0  0  0  0  0  0  0
   59.9009   47.3960   29.4891 C   0  0  0  0  0  0  0  0  0  0  0  0
   61.2808   47.3060   28.7901 C   0  0  2  0  0  0  0  0  0  0  0  0
   61.1853   47.6265   27.2821 C   0  0  0  0  0  0  0  0  0  0  0  0
   61.9992   45.9613   29.0731 C   0  0  0  0  0  0  0  0  0  0  0  0
   63.4950   45.9700   28.7774 C   0  0  0  0  0  0  0  0  0  0  0  0
   64.4956   45.5981   29.5998 C   0  0  0  0  0  0  0  0  0  0  0  0
   64.3774   45.0297   31.0055 C   0  0  0  0  0  0  0  0  0  0  0  0
   64.7581   46.0282   32.1110 C   0  0  0  0  0  0  0  0  0  0  0  0
   64.7187   45.4150   33.5038 C   0  0  0  0  0  0  0  0  0  0  0  0
   63.9633   45.7826   34.5594 C   0  0  0  0  0  0  0  0  0  0  0  0
   62.9493   46.9163   34.6510 C   0  0  0  0  0  0  0  0  0  0  0  0
   63.3696   47.9526   35.7066 C   0  0  0  0  0  0  0  0  0  0  0  0
   61.5277   46.3959   34.9256 C   0  0  0  0  0  0  0  0  0  0  0  0
   55.1921   44.3337   28.4993 H   0  0  0  0  0  0  0  0  0  0  0  0
   55.8768   45.8912   28.1432 H   0  0  0  0  0  0  0  0  0  0  0  0
   56.7385   44.2451   30.6217 H   0  0  0  0  0  0  0  0  0  0  0  0
   57.4693   44.0480   29.0889 H   0  0  0  0  0  0  0  0  0  0  0  0
   57.7625   46.4262   30.9275 H   0  0  0  0  0  0  0  0  0  0  0  0
   59.0313   45.7883   28.2215 H   0  0  0  0  0  0  0  0  0  0  0  0
   59.4347   48.3547   29.2578 H   0  0  0  0  0  0  0  0  0  0  0  0
   60.0616   47.3859   30.5673 H   0  0  0  0  0  0  0  0  0  0  0  0
   61.8889   48.0942   29.2392 H   0  0  0  0  0  0  0  0  0  0  0  0
   62.1694   47.6740   26.8155 H   0  0  0  0  0  0  0  0  0  0  0  0
   60.6047   46.8734   26.7514 H   0  0  0  0  0  0  0  0  0  0  0  0
   60.7083   48.5910   27.1079 H   0  0  0  0  0  0  0  0  0  0  0  0
   61.8331   45.6916   30.1143 H   0  0  0  0  0  0  0  0  0  0  0  0
   61.5414   45.1661   28.4836 H   0  0  0  0  0  0  0  0  0  0  0  0
   63.7677   46.3256   27.7948 H   0  0  0  0  0  0  0  0  0  0  0  0
   65.5081   45.6927   29.2344 H   0  0  0  0  0  0  0  0  0  0  0  0
   63.3743   44.6457   31.1858 H   0  0  0  0  0  0  0  0  0  0  0  0
   65.0295   44.1572   31.0528 H   0  0  0  0  0  0  0  0  0  0  0  0
   65.7734   46.3903   31.9416 H   0  0  0  0  0  0  0  0  0  0  0  0
   64.1146   46.9029   32.0402 H   0  0  0  0  0  0  0  0  0  0  0  0
   65.3897   44.5787   33.6426 H   0  0  0  0  0  0  0  0  0  0  0  0
   64.0775   45.2138   35.4716 H   0  0  0  0  0  0  0  0  0  0  0  0
   62.9072   47.4393   33.6974 H   0  0  0  0  0  0  0  0  0  0  0  0
   63.5089   47.4984   36.6878 H   0  0  0  0  0  0  0  0  0  0  0  0
   64.3084   48.4267   35.4292 H   0  0  0  0  0  0  0  0  0  0  0  0
   62.6267   48.7425   35.8127 H   0  0  0  0  0  0  0  0  0  0  0  0
   61.4663   45.8836   35.8866 H   0  0  0  0  0  0  0  0  0  0  0  0
   60.8029   47.2108   34.9404 H   0  0  0  0  0  0  0  0  0  0  0  0
   61.2082   45.6941   34.1537 H   0  0  0  0  0  0  0  0  0  0  0  0
  1  2  2  0
  2  3  1  0
  2  4  1  0
  4  5  1  0
  4 21  1  0
  4 22  1  0
  5  6  1  0
  5 23  1  0
  5 24  1  0
  6  7  2  0
  6 25  1  0
  7  8  1  0
  7 26  1  0
  8  9  1  0
  8 27  1  0
  8 28  1  0
  9 10  1  0
  9 11  1  0
  9 29  1  1
 10 30  1  0
 10 31  1  0
 10 32  1  0
 11 12  1  0
 11 33  1  0
 11 34  1  0
 12 13  2  0
 12 35  1  0
 13 14  1  0
 13 36  1  0
 14 15  1  0
 14 37  1  0
 14 38  1  0
 15 16  1  0
 15 39  1  0
 15 40  1  0
 16 17  2  3
 16 41  1  0
 17 18  1  0
 17 42  1  0
 18 19  1  0
 18 20  1  0
 18 43  1  0
 19 44  1  0
 19 45  1  0
 19 46  1  0
 20 47  1  0
 20 48  1  0
 20 49  1  0
M  CHG  1   3  -1
M  END
"
1w7x_Lingo3DMolv2_1305628,"1w7x_Lingo3DMolv2_1305628
     RDKit          3D

 42 44  0  0  1  0  0  0  0  0999 V2000
   11.0209   40.2454   32.3723 O   0  0  0  0  0  0  0  0  0  0  0  0
   10.7299   41.5914   32.4766 C   0  0  0  0  0  0  0  0  0  0  0  0
    9.6916   42.2166   31.7747 C   0  0  0  0  0  0  0  0  0  0  0  0
    9.4262   43.5859   31.9020 C   0  0  0  0  0  0  0  0  0  0  0  0
   10.2462   44.3136   32.7764 C   0  0  0  0  0  0  0  0  0  0  0  0
   11.2806   43.6980   33.5157 C   0  0  0  0  0  0  0  0  0  0  0  0
   11.5010   42.3268   33.3720 C   0  0  0  0  0  0  0  0  0  0  0  0
   11.8722   44.7418   34.2856 C   0  0  0  0  0  0  0  0  0  0  0  0
   11.2655   45.8805   34.0594 N   0  0  0  0  0  0  0  0  0  0  0  0
   10.2977   45.6475   33.1481 N   0  0  0  0  0  0  0  0  0  0  0  0
    9.4251   46.7387   32.7428 C   0  0  0  0  0  0  0  0  0  0  0  0
   13.0295   44.6310   35.2513 C   0  0  0  0  0  0  0  0  0  0  0  0
   11.4733   39.6690   31.1955 C   0  0  0  0  0  0  0  0  0  0  0  0
   10.9494   40.1157   30.0173 N   0  0  0  0  0  0  0  0  0  0  0  0
   11.4324   39.5224   28.9063 N   0  0  0  0  0  0  0  0  0  0  0  0
   12.3575   38.5469   28.8600 C   0  0  0  0  0  0  0  0  0  0  0  0
   12.9265   38.0888   30.0449 C   0  0  0  0  0  0  0  0  0  0  0  0
   12.4810   38.6803   31.2438 C   0  0  0  0  0  0  0  0  0  0  0  0
   13.0730   38.3435   32.4571 N   0  0  0  0  0  0  0  0  0  0  0  0
   13.9962   36.9837   29.9862 C   0  0  0  0  0  0  0  0  0  0  0  0
   15.2724   37.3347   29.1770 C   0  0  0  0  0  0  0  0  0  0  0  0
   15.0730   37.1521   27.6615 N   0  0  0  0  0  0  0  0  0  0  0  0
    9.0730   41.6282   31.1133 H   0  0  0  0  0  0  0  0  0  0  0  0
    8.6263   44.0546   31.3465 H   0  0  0  0  0  0  0  0  0  0  0  0
   12.2665   41.8479   33.9558 H   0  0  0  0  0  0  0  0  0  0  0  0
    8.4664   46.6363   33.2527 H   0  0  0  0  0  0  0  0  0  0  0  0
    9.8662   47.7033   33.0034 H   0  0  0  0  0  0  0  0  0  0  0  0
    9.2698   46.7011   31.6643 H   0  0  0  0  0  0  0  0  0  0  0  0
   13.2966   45.5751   35.7198 H   0  0  0  0  0  0  0  0  0  0  0  0
   12.7905   43.9479   36.0604 H   0  0  0  0  0  0  0  0  0  0  0  0
   13.9261   44.2354   34.7725 H   0  0  0  0  0  0  0  0  0  0  0  0
   11.0541   39.8999   28.0440 H   0  0  0  0  0  0  0  0  0  0  0  0
   12.6501   38.2049   27.8816 H   0  0  0  0  0  0  0  0  0  0  0  0
   12.9461   38.9770   33.2405 H   0  0  0  0  0  0  0  0  0  0  0  0
   13.8730   37.7320   32.4637 H   0  0  0  0  0  0  0  0  0  0  0  0
   13.5343   36.0629   29.6270 H   0  0  0  0  0  0  0  0  0  0  0  0
   14.3180   36.7310   30.9946 H   0  0  0  0  0  0  0  0  0  0  0  0
   15.6164   38.3520   29.3345 H   0  0  0  0  0  0  0  0  0  0  0  0
   16.1092   36.6755   29.3952 H   0  0  0  0  0  0  0  0  0  0  0  0
   14.7322   36.2168   27.4503 H   0  0  0  0  0  0  0  0  0  0  0  0
   14.4325   37.8205   27.2654 H   0  0  0  0  0  0  0  0  0  0  0  0
   15.9454   37.2251   27.1552 H   0  0  0  0  0  0  0  0  0  0  0  0
  1  2  1  0
  1 13  1  0
  2  3  2  0
  2  7  1  0
  3  4  1  0
  3 23  1  0
  4  5  2  0
  4 24  1  0
  5  6  1  0
  5 10  1  0
  6  7  2  0
  6  8  1  0
  7 25  1  0
  8  9  2  0
  8 12  1  0
  9 10  1  0
 10 11  1  0
 11 26  1  0
 11 27  1  0
 11 28  1  0
 12 29  1  0
 12 30  1  0
 12 31  1  0
 13 14  2  0
 13 18  1  0
 14 15  1  0
 15 16  2  0
 15 32  1  0
 16 17  1  0
 16 33  1  0
 17 18  2  0
 17 20  1  0
 18 19  1  0
 19 34  1  0
 19 35  1  0
 20 21  1  0
 20 36  1  0
 20 37  1  0
 21 22  1  0
 21 38  1  0
 21 39  1  0
 22 40  1  0
 22 41  1  0
 22 42  1  0
M  CHG  2  15   1  22   1
M  END
"
2h7l_Lingo3DMolv2_510784,"2h7l_Lingo3DMolv2_510784
     RDKit          3D

 12 12  0  0  1  0  0  0  0  0999 V2000
   13.1958   32.1394   63.2605 C   0  0  0  0  0  0  0  0  0  0  0  0
   14.2928   31.7504   63.6601 O   0  0  0  0  0  0  0  0  0  0  0  0
   11.9460   31.4166   63.2610 C   0  0  0  0  0  0  0  0  0  0  0  0
   10.9938   32.1859   62.7098 C   0  0  0  0  0  0  0  0  0  0  0  0
   11.5817   33.3573   62.2966 N   0  0  0  0  0  0  0  0  0  0  0  0
   12.8840   33.3202   62.6938 N   0  0  0  0  0  0  0  0  0  0  0  0
   13.8758   34.1502   62.1904 N   0  0  0  0  0  0  0  0  0  0  0  0
   11.8177   30.4242   63.6652 H   0  0  0  0  0  0  0  0  0  0  0  0
    9.9352   32.0051   62.5753 H   0  0  0  0  0  0  0  0  0  0  0  0
   11.2483   34.2933   62.4754 H   0  0  0  0  0  0  0  0  0  0  0  0
   14.7516   33.6754   62.3710 H   0  0  0  0  0  0  0  0  0  0  0  0
   13.8836   34.9838   62.7597 H   0  0  0  0  0  0  0  0  0  0  0  0
  1  2  2  0
  1  3  1  0
  1  6  1  0
  3  4  2  0
  3  8  1  0
  4  5  1  0
  4  9  1  0
  5  6  1  0
  5 10  1  0
  6  7  1  0
  7 11  1  0
  7 12  1  0
M  END
"
3bqd_Lingo3DMolv2_610125,"3bqd_Lingo3DMolv2_610125
     RDKit          3D

 40 39  0  0  1  0  0  0  0  0999 V2000
   39.5151   29.4925   10.8488 N   0  0  0  0  0  0  0  0  0  0  0  0
   38.5477   29.2066    9.7672 C   0  0  1  0  0  0  0  0  0  0  0  0
   37.8943   27.8345   10.0016 C   0  0  0  0  0  0  0  0  0  0  0  0
   37.4968   30.3299    9.7060 C   0  0  0  0  0  0  0  0  0  0  0  0
   38.0552   31.6849    9.2405 C   0  0  0  0  0  0  0  0  0  0  0  0
   41.2063   29.0553   10.6447 S   0  0  0  0  0  0  0  0  0  0  0  0
   41.9704   29.9616   11.5064 O   0  0  0  0  0  0  0  0  0  0  0  0
   41.4648   29.0263    9.2014 O   0  0  0  0  0  0  0  0  0  0  0  0
   41.3489   27.2713   11.3320 C   0  0  2  0  0  0  0  0  0  0  0  0
   40.6645   27.1844   12.7243 C   0  0  0  0  0  0  0  0  0  0  0  0
   41.4637   27.7167   13.9250 C   0  0  0  0  0  0  0  0  0  0  0  0
   42.8109   26.7165   11.2914 C   0  0  1  0  0  0  0  0  0  0  0  0
   42.8377   25.2139   11.6424 C   0  0  0  0  0  0  0  0  0  0  0  0
   43.5565   27.0003    9.9618 C   0  0  0  0  0  0  0  0  0  0  0  0
   44.9466   26.3611    9.8216 C   0  0  0  0  0  0  0  0  0  0  0  0
   39.4343   30.4543   11.1849 H   0  0  0  0  0  0  0  0  0  0  0  0
   39.0744   29.1741    8.8119 H   0  0  0  0  0  0  0  0  0  0  0  0
   37.4185   27.7759   10.9822 H   0  0  0  0  0  0  0  0  0  0  0  0
   37.1304   27.6300    9.2521 H   0  0  0  0  0  0  0  0  0  0  0  0
   38.6230   27.0273    9.9365 H   0  0  0  0  0  0  0  0  0  0  0  0
   36.6863   30.0377    9.0371 H   0  0  0  0  0  0  0  0  0  0  0  0
   37.0649   30.4544   10.6974 H   0  0  0  0  0  0  0  0  0  0  0  0
   38.8281   32.0559    9.9151 H   0  0  0  0  0  0  0  0  0  0  0  0
   38.4893   31.6123    8.2429 H   0  0  0  0  0  0  0  0  0  0  0  0
   37.2652   32.4358    9.2048 H   0  0  0  0  0  0  0  0  0  0  0  0
   40.7506   26.6849   10.6363 H   0  0  0  0  0  0  0  0  0  0  0  0
   39.7209   27.7228   12.6849 H   0  0  0  0  0  0  0  0  0  0  0  0
   40.3782   26.1515   12.9250 H   0  0  0  0  0  0  0  0  0  0  0  0
   40.8564   27.6874   14.8297 H   0  0  0  0  0  0  0  0  0  0  0  0
   42.3500   27.1118   14.1151 H   0  0  0  0  0  0  0  0  0  0  0  0
   41.7798   28.7491   13.7797 H   0  0  0  0  0  0  0  0  0  0  0  0
   43.3830   27.2371   12.0612 H   0  0  0  0  0  0  0  0  0  0  0  0
   42.3383   24.9976   12.5855 H   0  0  0  0  0  0  0  0  0  0  0  0
   42.3682   24.6090   10.8663 H   0  0  0  0  0  0  0  0  0  0  0  0
   43.8625   24.8737   11.7633 H   0  0  0  0  0  0  0  0  0  0  0  0
   42.9418   26.7125    9.1073 H   0  0  0  0  0  0  0  0  0  0  0  0
   43.7071   28.0734    9.8885 H   0  0  0  0  0  0  0  0  0  0  0  0
   45.4888   26.3785   10.7663 H   0  0  0  0  0  0  0  0  0  0  0  0
   44.8661   25.3271    9.4884 H   0  0  0  0  0  0  0  0  0  0  0  0
   45.5507   26.8931    9.0879 H   0  0  0  0  0  0  0  0  0  0  0  0
  1  2  1  0
  1  6  1  0
  1 16  1  0
  2  3  1  0
  2  4  1  0
  2 17  1  6
  3 18  1  0
  3 19  1  0
  3 20  1  0
  4  5  1  0
  4 21  1  0
  4 22  1  0
  5 23  1  0
  5 24  1  0
  5 25  1  0
  6  7  2  0
  6  8  2  0
  6  9  1  0
  9 10  1  0
  9 12  1  0
  9 26  1  6
 10 11  1  0
 10 27  1  0
 10 28  1  0
 11 29  1  0
 11 30  1  0
 11 31  1  0
 12 13  1  0
 12 14  1  0
 12 32  1  1
 13 33  1  0
 13 34  1  0
 13 35  1  0
 14 15  1  0
 14 36  1  0
 14 37  1  0
 15 38  1  0
 15 39  1  0
 15 40  1  0
M  END
"
3eml_Lingo3DMolv2_1231878,"3eml_Lingo3DMolv2_1231878
     RDKit          3D

 34 36  0  0  1  0  0  0  0  0999 V2000
   -7.5908   -5.7113   53.6263 N   0  0  0  0  0  0  0  0  0  0  0  0
   -7.4846   -6.5658   52.5670 C   0  0  0  0  0  0  0  0  0  0  0  0
   -7.9044   -7.9024   52.6389 C   0  0  0  0  0  0  0  0  0  0  0  0
   -8.4683   -8.4336   53.7590 N   0  0  0  0  0  0  0  0  0  0  0  0
   -8.5819   -7.6055   54.8075 C   0  0  0  0  0  0  0  0  0  0  0  0
   -9.1201   -7.7580   56.1329 C   0  0  0  0  0  0  0  0  0  0  0  0
   -8.9040   -6.6264   56.7823 N   0  0  0  0  0  0  0  0  0  0  0  0
   -8.3466   -5.7207   55.9541 N   0  0  0  0  0  0  0  0  0  0  0  0
   -8.1311   -6.2684   54.7149 C   0  0  0  0  0  0  0  0  0  0  0  0
   -9.7399   -8.9204   56.7385 C   0  0  0  0  0  0  0  0  0  0  0  0
   -9.6747  -10.0290   56.2057 O   0  0  0  0  0  0  0  0  0  0  0  0
  -10.3992   -8.6924   57.8902 N   0  0  0  0  0  0  0  0  0  0  0  0
  -11.1131   -9.7063   58.6623 C   0  0  0  0  0  0  0  0  0  0  0  0
  -11.2731   -9.2992   60.1370 C   0  0  0  0  0  0  0  0  0  0  0  0
  -12.1068   -8.0504   60.3642 C   0  0  0  0  0  0  0  0  0  0  0  0
  -11.6374   -6.9050   60.8829 C   0  0  0  0  0  0  0  0  0  0  0  0
   -6.9399   -5.9929   51.3038 C   0  0  0  0  0  0  0  0  0  0  0  0
   -6.4566   -6.5561   50.1291 C   0  0  0  0  0  0  0  0  0  0  0  0
   -6.1399   -5.5051   49.2667 C   0  0  0  0  0  0  0  0  0  0  0  0
   -6.4629   -4.3411   49.9384 C   0  0  0  0  0  0  0  0  0  0  0  0
   -6.9399   -4.6377   51.1723 O   0  0  0  0  0  0  0  0  0  0  0  0
   -7.8218   -8.5640   51.7904 H   0  0  0  0  0  0  0  0  0  0  0  0
   -8.1404   -4.7832   56.2760 H   0  0  0  0  0  0  0  0  0  0  0  0
  -10.4351   -7.7479   58.2470 H   0  0  0  0  0  0  0  0  0  0  0  0
  -12.1047   -9.7423   58.2058 H   0  0  0  0  0  0  0  0  0  0  0  0
  -10.6964  -10.7117   58.5708 H   0  0  0  0  0  0  0  0  0  0  0  0
  -11.7873  -10.1081   60.6575 H   0  0  0  0  0  0  0  0  0  0  0  0
  -10.2983   -9.2417   60.6243 H   0  0  0  0  0  0  0  0  0  0  0  0
  -13.1487   -8.1144   60.0838 H   0  0  0  0  0  0  0  0  0  0  0  0
  -12.2866   -6.0542   61.0232 H   0  0  0  0  0  0  0  0  0  0  0  0
  -10.6020   -6.7975   61.1745 H   0  0  0  0  0  0  0  0  0  0  0  0
   -6.3475   -7.6107   49.9224 H   0  0  0  0  0  0  0  0  0  0  0  0
   -5.7399   -5.5868   48.2664 H   0  0  0  0  0  0  0  0  0  0  0  0
   -6.4118   -3.2912   49.6853 H   0  0  0  0  0  0  0  0  0  0  0  0
  1  2  2  0
  1  9  1  0
  2  3  1  0
  2 17  1  0
  3  4  2  0
  3 22  1  0
  4  5  1  0
  5  6  1  0
  5  9  2  0
  6  7  2  0
  6 10  1  0
  7  8  1  0
  8  9  1  0
  8 23  1  0
 10 11  2  0
 10 12  1  0
 12 13  1  0
 12 24  1  0
 13 14  1  0
 13 25  1  0
 13 26  1  0
 14 15  1  0
 14 27  1  0
 14 28  1  0
 15 16  2  0
 15 29  1  0
 16 30  1  0
 16 31  1  0
 17 18  2  0
 17 21  1  0
 18 19  1  0
 18 32  1  0
 19 20  2  0
 19 33  1  0
 20 21  1  0
 20 34  1  0
M  END
"
3bz3_Lingo3DMolv2_504139,"3bz3_Lingo3DMolv2_504139
     RDKit          3D

 52 55  0  0  1  0  0  0  0  0999 V2000
   14.0764    4.0852    6.9011 N   0  0  0  0  0  0  0  0  0  0  0  0
   13.6388    5.2002    7.5340 C   0  0  0  0  0  0  0  0  0  0  0  0
   12.3108    5.6441    7.4568 C   0  0  0  0  0  0  0  0  0  0  0  0
   11.4234    4.8526    6.7078 C   0  0  0  0  0  0  0  0  0  0  0  0
   11.8532    3.7341    6.0676 N   0  0  0  0  0  0  0  0  0  0  0  0
   13.1598    3.3975    6.1826 C   0  0  0  0  0  0  0  0  0  0  0  0
   13.6636    2.3170    5.4517 N   0  0  0  0  0  0  0  0  0  0  0  0
   13.0726    1.4369    4.5359 C   0  0  0  0  0  0  0  0  0  0  0  0
   11.7034    1.1177    4.5445 C   0  0  0  0  0  0  0  0  0  0  0  0
   11.1684    0.2520    3.5865 C   0  0  0  0  0  0  0  0  0  0  0  0
   12.0131   -0.2944    2.6183 C   0  0  0  0  0  0  0  0  0  0  0  0
   13.3645   -0.0085    2.6183 C   0  0  0  0  0  0  0  0  0  0  0  0
   13.9054    0.8478    3.5758 C   0  0  0  0  0  0  0  0  0  0  0  0
   13.9966   -0.7514    1.4891 C   0  0  0  0  0  0  0  0  0  0  0  0
   12.8150   -1.4578    0.8291 C   0  0  0  0  0  0  0  0  0  0  0  0
   12.8940   -2.1575   -0.1821 O   0  0  0  0  0  0  0  0  0  0  0  0
   11.7158   -1.1469    1.5582 N   0  0  0  0  0  0  0  0  0  0  0  0
   10.3969   -1.6887    1.2354 C   0  0  0  0  0  0  0  0  0  0  0  0
   10.0636    5.1946    6.6174 N   0  0  0  0  0  0  0  0  0  0  0  0
    9.1220    4.4557    5.7770 C   0  0  1  0  0  0  0  0  0  0  0  0
    8.7224    3.0570    6.1589 C   0  0  0  0  0  0  0  0  0  0  0  0
    7.7554    4.2052    6.3872 C   0  0  2  0  0  0  0  0  0  0  0  0
    6.5301    4.2434    5.5750 N   0  0  0  0  0  0  0  0  0  0  0  0
    6.3627    5.4460    4.7591 C   0  0  0  0  0  0  0  0  0  0  0  0
    5.5678    3.2973    5.7366 C   0  0  0  0  0  0  0  0  0  0  0  0
    4.2889    3.3692    4.8986 C   0  0  0  0  0  0  0  0  0  0  0  0
    5.6687    2.3775    6.5487 O   0  0  0  0  0  0  0  0  0  0  0  0
   11.8741    6.9178    8.1713 C   0  0  0  0  0  0  0  0  0  0  0  0
   12.7964    7.3801    9.0165 F   0  0  0  0  0  0  0  0  0  0  0  0
   11.5949    7.8680    7.2790 F   0  0  0  0  0  0  0  0  0  0  0  0
   14.3913    5.7431    8.0919 H   0  0  0  0  0  0  0  0  0  0  0  0
   14.6619    2.2120    5.5274 H   0  0  0  0  0  0  0  0  0  0  0  0
   11.0393    1.5228    5.2908 H   0  0  0  0  0  0  0  0  0  0  0  0
   10.1083    0.0355    3.6008 H   0  0  0  0  0  0  0  0  0  0  0  0
   14.9638    1.0664    3.5728 H   0  0  0  0  0  0  0  0  0  0  0  0
   14.4620   -0.0825    0.7661 H   0  0  0  0  0  0  0  0  0  0  0  0
   14.7272   -1.4828    1.8389 H   0  0  0  0  0  0  0  0  0  0  0  0
    9.9137   -2.0694    2.1357 H   0  0  0  0  0  0  0  0  0  0  0  0
    9.7619   -0.9033    0.8225 H   0  0  0  0  0  0  0  0  0  0  0  0
   10.4433   -2.5079    0.5150 H   0  0  0  0  0  0  0  0  0  0  0  0
    9.7897    6.1130    6.9340 H   0  0  0  0  0  0  0  0  0  0  0  0
    9.2021    4.6702    4.7094 H   0  0  0  0  0  0  0  0  0  0  0  0
    8.5056    2.3343    5.3689 H   0  0  0  0  0  0  0  0  0  0  0  0
    9.1935    2.5911    7.0179 H   0  0  0  0  0  0  0  0  0  0  0  0
    7.5881    4.5035    7.4248 H   0  0  0  0  0  0  0  0  0  0  0  0
    6.3964    6.3170    5.4071 H   0  0  0  0  0  0  0  0  0  0  0  0
    7.1686    5.5171    4.0307 H   0  0  0  0  0  0  0  0  0  0  0  0
    5.4217    5.4868    4.2119 H   0  0  0  0  0  0  0  0  0  0  0  0
    3.6539    2.5072    5.1025 H   0  0  0  0  0  0  0  0  0  0  0  0
    3.7223    4.2704    5.1395 H   0  0  0  0  0  0  0  0  0  0  0  0
    4.5229    3.3633    3.8338 H   0  0  0  0  0  0  0  0  0  0  0  0
   10.9705    6.7426    8.7583 H   0  0  0  0  0  0  0  0  0  0  0  0
  1  2  2  0
  1  6  1  0
  2  3  1  0
  2 31  1  0
  3  4  2  0
  3 28  1  0
  4  5  1  0
  4 19  1  0
  5  6  2  0
  6  7  1  0
  7  8  1  0
  7 32  1  0
  8  9  2  0
  8 13  1  0
  9 10  1  0
  9 33  1  0
 10 11  2  0
 10 34  1  0
 11 12  1  0
 11 17  1  0
 12 13  2  0
 12 14  1  0
 13 35  1  0
 14 15  1  0
 14 36  1  0
 14 37  1  0
 15 16  2  0
 15 17  1  0
 17 18  1  0
 18 38  1  0
 18 39  1  0
 18 40  1  0
 19 20  1  0
 19 41  1  0
 20 21  1  0
 20 22  1  0
 20 42  1  6
 21 22  1  0
 21 43  1  0
 21 44  1  0
 22 23  1  0
 22 45  1  1
 23 24  1  0
 23 25  1  0
 24 46  1  0
 24 47  1  0
 24 48  1  0
 25 26  1  0
 25 27  2  0
 26 49  1  0
 26 50  1  0
 26 51  1  0
 28 29  1  0
 28 30  1  0
 28 52  1  0
M  END
"
3kgc_Lingo3DMolv2_608832,"3kgc_Lingo3DMolv2_608832
     RDKit          3D

 23 22  0  0  1  0  0  0  0  0999 V2000
   13.6019   49.5371   -4.3191 O   0  0  0  0  0  0  0  0  0  0  0  0
   13.8789   50.8958   -3.9980 C   0  0  2  0  0  0  0  0  0  0  0  0
   15.3710   51.1037   -4.3880 C   0  0  0  0  0  0  0  0  0  0  0  0
   15.6019   50.7259   -5.7307 O   0  0  0  0  0  0  0  0  0  0  0  0
   13.7059   50.9560   -2.4683 C   0  0  0  0  0  0  0  0  0  0  0  0
   12.8727   51.8708   -4.7234 C   0  0  2  0  0  0  0  0  0  0  0  0
   12.4224   51.4156   -6.1308 C   0  0  0  0  0  0  0  0  0  0  0  0
   13.3235   53.3601   -4.8061 C   0  0  0  0  0  0  0  0  0  0  0  0
   13.6019   53.9630   -3.5662 O   0  0  0  0  0  0  0  0  0  0  0  0
   12.6746   49.3227   -4.1308 H   0  0  0  0  0  0  0  0  0  0  0  0
   15.7009   52.1301   -4.2269 H   0  0  0  0  0  0  0  0  0  0  0  0
   16.0146   50.4812   -3.7636 H   0  0  0  0  0  0  0  0  0  0  0  0
   15.1869   49.8647   -5.8341 H   0  0  0  0  0  0  0  0  0  0  0  0
   14.3260   50.2156   -1.9599 H   0  0  0  0  0  0  0  0  0  0  0  0
   13.9852   51.9337   -2.0804 H   0  0  0  0  0  0  0  0  0  0  0  0
   12.6746   50.7696   -2.1657 H   0  0  0  0  0  0  0  0  0  0  0  0
   11.9527   51.8479   -4.1391 H   0  0  0  0  0  0  0  0  0  0  0  0
   11.9955   50.4124   -6.1201 H   0  0  0  0  0  0  0  0  0  0  0  0
   11.6497   52.0722   -6.5337 H   0  0  0  0  0  0  0  0  0  0  0  0
   13.2546   51.4156   -6.8332 H   0  0  0  0  0  0  0  0  0  0  0  0
   14.2224   53.4519   -5.4166 H   0  0  0  0  0  0  0  0  0  0  0  0
   12.5546   53.9645   -5.2906 H   0  0  0  0  0  0  0  0  0  0  0  0
   12.7419   54.0682   -3.1218 H   0  0  0  0  0  0  0  0  0  0  0  0
  2  1  1  6
  1 10  1  0
  2  3  1  0
  2  5  1  0
  2  6  1  0
  3  4  1  0
  3 11  1  0
  3 12  1  0
  4 13  1  0
  5 14  1  0
  5 15  1  0
  5 16  1  0
  6  7  1  0
  6  8  1  0
  6 17  1  1
  7 18  1  0
  7 19  1  0
  7 20  1  0
  8  9  1  0
  8 21  1  0
  8 22  1  0
  9 23  1  0
M  END
"
2i78_Lingo3DMolv2_767539,"2i78_Lingo3DMolv2_767539
     RDKit          3D

 17 17  0  0  1  0  0  0  0  0999 V2000
  -16.4189   -5.9302   59.4042 N   0  0  0  0  0  0  0  0  0  0  0  0
  -17.6997   -5.5587   59.1547 C   0  0  0  0  0  0  0  0  0  0  0  0
  -18.7812   -6.0197   59.9067 C   0  0  0  0  0  0  0  0  0  0  0  0
  -18.5499   -6.8980   60.9687 C   0  0  0  0  0  0  0  0  0  0  0  0
  -17.2266   -7.2820   61.2355 C   0  0  0  0  0  0  0  0  0  0  0  0
  -16.2006   -6.7809   60.4363 C   0  0  0  0  0  0  0  0  0  0  0  0
  -14.8929   -7.1741   60.6824 N   0  0  0  0  0  0  0  0  0  0  0  0
  -19.6494   -7.3313   61.6832 O   0  0  0  0  0  0  0  0  0  0  0  0
  -19.4486   -8.1946   62.7980 C   0  0  0  0  0  0  0  0  0  0  0  0
  -17.8520   -4.8745   58.3323 H   0  0  0  0  0  0  0  0  0  0  0  0
  -19.7874   -5.7043   59.6734 H   0  0  0  0  0  0  0  0  0  0  0  0
  -16.9806   -7.9587   62.0412 H   0  0  0  0  0  0  0  0  0  0  0  0
  -14.1368   -6.8044   60.1280 H   0  0  0  0  0  0  0  0  0  0  0  0
  -14.7098   -7.8325   61.4367 H   0  0  0  0  0  0  0  0  0  0  0  0
  -18.8154   -7.7285   63.5539 H   0  0  0  0  0  0  0  0  0  0  0  0
  -20.4094   -8.4125   63.2631 H   0  0  0  0  0  0  0  0  0  0  0  0
  -19.0034   -9.1439   62.4967 H   0  0  0  0  0  0  0  0  0  0  0  0
  1  2  2  0
  1  6  1  0
  2  3  1  0
  2 10  1  0
  3  4  2  0
  3 11  1  0
  4  5  1  0
  4  8  1  0
  5  6  2  0
  5 12  1  0
  6  7  1  0
  7 13  1  0
  7 14  1  0
  8  9  1  0
  9 15  1  0
  9 16  1  0
  9 17  1  0
M  END
"
2p2i_Lingo3DMolv2_804046,"2p2i_Lingo3DMolv2_804046
     RDKit          3D

 48 51  0  0  1  0  0  0  0  0999 V2000
   23.7886    3.3231   29.0855 N   0  0  0  0  0  0  0  0  0  0  0  0
   23.5558    4.2087   28.1083 C   0  0  0  0  0  0  0  0  0  0  0  0
   23.2800    5.3985   28.2702 O   0  0  0  0  0  0  0  0  0  0  0  0
   23.6118    3.5801   26.9225 N   0  0  0  0  0  0  0  0  0  0  0  0
   23.0316    4.0064   25.7217 C   0  0  0  0  0  0  0  0  0  0  0  0
   21.7839    4.6472   25.7103 C   0  0  0  0  0  0  0  0  0  0  0  0
   21.1972    5.0222   24.5090 C   0  0  0  0  0  0  0  0  0  0  0  0
   21.8567    4.7799   23.3096 C   0  0  0  0  0  0  0  0  0  0  0  0
   23.0954    4.1413   23.3096 C   0  0  0  0  0  0  0  0  0  0  0  0
   23.6834    3.7381   24.5085 C   0  0  0  0  0  0  0  0  0  0  0  0
   25.2069    2.9149   24.4531 Cl  0  0  0  0  0  0  0  0  0  0  0  0
   23.6401    3.5866   30.4283 C   0  0  0  0  0  0  0  0  0  0  0  0
   24.2705    4.5021   31.2571 C   0  0  0  0  0  0  0  0  0  0  0  0
   23.8343    4.1647   32.5471 C   0  0  0  0  0  0  0  0  0  0  0  0
   22.9139    3.2174   32.5209 N   0  0  0  0  0  0  0  0  0  0  0  0
   22.8464    2.8227   31.2498 N   0  0  0  0  0  0  0  0  0  0  0  0
   22.1262    1.5933   30.9394 C   0  0  0  0  0  0  0  0  0  0  0  0
   24.3768    4.6970   33.7042 O   0  0  0  0  0  0  0  0  0  0  0  0
   23.8780    4.2908   35.0208 N   0  0  0  0  0  0  0  0  0  0  0  0
   22.4633    4.5867   35.1972 C   0  0  0  0  0  0  0  0  0  0  0  0
   22.1045    3.6663   36.3591 C   0  0  0  0  0  0  0  0  0  0  0  0
   22.9880    2.4276   36.1783 C   0  0  1  0  0  0  0  0  0  0  0  0
   22.3654    1.3682   35.2531 C   0  0  0  0  0  0  0  0  0  0  0  0
   23.5460    0.7275   34.5335 C   0  0  0  0  0  0  0  0  0  0  0  0
   24.6671    1.7787   34.5103 C   0  0  0  0  0  0  0  0  0  0  0  0
   24.2597    2.9332   35.4683 C   0  0  1  0  0  0  0  0  0  0  0  0
   25.1539    5.4143   30.9209 F   0  0  0  0  0  0  0  0  0  0  0  0
   23.9788    2.3662   28.8235 H   0  0  0  0  0  0  0  0  0  0  0  0
   24.1107    2.7003   26.8851 H   0  0  0  0  0  0  0  0  0  0  0  0
   21.2529    4.8277   26.6346 H   0  0  0  0  0  0  0  0  0  0  0  0
   20.2439    5.5224   24.5097 H   0  0  0  0  0  0  0  0  0  0  0  0
   21.4085    5.0985   22.3821 H   0  0  0  0  0  0  0  0  0  0  0  0
   23.6058    3.9786   22.3761 H   0  0  0  0  0  0  0  0  0  0  0  0
   22.5601    0.7703   31.5061 H   0  0  0  0  0  0  0  0  0  0  0  0
   21.0679    1.6822   31.1992 H   0  0  0  0  0  0  0  0  0  0  0  0
   22.2536    1.3496   29.8829 H   0  0  0  0  0  0  0  0  0  0  0  0
   22.3561    5.6379   35.4659 H   0  0  0  0  0  0  0  0  0  0  0  0
   21.8243    4.3943   34.3391 H   0  0  0  0  0  0  0  0  0  0  0  0
   22.2734    4.1653   37.3113 H   0  0  0  0  0  0  0  0  0  0  0  0
   21.0567    3.3857   36.3287 H   0  0  0  0  0  0  0  0  0  0  0  0
   23.2369    1.9806   37.1424 H   0  0  0  0  0  0  0  0  0  0  0  0
   21.7940    0.6274   35.8144 H   0  0  0  0  0  0  0  0  0  0  0  0
   21.6810    1.8138   34.5291 H   0  0  0  0  0  0  0  0  0  0  0  0
   23.8566   -0.1529   35.0953 H   0  0  0  0  0  0  0  0  0  0  0  0
   23.2885    0.3752   33.5367 H   0  0  0  0  0  0  0  0  0  0  0  0
   25.5502    1.2849   34.9018 H   0  0  0  0  0  0  0  0  0  0  0  0
   24.9650    2.0768   33.5103 H   0  0  0  0  0  0  0  0  0  0  0  0
   25.0310    3.0535   36.2291 H   0  0  0  0  0  0  0  0  0  0  0  0
  1  2  1  0
  1 12  1  0
  1 28  1  0
  2  3  2  0
  2  4  1  0
  4  5  1  0
  4 29  1  0
  5  6  2  0
  5 10  1  0
  6  7  1  0
  6 30  1  0
  7  8  2  0
  7 31  1  0
  8  9  1  0
  8 32  1  0
  9 10  2  0
  9 33  1  0
 10 11  1  0
 12 13  2  0
 12 16  1  0
 13 14  1  0
 13 27  1  0
 14 15  2  0
 14 18  1  0
 15 16  1  0
 16 17  1  0
 17 34  1  0
 17 35  1  0
 17 36  1  0
 18 19  1  0
 19 20  1  0
 19 26  1  0
 20 21  1  0
 20 37  1  0
 20 38  1  0
 21 22  1  0
 21 39  1  0
 21 40  1  0
 22 23  1  0
 22 26  1  0
 22 41  1  1
 23 24  1  0
 23 42  1  0
 23 43  1  0
 24 25  1  0
 24 44  1  0
 24 45  1  0
 25 26  1  0
 25 46  1  0
 25 47  1  0
 26 48  1  1
M  END
"
3m2w_Lingo3DMolv2_829230,"3m2w_Lingo3DMolv2_829230
     RDKit          3D

 45 49  0  0  1  0  0  0  0  0999 V2000
   39.7898    6.4323   13.3223 N   0  0  0  0  0  0  0  0  0  0  0  0
   40.6705    7.1040   14.1020 C   0  0  0  0  0  0  0  0  0  0  0  0
   40.6139    7.2612   15.4453 N   0  0  0  0  0  0  0  0  0  0  0  0
   39.5500    6.7208   16.1051 C   0  0  0  0  0  0  0  0  0  0  0  0
   38.5427    6.0307   15.4000 C   0  0  0  0  0  0  0  0  0  0  0  0
   37.3706    5.4481   15.7690 N   0  0  0  0  0  0  0  0  0  0  0  0
   36.8401    5.0339   14.6400 C   0  0  0  0  0  0  0  0  0  0  0  0
   37.6193    5.3348   13.5175 C   0  0  0  0  0  0  0  0  0  0  0  0
   38.7433    5.9494   14.0139 N   0  0  0  0  0  0  0  0  0  0  0  0
   37.4179    5.1393   12.1731 O   0  0  0  0  0  0  0  0  0  0  0  0
   36.1860    4.5117   11.8391 C   0  0  0  0  0  0  0  0  0  0  0  0
   39.5065    6.9516   17.5706 C   0  0  0  0  0  0  0  0  0  0  0  0
   38.7669    6.3354   18.4910 C   0  0  0  0  0  0  0  0  0  0  0  0
   38.9688    7.0169   19.7491 C   0  0  0  0  0  0  0  0  0  0  0  0
   38.4269    6.8465   20.9902 C   0  0  0  0  0  0  0  0  0  0  0  0
   38.7047    7.6534   22.0809 N   0  0  0  0  0  0  0  0  0  0  0  0
   37.7103    8.3954   22.8399 C   0  0  0  0  0  0  0  0  0  0  0  0
   39.9772    8.0316   19.4567 C   0  0  0  0  0  0  0  0  0  0  0  0
   40.5322    8.8316   20.2087 O   0  0  0  0  0  0  0  0  0  0  0  0
   40.2164    7.9362   18.1422 N   0  0  0  0  0  0  0  0  0  0  0  0
   37.4411    5.7687   21.3330 C   0  0  0  0  0  0  0  0  0  0  0  0
   37.5289    5.1122   22.5862 C   0  0  0  0  0  0  0  0  0  0  0  0
   36.6371    4.1019   22.9586 C   0  0  0  0  0  0  0  0  0  0  0  0
   35.6767    3.7269   22.0326 C   0  0  0  0  0  0  0  0  0  0  0  0
   35.5825    4.3263   20.8101 C   0  0  0  0  0  0  0  0  0  0  0  0
   36.4318    5.3632   20.4340 C   0  0  0  0  0  0  0  0  0  0  0  0
   34.5533    3.7661   20.1197 O   0  0  0  0  0  0  0  0  0  0  0  0
   34.1946    2.6276   20.8593 C   0  0  0  0  0  0  0  0  0  0  0  0
   34.6986    2.7938   22.1552 O   0  0  0  0  0  0  0  0  0  0  0  0
   41.4769    7.6168   13.5925 H   0  0  0  0  0  0  0  0  0  0  0  0
   35.8829    4.5343   14.6371 H   0  0  0  0  0  0  0  0  0  0  0  0
   36.0495    3.5654   12.3649 H   0  0  0  0  0  0  0  0  0  0  0  0
   35.3390    5.1620   12.0637 H   0  0  0  0  0  0  0  0  0  0  0  0
   36.1678    4.2927   10.7733 H   0  0  0  0  0  0  0  0  0  0  0  0
   38.1031    5.5053   18.3112 H   0  0  0  0  0  0  0  0  0  0  0  0
   39.5712    8.1721   22.0267 H   0  0  0  0  0  0  0  0  0  0  0  0
   38.1797    8.8312   23.7221 H   0  0  0  0  0  0  0  0  0  0  0  0
   37.2897    9.1988   22.2350 H   0  0  0  0  0  0  0  0  0  0  0  0
   36.8942    7.7535   23.1730 H   0  0  0  0  0  0  0  0  0  0  0  0
   40.8653    8.5127   17.6280 H   0  0  0  0  0  0  0  0  0  0  0  0
   38.3035    5.3872   23.2891 H   0  0  0  0  0  0  0  0  0  0  0  0
   36.7119    3.6320   23.9269 H   0  0  0  0  0  0  0  0  0  0  0  0
   36.3038    5.8463   19.4792 H   0  0  0  0  0  0  0  0  0  0  0  0
   33.1144    2.4848   20.8747 H   0  0  0  0  0  0  0  0  0  0  0  0
   34.6495    1.7362   20.4175 H   0  0  0  0  0  0  0  0  0  0  0  0
  1  2  2  0
  1  9  1  0
  2  3  1  0
  2 30  1  0
  3  4  2  0
  4  5  1  0
  4 12  1  0
  5  6  2  0
  5  9  1  0
  6  7  1  0
  7  8  2  0
  7 31  1  0
  8  9  1  0
  8 10  1  0
 10 11  1  0
 11 32  1  0
 11 33  1  0
 11 34  1  0
 12 13  2  0
 12 20  1  0
 13 14  1  0
 13 35  1  0
 14 15  2  0
 14 18  1  0
 15 16  1  0
 15 21  1  0
 16 17  1  0
 16 36  1  0
 17 37  1  0
 17 38  1  0
 17 39  1  0
 18 19  2  0
 18 20  1  0
 20 40  1  0
 21 22  2  0
 21 26  1  0
 22 23  1  0
 22 41  1  0
 23 24  2  0
 23 42  1  0
 24 25  1  0
 24 29  1  0
 25 26  2  0
 25 27  1  0
 26 43  1  0
 27 28  1  0
 28 29  1  0
 28 44  1  0
 28 45  1  0
M  END
"
2h7l_Lingo3DMolv2_607660,"2h7l_Lingo3DMolv2_607660
     RDKit          3D

 30 33  0  0  1  0  0  0  0  0999 V2000
    9.0890   34.2918   57.6783 N   0  0  0  0  0  0  0  0  0  0  0  0
    9.6225   34.9500   58.6747 C   0  0  0  0  0  0  0  0  0  0  0  0
    8.7381   35.7012   59.4414 N   0  0  0  0  0  0  0  0  0  0  0  0
    7.5082   35.5113   58.8242 C   0  0  0  0  0  0  0  0  0  0  0  0
    6.2104   35.9854   59.0719 C   0  0  0  0  0  0  0  0  0  0  0  0
    5.2174   35.5178   58.2044 C   0  0  0  0  0  0  0  0  0  0  0  0
    5.4333   34.6637   57.1714 N   0  0  0  0  0  0  0  0  0  0  0  0
    6.6935   34.2171   56.9450 C   0  0  0  0  0  0  0  0  0  0  0  0
    7.7677   34.6201   57.7496 C   0  0  0  0  0  0  0  0  0  0  0  0
    9.0736   36.5198   60.5718 C   0  0  0  0  0  0  0  0  0  0  0  0
    8.2857   37.3710   60.9926 O   0  0  0  0  0  0  0  0  0  0  0  0
   10.3497   36.2907   61.2146 C   0  0  0  0  0  0  0  0  0  0  0  0
   11.0889   37.2863   61.6607 N   0  0  0  0  0  0  0  0  0  0  0  0
   12.2175   36.6696   62.1869 O   0  0  0  0  0  0  0  0  0  0  0  0
   11.9858   35.3508   62.0365 C   0  0  0  0  0  0  0  0  0  0  0  0
   10.8425   35.0865   61.4657 N   0  0  0  0  0  0  0  0  0  0  0  0
   12.9604   34.5159   62.5168 N   0  0  0  0  0  0  0  0  0  0  0  0
   12.8384   33.1628   62.8650 C   0  0  0  0  0  0  0  0  0  0  0  0
   13.9712   32.4572   63.2802 C   0  0  0  0  0  0  0  0  0  0  0  0
   13.8889   31.1653   63.6849 N   0  0  0  0  0  0  0  0  0  0  0  0
   12.6487   30.6204   63.6546 C   0  0  0  0  0  0  0  0  0  0  0  0
   11.5177   31.2639   63.2606 N   0  0  0  0  0  0  0  0  0  0  0  0
   11.6218   32.5432   62.8595 N   0  0  0  0  0  0  0  0  0  0  0  0
   10.6807   34.9502   58.8989 H   0  0  0  0  0  0  0  0  0  0  0  0
    5.9865   36.6609   59.8854 H   0  0  0  0  0  0  0  0  0  0  0  0
    4.1925   35.8319   58.3385 H   0  0  0  0  0  0  0  0  0  0  0  0
    6.8292   33.5300   56.1240 H   0  0  0  0  0  0  0  0  0  0  0  0
   13.8755   34.9028   62.6872 H   0  0  0  0  0  0  0  0  0  0  0  0
   14.9512   32.9113   63.3137 H   0  0  0  0  0  0  0  0  0  0  0  0
   12.5511   29.5943   63.9767 H   0  0  0  0  0  0  0  0  0  0  0  0
  1  2  2  0
  1  9  1  0
  2  3  1  0
  2 24  1  0
  3  4  1  0
  3 10  1  0
  4  5  1  0
  4  9  2  0
  5  6  2  0
  5 25  1  0
  6  7  1  0
  6 26  1  0
  7  8  2  0
  8  9  1  0
  8 27  1  0
 10 11  2  0
 10 12  1  0
 12 13  2  0
 12 16  1  0
 13 14  1  0
 14 15  1  0
 15 16  2  0
 15 17  1  0
 17 18  1  0
 17 28  1  0
 18 19  2  0
 18 23  1  0
 19 20  1  0
 19 29  1  0
 20 21  2  0
 21 22  1  0
 21 30  1  0
 22 23  2  0
M  END
"
3cjo_Lingo3DMolv2_131079,"3cjo_Lingo3DMolv2_131079
     RDKit          3D

 51 53  0  0  1  0  0  0  0  0999 V2000
   40.7750   17.2321   55.7837 O   0  0  0  0  0  0  0  0  0  0  0  0
   41.6512   16.4301   55.4620 C   0  0  0  0  0  0  0  0  0  0  0  0
   42.7382   15.8552   56.3340 C   0  0  0  0  0  0  0  0  0  0  0  0
   43.4466   14.8657   55.4338 C   0  0  0  0  0  0  0  0  0  0  0  0
   44.3731   14.1325   55.7661 O   0  0  0  0  0  0  0  0  0  0  0  0
   42.8704   14.9535   54.2299 N   0  0  0  0  0  0  0  0  0  0  0  0
   41.8191   15.8094   54.1610 C   0  0  0  0  0  0  0  0  0  0  0  0
   41.0430   16.0469   53.0776 C   0  0  0  0  0  0  0  0  0  0  0  0
   41.0953   15.4367   51.7512 C   0  0  0  0  0  0  0  0  0  0  0  0
   41.5752   14.1634   51.5906 N   0  0  0  0  0  0  0  0  0  0  0  0
   41.4938   13.8054   50.2797 C   0  0  0  0  0  0  0  0  0  0  0  0
   40.9121   14.8401   49.5712 C   0  0  0  0  0  0  0  0  0  0  0  0
   40.6734   15.8955   50.4926 C   0  0  0  0  0  0  0  0  0  0  0  0
   40.0719   17.2612   50.2035 C   0  0  0  0  0  0  0  0  0  0  0  0
   41.1255   18.3811   50.0435 C   0  0  0  0  0  0  0  0  0  0  0  0
   42.2250   18.1373   48.9777 C   0  0  1  0  0  0  0  0  0  0  0  0
   41.6405   17.8074   47.7346 O   0  0  0  0  0  0  0  0  0  0  0  0
   43.2019   19.3195   48.7661 C   0  0  0  0  0  0  0  0  0  0  0  0
   42.5584   20.6732   48.3786 C   0  0  2  0  0  0  0  0  0  0  0  0
   43.5173   21.6062   47.6253 C   0  0  0  0  0  0  0  0  0  0  0  0
   42.1343   21.3473   49.5454 O   0  0  0  0  0  0  0  0  0  0  0  0
   40.6392   14.7456   48.1398 C   0  0  0  0  0  0  0  0  0  0  0  0
   39.6075   15.3127   47.3996 C   0  0  0  0  0  0  0  0  0  0  0  0
   39.6931   14.9636   46.0910 O   0  0  0  0  0  0  0  0  0  0  0  0
   40.7738   14.1541   45.9667 C   0  0  0  0  0  0  0  0  0  0  0  0
   41.3773   14.0076   47.2037 C   0  0  0  0  0  0  0  0  0  0  0  0
   41.0662   13.6200   44.5896 C   0  0  0  0  0  0  0  0  0  0  0  0
   43.4284   16.6313   56.6636 H   0  0  0  0  0  0  0  0  0  0  0  0
   42.3208   15.3490   57.2030 H   0  0  0  0  0  0  0  0  0  0  0  0
   43.1927   14.4197   53.4379 H   0  0  0  0  0  0  0  0  0  0  0  0
   40.2604   16.7893   53.1609 H   0  0  0  0  0  0  0  0  0  0  0  0
   41.8860   13.5609   52.3399 H   0  0  0  0  0  0  0  0  0  0  0  0
   41.8102   12.8268   49.9603 H   0  0  0  0  0  0  0  0  0  0  0  0
   39.3876   17.5438   51.0064 H   0  0  0  0  0  0  0  0  0  0  0  0
   39.4461   17.2409   49.3141 H   0  0  0  0  0  0  0  0  0  0  0  0
   40.5809   19.2956   49.8072 H   0  0  0  0  0  0  0  0  0  0  0  0
   41.6046   18.5629   51.0073 H   0  0  0  0  0  0  0  0  0  0  0  0
   42.8173   17.2729   49.2831 H   0  0  0  0  0  0  0  0  0  0  0  0
   41.1120   17.0131   47.8543 H   0  0  0  0  0  0  0  0  0  0  0  0
   43.8282   19.4434   49.6514 H   0  0  0  0  0  0  0  0  0  0  0  0
   43.8968   19.0238   47.9778 H   0  0  0  0  0  0  0  0  0  0  0  0
   41.6886   20.4975   47.7443 H   0  0  0  0  0  0  0  0  0  0  0  0
   44.4177   21.8178   48.2021 H   0  0  0  0  0  0  0  0  0  0  0  0
   43.8317   21.1601   46.6814 H   0  0  0  0  0  0  0  0  0  0  0  0
   43.0368   22.5573   47.3878 H   0  0  0  0  0  0  0  0  0  0  0  0
   42.9121   21.6698   50.0085 H   0  0  0  0  0  0  0  0  0  0  0  0
   38.7745   15.9469   47.6535 H   0  0  0  0  0  0  0  0  0  0  0  0
   42.2549   13.4126   47.4117 H   0  0  0  0  0  0  0  0  0  0  0  0
   41.8399   12.8495   44.6052 H   0  0  0  0  0  0  0  0  0  0  0  0
   40.1769   13.1692   44.1515 H   0  0  0  0  0  0  0  0  0  0  0  0
   41.4008   14.4021   43.9113 H   0  0  0  0  0  0  0  0  0  0  0  0
  1  2  2  0
  2  3  1  0
  2  7  1  0
  3  4  1  0
  3 28  1  0
  3 29  1  0
  4  5  2  0
  4  6  1  0
  6  7  1  0
  6 30  1  0
  7  8  2  3
  8  9  1  0
  8 31  1  0
  9 10  1  0
  9 13  2  0
 10 11  1  0
 10 32  1  0
 11 12  2  0
 11 33  1  0
 12 13  1  0
 12 22  1  0
 13 14  1  0
 14 15  1  0
 14 34  1  0
 14 35  1  0
 15 16  1  0
 15 36  1  0
 15 37  1  0
 16 17  1  0
 16 18  1  0
 16 38  1  1
 17 39  1  0
 18 19  1  0
 18 40  1  0
 18 41  1  0
 19 20  1  0
 19 21  1  0
 19 42  1  6
 20 43  1  0
 20 44  1  0
 20 45  1  0
 21 46  1  0
 22 23  2  0
 22 26  1  0
 23 24  1  0
 23 47  1  0
 24 25  1  0
 25 26  2  0
 25 27  1  0
 26 48  1  0
 27 49  1  0
 27 50  1  0
 27 51  1  0
M  END
"
2vt4_Lingo3DMolv2_542588,"2vt4_Lingo3DMolv2_542588
     RDKit          3D

 44 45  0  0  1  0  0  0  0  0999 V2000
   36.9718   21.3485  -30.9775 O   0  0  0  0  0  0  0  0  0  0  0  0
   37.5018   20.4879  -31.9000 C   0  0  0  0  0  0  0  0  0  0  0  0
   38.8872   20.3605  -32.0022 C   0  0  0  0  0  0  0  0  0  0  0  0
   39.4414   19.4922  -32.9457 C   0  0  0  0  0  0  0  0  0  0  0  0
   38.6246   18.7428  -33.7945 C   0  0  0  0  0  0  0  0  0  0  0  0
   37.2313   18.8890  -33.6884 C   0  0  0  0  0  0  0  0  0  0  0  0
   36.6644   19.7545  -32.7499 C   0  0  0  0  0  0  0  0  0  0  0  0
   35.1482   19.8878  -32.6799 C   0  0  0  0  0  0  0  0  0  0  0  0
   39.2502   17.8922  -34.6918 O   0  0  0  0  0  0  0  0  0  0  0  0
   38.4905   17.1772  -35.6696 C   0  0  0  0  0  0  0  0  0  0  0  0
   37.8108   16.0143  -34.9270 N   0  0  0  0  0  0  0  0  0  0  0  0
   36.7410   15.2497  -35.7351 C   0  0  0  0  0  0  0  0  0  0  0  0
   35.5833   14.6971  -34.9021 C   0  0  1  0  0  0  0  0  0  0  0  0
   36.1299   14.0858  -33.7721 O   0  0  0  0  0  0  0  0  0  0  0  0
   35.3348   13.0633  -33.1823 C   0  0  0  0  0  0  0  0  0  0  0  0
   34.6471   15.7222  -34.5352 N   0  0  0  0  0  0  0  0  0  0  0  0
   33.2473   15.6068  -34.5474 C   0  0  0  0  0  0  0  0  0  0  0  0
   32.4836   16.7092  -34.1470 C   0  0  0  0  0  0  0  0  0  0  0  0
   31.0904   16.6335  -34.1469 C   0  0  0  0  0  0  0  0  0  0  0  0
   30.4908   15.4379  -34.5500 C   0  0  0  0  0  0  0  0  0  0  0  0
   31.2036   14.3554  -34.9489 N   0  0  0  0  0  0  0  0  0  0  0  0
   32.5579   14.4525  -34.9479 C   0  0  0  0  0  0  0  0  0  0  0  0
   36.0115   21.2975  -30.9867 H   0  0  0  0  0  0  0  0  0  0  0  0
   39.5310   20.9321  -31.3482 H   0  0  0  0  0  0  0  0  0  0  0  0
   40.5155   19.3922  -33.0120 H   0  0  0  0  0  0  0  0  0  0  0  0
   36.5672   18.3414  -34.3372 H   0  0  0  0  0  0  0  0  0  0  0  0
   34.7965   19.7155  -31.6605 H   0  0  0  0  0  0  0  0  0  0  0  0
   34.8466   20.8947  -32.9764 H   0  0  0  0  0  0  0  0  0  0  0  0
   34.6382   19.1723  -33.3287 H   0  0  0  0  0  0  0  0  0  0  0  0
   37.7294   17.7760  -36.1738 H   0  0  0  0  0  0  0  0  0  0  0  0
   39.1377   16.6995  -36.4084 H   0  0  0  0  0  0  0  0  0  0  0  0
   38.5241   15.3505  -34.6471 H   0  0  0  0  0  0  0  0  0  0  0  0
   37.3913   16.3622  -34.0778 H   0  0  0  0  0  0  0  0  0  0  0  0
   36.3555   15.9193  -36.5082 H   0  0  0  0  0  0  0  0  0  0  0  0
   37.2675   14.4219  -36.2117 H   0  0  0  0  0  0  0  0  0  0  0  0
   35.1127   13.9443  -35.5382 H   0  0  0  0  0  0  0  0  0  0  0  0
   35.8049   12.7153  -32.2622 H   0  0  0  0  0  0  0  0  0  0  0  0
   34.3326   13.4164  -32.9365 H   0  0  0  0  0  0  0  0  0  0  0  0
   35.2470   12.2057  -33.8523 H   0  0  0  0  0  0  0  0  0  0  0  0
   35.0261   16.4986  -34.0158 H   0  0  0  0  0  0  0  0  0  0  0  0
   32.9589   17.6269  -33.8358 H   0  0  0  0  0  0  0  0  0  0  0  0
   30.4876   17.4748  -33.8394 H   0  0  0  0  0  0  0  0  0  0  0  0
   29.4152   15.3326  -34.5613 H   0  0  0  0  0  0  0  0  0  0  0  0
   33.0732   13.5666  -35.2805 H   0  0  0  0  0  0  0  0  0  0  0  0
  1  2  1  0
  1 23  1  0
  2  3  2  0
  2  7  1  0
  3  4  1  0
  3 24  1  0
  4  5  2  0
  4 25  1  0
  5  6  1  0
  5  9  1  0
  6  7  2  0
  6 26  1  0
  7  8  1  0
  8 27  1  0
  8 28  1  0
  8 29  1  0
  9 10  1  0
 10 11  1  0
 10 30  1  0
 10 31  1  0
 11 12  1  0
 11 32  1  0
 11 33  1  0
 12 13  1  0
 12 34  1  0
 12 35  1  0
 13 14  1  0
 13 16  1  0
 13 36  1  6
 14 15  1  0
 15 37  1  0
 15 38  1  0
 15 39  1  0
 16 17  1  0
 16 40  1  0
 17 18  2  0
 17 22  1  0
 18 19  1  0
 18 41  1  0
 19 20  2  0
 19 42  1  0
 20 21  1  0
 20 43  1  0
 21 22  2  0
 22 44  1  0
M  CHG  1  11   1
M  END
"
1c8k_Lingo3DMolv2_419827,"1c8k_Lingo3DMolv2_419827
     RDKit          3D

 27 28  0  0  1  0  0  0  0  0999 V2000
   37.2254   33.4538   25.0346 O   0  0  0  0  0  0  0  0  0  0  0  0
   38.2113   33.0514   25.6540 C   0  0  0  0  0  0  0  0  0  0  0  0
   39.3044   32.2627   24.9480 C   0  0  0  0  0  0  0  0  0  0  0  0
   38.4713   33.2324   26.9686 O   0  0  0  0  0  0  0  0  0  0  0  0
   37.5075   33.8248   27.8383 C   0  0  0  0  0  0  0  0  0  0  0  0
   38.1047   34.9121   28.7327 C   0  0  0  0  0  0  0  0  0  0  0  0
   39.0809   35.7507   28.3292 C   0  0  0  0  0  0  0  0  0  0  0  0
   39.5896   36.7496   29.1205 N   0  0  0  0  0  0  0  0  0  0  0  0
   39.1158   36.9705   30.4219 C   0  0  0  0  0  0  0  0  0  0  0  0
   39.6493   38.0284   31.1557 C   0  0  0  0  0  0  0  0  0  0  0  0
   39.2082   38.2657   32.4510 C   0  0  0  0  0  0  0  0  0  0  0  0
   38.2455   37.4371   33.0132 C   0  0  0  0  0  0  0  0  0  0  0  0
   37.7046   36.3694   32.2930 C   0  0  0  0  0  0  0  0  0  0  0  0
   38.1160   36.1195   30.9583 C   0  0  0  0  0  0  0  0  0  0  0  0
   37.5354   34.9972   30.1044 C   0  0  0  0  0  0  0  0  0  0  0  0
   36.6427   34.2524   30.5093 O   0  0  0  0  0  0  0  0  0  0  0  0
   36.5354   35.4094   33.1456 Cl  0  0  0  0  0  0  0  0  0  0  0  0
   39.7039   31.4866   25.6013 H   0  0  0  0  0  0  0  0  0  0  0  0
   38.9110   31.7900   24.0488 H   0  0  0  0  0  0  0  0  0  0  0  0
   40.1167   32.9292   24.6631 H   0  0  0  0  0  0  0  0  0  0  0  0
   36.6598   34.2530   27.2990 H   0  0  0  0  0  0  0  0  0  0  0  0
   37.0966   33.0137   28.4388 H   0  0  0  0  0  0  0  0  0  0  0  0
   39.5030   35.6991   27.3342 H   0  0  0  0  0  0  0  0  0  0  0  0
   40.3097   37.3560   28.7560 H   0  0  0  0  0  0  0  0  0  0  0  0
   40.4077   38.6678   30.7275 H   0  0  0  0  0  0  0  0  0  0  0  0
   39.6176   39.0849   33.0238 H   0  0  0  0  0  0  0  0  0  0  0  0
   37.9202   37.6233   34.0263 H   0  0  0  0  0  0  0  0  0  0  0  0
  1  2  2  0
  2  3  1  0
  2  4  1  0
  3 18  1  0
  3 19  1  0
  3 20  1  0
  4  5  1  0
  5  6  1  0
  5 21  1  0
  5 22  1  0
  6  7  2  0
  6 15  1  0
  7  8  1  0
  7 23  1  0
  8  9  1  0
  8 24  1  0
  9 10  1  0
  9 14  2  0
 10 11  2  0
 10 25  1  0
 11 12  1  0
 11 26  1  0
 12 13  2  0
 12 27  1  0
 13 14  1  0
 13 17  1  0
 14 15  1  0
 15 16  2  0
M  END
"
2i0e_Lingo3DMolv2_1325125,"2i0e_Lingo3DMolv2_1325125
     RDKit          3D

 56 60  0  0  1  0  0  0  0  0999 V2000
    5.0721   36.9995    4.4329 N   0  0  0  0  0  0  0  0  0  0  0  0
    4.5655   37.4979    3.2494 C   0  0  0  0  0  0  0  0  0  0  0  0
    4.0897   36.5991    2.3653 N   0  0  0  0  0  0  0  0  0  0  0  0
    3.4585   37.0302    1.2507 C   0  0  0  0  0  0  0  0  0  0  0  0
    3.3346   38.4004    0.9969 C   0  0  0  0  0  0  0  0  0  0  0  0
    3.9182   39.3411    1.8795 C   0  0  0  0  0  0  0  0  0  0  0  0
    4.5375   38.8690    3.0466 C   0  0  0  0  0  0  0  0  0  0  0  0
    3.7611   40.6334    1.2903 C   0  0  0  0  0  0  0  0  0  0  0  0
    2.9249   40.4712    0.1721 C   0  0  0  0  0  0  0  0  0  0  0  0
    2.7200   39.1039   -0.0191 N   0  0  0  0  0  0  0  0  0  0  0  0
    2.0052   38.4341   -1.1132 C   0  0  0  0  0  0  0  0  0  0  0  0
    0.6976   37.7746   -0.6333 C   0  0  0  0  0  0  0  0  0  0  0  0
    0.2296   36.9241   -1.6707 O   0  0  0  0  0  0  0  0  0  0  0  0
   -0.9202   36.1703   -1.3066 C   0  0  0  0  0  0  0  0  0  0  0  0
    2.3842   41.5034   -0.8167 C   0  0  0  0  0  0  0  0  0  0  0  0
    1.3768   42.5548   -0.3993 C   0  0  0  0  0  0  0  0  0  0  0  0
    0.9563   41.4558   -1.3317 C   0  0  0  0  0  0  0  0  0  0  0  0
    4.4782   41.8166    1.7998 C   0  0  0  0  0  0  0  0  0  0  0  0
    3.9897   43.0592    2.1934 C   0  0  0  0  0  0  0  0  0  0  0  0
    5.0676   43.8690    2.4698 N   0  0  0  0  0  0  0  0  0  0  0  0
    6.2468   43.1753    2.4331 C   0  0  0  0  0  0  0  0  0  0  0  0
    7.5583   43.5769    2.7132 C   0  0  0  0  0  0  0  0  0  0  0  0
    8.5572   42.6159    2.5587 C   0  0  0  0  0  0  0  0  0  0  0  0
    8.2646   41.3142    2.1619 C   0  0  0  0  0  0  0  0  0  0  0  0
    6.9512   40.9138    1.9206 C   0  0  0  0  0  0  0  0  0  0  0  0
    5.9080   41.8527    2.0326 C   0  0  0  0  0  0  0  0  0  0  0  0
    2.5829   43.6115    2.3564 C   0  0  0  0  0  0  0  0  0  0  0  0
    2.4370   44.2508    3.6208 O   0  0  0  0  0  0  0  0  0  0  0  0
    2.6808   45.5624    3.7220 C   0  0  0  0  0  0  0  0  0  0  0  0
    3.8357   45.7339    4.4326 N   0  0  0  0  0  0  0  0  0  0  0  0
    2.0271   46.4503    3.1856 O   0  0  0  0  0  0  0  0  0  0  0  0
    5.3687   37.6290    5.1620 H   0  0  0  0  0  0  0  0  0  0  0  0
    5.0359   36.0035    4.5850 H   0  0  0  0  0  0  0  0  0  0  0  0
    3.0488   36.2743    0.5966 H   0  0  0  0  0  0  0  0  0  0  0  0
    4.9623   39.5534    3.7613 H   0  0  0  0  0  0  0  0  0  0  0  0
    2.6682   37.6596   -1.4995 H   0  0  0  0  0  0  0  0  0  0  0  0
    1.8311   39.1205   -1.9389 H   0  0  0  0  0  0  0  0  0  0  0  0
    0.8650   37.1862    0.2701 H   0  0  0  0  0  0  0  0  0  0  0  0
   -0.0540   38.5284   -0.3971 H   0  0  0  0  0  0  0  0  0  0  0  0
   -0.7111   35.5030   -0.4683 H   0  0  0  0  0  0  0  0  0  0  0  0
   -1.7546   36.8207   -1.0373 H   0  0  0  0  0  0  0  0  0  0  0  0
   -1.2347   35.5548   -2.1491 H   0  0  0  0  0  0  0  0  0  0  0  0
    3.1328   41.8305   -1.5392 H   0  0  0  0  0  0  0  0  0  0  0  0
    0.8984   42.5335    0.5756 H   0  0  0  0  0  0  0  0  0  0  0  0
    1.4956   43.5680   -0.7844 H   0  0  0  0  0  0  0  0  0  0  0  0
    0.2620   40.7084   -0.9490 H   0  0  0  0  0  0  0  0  0  0  0  0
    0.7482   41.7078   -2.3673 H   0  0  0  0  0  0  0  0  0  0  0  0
    4.9418   44.8279    2.7681 H   0  0  0  0  0  0  0  0  0  0  0  0
    7.7937   44.5849    3.0250 H   0  0  0  0  0  0  0  0  0  0  0  0
    9.5848   42.8889    2.7520 H   0  0  0  0  0  0  0  0  0  0  0  0
    9.0677   40.6029    2.0326 H   0  0  0  0  0  0  0  0  0  0  0  0
    6.7462   39.8972    1.6213 H   0  0  0  0  0  0  0  0  0  0  0  0
    1.8648   42.7945    2.3598 H   0  0  0  0  0  0  0  0  0  0  0  0
    2.3077   44.2789    1.5376 H   0  0  0  0  0  0  0  0  0  0  0  0
    4.1994   46.6601    4.6136 H   0  0  0  0  0  0  0  0  0  0  0  0
    4.1353   44.9738    5.0225 H   0  0  0  0  0  0  0  0  0  0  0  0
  1  2  1  0
  1 32  1  0
  1 33  1  0
  2  3  2  0
  2  7  1  0
  3  4  1  0
  4  5  2  0
  4 34  1  0
  5  6  1  0
  5 10  1  0
  6  7  2  0
  6  8  1  0
  7 35  1  0
  8  9  2  0
  8 18  1  0
  9 10  1  0
  9 15  1  0
 10 11  1  0
 11 12  1  0
 11 36  1  0
 11 37  1  0
 12 13  1  0
 12 38  1  0
 12 39  1  0
 13 14  1  0
 14 40  1  0
 14 41  1  0
 14 42  1  0
 15 16  1  0
 15 17  1  0
 15 43  1  0
 16 17  1  0
 16 44  1  0
 16 45  1  0
 17 46  1  0
 17 47  1  0
 18 19  2  0
 18 26  1  0
 19 20  1  0
 19 27  1  0
 20 21  1  0
 20 48  1  0
 21 22  1  0
 21 26  2  0
 22 23  2  0
 22 49  1  0
 23 24  1  0
 23 50  1  0
 24 25  2  0
 24 51  1  0
 25 26  1  0
 25 52  1  0
 27 28  1  0
 27 53  1  0
 27 54  1  0
 28 29  1  0
 29 30  1  0
 29 31  2  0
 30 55  1  0
 30 56  1  0
M  END
"
1e66_Lingo3DMolv2_426991,"1e66_Lingo3DMolv2_426991
     RDKit          3D

 37 38  0  0  1  0  0  0  0  0999 V2000
    4.8976   69.2857   64.2067 N   0  0  0  0  0  0  0  0  0  0  0  0
    3.7764   68.8431   63.3758 C   0  0  0  0  0  0  0  0  0  0  0  0
    3.5293   67.3114   63.3665 C   0  0  0  0  0  0  0  0  0  0  0  0
    2.9055   66.8199   64.6907 C   0  0  0  0  0  0  0  0  0  0  0  0
    2.6027   65.3147   64.6966 C   0  0  0  0  0  0  0  0  0  0  0  0
    3.7896   64.4386   64.2560 C   0  0  0  0  0  0  0  0  0  0  0  0
    4.5143   64.9772   63.0090 C   0  0  0  0  0  0  0  0  0  0  0  0
    4.8064   66.4889   63.0860 C   0  0  0  0  0  0  0  0  0  0  0  0
    4.7711   69.6154   65.5613 C   0  0  0  0  0  0  0  0  0  0  0  0
    3.5533   69.5703   66.1652 N   0  0  0  0  0  0  0  0  0  0  0  0
    3.5154   69.8885   67.4791 C   0  0  0  0  0  0  0  0  0  0  0  0
    4.6467   70.2879   68.1862 C   0  0  0  0  0  0  0  0  0  0  0  0
    5.8628   70.2934   67.4835 C   0  0  0  0  0  0  0  0  0  0  0  0
    5.9301   69.9464   66.1753 N   0  0  0  0  0  0  0  0  0  0  0  0
    7.0902   70.6232   68.0209 O   0  0  0  0  0  0  0  0  0  0  0  0
    7.1176   71.1857   69.3239 C   0  0  0  0  0  0  0  0  0  0  0  0
    2.2829   69.8189   68.1128 N   0  0  0  0  0  0  0  0  0  0  0  0
    5.8359   69.2174   63.8385 H   0  0  0  0  0  0  0  0  0  0  0  0
    2.8693   69.3615   63.6926 H   0  0  0  0  0  0  0  0  0  0  0  0
    3.9672   69.1972   62.3614 H   0  0  0  0  0  0  0  0  0  0  0  0
    2.8198   67.0944   62.5680 H   0  0  0  0  0  0  0  0  0  0  0  0
    3.5608   67.0521   65.5256 H   0  0  0  0  0  0  0  0  0  0  0  0
    1.9937   67.3820   64.8987 H   0  0  0  0  0  0  0  0  0  0  0  0
    2.3544   65.0482   65.7125 H   0  0  0  0  0  0  0  0  0  0  0  0
    1.7106   65.1009   64.1128 H   0  0  0  0  0  0  0  0  0  0  0  0
    4.5019   64.3502   65.0763 H   0  0  0  0  0  0  0  0  0  0  0  0
    3.4417   63.4206   64.0711 H   0  0  0  0  0  0  0  0  0  0  0  0
    5.4518   64.4302   62.9128 H   0  0  0  0  0  0  0  0  0  0  0  0
    3.9125   64.7705   62.1247 H   0  0  0  0  0  0  0  0  0  0  0  0
    5.5435   66.6941   63.8613 H   0  0  0  0  0  0  0  0  0  0  0  0
    5.2731   66.8329   62.1599 H   0  0  0  0  0  0  0  0  0  0  0  0
    4.5755   70.5498   69.2303 H   0  0  0  0  0  0  0  0  0  0  0  0
    6.6921   70.5167   70.0737 H   0  0  0  0  0  0  0  0  0  0  0  0
    8.1414   71.4031   69.6263 H   0  0  0  0  0  0  0  0  0  0  0  0
    6.5649   72.1249   69.3128 H   0  0  0  0  0  0  0  0  0  0  0  0
    2.2017   70.0170   69.1007 H   0  0  0  0  0  0  0  0  0  0  0  0
    1.4824   69.5342   67.5707 H   0  0  0  0  0  0  0  0  0  0  0  0
  1  2  1  0
  1  9  1  0
  1 18  1  0
  2  3  1  0
  2 19  1  0
  2 20  1  0
  3  4  1  0
  3  8  1  0
  3 21  1  0
  4  5  1  0
  4 22  1  0
  4 23  1  0
  5  6  1  0
  5 24  1  0
  5 25  1  0
  6  7  1  0
  6 26  1  0
  6 27  1  0
  7  8  1  0
  7 28  1  0
  7 29  1  0
  8 30  1  0
  8 31  1  0
  9 10  2  0
  9 14  1  0
 10 11  1  0
 11 12  2  0
 11 17  1  0
 12 13  1  0
 12 32  1  0
 13 14  2  0
 13 15  1  0
 15 16  1  0
 16 33  1  0
 16 34  1  0
 16 35  1  0
 17 36  1  0
 17 37  1  0
M  END
"
2p2i_Lingo3DMolv2_858932,"2p2i_Lingo3DMolv2_858932
     RDKit          3D

 52 55  0  0  1  0  0  0  0  0999 V2000
   23.7816    3.8739   29.0800 N   0  0  0  0  0  0  0  0  0  0  0  0
   23.4537    4.6854   28.0428 C   0  0  0  0  0  0  0  0  0  0  0  0
   23.0573    5.8420   28.1722 O   0  0  0  0  0  0  0  0  0  0  0  0
   23.6306    4.1415   26.7120 C   0  0  0  0  0  0  0  0  0  0  0  0
   22.7296    4.2653   25.6386 C   0  0  0  0  0  0  0  0  0  0  0  0
   23.5327    3.6459   24.2120 S   0  0  0  0  0  0  0  0  0  0  0  0
   24.9439    3.3027   25.1576 C   0  0  0  0  0  0  0  0  0  0  0  0
   24.8008    3.6010   26.4218 N   0  0  0  0  0  0  0  0  0  0  0  0
   26.2499    2.7422   24.6341 C   0  0  0  0  0  0  0  0  0  0  0  0
   26.6225    3.1052   23.2678 N   0  0  0  0  0  0  0  0  0  0  0  0
   27.0636    4.3858   22.9038 C   0  0  0  0  0  0  0  0  0  0  0  0
   27.7260    4.4350   21.7171 N   0  0  0  0  0  0  0  0  0  0  0  0
   28.2565    5.6454   21.4059 C   0  0  0  0  0  0  0  0  0  0  0  0
   28.1530    6.7738   22.1556 N   0  0  0  0  0  0  0  0  0  0  0  0
   27.4518    6.6104   23.3081 C   0  0  0  0  0  0  0  0  0  0  0  0
   26.8942    5.4482   23.7423 N   0  0  0  0  0  0  0  0  0  0  0  0
   21.3147    4.7958   25.5670 C   0  0  0  0  0  0  0  0  0  0  0  0
   24.1126    4.2614   30.3390 C   0  0  0  0  0  0  0  0  0  0  0  0
   24.9583    5.2244   30.5046 N   0  0  0  0  0  0  0  0  0  0  0  0
   25.4132    5.6031   31.8549 C   0  0  0  0  0  0  0  0  0  0  0  0
   24.8394    4.6944   32.9498 C   0  0  0  0  0  0  0  0  0  0  0  0
   23.9418    3.7392   32.5850 C   0  0  0  0  0  0  0  0  0  0  0  0
   23.5808    3.5389   31.2425 N   0  0  0  0  0  0  0  0  0  0  0  0
   23.2333    2.8079   33.5281 C   0  0  0  0  0  0  0  0  0  0  0  0
   23.3098    1.4239   33.3124 C   0  0  0  0  0  0  0  0  0  0  0  0
   22.7365    0.5141   34.1956 C   0  0  0  0  0  0  0  0  0  0  0  0
   22.0635    0.9741   35.3211 C   0  0  0  0  0  0  0  0  0  0  0  0
   21.9678    2.3407   35.5605 C   0  0  0  0  0  0  0  0  0  0  0  0
   22.5500    3.2700   34.6777 C   0  0  0  0  0  0  0  0  0  0  0  0
   22.4603    4.6333   34.9015 O   0  0  0  0  0  0  0  0  0  0  0  0
   22.4146    5.0864   36.2521 C   0  0  0  0  0  0  0  0  0  0  0  0
   25.4173    4.8721   34.2739 C   0  0  0  0  0  0  0  0  0  0  0  0
   25.4563    3.9956   35.1401 O   0  0  0  0  0  0  0  0  0  0  0  0
   23.6307    2.8882   28.9548 H   0  0  0  0  0  0  0  0  0  0  0  0
   26.1848    1.6536   24.6683 H   0  0  0  0  0  0  0  0  0  0  0  0
   27.0606    3.0148   25.3042 H   0  0  0  0  0  0  0  0  0  0  0  0
   26.9335    2.3613   22.6617 H   0  0  0  0  0  0  0  0  0  0  0  0
   28.8053    5.7166   20.4770 H   0  0  0  0  0  0  0  0  0  0  0  0
   27.3292    7.4846   23.9327 H   0  0  0  0  0  0  0  0  0  0  0  0
   20.9790    5.2115   26.5174 H   0  0  0  0  0  0  0  0  0  0  0  0
   21.2109    5.5794   24.8160 H   0  0  0  0  0  0  0  0  0  0  0  0
   20.6077    4.0076   25.3098 H   0  0  0  0  0  0  0  0  0  0  0  0
   26.5045    5.5802   31.8699 H   0  0  0  0  0  0  0  0  0  0  0  0
   25.1033    6.6335   32.0408 H   0  0  0  0  0  0  0  0  0  0  0  0
   23.8556    1.0371   32.4670 H   0  0  0  0  0  0  0  0  0  0  0  0
   22.8327   -0.5457   34.0048 H   0  0  0  0  0  0  0  0  0  0  0  0
   21.6230    0.2697   36.0114 H   0  0  0  0  0  0  0  0  0  0  0  0
   21.4345    2.6664   36.4383 H   0  0  0  0  0  0  0  0  0  0  0  0
   21.4589    4.8803   36.7292 H   0  0  0  0  0  0  0  0  0  0  0  0
   23.2065    4.6371   36.8528 H   0  0  0  0  0  0  0  0  0  0  0  0
   22.5653    6.1648   36.2790 H   0  0  0  0  0  0  0  0  0  0  0  0
   25.8564    5.8515   34.4699 H   0  0  0  0  0  0  0  0  0  0  0  0
  1  2  1  0
  1 18  1  0
  1 34  1  0
  2  3  2  0
  2  4  1  0
  4  5  2  0
  4  8  1  0
  5  6  1  0
  5 17  1  0
  6  7  1  0
  7  8  2  0
  7  9  1  0
  9 10  1  0
  9 35  1  0
  9 36  1  0
 10 11  1  0
 10 37  1  0
 11 12  2  0
 11 16  1  0
 12 13  1  0
 13 14  2  0
 13 38  1  0
 14 15  1  0
 15 16  2  0
 15 39  1  0
 17 40  1  0
 17 41  1  0
 17 42  1  0
 18 19  2  0
 18 23  1  0
 19 20  1  0
 20 21  1  0
 20 43  1  0
 20 44  1  0
 21 22  2  0
 21 32  1  0
 22 23  1  0
 22 24  1  0
 24 25  2  0
 24 29  1  0
 25 26  1  0
 25 45  1  0
 26 27  2  0
 26 46  1  0
 27 28  1  0
 27 47  1  0
 28 29  2  0
 28 48  1  0
 29 30  1  0
 30 31  1  0
 31 49  1  0
 31 50  1  0
 31 51  1  0
 32 33  2  0
 32 52  1  0
M  CHG  1  23  -1
M  END
"
3hmm_Lingo3DMolv2_1016671,"3hmm_Lingo3DMolv2_1016671
     RDKit          3D

 30 32  0  0  1  0  0  0  0  0999 V2000
   11.9779   65.8227    7.3113 N   0  0  0  0  0  0  0  0  0  0  0  0
   12.2510   65.0527    6.1744 C   0  0  0  0  0  0  0  0  0  0  0  0
   13.5077   65.0708    5.5515 C   0  0  0  0  0  0  0  0  0  0  0  0
   13.6622   64.3292    4.3739 C   0  0  0  0  0  0  0  0  0  0  0  0
   12.6962   63.5881    3.7895 N   0  0  0  0  0  0  0  0  0  0  0  0
   11.5003   63.5705    4.4094 C   0  0  0  0  0  0  0  0  0  0  0  0
   11.2557   64.2422    5.6032 C   0  0  0  0  0  0  0  0  0  0  0  0
   15.0213   64.5322    3.7897 C   0  0  0  0  0  0  0  0  0  0  0  0
   15.4582   65.8264    4.4751 C   0  0  0  0  0  0  0  0  0  0  0  0
   14.8659   65.6878    5.8749 C   0  0  1  0  0  0  0  0  0  0  0  0
   14.9171   66.9547    6.6054 N   0  0  0  0  0  0  0  0  0  0  0  0
   15.0781   66.9833    7.9403 C   0  0  0  0  0  0  0  0  0  0  0  0
   14.4682   66.2291    8.6937 O   0  0  0  0  0  0  0  0  0  0  0  0
   16.1418   67.8097    8.4414 C   0  0  0  0  0  0  0  0  0  0  0  0
   16.5190   67.8712    9.7800 C   0  0  0  0  0  0  0  0  0  0  0  0
   17.6325   68.6259    9.8690 O   0  0  0  0  0  0  0  0  0  0  0  0
   17.8399   69.0244    8.5899 C   0  0  0  0  0  0  0  0  0  0  0  0
   16.9681   68.5616    7.7267 N   0  0  0  0  0  0  0  0  0  0  0  0
   10.0671   64.0619    6.1894 F   0  0  0  0  0  0  0  0  0  0  0  0
   11.3315   65.3866    7.9738 H   0  0  0  0  0  0  0  0  0  0  0  0
   12.8010   66.2782    7.6898 H   0  0  0  0  0  0  0  0  0  0  0  0
   10.7104   63.0273    3.9177 H   0  0  0  0  0  0  0  0  0  0  0  0
   15.6909   63.7004    4.0079 H   0  0  0  0  0  0  0  0  0  0  0  0
   14.9348   64.6193    2.7124 H   0  0  0  0  0  0  0  0  0  0  0  0
   16.5349   65.9810    4.4829 H   0  0  0  0  0  0  0  0  0  0  0  0
   15.0275   66.6907    3.9601 H   0  0  0  0  0  0  0  0  0  0  0  0
   15.4483   64.9218    6.3978 H   0  0  0  0  0  0  0  0  0  0  0  0
   15.1120   67.7885    6.0700 H   0  0  0  0  0  0  0  0  0  0  0  0
   16.1528   67.4220   10.6920 H   0  0  0  0  0  0  0  0  0  0  0  0
   18.6894   69.6701    8.4228 H   0  0  0  0  0  0  0  0  0  0  0  0
  1  2  1  0
  1 20  1  0
  1 21  1  0
  2  3  2  0
  2  7  1  0
  3  4  1  0
  3 10  1  0
  4  5  2  0
  4  8  1  0
  5  6  1  0
  6  7  2  0
  6 22  1  0
  7 19  1  0
  8  9  1  0
  8 23  1  0
  8 24  1  0
  9 10  1  0
  9 25  1  0
  9 26  1  0
 10 11  1  0
 10 27  1  1
 11 12  1  0
 11 28  1  0
 12 13  2  0
 12 14  1  0
 14 15  2  0
 14 18  1  0
 15 16  1  0
 15 29  1  0
 16 17  1  0
 17 18  2  0
 17 30  1  0
M  END
"
2h7l_Lingo3DMolv2_581762,"2h7l_Lingo3DMolv2_581762
     RDKit          3D

 31 31  0  0  1  0  0  0  0  0999 V2000
    9.0890   33.0135   57.2007 O   0  0  0  0  0  0  0  0  0  0  0  0
    7.9863   33.9756   57.1232 S   0  0  0  0  0  0  0  0  0  0  0  0
    8.0636   34.9665   56.0460 O   0  0  0  0  0  0  0  0  0  0  0  0
    6.5735   33.3057   57.1686 N   0  0  0  0  0  0  0  0  0  0  0  0
    8.0626   34.9728   58.7205 C   0  0  0  0  0  0  0  0  0  0  0  0
    9.4766   35.5876   58.9201 C   0  0  0  0  0  0  0  0  0  0  0  0
   10.0469   35.3583   60.3269 C   0  0  0  0  0  0  0  0  0  0  0  0
    9.9201   34.2544   60.8603 O   0  0  0  0  0  0  0  0  0  0  0  0
   10.6881   36.4003   60.8936 N   0  0  0  0  0  0  0  0  0  0  0  0
   11.0287   36.3729   62.2517 O   0  0  0  0  0  0  0  0  0  0  0  0
   12.2401   35.6551   62.4630 C   0  0  0  0  0  0  0  0  0  0  0  0
    6.2484   32.1866   57.9139 C   0  0  0  0  0  0  0  0  0  0  0  0
    7.1000   31.5712   58.8537 C   0  0  0  0  0  0  0  0  0  0  0  0
    6.7155   30.4333   59.5615 C   0  0  0  0  0  0  0  0  0  0  0  0
    5.4545   29.8832   59.3618 C   0  0  0  0  0  0  0  0  0  0  0  0
    4.5805   30.4755   58.4564 C   0  0  0  0  0  0  0  0  0  0  0  0
    4.9694   31.6106   57.7425 C   0  0  0  0  0  0  0  0  0  0  0  0
    4.0653   32.1558   56.8614 O   0  0  0  0  0  0  0  0  0  0  0  0
    7.2935   35.7408   58.6533 H   0  0  0  0  0  0  0  0  0  0  0  0
    7.7686   34.2933   59.5201 H   0  0  0  0  0  0  0  0  0  0  0  0
   10.1998   35.1601   58.2239 H   0  0  0  0  0  0  0  0  0  0  0  0
    9.4398   36.6581   58.7093 H   0  0  0  0  0  0  0  0  0  0  0  0
   10.7472   37.3274   60.5007 H   0  0  0  0  0  0  0  0  0  0  0  0
   12.4806   35.6772   63.5250 H   0  0  0  0  0  0  0  0  0  0  0  0
   12.1585   34.6061   62.1742 H   0  0  0  0  0  0  0  0  0  0  0  0
   13.0726   36.1021   61.9182 H   0  0  0  0  0  0  0  0  0  0  0  0
    8.0820   31.9621   59.0651 H   0  0  0  0  0  0  0  0  0  0  0  0
    7.3966   29.9820   60.2686 H   0  0  0  0  0  0  0  0  0  0  0  0
    5.1543   29.0017   59.9090 H   0  0  0  0  0  0  0  0  0  0  0  0
    3.6003   30.0490   58.2984 H   0  0  0  0  0  0  0  0  0  0  0  0
    4.4685   32.9297   56.4546 H   0  0  0  0  0  0  0  0  0  0  0  0
  1  2  2  0
  2  3  2  0
  2  4  1  0
  2  5  1  0
  4 12  1  0
  5  6  1  0
  5 19  1  0
  5 20  1  0
  6  7  1  0
  6 21  1  0
  6 22  1  0
  7  8  2  0
  7  9  1  0
  9 10  1  0
  9 23  1  0
 10 11  1  0
 11 24  1  0
 11 25  1  0
 11 26  1  0
 12 13  2  0
 12 17  1  0
 13 14  1  0
 13 27  1  0
 14 15  2  0
 14 28  1  0
 15 16  1  0
 15 29  1  0
 16 17  2  0
 16 30  1  0
 17 18  1  0
 18 31  1  0
M  CHG  1   4  -1
M  END
"
3bgs_Lingo3DMolv2_1074659,"3bgs_Lingo3DMolv2_1074659
     RDKit          3D

 10 10  0  0  1  0  0  0  0  0999 V2000
   15.6040    9.8661   54.1430 O   0  0  0  0  0  0  0  0  0  0  0  0
   15.0233   10.4792   55.0392 C   0  0  0  0  0  0  0  0  0  0  0  0
   15.4003   11.6542   55.5650 N   0  0  0  0  0  0  0  0  0  0  0  0
   14.7303   12.1673   56.5385 C   0  0  0  0  0  0  0  0  0  0  0  0
   13.6762   11.6902   57.1301 N   0  0  0  0  0  0  0  0  0  0  0  0
   13.2227   10.4857   56.6403 C   0  0  0  0  0  0  0  0  0  0  0  0
   13.8239    9.8388   55.6042 C   0  0  0  0  0  0  0  0  0  0  0  0
   13.3619    8.6661   55.1188 F   0  0  0  0  0  0  0  0  0  0  0  0
   15.0754   13.1212   56.9272 H   0  0  0  0  0  0  0  0  0  0  0  0
   12.3480   10.0560   57.1022 H   0  0  0  0  0  0  0  0  0  0  0  0
  1  2  2  0
  2  3  1  0
  2  7  1  0
  3  4  1  0
  4  5  2  0
  4  9  1  0
  5  6  1  0
  6  7  2  0
  6 10  1  0
  7  8  1  0
M  CHG  1   3  -1
M  END
"
2oj9_Lingo3DMolv2_1047314,"2oj9_Lingo3DMolv2_1047314
     RDKit          3D

 33 34  0  0  1  0  0  0  0  0999 V2000
    3.3629   -1.6928   18.3648 N   0  0  0  0  0  0  0  0  0  0  0  0
    3.7264   -2.8710   18.8309 C   0  0  0  0  0  0  0  0  0  0  0  0
    3.3629   -3.9517   18.1492 N   0  0  0  0  0  0  0  0  0  0  0  0
    4.5438   -2.9300   20.0656 C   0  0  0  0  0  0  0  0  0  0  0  0
    5.3618   -1.8980   20.5542 C   0  0  0  0  0  0  0  0  0  0  0  0
    6.1301   -2.0105   21.6647 N   0  0  0  0  0  0  0  0  0  0  0  0
    6.1365   -3.2017   22.3329 C   0  0  0  0  0  0  0  0  0  0  0  0
    6.9267   -3.3847   23.5094 C   0  0  0  0  0  0  0  0  0  0  0  0
    6.9634   -4.6438   24.1218 C   0  0  0  0  0  0  0  0  0  0  0  0
    6.2069   -5.7188   23.6411 C   0  0  0  0  0  0  0  0  0  0  0  0
    5.3842   -5.5514   22.5257 C   0  0  0  0  0  0  0  0  0  0  0  0
    5.3529   -4.3036   21.8756 C   0  0  0  0  0  0  0  0  0  0  0  0
    4.5632   -4.0904   20.7671 N   0  0  0  0  0  0  0  0  0  0  0  0
    6.2496   -7.0718   24.3403 C   0  0  0  0  0  0  0  0  0  0  0  0
    6.5633   -8.1364   23.4597 O   0  0  0  0  0  0  0  0  0  0  0  0
    7.7087   -2.2111   24.1069 C   0  0  0  0  0  0  0  0  0  0  0  0
    6.7949   -1.1381   24.7373 C   0  0  0  0  0  0  0  0  0  0  0  0
    3.6379   -0.8439   18.8325 H   0  0  0  0  0  0  0  0  0  0  0  0
    2.8525   -1.6426   17.4941 H   0  0  0  0  0  0  0  0  0  0  0  0
    3.6986   -4.8685   18.3976 H   0  0  0  0  0  0  0  0  0  0  0  0
    2.7913   -3.8345   17.3211 H   0  0  0  0  0  0  0  0  0  0  0  0
    5.4498   -0.9520   20.0385 H   0  0  0  0  0  0  0  0  0  0  0  0
    7.5862   -4.7860   24.9937 H   0  0  0  0  0  0  0  0  0  0  0  0
    4.7916   -6.3788   22.1594 H   0  0  0  0  0  0  0  0  0  0  0  0
    3.9799   -4.8548   20.4608 H   0  0  0  0  0  0  0  0  0  0  0  0
    5.2623   -7.2541   24.7650 H   0  0  0  0  0  0  0  0  0  0  0  0
    6.9666   -7.0605   25.1633 H   0  0  0  0  0  0  0  0  0  0  0  0
    6.6929   -8.9433   23.9662 H   0  0  0  0  0  0  0  0  0  0  0  0
    8.3333   -1.7692   23.3306 H   0  0  0  0  0  0  0  0  0  0  0  0
    8.4139   -2.5724   24.8576 H   0  0  0  0  0  0  0  0  0  0  0  0
    6.2007   -1.5419   25.5544 H   0  0  0  0  0  0  0  0  0  0  0  0
    7.3634   -0.3055   25.1468 H   0  0  0  0  0  0  0  0  0  0  0  0
    6.1025   -0.7125   24.0117 H   0  0  0  0  0  0  0  0  0  0  0  0
  1  2  1  0
  1 18  1  0
  1 19  1  0
  2  3  2  0
  2  4  1  0
  3 20  1  0
  3 21  1  0
  4  5  2  0
  4 13  1  0
  5  6  1  0
  5 22  1  0
  6  7  2  0
  7  8  1  0
  7 12  1  0
  8  9  2  0
  8 16  1  0
  9 10  1  0
  9 23  1  0
 10 11  2  0
 10 14  1  0
 11 12  1  0
 11 24  1  0
 12 13  2  0
 13 25  1  0
 14 15  1  0
 14 26  1  0
 14 27  1  0
 15 28  1  0
 16 17  1  0
 16 29  1  0
 16 30  1  0
 17 31  1  0
 17 32  1  0
 17 33  1  0
M  CHG  2   3   1  13   1
M  END
"
3lan_Lingo3DMolv2_906818,"3lan_Lingo3DMolv2_906818
     RDKit          3D

 49 50  0  0  1  0  0  0  0  0999 V2000
    7.7497   11.9299   13.6382 N   0  0  0  0  0  0  0  0  0  0  0  0
    6.4027   11.6466   13.7307 C   0  0  0  0  0  0  0  0  0  0  0  0
    5.5632   11.5134   12.8588 O   0  0  0  0  0  0  0  0  0  0  0  0
    6.1263   11.5026   15.0289 O   0  0  0  0  0  0  0  0  0  0  0  0
    7.2698   11.6905   15.8140 C   0  0  0  0  0  0  0  0  0  0  0  0
    8.2889   12.2170   14.8331 C   0  0  0  0  0  0  0  0  0  0  0  0
    9.4727   12.7974   15.0679 C   0  0  0  0  0  0  0  0  0  0  0  0
   10.4760   13.1729   14.2113 N   0  0  0  0  0  0  0  0  0  0  0  0
   11.7994   12.9277   14.5307 C   0  0  0  0  0  0  0  0  0  0  0  0
   12.5716   13.2320   15.6006 C   0  0  0  0  0  0  0  0  0  0  0  0
   12.1813   14.0351   16.7618 C   0  0  0  0  0  0  0  0  0  0  0  0
   12.5863   15.1946   16.7694 O   0  0  0  0  0  0  0  0  0  0  0  0
   11.3959   13.4555   17.9044 C   0  0  0  0  0  0  0  0  0  0  0  0
   11.0812   12.1348   17.8946 C   0  0  0  0  0  0  0  0  0  0  0  0
   10.3099   11.4613   18.9409 C   0  0  0  0  0  0  0  0  0  0  0  0
    9.9069   10.3154   18.7609 O   0  0  0  0  0  0  0  0  0  0  0  0
   10.2150   12.2400   20.2044 C   0  0  0  0  0  0  0  0  0  0  0  0
    9.8982   11.5140   21.3141 C   0  0  0  0  0  0  0  0  0  0  0  0
    9.8377   11.9906   22.7590 C   0  0  0  0  0  0  0  0  0  0  0  0
    9.7994   10.8642   23.8075 C   0  0  0  0  0  0  0  0  0  0  0  0
   10.4870   13.6985   20.1701 C   0  0  0  0  0  0  0  0  0  0  0  0
   10.9862   14.3013   19.0456 C   0  0  0  0  0  0  0  0  0  0  0  0
   11.1172   15.6577   18.8831 O   0  0  0  0  0  0  0  0  0  0  0  0
   10.2779   16.5916   19.5534 C   0  0  0  0  0  0  0  0  0  0  0  0
   10.2138   14.4344   21.2790 O   0  0  0  0  0  0  0  0  0  0  0  0
    7.6403   10.2920   16.3516 C   0  0  0  0  0  0  0  0  0  0  0  0
    6.9422   12.6906   16.9358 C   0  0  0  0  0  0  0  0  0  0  0  0
    8.2151   12.0837   12.7564 H   0  0  0  0  0  0  0  0  0  0  0  0
    9.7157   12.9906   16.0887 H   0  0  0  0  0  0  0  0  0  0  0  0
   10.2398   13.3099   13.2381 H   0  0  0  0  0  0  0  0  0  0  0  0
   12.2626   12.3733   13.7262 H   0  0  0  0  0  0  0  0  0  0  0  0
   13.6008   12.9022   15.6163 H   0  0  0  0  0  0  0  0  0  0  0  0
   11.3955   11.5107   17.0700 H   0  0  0  0  0  0  0  0  0  0  0  0
    9.6868   10.4560   21.2199 H   0  0  0  0  0  0  0  0  0  0  0  0
   10.7109   12.6133   22.9532 H   0  0  0  0  0  0  0  0  0  0  0  0
    8.9717   12.6394   22.8764 H   0  0  0  0  0  0  0  0  0  0  0  0
   10.3027   11.1647   24.7266 H   0  0  0  0  0  0  0  0  0  0  0  0
    8.7743   10.6150   24.0798 H   0  0  0  0  0  0  0  0  0  0  0  0
   10.2978    9.9579   23.4634 H   0  0  0  0  0  0  0  0  0  0  0  0
   10.7005   16.8613   20.5199 H   0  0  0  0  0  0  0  0  0  0  0  0
   10.2297   17.4991   18.9551 H   0  0  0  0  0  0  0  0  0  0  0  0
    9.2546   16.2367   19.6795 H   0  0  0  0  0  0  0  0  0  0  0  0
   10.5444   15.3262   21.1593 H   0  0  0  0  0  0  0  0  0  0  0  0
    7.0324   10.0061   17.2089 H   0  0  0  0  0  0  0  0  0  0  0  0
    7.4980    9.5241   15.5920 H   0  0  0  0  0  0  0  0  0  0  0  0
    8.6853   10.2494   16.6423 H   0  0  0  0  0  0  0  0  0  0  0  0
    6.2934   12.2297   17.6712 H   0  0  0  0  0  0  0  0  0  0  0  0
    7.8307   13.0314   17.4702 H   0  0  0  0  0  0  0  0  0  0  0  0
    6.4162   13.5624   16.5475 H   0  0  0  0  0  0  0  0  0  0  0  0
  1  2  1  0
  1  6  1  0
  1 28  1  0
  2  3  2  0
  2  4  1  0
  4  5  1  0
  5  6  1  0
  5 26  1  0
  5 27  1  0
  6  7  2  3
  7  8  1  0
  7 29  1  0
  8  9  1  0
  8 30  1  0
  9 10  2  3
  9 31  1  0
 10 11  1  0
 10 32  1  0
 11 12  2  0
 11 13  1  0
 13 14  2  0
 13 22  1  0
 14 15  1  0
 14 33  1  0
 15 16  2  0
 15 17  1  0
 17 18  2  0
 17 21  1  0
 18 19  1  0
 18 34  1  0
 19 20  1  0
 19 35  1  0
 19 36  1  0
 20 37  1  0
 20 38  1  0
 20 39  1  0
 21 22  2  0
 21 25  1  0
 22 23  1  0
 23 24  1  0
 24 40  1  0
 24 41  1  0
 24 42  1  0
 25 43  1  0
 26 44  1  0
 26 45  1  0
 26 46  1  0
 27 47  1  0
 27 48  1  0
 27 49  1  0
M  END
"
2h7l_Lingo3DMolv2_495899,"2h7l_Lingo3DMolv2_495899
     RDKit          3D

 40 42  0  0  1  0  0  0  0  0999 V2000
   10.4770   33.4600   61.8696 C   0  0  0  0  0  0  0  0  0  0  0  0
   11.5947   32.8809   62.4750 C   0  0  0  0  0  0  0  0  0  0  0  0
   12.8289   33.5601   62.4576 C   0  0  0  0  0  0  0  0  0  0  0  0
   12.9081   34.8092   61.8382 C   0  0  0  0  0  0  0  0  0  0  0  0
   11.7774   35.3916   61.2686 C   0  0  0  0  0  0  0  0  0  0  0  0
   10.5521   34.7280   61.2884 C   0  0  0  0  0  0  0  0  0  0  0  0
    9.3061   35.4246   60.7504 C   0  0  0  0  0  0  0  0  0  0  0  0
    8.8333   34.9150   59.3624 C   0  0  2  0  0  0  0  0  0  0  0  0
    7.9455   35.9669   58.6639 C   0  0  0  0  0  0  0  0  0  0  0  0
    6.7902   35.7457   58.2976 O   0  0  0  0  0  0  0  0  0  0  0  0
    8.1530   33.5350   59.3852 C   0  0  0  0  0  0  0  0  0  0  0  0
    8.5630   32.5608   58.4710 C   0  0  0  0  0  0  0  0  0  0  0  0
    7.9623   31.3056   58.4602 C   0  0  0  0  0  0  0  0  0  0  0  0
    6.9324   31.0266   59.3543 C   0  0  0  0  0  0  0  0  0  0  0  0
    6.5181   31.9878   60.2825 C   0  0  0  0  0  0  0  0  0  0  0  0
    7.1235   33.2419   60.2909 C   0  0  0  0  0  0  0  0  0  0  0  0
    6.3442   29.7579   59.3089 N   0  0  0  0  0  0  0  0  0  0  0  0
    5.0430   29.4512   59.1000 C   0  0  0  0  0  0  0  0  0  0  0  0
    4.6532   28.2956   59.2608 O   0  0  0  0  0  0  0  0  0  0  0  0
    4.1265   30.4776   58.6315 C   0  0  0  0  0  0  0  0  0  0  0  0
    2.7961   30.2586   58.8329 O   0  0  0  0  0  0  0  0  0  0  0  0
    2.1851   31.3109   58.2403 C   0  0  0  0  0  0  0  0  0  0  0  0
    3.1794   32.0970   57.6914 C   0  0  0  0  0  0  0  0  0  0  0  0
    4.3652   31.5637   57.9176 N   0  0  0  0  0  0  0  0  0  0  0  0
   13.8867   33.0777   62.9821 O   0  0  0  0  0  0  0  0  0  0  0  0
   11.3754   31.3506   63.2603 Cl  0  0  0  0  0  0  0  0  0  0  0  0
    9.5292   32.9428   61.9049 H   0  0  0  0  0  0  0  0  0  0  0  0
   13.8438   35.3487   61.8029 H   0  0  0  0  0  0  0  0  0  0  0  0
   11.8496   36.3741   60.8264 H   0  0  0  0  0  0  0  0  0  0  0  0
    9.5226   36.4947   60.7068 H   0  0  0  0  0  0  0  0  0  0  0  0
    8.5137   35.3482   61.4946 H   0  0  0  0  0  0  0  0  0  0  0  0
    9.7262   34.8415   58.7411 H   0  0  0  0  0  0  0  0  0  0  0  0
    8.4250   36.9353   58.5162 H   0  0  0  0  0  0  0  0  0  0  0  0
    9.3474   32.7755   57.7645 H   0  0  0  0  0  0  0  0  0  0  0  0
    8.2886   30.5585   57.7497 H   0  0  0  0  0  0  0  0  0  0  0  0
    5.7291   31.7694   60.9876 H   0  0  0  0  0  0  0  0  0  0  0  0
    6.7894   33.9830   61.0023 H   0  0  0  0  0  0  0  0  0  0  0  0
    6.9659   28.9778   59.4677 H   0  0  0  0  0  0  0  0  0  0  0  0
    1.1068   31.3532   58.2788 H   0  0  0  0  0  0  0  0  0  0  0  0
    3.0529   33.0134   57.1333 H   0  0  0  0  0  0  0  0  0  0  0  0
  1  2  2  0
  1  6  1  0
  1 27  1  0
  2  3  1  0
  2 26  1  0
  3  4  2  0
  3 25  1  0
  4  5  1  0
  4 28  1  0
  5  6  2  0
  5 29  1  0
  6  7  1  0
  7  8  1  0
  7 30  1  0
  7 31  1  0
  8  9  1  0
  8 11  1  0
  8 32  1  6
  9 10  2  0
  9 33  1  0
 11 12  2  0
 11 16  1  0
 12 13  1  0
 12 34  1  0
 13 14  2  0
 13 35  1  0
 14 15  1  0
 14 17  1  0
 15 16  2  0
 15 36  1  0
 16 37  1  0
 17 18  1  0
 17 38  1  0
 18 19  2  0
 18 20  1  0
 20 21  1  0
 20 24  2  0
 21 22  1  0
 22 23  2  0
 22 39  1  0
 23 24  1  0
 23 40  1  0
M  CHG  1  25  -1
M  END
"
3l5d_Lingo3DMolv2_775178,"3l5d_Lingo3DMolv2_775178
     RDKit          3D

 55 55  0  0  1  0  0  0  0  0999 V2000
   20.6736   35.4930   58.9646 N   0  0  0  0  0  0  0  0  0  0  0  0
   20.8617   34.6868   57.9251 C   0  0  0  0  0  0  0  0  0  0  0  0
   19.9983   34.7624   56.9082 N   0  0  0  0  0  0  0  0  0  0  0  0
   19.9891   33.8829   55.7044 C   0  0  1  0  0  0  0  0  0  0  0  0
   20.9998   32.8013   55.9001 N   0  0  0  0  0  0  0  0  0  0  0  0
   22.2972   33.1376   56.3459 N   0  0  0  0  0  0  0  0  0  0  0  0
   22.3102   33.6032   58.0444 S   0  0  0  0  0  0  0  0  0  0  0  0
   23.5087   34.3900   58.3655 O   0  0  0  0  0  0  0  0  0  0  0  0
   21.9693   32.4360   58.8684 O   0  0  0  0  0  0  0  0  0  0  0  0
   23.2004   33.8731   55.4248 C   0  0  0  0  0  0  0  0  0  0  0  0
   24.5987   33.2940   55.5129 C   0  0  0  0  0  0  0  0  0  0  0  0
   25.7023   34.0165   55.7567 C   0  0  0  0  0  0  0  0  0  0  0  0
   21.0309   31.5763   55.0901 C   0  0  0  0  0  0  0  0  0  0  0  0
   20.9621   30.3012   55.9597 C   0  0  0  0  0  0  0  0  0  0  0  0
   22.0822   30.1612   56.8124 O   0  0  0  0  0  0  0  0  0  0  0  0
   18.5307   33.2820   55.6329 C   0  0  0  0  0  0  0  0  0  0  0  0
   17.9364   33.0418   54.2415 C   0  0  0  0  0  0  0  0  0  0  0  0
   16.7366   33.4452   53.7764 C   0  0  0  0  0  0  0  0  0  0  0  0
   15.6762   34.2587   54.5043 C   0  0  0  0  0  0  0  0  0  0  0  0
   14.5815   33.3918   55.1642 C   0  0  0  0  0  0  0  0  0  0  0  0
   13.4096   34.1961   55.7672 C   0  0  0  0  0  0  0  0  0  0  0  0
   13.7993   35.0519   56.9879 C   0  0  0  0  0  0  0  0  0  0  0  0
   12.6766   35.8888   57.6045 C   0  0  0  0  0  0  0  0  0  0  0  0
   20.3132   34.8120   54.5046 C   0  0  0  0  0  0  0  0  0  0  0  0
   21.1156   35.3003   59.8579 H   0  0  0  0  0  0  0  0  0  0  0  0
   20.1785   36.3796   58.8748 H   0  0  0  0  0  0  0  0  0  0  0  0
   19.3176   35.5097   56.9514 H   0  0  0  0  0  0  0  0  0  0  0  0
   23.1801   34.9397   55.6523 H   0  0  0  0  0  0  0  0  0  0  0  0
   22.8608   33.7093   54.4016 H   0  0  0  0  0  0  0  0  0  0  0  0
   24.6865   32.2260   55.3685 H   0  0  0  0  0  0  0  0  0  0  0  0
   26.6746   33.5470   55.8084 H   0  0  0  0  0  0  0  0  0  0  0  0
   25.6539   35.0842   55.9141 H   0  0  0  0  0  0  0  0  0  0  0  0
   21.8402   31.5222   54.3591 H   0  0  0  0  0  0  0  0  0  0  0  0
   20.1509   31.5478   54.4586 H   0  0  0  0  0  0  0  0  0  0  0  0
   20.0452   30.2880   56.5518 H   0  0  0  0  0  0  0  0  0  0  0  0
   20.9147   29.4233   55.3148 H   0  0  0  0  0  0  0  0  0  0  0  0
   22.0073   30.8095   57.5217 H   0  0  0  0  0  0  0  0  0  0  0  0
   17.8040   33.8935   56.1643 H   0  0  0  0  0  0  0  0  0  0  0  0
   18.4954   32.3335   56.1711 H   0  0  0  0  0  0  0  0  0  0  0  0
   18.5476   32.4775   53.5555 H   0  0  0  0  0  0  0  0  0  0  0  0
   16.4775   33.1734   52.7628 H   0  0  0  0  0  0  0  0  0  0  0  0
   16.1554   34.8974   55.2432 H   0  0  0  0  0  0  0  0  0  0  0  0
   15.2306   34.9303   53.7694 H   0  0  0  0  0  0  0  0  0  0  0  0
   14.1762   32.7080   54.4172 H   0  0  0  0  0  0  0  0  0  0  0  0
   15.0297   32.7621   55.9347 H   0  0  0  0  0  0  0  0  0  0  0  0
   12.9988   34.8301   54.9830 H   0  0  0  0  0  0  0  0  0  0  0  0
   12.6099   33.5099   56.0520 H   0  0  0  0  0  0  0  0  0  0  0  0
   14.1989   34.3985   57.7637 H   0  0  0  0  0  0  0  0  0  0  0  0
   14.5976   35.7312   56.6965 H   0  0  0  0  0  0  0  0  0  0  0  0
   12.3808   35.4924   58.5756 H   0  0  0  0  0  0  0  0  0  0  0  0
   12.9947   36.9206   57.7651 H   0  0  0  0  0  0  0  0  0  0  0  0
   11.7986   35.8970   56.9647 H   0  0  0  0  0  0  0  0  0  0  0  0
   21.1945   35.4375   54.6461 H   0  0  0  0  0  0  0  0  0  0  0  0
   20.4706   34.2344   53.5935 H   0  0  0  0  0  0  0  0  0  0  0  0
   19.4859   35.4929   54.2971 H   0  0  0  0  0  0  0  0  0  0  0  0
  1  2  1  0
  1 25  1  0
  1 26  1  0
  2  3  2  0
  2  7  1  0
  3  4  1  0
  3 27  1  0
  4  5  1  0
  4 16  1  6
  4 24  1  0
  5  6  1  0
  5 13  1  0
  6  7  1  0
  6 10  1  0
  7  8  2  0
  7  9  2  0
 10 11  1  0
 10 28  1  0
 10 29  1  0
 11 12  2  0
 11 30  1  0
 12 31  1  0
 12 32  1  0
 13 14  1  0
 13 33  1  0
 13 34  1  0
 14 15  1  0
 14 35  1  0
 14 36  1  0
 15 37  1  0
 16 17  1  0
 16 38  1  0
 16 39  1  0
 17 18  2  0
 17 40  1  0
 18 19  1  0
 18 41  1  0
 19 20  1  0
 19 42  1  0
 19 43  1  0
 20 21  1  0
 20 44  1  0
 20 45  1  0
 21 22  1  0
 21 46  1  0
 21 47  1  0
 22 23  1  0
 22 48  1  0
 22 49  1  0
 23 50  1  0
 23 51  1  0
 23 52  1  0
 24 53  1  0
 24 54  1  0
 24 55  1  0
M  CHG  1   3   1
M  END
"
1mv9_Lingo3DMolv2_716743,"1mv9_Lingo3DMolv2_716743
     RDKit          3D

 46 47  0  0  1  0  0  0  0  0999 V2000
   53.9084   45.6267   30.6890 O   0  0  0  0  0  0  0  0  0  0  0  0
   54.8975   45.0343   30.2150 C   0  0  0  0  0  0  0  0  0  0  0  0
   54.9117   44.0276   29.4890 O   0  0  0  0  0  0  0  0  0  0  0  0
   56.2558   45.6574   30.5903 C   0  0  0  0  0  0  0  0  0  0  0  0
   57.4533   45.3135   30.0708 C   0  0  0  0  0  0  0  0  0  0  0  0
   58.6646   45.9940   30.4636 C   0  0  0  0  0  0  0  0  0  0  0  0
   59.8899   45.6534   30.0323 C   0  0  0  0  0  0  0  0  0  0  0  0
   61.1826   46.2394   30.3822 C   0  0  0  0  0  0  0  0  0  0  0  0
   61.9633   46.5202   29.3004 C   0  0  0  0  0  0  0  0  0  0  0  0
   63.2994   47.1056   29.2654 C   0  0  0  0  0  0  0  0  0  0  0  0
   64.0747   47.2266   28.1712 C   0  0  0  0  0  0  0  0  0  0  0  0
   63.7408   46.8502   26.7445 C   0  0  0  0  0  0  0  0  0  0  0  0
   61.6078   46.4333   31.8163 C   0  0  0  0  0  0  0  0  0  0  0  0
   60.7238   46.7872   32.8507 C   0  0  0  0  0  0  0  0  0  0  0  0
   61.1083   46.9666   34.1794 C   0  0  0  0  0  0  0  0  0  0  0  0
   62.4454   46.7358   34.4751 C   0  0  0  0  0  0  0  0  0  0  0  0
   63.1629   46.8210   35.6474 N   0  0  0  0  0  0  0  0  0  0  0  0
   64.4367   46.4267   35.4860 N   0  0  0  0  0  0  0  0  0  0  0  0
   64.5778   46.1194   34.2246 C   0  0  0  0  0  0  0  0  0  0  0  0
   63.3655   46.3154   33.4953 C   0  0  0  0  0  0  0  0  0  0  0  0
   62.9363   46.1691   32.1709 C   0  0  0  0  0  0  0  0  0  0  0  0
   65.7960   45.6861   33.7766 O   0  0  0  0  0  0  0  0  0  0  0  0
   65.8201   44.5261   32.9372 C   0  0  0  0  0  0  0  0  0  0  0  0
   64.7087   43.4630   33.1150 C   0  0  0  0  0  0  0  0  0  0  0  0
   66.0648   44.9509   31.4699 C   0  0  0  0  0  0  0  0  0  0  0  0
   56.2433   46.4400   31.3333 H   0  0  0  0  0  0  0  0  0  0  0  0
   57.5093   44.5192   29.3375 H   0  0  0  0  0  0  0  0  0  0  0  0
   58.5384   46.8271   31.1179 H   0  0  0  0  0  0  0  0  0  0  0  0
   59.9427   44.8268   29.3528 H   0  0  0  0  0  0  0  0  0  0  0  0
   61.5469   46.2982   28.3265 H   0  0  0  0  0  0  0  0  0  0  0  0
   63.7264   47.4875   30.1795 H   0  0  0  0  0  0  0  0  0  0  0  0
   65.0686   47.6267   28.2888 H   0  0  0  0  0  0  0  0  0  0  0  0
   63.2519   45.8773   26.6889 H   0  0  0  0  0  0  0  0  0  0  0  0
   63.0995   47.6071   26.2930 H   0  0  0  0  0  0  0  0  0  0  0  0
   64.6712   46.8267   26.1762 H   0  0  0  0  0  0  0  0  0  0  0  0
   59.6834   46.9457   32.6775 H   0  0  0  0  0  0  0  0  0  0  0  0
   60.3937   47.2599   34.9364 H   0  0  0  0  0  0  0  0  0  0  0  0
   62.8298   47.1195   36.5520 H   0  0  0  0  0  0  0  0  0  0  0  0
   63.6201   45.7891   31.4338 H   0  0  0  0  0  0  0  0  0  0  0  0
   66.7083   44.0267   33.2865 H   0  0  0  0  0  0  0  0  0  0  0  0
   64.4093   43.3638   34.1581 H   0  0  0  0  0  0  0  0  0  0  0  0
   63.8340   43.6904   32.5176 H   0  0  0  0  0  0  0  0  0  0  0  0
   65.0488   42.4814   32.7903 H   0  0  0  0  0  0  0  0  0  0  0  0
   65.4777   44.3637   30.7653 H   0  0  0  0  0  0  0  0  0  0  0  0
   65.8236   46.0015   31.3087 H   0  0  0  0  0  0  0  0  0  0  0  0
   67.1062   44.8270   31.1788 H   0  0  0  0  0  0  0  0  0  0  0  0
  1  2  2  0
  2  3  1  0
  2  4  1  0
  4  5  2  0
  4 26  1  0
  5  6  1  0
  5 27  1  0
  6  7  2  0
  6 28  1  0
  7  8  1  0
  7 29  1  0
  8  9  2  0
  8 13  1  0
  9 10  1  0
  9 30  1  0
 10 11  2  0
 10 31  1  0
 11 12  1  0
 11 32  1  0
 12 33  1  0
 12 34  1  0
 12 35  1  0
 13 14  2  0
 13 21  1  0
 14 15  1  0
 14 36  1  0
 15 16  2  0
 15 37  1  0
 16 17  1  0
 16 20  1  0
 17 18  1  0
 17 38  1  0
 18 19  2  0
 19 20  1  0
 19 22  1  0
 20 21  2  0
 21 39  1  0
 22 23  1  0
 23 24  1  0
 23 25  1  0
 23 40  1  0
 24 41  1  0
 24 42  1  0
 24 43  1  0
 25 44  1  0
 25 45  1  0
 25 46  1  0
M  CHG  1   3  -1
M  END
"
2azr_Lingo3DMolv2_713782,"2azr_Lingo3DMolv2_713782
     RDKit          3D

 16 16  0  0  1  0  0  0  0  0999 V2000
   44.4495   17.1220    4.7800 O   0  0  0  0  0  0  0  0  0  0  0  0
   45.5013   16.4381    4.7766 C   0  0  0  0  0  0  0  0  0  0  0  0
   46.4495   16.6559    5.5723 O   0  0  0  0  0  0  0  0  0  0  0  0
   45.5940   15.2966    3.7935 C   0  0  0  0  0  0  0  0  0  0  0  0
   44.8164   15.2819    2.6217 C   0  0  0  0  0  0  0  0  0  0  0  0
   44.8472   14.1963    1.7520 C   0  0  0  0  0  0  0  0  0  0  0  0
   45.6494   13.0846    2.0328 C   0  0  0  0  0  0  0  0  0  0  0  0
   46.4495   13.1057    3.1800 C   0  0  0  0  0  0  0  0  0  0  0  0
   46.4316   14.2004    4.0413 C   0  0  0  0  0  0  0  0  0  0  0  0
   45.6363   11.8981    1.1426 N   0  0  0  0  0  0  0  0  0  0  0  0
   45.0142   11.9653    0.0862 O   0  0  0  0  0  0  0  0  0  0  0  0
   46.2359   10.8889    1.5031 O   0  0  0  0  0  0  0  0  0  0  0  0
   44.1654   16.1097    2.3800 H   0  0  0  0  0  0  0  0  0  0  0  0
   44.2206   14.2136    0.8710 H   0  0  0  0  0  0  0  0  0  0  0  0
   47.0876   12.2655    3.4162 H   0  0  0  0  0  0  0  0  0  0  0  0
   47.0396   14.1771    4.9330 H   0  0  0  0  0  0  0  0  0  0  0  0
  1  2  2  0
  2  3  1  0
  2  4  1  0
  4  5  2  0
  4  9  1  0
  5  6  1  0
  5 13  1  0
  6  7  2  0
  6 14  1  0
  7  8  1  0
  7 10  1  0
  8  9  2  0
  8 15  1  0
  9 16  1  0
 10 11  2  0
 10 12  1  0
M  CHG  3   3  -1  10   1  12  -1
M  END
"
1r9o_Lingo3DMolv2_18886,"1r9o_Lingo3DMolv2_18886
     RDKit          3D

 32 34  0  0  1  0  0  0  0  0999 V2000
   10.3450   35.3090   -1.6567 N   0  0  0  0  0  0  0  0  0  0  0  0
   10.9029   36.0511   -2.6320 C   0  0  0  0  0  0  0  0  0  0  0  0
   11.4857   36.6587   -3.4254 N   0  0  0  0  0  0  0  0  0  0  0  0
    9.7311   34.0794   -1.9383 C   0  0  0  0  0  0  0  0  0  0  0  0
   10.1022   32.9341   -1.2362 C   0  0  0  0  0  0  0  0  0  0  0  0
    9.4864   31.7191   -1.5118 C   0  0  0  0  0  0  0  0  0  0  0  0
    8.4745   31.6314   -2.4703 C   0  0  0  0  0  0  0  0  0  0  0  0
    8.0696   32.7735   -3.1819 C   0  0  0  0  0  0  0  0  0  0  0  0
    8.7354   33.9773   -2.9163 C   0  0  0  0  0  0  0  0  0  0  0  0
    6.9407   32.7555   -4.1665 C   0  0  0  0  0  0  0  0  0  0  0  0
    7.0055   33.5134   -5.3458 C   0  0  0  0  0  0  0  0  0  0  0  0
    5.9322   33.5509   -6.2328 C   0  0  0  0  0  0  0  0  0  0  0  0
    4.7783   32.8278   -5.9478 C   0  0  0  0  0  0  0  0  0  0  0  0
    4.6948   32.0641   -4.7872 C   0  0  0  0  0  0  0  0  0  0  0  0
    5.7712   32.0282   -3.9028 C   0  0  0  0  0  0  0  0  0  0  0  0
    7.9118   30.4242   -2.7117 F   0  0  0  0  0  0  0  0  0  0  0  0
    9.9387   35.9599   -0.4142 C   0  0  0  0  0  0  0  0  0  0  0  0
   10.6868   35.5859    0.8529 C   0  0  0  0  0  0  0  0  0  0  0  0
   10.9184   36.9263    0.2194 C   0  0  0  0  0  0  0  0  0  0  0  0
   10.8691   32.9756   -0.4763 H   0  0  0  0  0  0  0  0  0  0  0  0
    9.7920   30.8501   -0.9563 H   0  0  0  0  0  0  0  0  0  0  0  0
    8.4360   34.8505   -3.4613 H   0  0  0  0  0  0  0  0  0  0  0  0
    7.8886   34.0876   -5.5816 H   0  0  0  0  0  0  0  0  0  0  0  0
    5.9936   34.1422   -7.1329 H   0  0  0  0  0  0  0  0  0  0  0  0
    3.9439   32.8579   -6.6325 H   0  0  0  0  0  0  0  0  0  0  0  0
    3.7951   31.5092   -4.5676 H   0  0  0  0  0  0  0  0  0  0  0  0
    5.6780   31.4530   -2.9934 H   0  0  0  0  0  0  0  0  0  0  0  0
    8.8762   36.1969   -0.3496 H   0  0  0  0  0  0  0  0  0  0  0  0
   10.1291   35.5361    1.7891 H   0  0  0  0  0  0  0  0  0  0  0  0
   11.4789   34.8383    0.8092 H   0  0  0  0  0  0  0  0  0  0  0  0
   10.5176   37.8196    0.6982 H   0  0  0  0  0  0  0  0  0  0  0  0
   11.8719   37.1173   -0.2726 H   0  0  0  0  0  0  0  0  0  0  0  0
  1  2  1  0
  1  4  1  0
  1 17  1  0
  2  3  3  0
  4  5  2  0
  4  9  1  0
  5  6  1  0
  5 20  1  0
  6  7  2  0
  6 21  1  0
  7  8  1  0
  7 16  1  0
  8  9  2  0
  8 10  1  0
  9 22  1  0
 10 11  2  0
 10 15  1  0
 11 12  1  0
 11 23  1  0
 12 13  2  0
 12 24  1  0
 13 14  1  0
 13 25  1  0
 14 15  2  0
 14 26  1  0
 15 27  1  0
 17 18  1  0
 17 19  1  0
 17 28  1  0
 18 19  1  0
 18 29  1  0
 18 30  1  0
 19 31  1  0
 19 32  1  0
M  END
"
3krj_Lingo3DMolv2_26359,"3krj_Lingo3DMolv2_26359
     RDKit          3D

 34 37  0  0  1  0  0  0  0  0999 V2000
    9.0465   27.9942   10.8131 O   0  0  0  0  0  0  0  0  0  0  0  0
    8.7011   27.8142    9.6482 C   0  0  0  0  0  0  0  0  0  0  0  0
    9.1447   26.7042    8.9954 N   0  0  0  0  0  0  0  0  0  0  0  0
    8.8836   26.2820    7.7079 N   0  0  0  0  0  0  0  0  0  0  0  0
    8.1866   27.0396    6.9582 C   0  0  0  0  0  0  0  0  0  0  0  0
    7.6790   28.3661    7.3859 C   0  0  0  0  0  0  0  0  0  0  0  0
    7.1076   29.2645    6.4882 C   0  0  0  0  0  0  0  0  0  0  0  0
    6.6572   30.5128    6.8953 C   0  0  0  0  0  0  0  0  0  0  0  0
    6.7179   30.8820    8.2736 C   0  0  0  0  0  0  0  0  0  0  0  0
    6.2123   32.1325    8.7333 C   0  0  0  0  0  0  0  0  0  0  0  0
    6.2548   32.4781   10.0774 C   0  0  0  0  0  0  0  0  0  0  0  0
    6.8028   31.6091   11.0051 C   0  0  0  0  0  0  0  0  0  0  0  0
    7.3242   30.3893   10.5974 C   0  0  0  0  0  0  0  0  0  0  0  0
    7.3119   29.9794    9.2238 C   0  0  0  0  0  0  0  0  0  0  0  0
    7.8575   28.7278    8.7443 C   0  0  0  0  0  0  0  0  0  0  0  0
    6.8447   31.9650   12.3513 N   0  0  0  0  0  0  0  0  0  0  0  0
    6.1520   31.4985    5.8401 C   0  0  0  0  0  0  0  0  0  0  0  0
    5.3383   31.0628    4.6358 C   0  0  0  0  0  0  0  0  0  0  0  0
    4.6975   31.9013    5.7203 C   0  0  0  0  0  0  0  0  0  0  0  0
    7.8573   26.5684    5.7089 N   0  0  0  0  0  0  0  0  0  0  0  0
    9.7320   26.0791    9.5293 H   0  0  0  0  0  0  0  0  0  0  0  0
    7.0467   29.0168    5.4391 H   0  0  0  0  0  0  0  0  0  0  0  0
    5.7766   32.8314    8.0362 H   0  0  0  0  0  0  0  0  0  0  0  0
    5.8569   33.4312   10.3940 H   0  0  0  0  0  0  0  0  0  0  0  0
    7.7196   29.7549   11.3693 H   0  0  0  0  0  0  0  0  0  0  0  0
    7.3113   31.3559   13.0086 H   0  0  0  0  0  0  0  0  0  0  0  0
    6.5573   32.8907   12.6332 H   0  0  0  0  0  0  0  0  0  0  0  0
    6.8741   32.2953    5.6481 H   0  0  0  0  0  0  0  0  0  0  0  0
    5.5583   31.5151    3.6665 H   0  0  0  0  0  0  0  0  0  0  0  0
    5.0569   30.0123    4.5417 H   0  0  0  0  0  0  0  0  0  0  0  0
    4.4726   32.9513    5.5241 H   0  0  0  0  0  0  0  0  0  0  0  0
    3.9753   31.4476    6.4012 H   0  0  0  0  0  0  0  0  0  0  0  0
    7.2751   27.1049    5.0869 H   0  0  0  0  0  0  0  0  0  0  0  0
    8.1904   25.6608    5.4216 H   0  0  0  0  0  0  0  0  0  0  0  0
  1  2  2  0
  2  3  1  0
  2 15  1  0
  3  4  1  0
  3 21  1  0
  4  5  2  0
  5  6  1  0
  5 20  1  0
  6  7  1  0
  6 15  2  0
  7  8  2  0
  7 22  1  0
  8  9  1  0
  8 17  1  0
  9 10  1  0
  9 14  2  0
 10 11  2  0
 10 23  1  0
 11 12  1  0
 11 24  1  0
 12 13  2  0
 12 16  1  0
 13 14  1  0
 13 25  1  0
 14 15  1  0
 16 26  1  0
 16 27  1  0
 17 18  1  0
 17 19  1  0
 17 28  1  0
 18 19  1  0
 18 29  1  0
 18 30  1  0
 19 31  1  0
 19 32  1  0
 20 33  1  0
 20 34  1  0
M  END
"
2azr_Lingo3DMolv2_629892,"2azr_Lingo3DMolv2_629892
     RDKit          3D

 26 28  0  0  1  0  0  0  0  0999 V2000
   44.8495   15.9908    3.3119 N   0  0  0  0  0  0  0  0  0  0  0  0
   45.2447   16.7812    4.3885 O   0  0  0  0  0  0  0  0  0  0  0  0
   46.2960   16.2461    4.9955 C   0  0  0  0  0  0  0  0  0  0  0  0
   46.8494   16.7220    5.9801 O   0  0  0  0  0  0  0  0  0  0  0  0
   46.5509   15.1032    4.2758 N   0  0  0  0  0  0  0  0  0  0  0  0
   45.6440   15.0084    3.2925 C   0  0  0  0  0  0  0  0  0  0  0  0
   45.5411   13.9226    2.3060 C   0  0  0  0  0  0  0  0  0  0  0  0
   46.4495   12.4465    2.6055 S   0  0  0  0  0  0  0  0  0  0  0  0
   45.8698   11.7269    1.1160 C   0  0  0  0  0  0  0  0  0  0  0  0
   46.2037   10.4612    0.6120 C   0  0  0  0  0  0  0  0  0  0  0  0
   45.6644   10.0711   -0.6142 C   0  0  0  0  0  0  0  0  0  0  0  0
   44.7926   10.9092   -1.3048 C   0  0  0  0  0  0  0  0  0  0  0  0
   44.4506   12.1643   -0.8061 C   0  0  0  0  0  0  0  0  0  0  0  0
   44.9928   12.6057    0.4170 C   0  0  0  0  0  0  0  0  0  0  0  0
   44.8258   13.8495    1.1109 C   0  0  0  0  0  0  0  0  0  0  0  0
   44.0495   14.8736    0.6261 N   0  0  0  0  0  0  0  0  0  0  0  0
   46.0287    8.7225   -1.2084 C   0  0  0  0  0  0  0  0  0  0  0  0
   47.3153   14.4735    4.4600 H   0  0  0  0  0  0  0  0  0  0  0  0
   46.8811    9.8125    1.1499 H   0  0  0  0  0  0  0  0  0  0  0  0
   44.3816   10.5880   -2.2521 H   0  0  0  0  0  0  0  0  0  0  0  0
   43.7815   12.7973   -1.3679 H   0  0  0  0  0  0  0  0  0  0  0  0
   43.9609   15.7450    1.1275 H   0  0  0  0  0  0  0  0  0  0  0  0
   43.4656   14.7653   -0.1922 H   0  0  0  0  0  0  0  0  0  0  0  0
   46.4536    8.0490   -0.4629 H   0  0  0  0  0  0  0  0  0  0  0  0
   45.1444    8.2323   -1.6200 H   0  0  0  0  0  0  0  0  0  0  0  0
   46.7461    8.8454   -2.0208 H   0  0  0  0  0  0  0  0  0  0  0  0
  1  2  1  0
  1  6  2  0
  2  3  1  0
  3  4  2  0
  3  5  1  0
  5  6  1  0
  5 18  1  0
  6  7  1  0
  7  8  1  0
  7 15  2  0
  8  9  1  0
  9 10  2  0
  9 14  1  0
 10 11  1  0
 10 19  1  0
 11 12  2  0
 11 17  1  0
 12 13  1  0
 12 20  1  0
 13 14  2  0
 13 21  1  0
 14 15  1  0
 15 16  1  0
 16 22  1  0
 16 23  1  0
 17 24  1  0
 17 25  1  0
 17 26  1  0
M  END
"
2zec_Lingo3DMolv2_913098,"2zec_Lingo3DMolv2_913098
     RDKit          3D

 27 28  0  0  1  0  0  0  0  0999 V2000
   35.1008  116.6386   94.3046 O   0  0  0  0  0  0  0  0  0  0  0  0
   35.9255  115.8364   94.7518 C   0  0  0  0  0  0  0  0  0  0  0  0
   35.5082  114.4477   95.1137 C   0  0  0  0  0  0  0  0  0  0  0  0
   34.1964  114.0185   94.8541 C   0  0  0  0  0  0  0  0  0  0  0  0
   33.7610  112.7563   95.2520 C   0  0  0  0  0  0  0  0  0  0  0  0
   34.6310  111.8989   95.9182 C   0  0  0  0  0  0  0  0  0  0  0  0
   35.9395  112.3006   96.1741 C   0  0  0  0  0  0  0  0  0  0  0  0
   36.3870  113.5698   95.7751 C   0  0  0  0  0  0  0  0  0  0  0  0
   37.8127  113.9405   96.1113 C   0  0  0  0  0  0  0  0  0  0  0  0
   38.6123  113.2304   96.7160 O   0  0  0  0  0  0  0  0  0  0  0  0
   38.2027  115.1596   95.6915 N   0  0  0  0  0  0  0  0  0  0  0  0
   37.4408  116.1814   94.9389 C   0  0  1  0  0  0  0  0  0  0  0  0
   38.0293  116.4468   93.5159 C   0  0  0  0  0  0  0  0  0  0  0  0
   39.4520  116.3572   93.4098 O   0  0  0  0  0  0  0  0  0  0  0  0
   40.1907  117.3135   94.1577 C   0  0  0  0  0  0  0  0  0  0  0  0
   37.5122  117.4115   95.6408 O   0  0  0  0  0  0  0  0  0  0  0  0
   34.0842  110.3480   96.4396 Cl  0  0  0  0  0  0  0  0  0  0  0  0
   33.4862  114.6695   94.3626 H   0  0  0  0  0  0  0  0  0  0  0  0
   32.7427  112.4522   95.0572 H   0  0  0  0  0  0  0  0  0  0  0  0
   36.5977  111.6175   96.6947 H   0  0  0  0  0  0  0  0  0  0  0  0
   39.1754  115.3647   95.8640 H   0  0  0  0  0  0  0  0  0  0  0  0
   37.6893  117.4021   93.1085 H   0  0  0  0  0  0  0  0  0  0  0  0
   37.6647  115.6915   92.8164 H   0  0  0  0  0  0  0  0  0  0  0  0
   40.2046  117.0600   95.2172 H   0  0  0  0  0  0  0  0  0  0  0  0
   41.2203  117.3288   93.8034 H   0  0  0  0  0  0  0  0  0  0  0  0
   39.7836  118.3178   94.0548 H   0  0  0  0  0  0  0  0  0  0  0  0
   37.3284  117.2555   96.5709 H   0  0  0  0  0  0  0  0  0  0  0  0
  1  2  2  0
  2  3  1  0
  2 12  1  0
  3  4  1  0
  3  8  2  0
  4  5  2  0
  4 18  1  0
  5  6  1  0
  5 19  1  0
  6  7  2  0
  6 17  1  0
  7  8  1  0
  7 20  1  0
  8  9  1  0
  9 10  2  0
  9 11  1  0
 11 12  1  0
 11 21  1  0
 12 13  1  0
 12 16  1  1
 13 14  1  0
 13 22  1  0
 13 23  1  0
 14 15  1  0
 15 24  1  0
 15 25  1  0
 15 26  1  0
 16 27  1  0
M  END
"
3lq8_Lingo3DMolv2_680168,"3lq8_Lingo3DMolv2_680168
     RDKit          3D

 35 37  0  0  1  0  0  0  0  0999 V2000
    8.7522    5.5346   23.1042 F   0  0  0  0  0  0  0  0  0  0  0  0
    9.1521    4.2863   22.8603 C   0  0  0  0  0  0  0  0  0  0  0  0
    8.1437    3.4306   22.9992 F   0  0  0  0  0  0  0  0  0  0  0  0
   10.2853    3.9046   23.6361 O   0  0  0  0  0  0  0  0  0  0  0  0
   10.1710    3.7652   25.0045 C   0  0  0  0  0  0  0  0  0  0  0  0
   11.2726    3.2291   25.6711 C   0  0  0  0  0  0  0  0  0  0  0  0
   11.2580    3.0468   27.0511 C   0  0  0  0  0  0  0  0  0  0  0  0
   10.1244    3.3862   27.7846 C   0  0  0  0  0  0  0  0  0  0  0  0
    8.9998    3.9199   27.1343 C   0  0  0  0  0  0  0  0  0  0  0  0
    9.0361    4.1129   25.7524 C   0  0  0  0  0  0  0  0  0  0  0  0
    7.7849    4.2294   27.7626 N   0  0  0  0  0  0  0  0  0  0  0  0
    7.4780    4.2288   29.0752 C   0  0  0  0  0  0  0  0  0  0  0  0
    8.3001    4.1532   29.9899 O   0  0  0  0  0  0  0  0  0  0  0  0
    6.0453    4.2644   29.3322 C   0  0  0  0  0  0  0  0  0  0  0  0
    4.9889    4.0287   28.4529 C   0  0  0  0  0  0  0  0  0  0  0  0
    3.7642    4.0003   29.1889 C   0  0  0  0  0  0  0  0  0  0  0  0
    2.4184    3.7888   28.8500 C   0  0  0  0  0  0  0  0  0  0  0  0
    1.4556    3.8115   29.8566 C   0  0  0  0  0  0  0  0  0  0  0  0
    1.8119    4.0210   31.1863 C   0  0  0  0  0  0  0  0  0  0  0  0
    3.1386    4.2288   31.5651 C   0  0  0  0  0  0  0  0  0  0  0  0
    4.1061    4.2280   30.5495 C   0  0  0  0  0  0  0  0  0  0  0  0
    5.4796    4.4112   30.5873 N   0  0  0  0  0  0  0  0  0  0  0  0
    6.2034    4.6802   31.7310 O   0  0  0  0  0  0  0  0  0  0  0  0
    2.0579    3.5615   27.5678 F   0  0  0  0  0  0  0  0  0  0  0  0
    9.4325    4.2591   21.8078 H   0  0  0  0  0  0  0  0  0  0  0  0
   12.1520    2.9505   25.1110 H   0  0  0  0  0  0  0  0  0  0  0  0
   12.1190    2.6301   27.5506 H   0  0  0  0  0  0  0  0  0  0  0  0
   10.1442    3.2058   28.8476 H   0  0  0  0  0  0  0  0  0  0  0  0
    8.1669    4.5199   25.2593 H   0  0  0  0  0  0  0  0  0  0  0  0
    7.0175    4.3995   27.1385 H   0  0  0  0  0  0  0  0  0  0  0  0
    5.0879    3.8317   27.3994 H   0  0  0  0  0  0  0  0  0  0  0  0
    0.4200    3.6429   29.5974 H   0  0  0  0  0  0  0  0  0  0  0  0
    1.0396    4.0182   31.9419 H   0  0  0  0  0  0  0  0  0  0  0  0
    3.4023    4.3976   32.5980 H   0  0  0  0  0  0  0  0  0  0  0  0
    6.5204    5.5795   31.6052 H   0  0  0  0  0  0  0  0  0  0  0  0
  1  2  1  0
  2  3  1  0
  2  4  1  0
  2 25  1  0
  4  5  1  0
  5  6  2  0
  5 10  1  0
  6  7  1  0
  6 26  1  0
  7  8  2  0
  7 27  1  0
  8  9  1  0
  8 28  1  0
  9 10  2  0
  9 11  1  0
 10 29  1  0
 11 12  1  0
 11 30  1  0
 12 13  2  0
 12 14  1  0
 14 15  2  0
 14 22  1  0
 15 16  1  0
 15 31  1  0
 16 17  2  0
 16 21  1  0
 17 18  1  0
 17 24  1  0
 18 19  2  0
 18 32  1  0
 19 20  1  0
 19 33  1  0
 20 21  2  0
 20 34  1  0
 21 22  1  0
 22 23  1  0
 23 35  1  0
M  END
"
3ny8_Lingo3DMolv2_1139785,"3ny8_Lingo3DMolv2_1139785
     RDKit          3D

 41 41  0  0  1  0  0  0  0  0999 V2000
    3.4768    7.5688   50.1610 O   0  0  0  0  0  0  0  0  0  0  0  0
    3.3640    6.6169   51.2045 C   0  0  1  0  0  0  0  0  0  0  0  0
    2.2774    6.9247   52.2782 C   0  0  0  0  0  0  0  0  0  0  0  0
    2.2306    8.3686   52.8521 N   0  0  1  0  0  0  0  0  0  0  0  0
    1.2411    8.4114   54.0372 C   0  0  0  0  0  0  0  0  0  0  0  0
    3.5956    8.9830   53.2118 C   0  0  0  0  0  0  0  0  0  0  0  0
    3.4726   10.3165   53.9747 C   0  0  0  0  0  0  0  0  0  0  0  0
    3.1748    5.2003   50.5997 C   0  0  0  0  0  0  0  0  0  0  0  0
    1.8484    4.9366   49.8326 C   0  0  0  0  0  0  0  0  0  0  0  0
    1.4258    3.4688   49.7432 C   0  0  0  0  0  0  0  0  0  0  0  0
    0.9617    2.9497   48.5324 C   0  0  0  0  0  0  0  0  0  0  0  0
    0.4838    1.6421   48.4518 C   0  0  0  0  0  0  0  0  0  0  0  0
    0.4475    0.8454   49.5946 C   0  0  0  0  0  0  0  0  0  0  0  0
    0.8817    1.3506   50.8266 C   0  0  0  0  0  0  0  0  0  0  0  0
    1.3780    2.6601   50.8872 C   0  0  0  0  0  0  0  0  0  0  0  0
    0.7646    0.4997   52.0915 C   0  0  1  0  0  0  0  0  0  0  0  0
    1.1948   -0.8314   51.9178 O   0  0  0  0  0  0  0  0  0  0  0  0
    1.4713    1.0010   53.1045 F   0  0  0  0  0  0  0  0  0  0  0  0
    2.6015    7.8456   49.8358 H   0  0  0  0  0  0  0  0  0  0  0  0
    4.3334    6.6110   51.7071 H   0  0  0  0  0  0  0  0  0  0  0  0
    1.2651    6.7635   51.9115 H   0  0  0  0  0  0  0  0  0  0  0  0
    2.4344    6.2844   53.1491 H   0  0  0  0  0  0  0  0  0  0  0  0
    1.8482    8.9779   52.1206 H   0  0  0  0  0  0  0  0  0  0  0  0
    1.7367    7.9900   54.9135 H   0  0  0  0  0  0  0  0  0  0  0  0
    0.9361    9.4471   54.1936 H   0  0  0  0  0  0  0  0  0  0  0  0
    0.3937    7.8028   53.7499 H   0  0  0  0  0  0  0  0  0  0  0  0
    4.1328    8.2260   53.7860 H   0  0  0  0  0  0  0  0  0  0  0  0
    4.0693    9.1400   52.2431 H   0  0  0  0  0  0  0  0  0  0  0  0
    3.1430   10.1702   55.0037 H   0  0  0  0  0  0  0  0  0  0  0  0
    4.4394   10.8193   54.0146 H   0  0  0  0  0  0  0  0  0  0  0  0
    2.7713   10.9975   53.4911 H   0  0  0  0  0  0  0  0  0  0  0  0
    3.9977    4.9854   49.9193 H   0  0  0  0  0  0  0  0  0  0  0  0
    3.2952    4.4895   51.4159 H   0  0  0  0  0  0  0  0  0  0  0  0
    1.0044    5.4471   50.2898 H   0  0  0  0  0  0  0  0  0  0  0  0
    1.9309    5.3690   48.8343 H   0  0  0  0  0  0  0  0  0  0  0  0
    0.9598    3.5681   47.6521 H   0  0  0  0  0  0  0  0  0  0  0  0
    0.1258    1.2535   47.5090 H   0  0  0  0  0  0  0  0  0  0  0  0
    0.0630   -0.1608   49.5219 H   0  0  0  0  0  0  0  0  0  0  0  0
    1.6788    3.0665   51.8413 H   0  0  0  0  0  0  0  0  0  0  0  0
   -0.2777    0.4965   52.4154 H   0  0  0  0  0  0  0  0  0  0  0  0
    0.9722   -1.3125   52.7177 H   0  0  0  0  0  0  0  0  0  0  0  0
  1  2  1  0
  1 19  1  0
  2  3  1  0
  2  8  1  0
  2 20  1  1
  3  4  1  0
  3 21  1  0
  3 22  1  0
  4  5  1  0
  4  6  1  0
  4 23  1  6
  5 24  1  0
  5 25  1  0
  5 26  1  0
  6  7  1  0
  6 27  1  0
  6 28  1  0
  7 29  1  0
  7 30  1  0
  7 31  1  0
  8  9  1  0
  8 32  1  0
  8 33  1  0
  9 10  1  0
  9 34  1  0
  9 35  1  0
 10 11  2  0
 10 15  1  0
 11 12  1  0
 11 36  1  0
 12 13  2  0
 12 37  1  0
 13 14  1  0
 13 38  1  0
 14 15  2  0
 14 16  1  0
 15 39  1  0
 16 17  1  0
 16 18  1  0
 16 40  1  1
 17 41  1  0
M  CHG  1   4   1
M  END
"
3f9m_Lingo3DMolv2_615824,"3f9m_Lingo3DMolv2_615824
     RDKit          3D

  7  6  0  0  1  0  0  0  0  0999 V2000
   -8.6369    2.1313   19.8739 N   0  0  0  0  0  0  0  0  0  0  0  0
   -7.8744    2.6901   18.4261 S   0  0  0  0  0  0  0  0  0  0  0  0
   -8.6369    3.8962   18.0984 O   0  0  0  0  0  0  0  0  0  0  0  0
   -6.5023    2.9313   18.8621 O   0  0  0  0  0  0  0  0  0  0  0  0
   -8.0502    1.5488   17.5278 O   0  0  0  0  0  0  0  0  0  0  0  0
   -8.1468    1.3069   20.2198 H   0  0  0  0  0  0  0  0  0  0  0  0
   -8.6185    2.8675   20.5795 H   0  0  0  0  0  0  0  0  0  0  0  0
  1  2  1  0
  1  6  1  0
  1  7  1  0
  2  3  2  0
  2  4  2  0
  2  5  1  0
M  CHG  1   5  -1
M  END
"
3eml_Lingo3DMolv2_439462,"3eml_Lingo3DMolv2_439462
     RDKit          3D

 37 39  0  0  1  0  0  0  0  0999 V2000
   -8.1409   -5.2728   56.1081 N   0  0  0  0  0  0  0  0  0  0  0  0
   -8.2954   -6.4592   55.4066 C   0  0  0  0  0  0  0  0  0  0  0  0
   -8.7937   -7.5156   56.0860 N   0  0  0  0  0  0  0  0  0  0  0  0
   -8.9333   -8.6816   55.3941 C   0  0  0  0  0  0  0  0  0  0  0  0
   -8.5997   -8.8898   54.0886 N   0  0  0  0  0  0  0  0  0  0  0  0
   -8.1015   -7.8208   53.4509 C   0  0  0  0  0  0  0  0  0  0  0  0
   -7.6775   -7.6950   52.1735 N   0  0  0  0  0  0  0  0  0  0  0  0
   -7.3373   -6.4204   52.1007 C   0  0  0  0  0  0  0  0  0  0  0  0
   -7.4513   -5.6906   53.2073 N   0  0  0  0  0  0  0  0  0  0  0  0
   -7.9522   -6.5923   54.0856 N   0  0  0  0  0  0  0  0  0  0  0  0
   -6.9395   -5.9387   50.8701 N   0  0  0  0  0  0  0  0  0  0  0  0
   -6.5406   -4.5601   50.8844 O   0  0  0  0  0  0  0  0  0  0  0  0
   -7.0812   -3.8864   49.7555 C   0  0  0  0  0  0  0  0  0  0  0  0
   -9.4815   -9.9180   56.1244 C   0  0  0  0  0  0  0  0  0  0  0  0
   -9.8655   -9.7370   57.5300 N   0  0  0  0  0  0  0  0  0  0  0  0
  -11.0989   -8.9692   57.6827 C   0  0  0  0  0  0  0  0  0  0  0  0
  -11.2539   -8.5151   59.1228 C   0  0  0  0  0  0  0  0  0  0  0  0
  -10.7332   -7.2916   59.5540 C   0  0  0  0  0  0  0  0  0  0  0  0
  -10.9363   -6.9085   60.8819 C   0  0  0  0  0  0  0  0  0  0  0  0
  -11.6480   -7.7502   61.7381 C   0  0  0  0  0  0  0  0  0  0  0  0
  -12.1395   -8.9545   61.2290 C   0  0  0  0  0  0  0  0  0  0  0  0
  -11.9616   -9.3404   59.9395 N   0  0  0  0  0  0  0  0  0  0  0  0
   -7.9199   -4.4162   55.6105 H   0  0  0  0  0  0  0  0  0  0  0  0
   -8.4490   -5.2355   57.0732 H   0  0  0  0  0  0  0  0  0  0  0  0
   -6.1711   -6.4157   50.4301 H   0  0  0  0  0  0  0  0  0  0  0  0
   -6.2960   -3.2923   49.2897 H   0  0  0  0  0  0  0  0  0  0  0  0
   -7.5187   -4.5253   48.9800 H   0  0  0  0  0  0  0  0  0  0  0  0
   -7.8483   -3.1859   50.0831 H   0  0  0  0  0  0  0  0  0  0  0  0
   -8.6876  -10.6647   56.0956 H   0  0  0  0  0  0  0  0  0  0  0  0
  -10.3068  -10.3514   55.5593 H   0  0  0  0  0  0  0  0  0  0  0  0
   -9.9814  -10.6367   57.9762 H   0  0  0  0  0  0  0  0  0  0  0  0
  -11.1172   -8.0861   57.0418 H   0  0  0  0  0  0  0  0  0  0  0  0
  -11.9611   -9.5740   57.3992 H   0  0  0  0  0  0  0  0  0  0  0  0
  -10.1690   -6.6589   58.8845 H   0  0  0  0  0  0  0  0  0  0  0  0
  -10.5324   -5.9739   61.2438 H   0  0  0  0  0  0  0  0  0  0  0  0
  -11.8043   -7.4802   62.7718 H   0  0  0  0  0  0  0  0  0  0  0  0
  -12.6922   -9.6345   61.8605 H   0  0  0  0  0  0  0  0  0  0  0  0
  1  2  1  0
  1 23  1  0
  1 24  1  0
  2  3  2  0
  2 10  1  0
  3  4  1  0
  4  5  2  0
  4 14  1  0
  5  6  1  0
  6  7  2  0
  6 10  1  0
  7  8  1  0
  8  9  2  0
  8 11  1  0
  9 10  1  0
 11 12  1  0
 11 25  1  0
 12 13  1  0
 13 26  1  0
 13 27  1  0
 13 28  1  0
 14 15  1  0
 14 29  1  0
 14 30  1  0
 15 16  1  0
 15 31  1  0
 16 17  1  0
 16 32  1  0
 16 33  1  0
 17 18  2  0
 17 22  1  0
 18 19  1  0
 18 34  1  0
 19 20  2  0
 19 35  1  0
 20 21  1  0
 20 36  1  0
 21 22  2  0
 21 37  1  0
M  END
"
2of2_Lingo3DMolv2_644392,"2of2_Lingo3DMolv2_644392
     RDKit          3D

 67 72  0  0  1  0  0  0  0  0999 V2000
   25.1280   36.1384   82.9841 N   0  0  0  0  0  0  0  0  0  0  0  0
   24.1118   36.7082   83.6346 N   0  0  0  0  0  0  0  0  0  0  0  0
   24.5651   37.7083   84.3492 C   0  0  0  0  0  0  0  0  0  0  0  0
   26.0084   37.7984   84.1831 C   0  0  0  0  0  0  0  0  0  0  0  0
   26.3131   36.7732   83.2455 C   0  0  0  0  0  0  0  0  0  0  0  0
   27.5949   36.5277   82.7572 C   0  0  0  0  0  0  0  0  0  0  0  0
   28.6395   37.3241   83.2342 C   0  0  0  0  0  0  0  0  0  0  0  0
   28.3664   38.3297   84.1700 C   0  0  0  0  0  0  0  0  0  0  0  0
   27.0806   38.5843   84.6701 C   0  0  0  0  0  0  0  0  0  0  0  0
   26.9304   39.6722   85.7202 C   0  0  0  0  0  0  0  0  0  0  0  0
   29.9442   37.1303   82.7393 N   0  0  0  0  0  0  0  0  0  0  0  0
   30.3440   36.1822   81.6992 C   0  0  0  0  0  0  0  0  0  0  0  0
   31.7528   36.5658   81.2648 C   0  0  0  0  0  0  0  0  0  0  0  0
   32.4042   37.0783   82.5438 C   0  0  1  0  0  0  0  0  0  0  0  0
   31.1963   37.5514   83.3818 C   0  0  0  0  0  0  0  0  0  0  0  0
   33.4315   36.1385   83.2386 N   0  0  0  0  0  0  0  0  0  0  0  0
   32.9972   34.6568   83.3199 C   0  0  0  0  0  0  0  0  0  0  0  0
   33.9289   36.6520   84.6072 C   0  0  0  0  0  0  0  0  0  0  0  0
   23.5884   38.5566   85.0962 C   0  0  0  0  0  0  0  0  0  0  0  0
   23.8754   39.8090   85.3836 N   0  0  0  0  0  0  0  0  0  0  0  0
   22.7956   40.3579   85.9865 N   0  0  0  0  0  0  0  0  0  0  0  0
   21.7551   39.4608   86.0957 C   0  0  0  0  0  0  0  0  0  0  0  0
   20.4202   39.6127   86.6880 C   0  0  0  0  0  0  0  0  0  0  0  0
   19.9353   40.5402   87.3315 O   0  0  0  0  0  0  0  0  0  0  0  0
   19.7069   38.4735   86.4346 N   0  0  0  0  0  0  0  0  0  0  0  0
   20.1213   37.2571   85.9062 N   0  0  0  0  0  0  0  0  0  0  0  0
   21.3273   37.1516   85.4906 C   0  0  0  0  0  0  0  0  0  0  0  0
   22.2628   38.2872   85.5254 C   0  0  0  0  0  0  0  0  0  0  0  0
   21.7150   35.9302   85.0189 N   0  0  0  0  0  0  0  0  0  0  0  0
   22.8348   41.7711   86.4238 C   0  0  0  0  0  0  0  0  0  0  0  0
   23.1192   42.6963   85.2143 C   0  0  0  0  0  0  0  0  0  0  0  0
   23.4049   44.1363   85.6793 C   0  0  0  0  0  0  0  0  0  0  0  0
   24.4725   44.1278   86.6283 O   0  0  0  0  0  0  0  0  0  0  0  0
   24.1555   43.4294   87.8303 C   0  0  0  0  0  0  0  0  0  0  0  0
   23.9221   41.9401   87.5142 C   0  0  0  0  0  0  0  0  0  0  0  0
   24.9693   35.3524   82.3739 H   0  0  0  0  0  0  0  0  0  0  0  0
   27.7661   35.7380   82.0406 H   0  0  0  0  0  0  0  0  0  0  0  0
   29.1833   38.9368   84.5309 H   0  0  0  0  0  0  0  0  0  0  0  0
   26.3169   39.3124   86.5490 H   0  0  0  0  0  0  0  0  0  0  0  0
   27.8894   39.9813   86.1407 H   0  0  0  0  0  0  0  0  0  0  0  0
   26.4479   40.5516   85.2891 H   0  0  0  0  0  0  0  0  0  0  0  0
   30.2452   35.1475   82.0304 H   0  0  0  0  0  0  0  0  0  0  0  0
   29.6601   36.2822   80.8555 H   0  0  0  0  0  0  0  0  0  0  0  0
   32.2725   35.7161   80.8261 H   0  0  0  0  0  0  0  0  0  0  0  0
   31.7154   37.3336   80.4901 H   0  0  0  0  0  0  0  0  0  0  0  0
   33.0430   37.9290   82.2953 H   0  0  0  0  0  0  0  0  0  0  0  0
   31.2349   37.1302   84.3829 H   0  0  0  0  0  0  0  0  0  0  0  0
   31.2174   38.6340   83.5127 H   0  0  0  0  0  0  0  0  0  0  0  0
   34.2459   36.1424   82.6373 H   0  0  0  0  0  0  0  0  0  0  0  0
   33.6455   34.1343   84.0279 H   0  0  0  0  0  0  0  0  0  0  0  0
   31.9580   34.6237   83.6339 H   0  0  0  0  0  0  0  0  0  0  0  0
   33.1043   34.2251   82.3244 H   0  0  0  0  0  0  0  0  0  0  0  0
   33.1309   36.5290   85.3395 H   0  0  0  0  0  0  0  0  0  0  0  0
   34.7964   36.0468   84.8825 H   0  0  0  0  0  0  0  0  0  0  0  0
   34.2111   37.7013   84.4931 H   0  0  0  0  0  0  0  0  0  0  0  0
   18.7433   38.4853   86.7364 H   0  0  0  0  0  0  0  0  0  0  0  0
   22.6394   35.8054   84.6321 H   0  0  0  0  0  0  0  0  0  0  0  0
   21.0273   35.1905   84.9239 H   0  0  0  0  0  0  0  0  0  0  0  0
   21.8525   42.0034   86.8339 H   0  0  0  0  0  0  0  0  0  0  0  0
   23.9160   42.3228   84.5725 H   0  0  0  0  0  0  0  0  0  0  0  0
   22.2274   42.7428   84.5889 H   0  0  0  0  0  0  0  0  0  0  0  0
   23.6893   44.7578   84.8339 H   0  0  0  0  0  0  0  0  0  0  0  0
   22.5148   44.5991   86.1120 H   0  0  0  0  0  0  0  0  0  0  0  0
   24.9801   43.5427   88.5354 H   0  0  0  0  0  0  0  0  0  0  0  0
   23.2767   43.8693   88.3055 H   0  0  0  0  0  0  0  0  0  0  0  0
   24.8539   41.4376   87.2545 H   0  0  0  0  0  0  0  0  0  0  0  0
   23.5725   41.4685   88.4338 H   0  0  0  0  0  0  0  0  0  0  0  0
  1  2  1  0
  1  5  1  0
  1 36  1  0
  2  3  2  0
  3  4  1  0
  3 19  1  0
  4  5  2  0
  4  9  1  0
  5  6  1  0
  6  7  2  0
  6 37  1  0
  7  8  1  0
  7 11  1  0
  8  9  2  0
  8 38  1  0
  9 10  1  0
 10 39  1  0
 10 40  1  0
 10 41  1  0
 11 12  1  0
 11 15  1  0
 12 13  1  0
 12 42  1  0
 12 43  1  0
 13 14  1  0
 13 44  1  0
 13 45  1  0
 14 15  1  0
 14 16  1  0
 14 46  1  6
 15 47  1  0
 15 48  1  0
 16 17  1  0
 16 18  1  0
 16 49  1  0
 17 50  1  0
 17 51  1  0
 17 52  1  0
 18 53  1  0
 18 54  1  0
 18 55  1  0
 19 20  2  0
 19 28  1  0
 20 21  1  0
 21 22  1  0
 21 30  1  0
 22 23  1  0
 22 28  2  0
 23 24  2  0
 23 25  1  0
 25 26  1  0
 25 56  1  0
 26 27  2  0
 27 28  1  0
 27 29  1  0
 29 57  1  0
 29 58  1  0
 30 31  1  0
 30 35  1  0
 30 59  1  0
 31 32  1  0
 31 60  1  0
 31 61  1  0
 32 33  1  0
 32 62  1  0
 32 63  1  0
 33 34  1  0
 34 35  1  0
 34 64  1  0
 34 65  1  0
 35 66  1  0
 35 67  1  0
M  CHG  1  16   1
M  END
"
2azr_Lingo3DMolv2_732327,"2azr_Lingo3DMolv2_732327
     RDKit          3D

 19 20  0  0  1  0  0  0  0  0999 V2000
   45.7707   15.6241    4.3592 N   0  0  0  0  0  0  0  0  0  0  0  0
   46.3999   16.6010    4.9612 N   0  0  0  0  0  0  0  0  0  0  0  0
   47.6134   16.7220    4.4602 C   0  0  0  0  0  0  0  0  0  0  0  0
   48.4495   17.5656    4.7800 O   0  0  0  0  0  0  0  0  0  0  0  0
   47.7329   15.7699    3.5923 N   0  0  0  0  0  0  0  0  0  0  0  0
   46.6275   15.1530    3.5393 C   0  0  0  0  0  0  0  0  0  0  0  0
   46.4694   14.0995    2.7096 N   0  0  0  0  0  0  0  0  0  0  0  0
   45.3835   13.7208    2.0084 C   0  0  0  0  0  0  0  0  0  0  0  0
   44.3033   14.3220    1.9800 O   0  0  0  0  0  0  0  0  0  0  0  0
   45.6142   12.4404    1.1800 C   0  0  0  0  0  0  0  0  0  0  0  0
   44.4495   11.4855    1.0670 C   0  0  0  0  0  0  0  0  0  0  0  0
   44.8495   12.3330   -0.1236 C   0  0  0  0  0  0  0  0  0  0  0  0
   45.9457   17.1220    5.6905 H   0  0  0  0  0  0  0  0  0  0  0  0
   47.3291   13.6468    2.4457 H   0  0  0  0  0  0  0  0  0  0  0  0
   46.6210   12.0207    1.2230 H   0  0  0  0  0  0  0  0  0  0  0  0
   44.6588   10.4155    1.0517 H   0  0  0  0  0  0  0  0  0  0  0  0
   43.5143   11.7116    1.5800 H   0  0  0  0  0  0  0  0  0  0  0  0
   45.3425   11.8572   -0.9718 H   0  0  0  0  0  0  0  0  0  0  0  0
   44.1909   13.1453   -0.4372 H   0  0  0  0  0  0  0  0  0  0  0  0
  1  2  1  0
  1  6  2  0
  2  3  1  0
  2 13  1  0
  3  4  2  0
  3  5  1  0
  5  6  1  0
  6  7  1  0
  7  8  1  0
  7 14  1  0
  8  9  2  0
  8 10  1  0
 10 11  1  0
 10 12  1  0
 10 15  1  0
 11 12  1  0
 11 16  1  0
 11 17  1  0
 12 18  1  0
 12 19  1  0
M  CHG  1   5  -1
M  END
"
1d3g_Lingo3DMolv2_883948,"1d3g_Lingo3DMolv2_883948
     RDKit          3D

 48 51  0  0  1  0  0  0  0  0999 V2000
   48.2018   40.6720   -5.3961 O   0  0  0  0  0  0  0  0  0  0  0  0
   48.8057   40.9763   -4.3585 C   0  0  0  0  0  0  0  0  0  0  0  0
   49.8022   41.8717   -4.5191 N   0  0  0  0  0  0  0  0  0  0  0  0
   50.6961   42.3390   -3.4439 C   0  0  2  0  0  0  0  0  0  0  0  0
   50.2891   41.8742   -2.1156 N   0  0  0  0  0  0  0  0  0  0  0  0
   49.3255   41.0379   -1.9713 C   0  0  0  0  0  0  0  0  0  0  0  0
   48.6103   40.5210   -3.0633 N   0  0  0  0  0  0  0  0  0  0  0  0
   47.6919   39.5032   -2.9069 C   0  0  0  0  0  0  0  0  0  0  0  0
   47.3934   38.9008   -1.8729 O   0  0  0  0  0  0  0  0  0  0  0  0
   49.0498   40.6532   -0.5098 C   0  0  0  0  0  0  0  0  0  0  0  0
   50.7761   43.8725   -3.4678 C   0  0  0  0  0  0  0  0  0  0  0  0
   51.8033   44.5728   -2.5825 C   0  0  0  0  0  0  0  0  0  0  0  0
   51.4350   45.0714   -1.3358 C   0  0  0  0  0  0  0  0  0  0  0  0
   52.3220   45.8717   -0.6210 C   0  0  0  0  0  0  0  0  0  0  0  0
   53.5842   46.2010   -1.1431 C   0  0  0  0  0  0  0  0  0  0  0  0
   53.9423   45.7319   -2.4253 C   0  0  0  0  0  0  0  0  0  0  0  0
   53.0606   44.8789   -3.0923 C   0  0  0  0  0  0  0  0  0  0  0  0
   55.2899   46.0821   -3.0514 C   0  0  1  0  0  0  0  0  0  0  0  0
   55.7950   47.2994   -2.4137 N   0  0  0  0  0  0  0  0  0  0  0  0
   56.5397   48.2507   -3.0027 C   0  0  0  0  0  0  0  0  0  0  0  0
   56.9193   48.3467   -4.1677 O   0  0  0  0  0  0  0  0  0  0  0  0
   56.8320   49.2026   -1.8516 C   0  0  0  0  0  0  0  0  0  0  0  0
   55.9473   48.7895   -0.8282 O   0  0  0  0  0  0  0  0  0  0  0  0
   55.7684   47.4282   -0.9902 C   0  0  1  0  0  0  0  0  0  0  0  0
   54.4766   47.0077   -0.4283 N   0  0  0  0  0  0  0  0  0  0  0  0
   54.5363   46.9850    1.0284 C   0  0  0  0  0  0  0  0  0  0  0  0
   56.3414   44.9621   -2.9116 C   0  0  0  0  0  0  0  0  0  0  0  0
   50.0151   42.1397   -5.4669 H   0  0  0  0  0  0  0  0  0  0  0  0
   51.6936   41.9536   -3.6502 H   0  0  0  0  0  0  0  0  0  0  0  0
   47.1913   39.2159   -3.8462 H   0  0  0  0  0  0  0  0  0  0  0  0
   49.5428   41.3216    0.1971 H   0  0  0  0  0  0  0  0  0  0  0  0
   47.9888   40.6720   -0.2707 H   0  0  0  0  0  0  0  0  0  0  0  0
   49.4028   39.6473   -0.2978 H   0  0  0  0  0  0  0  0  0  0  0  0
   50.9479   44.2118   -4.4914 H   0  0  0  0  0  0  0  0  0  0  0  0
   49.8026   44.2718   -3.2247 H   0  0  0  0  0  0  0  0  0  0  0  0
   50.4505   44.8749   -0.9381 H   0  0  0  0  0  0  0  0  0  0  0  0
   51.9918   46.2540    0.3310 H   0  0  0  0  0  0  0  0  0  0  0  0
   53.3295   44.5010   -4.0619 H   0  0  0  0  0  0  0  0  0  0  0  0
   55.1399   46.2973   -4.1125 H   0  0  0  0  0  0  0  0  0  0  0  0
   57.8743   49.1072   -1.5391 H   0  0  0  0  0  0  0  0  0  0  0  0
   56.6412   50.2375   -2.1374 H   0  0  0  0  0  0  0  0  0  0  0  0
   56.5952   46.8692   -0.5376 H   0  0  0  0  0  0  0  0  0  0  0  0
   55.0076   47.8835    1.4196 H   0  0  0  0  0  0  0  0  0  0  0  0
   53.5639   46.9069    1.5073 H   0  0  0  0  0  0  0  0  0  0  0  0
   55.1341   46.1287    1.3297 H   0  0  0  0  0  0  0  0  0  0  0  0
   56.6040   44.7762   -1.8705 H   0  0  0  0  0  0  0  0  0  0  0  0
   55.9818   44.0256   -3.3352 H   0  0  0  0  0  0  0  0  0  0  0  0
   57.2646   45.2207   -3.4307 H   0  0  0  0  0  0  0  0  0  0  0  0
  1  2  2  0
  2  3  1  0
  2  7  1  0
  3  4  1  0
  3 28  1  0
  4  5  1  0
  4 11  1  0
  4 29  1  6
  5  6  2  0
  6  7  1  0
  6 10  1  0
  7  8  1  0
  8  9  2  0
  8 30  1  0
 10 31  1  0
 10 32  1  0
 10 33  1  0
 11 12  1  0
 11 34  1  0
 11 35  1  0
 12 13  2  0
 12 17  1  0
 13 14  1  0
 13 36  1  0
 14 15  2  0
 14 37  1  0
 15 16  1  0
 15 25  1  0
 16 17  2  0
 16 18  1  0
 17 38  1  0
 18 19  1  0
 18 27  1  0
 18 39  1  6
 19 20  1  0
 19 24  1  0
 20 21  2  0
 20 22  1  0
 22 23  1  0
 22 40  1  0
 22 41  1  0
 23 24  1  0
 24 25  1  0
 24 42  1  1
 25 26  1  0
 26 43  1  0
 26 44  1  0
 26 45  1  0
 27 46  1  0
 27 47  1  0
 27 48  1  0
M  END
"
3el8_Lingo3DMolv2_954768,"3el8_Lingo3DMolv2_954768
     RDKit          3D

 57 61  0  0  1  0  0  0  0  0999 V2000
    8.0526    6.8636    7.4773 N   0  0  0  0  0  0  0  0  0  0  0  0
    8.4113    7.8791    6.6542 C   0  0  0  0  0  0  0  0  0  0  0  0
    7.5968    8.7694    6.0250 N   0  0  0  0  0  0  0  0  0  0  0  0
    6.2936    8.6081    6.3032 C   0  0  0  0  0  0  0  0  0  0  0  0
    5.2239    9.3287    5.7767 N   0  0  0  0  0  0  0  0  0  0  0  0
    4.0351    8.8069    6.3064 C   0  0  0  0  0  0  0  0  0  0  0  0
    2.6846    9.1222    6.0835 C   0  0  0  0  0  0  0  0  0  0  0  0
    1.7182    8.3439    6.7286 C   0  0  0  0  0  0  0  0  0  0  0  0
    2.0467    7.3106    7.6096 C   0  0  0  0  0  0  0  0  0  0  0  0
    3.3954    7.0627    7.9013 C   0  0  0  0  0  0  0  0  0  0  0  0
    4.3907    7.7647    7.2098 C   0  0  0  0  0  0  0  0  0  0  0  0
    5.7850    7.6183    7.1692 C   0  0  0  0  0  0  0  0  0  0  0  0
    6.7252    6.7222    7.7175 C   0  0  0  0  0  0  0  0  0  0  0  0
    6.3272    5.6217    8.4678 N   0  0  0  0  0  0  0  0  0  0  0  0
    0.9788    6.5392    8.1305 N   0  0  0  0  0  0  0  0  0  0  0  0
    1.0337    5.3255    8.7246 C   0  0  0  0  0  0  0  0  0  0  0  0
    2.0782    4.7124    8.9676 O   0  0  0  0  0  0  0  0  0  0  0  0
   -0.2023    4.8355    8.9657 N   0  0  0  0  0  0  0  0  0  0  0  0
   -0.5570    3.5309    8.9237 C   0  0  0  0  0  0  0  0  0  0  0  0
    0.2178    2.5978    8.6934 O   0  0  0  0  0  0  0  0  0  0  0  0
   -1.8805    3.3864    9.1377 N   0  0  0  0  0  0  0  0  0  0  0  0
   -2.6577    2.2076    9.1051 C   0  0  0  0  0  0  0  0  0  0  0  0
   -3.9936    2.3144    9.5047 C   0  0  0  0  0  0  0  0  0  0  0  0
   -4.8612    1.2704    9.5070 N   0  0  0  0  0  0  0  0  0  0  0  0
   -4.3940    0.0621    9.1055 C   0  0  0  0  0  0  0  0  0  0  0  0
   -3.0764   -0.1468    8.7056 C   0  0  0  0  0  0  0  0  0  0  0  0
   -2.1996    0.9391    8.7022 C   0  0  0  0  0  0  0  0  0  0  0  0
   -2.6596   -1.3747    8.3209 F   0  0  0  0  0  0  0  0  0  0  0  0
    5.3717   10.4131    4.7861 C   0  0  1  0  0  0  0  0  0  0  0  0
    4.7146   10.0123    3.4396 C   0  0  0  0  0  0  0  0  0  0  0  0
    4.7597   11.1694    2.4225 C   0  0  0  0  0  0  0  0  0  0  0  0
    4.1739   12.4755    2.9917 C   0  0  0  0  0  0  0  0  0  0  0  0
    4.9185   12.8549    4.2892 N   0  0  0  0  0  0  0  0  0  0  0  0
    4.8450   11.7497    5.3679 C   0  0  0  0  0  0  0  0  0  0  0  0
    9.4674    7.9722    6.4406 H   0  0  0  0  0  0  0  0  0  0  0  0
    2.3811    9.9052    5.4059 H   0  0  0  0  0  0  0  0  0  0  0  0
    0.6776    8.5471    6.5118 H   0  0  0  0  0  0  0  0  0  0  0  0
    3.6881    6.3060    8.6067 H   0  0  0  0  0  0  0  0  0  0  0  0
    7.0206    4.9836    8.8365 H   0  0  0  0  0  0  0  0  0  0  0  0
    5.3460    5.4661    8.6464 H   0  0  0  0  0  0  0  0  0  0  0  0
    0.0567    6.8649    7.8846 H   0  0  0  0  0  0  0  0  0  0  0  0
   -0.9626    5.4984    9.0190 H   0  0  0  0  0  0  0  0  0  0  0  0
   -2.3874    4.2224    9.3981 H   0  0  0  0  0  0  0  0  0  0  0  0
   -4.4098    3.2578    9.8140 H   0  0  0  0  0  0  0  0  0  0  0  0
   -5.1028   -0.7533    9.1038 H   0  0  0  0  0  0  0  0  0  0  0  0
   -1.1886    0.7618    8.3746 H   0  0  0  0  0  0  0  0  0  0  0  0
    6.4406   10.5115    4.5906 H   0  0  0  0  0  0  0  0  0  0  0  0
    5.2829    9.1854    3.0074 H   0  0  0  0  0  0  0  0  0  0  0  0
    3.7042    9.6232    3.5648 H   0  0  0  0  0  0  0  0  0  0  0  0
    5.7851   11.3435    2.0953 H   0  0  0  0  0  0  0  0  0  0  0  0
    4.2078   10.8937    1.5232 H   0  0  0  0  0  0  0  0  0  0  0  0
    4.2937   13.3138    2.3017 H   0  0  0  0  0  0  0  0  0  0  0  0
    3.1182   12.3818    3.2538 H   0  0  0  0  0  0  0  0  0  0  0  0
    5.8863   13.0420    4.0650 H   0  0  0  0  0  0  0  0  0  0  0  0
    4.5499   13.7233    4.6543 H   0  0  0  0  0  0  0  0  0  0  0  0
    5.4508   12.1006    6.2059 H   0  0  0  0  0  0  0  0  0  0  0  0
    3.8020   11.7075    5.6829 H   0  0  0  0  0  0  0  0  0  0  0  0
  1  2  2  0
  1 13  1  0
  2  3  1  0
  2 35  1  0
  3  4  2  0
  4  5  1  0
  4 12  1  0
  5  6  1  0
  5 29  1  0
  6  7  1  0
  6 11  2  0
  7  8  2  0
  7 36  1  0
  8  9  1  0
  8 37  1  0
  9 10  2  0
  9 15  1  0
 10 11  1  0
 10 38  1  0
 11 12  1  0
 12 13  2  0
 13 14  1  0
 14 39  1  0
 14 40  1  0
 15 16  1  0
 15 41  1  0
 16 17  2  0
 16 18  1  0
 18 19  1  0
 18 42  1  0
 19 20  2  0
 19 21  1  0
 21 22  1  0
 21 43  1  0
 22 23  2  0
 22 27  1  0
 23 24  1  0
 23 44  1  0
 24 25  2  0
 25 26  1  0
 25 45  1  0
 26 27  2  0
 26 28  1  0
 27 46  1  0
 29 30  1  0
 29 34  1  0
 29 47  1  6
 30 31  1  0
 30 48  1  0
 30 49  1  0
 31 32  1  0
 31 50  1  0
 31 51  1  0
 32 33  1  0
 32 52  1  0
 32 53  1  0
 33 34  1  0
 33 54  1  0
 33 55  1  0
 34 56  1  0
 34 57  1  0
M  CHG  1  33   1
M  END
"
3nxu_Lingo3DMolv2_77380,"3nxu_Lingo3DMolv2_77380
     RDKit          3D

 33 32  0  0  1  0  0  0  0  0999 V2000
   29.4661  -28.9603  -17.5056 O   0  0  0  0  0  0  0  0  0  0  0  0
   28.8916  -29.2027  -18.5675 C   0  0  0  0  0  0  0  0  0  0  0  0
   29.2842  -30.3955  -19.4229 C   0  0  0  0  0  0  0  0  0  0  0  0
   27.8705  -28.4890  -19.1139 O   0  0  0  0  0  0  0  0  0  0  0  0
   27.3992  -27.2372  -18.5721 C   0  0  1  0  0  0  0  0  0  0  0  0
   28.4649  -26.1183  -18.5995 C   0  0  0  0  0  0  0  0  0  0  0  0
   29.3936  -26.1205  -19.4129 O   0  0  0  0  0  0  0  0  0  0  0  0
   28.2517  -25.1784  -17.6467 O   0  0  0  0  0  0  0  0  0  0  0  0
   29.1551  -24.0888  -17.4665 C   0  0  2  0  0  0  0  0  0  0  0  0
   30.4613  -24.5493  -16.7830 C   0  0  0  0  0  0  0  0  0  0  0  0
   28.4274  -22.8899  -16.8058 C   0  0  0  0  0  0  0  0  0  0  0  0
   27.9251  -23.0471  -15.4744 O   0  0  0  0  0  0  0  0  0  0  0  0
   28.8933  -23.0916  -14.4313 C   0  0  0  0  0  0  0  0  0  0  0  0
   28.2316  -22.6978  -13.1107 C   0  0  0  0  0  0  0  0  0  0  0  0
   26.1189  -26.8106  -19.3292 C   0  0  0  0  0  0  0  0  0  0  0  0
   26.3479  -26.5776  -20.6230 F   0  0  0  0  0  0  0  0  0  0  0  0
   25.5760  -25.7053  -18.8145 F   0  0  0  0  0  0  0  0  0  0  0  0
   25.1873  -27.7607  -19.2535 F   0  0  0  0  0  0  0  0  0  0  0  0
   30.0645  -30.9793  -18.9354 H   0  0  0  0  0  0  0  0  0  0  0  0
   28.4225  -31.0387  -19.6004 H   0  0  0  0  0  0  0  0  0  0  0  0
   29.6616  -30.0436  -20.3824 H   0  0  0  0  0  0  0  0  0  0  0  0
   27.1079  -27.4025  -17.5340 H   0  0  0  0  0  0  0  0  0  0  0  0
   29.4336  -23.7246  -18.4581 H   0  0  0  0  0  0  0  0  0  0  0  0
   31.0648  -23.7014  -16.4561 H   0  0  0  0  0  0  0  0  0  0  0  0
   30.2691  -25.1919  -15.9245 H   0  0  0  0  0  0  0  0  0  0  0  0
   31.0698  -25.1387  -17.4705 H   0  0  0  0  0  0  0  0  0  0  0  0
   29.0683  -22.0131  -16.8592 H   0  0  0  0  0  0  0  0  0  0  0  0
   27.5662  -22.6377  -17.4259 H   0  0  0  0  0  0  0  0  0  0  0  0
   29.2957  -24.0983  -14.3334 H   0  0  0  0  0  0  0  0  0  0  0  0
   29.7259  -22.4141  -14.6270 H   0  0  0  0  0  0  0  0  0  0  0  0
   27.8697  -21.6722  -13.1474 H   0  0  0  0  0  0  0  0  0  0  0  0
   27.3868  -23.3469  -12.8831 H   0  0  0  0  0  0  0  0  0  0  0  0
   28.9376  -22.7703  -12.2834 H   0  0  0  0  0  0  0  0  0  0  0  0
  1  2  2  0
  2  3  1  0
  2  4  1  0
  3 19  1  0
  3 20  1  0
  3 21  1  0
  4  5  1  0
  5  6  1  0
  5 15  1  0
  5 22  1  1
  6  7  2  0
  6  8  1  0
  8  9  1  0
  9 10  1  0
  9 11  1  0
  9 23  1  6
 10 24  1  0
 10 25  1  0
 10 26  1  0
 11 12  1  0
 11 27  1  0
 11 28  1  0
 12 13  1  0
 13 14  1  0
 13 29  1  0
 13 30  1  0
 14 31  1  0
 14 32  1  0
 14 33  1  0
 15 16  1  0
 15 17  1  0
 15 18  1  0
M  END
"
2vt4_Lingo3DMolv2_440543,"2vt4_Lingo3DMolv2_440543
     RDKit          3D

 45 46  0  0  1  0  0  0  0  0999 V2000
   36.8395   21.2472  -31.3207 O   0  0  0  0  0  0  0  0  0  0  0  0
   37.2737   20.2376  -32.1427 C   0  0  0  0  0  0  0  0  0  0  0  0
   38.6446   20.0685  -32.3393 C   0  0  0  0  0  0  0  0  0  0  0  0
   39.1154   19.0682  -33.1868 C   0  0  0  0  0  0  0  0  0  0  0  0
   38.2229   18.2053  -33.8359 C   0  0  0  0  0  0  0  0  0  0  0  0
   36.8454   18.3888  -33.6378 C   0  0  0  0  0  0  0  0  0  0  0  0
   36.3630   19.3944  -32.7942 C   0  0  0  0  0  0  0  0  0  0  0  0
   34.8589   19.5430  -32.5940 C   0  0  0  0  0  0  0  0  0  0  0  0
   38.8019   17.1154  -34.7491 C   0  0  0  0  0  0  0  0  0  0  0  0
   37.8179   16.1682  -35.4768 C   0  0  0  0  0  0  0  0  0  0  0  0
   37.0474   15.2826  -34.4752 N   0  0  0  0  0  0  0  0  0  0  0  0
   35.8347   14.5425  -35.0779 C   0  0  0  0  0  0  0  0  0  0  0  0
   34.8513   14.0648  -33.9746 C   0  0  2  0  0  0  0  0  0  0  0  0
   35.5730   13.3232  -33.0005 O   0  0  0  0  0  0  0  0  0  0  0  0
   33.6351   13.3197  -34.5519 C   0  0  0  0  0  0  0  0  0  0  0  0
   33.1944   12.0967  -34.0238 C   0  0  0  0  0  0  0  0  0  0  0  0
   32.0794   11.4527  -34.5588 C   0  0  0  0  0  0  0  0  0  0  0  0
   31.3883   12.0160  -35.6295 C   0  0  0  0  0  0  0  0  0  0  0  0
   31.8058   13.2333  -36.1771 C   0  0  0  0  0  0  0  0  0  0  0  0
   32.9203   13.8799  -35.6226 C   0  0  0  0  0  0  0  0  0  0  0  0
   31.0686   13.8439  -37.3693 C   0  0  0  0  0  0  0  0  0  0  0  0
   29.7729   13.5247  -37.3530 F   0  0  0  0  0  0  0  0  0  0  0  0
   31.1656   15.1763  -37.3808 F   0  0  0  0  0  0  0  0  0  0  0  0
   31.6035   13.3764  -38.4954 F   0  0  0  0  0  0  0  0  0  0  0  0
   35.8812   21.2839  -31.3092 H   0  0  0  0  0  0  0  0  0  0  0  0
   39.3454   20.7237  -31.8419 H   0  0  0  0  0  0  0  0  0  0  0  0
   40.1792   18.9593  -33.3299 H   0  0  0  0  0  0  0  0  0  0  0  0
   36.1298   17.7639  -34.1450 H   0  0  0  0  0  0  0  0  0  0  0  0
   34.6258   19.6592  -31.5364 H   0  0  0  0  0  0  0  0  0  0  0  0
   34.4867   20.4181  -33.1257 H   0  0  0  0  0  0  0  0  0  0  0  0
   34.3140   18.6649  -32.9392 H   0  0  0  0  0  0  0  0  0  0  0  0
   39.5308   16.5252  -34.1870 H   0  0  0  0  0  0  0  0  0  0  0  0
   39.3807   17.6347  -35.5138 H   0  0  0  0  0  0  0  0  0  0  0  0
   37.0851   16.7244  -36.0635 H   0  0  0  0  0  0  0  0  0  0  0  0
   38.3348   15.4652  -36.1341 H   0  0  0  0  0  0  0  0  0  0  0  0
   37.6735   14.5775  -34.1022 H   0  0  0  0  0  0  0  0  0  0  0  0
   36.7425   15.8471  -33.6948 H   0  0  0  0  0  0  0  0  0  0  0  0
   35.3689   15.2678  -35.7460 H   0  0  0  0  0  0  0  0  0  0  0  0
   36.2479   13.7209  -35.6709 H   0  0  0  0  0  0  0  0  0  0  0  0
   34.4455   14.9436  -33.4704 H   0  0  0  0  0  0  0  0  0  0  0  0
   34.9822   13.0949  -32.2789 H   0  0  0  0  0  0  0  0  0  0  0  0
   33.7071   11.6218  -33.1999 H   0  0  0  0  0  0  0  0  0  0  0  0
   31.7524   10.5101  -34.1474 H   0  0  0  0  0  0  0  0  0  0  0  0
   30.5294   11.4961  -36.0314 H   0  0  0  0  0  0  0  0  0  0  0  0
   33.2322   14.8195  -36.0503 H   0  0  0  0  0  0  0  0  0  0  0  0
  1  2  1  0
  1 25  1  0
  2  3  2  0
  2  7  1  0
  3  4  1  0
  3 26  1  0
  4  5  2  0
  4 27  1  0
  5  6  1  0
  5  9  1  0
  6  7  2  0
  6 28  1  0
  7  8  1  0
  8 29  1  0
  8 30  1  0
  8 31  1  0
  9 10  1  0
  9 32  1  0
  9 33  1  0
 10 11  1  0
 10 34  1  0
 10 35  1  0
 11 12  1  0
 11 36  1  0
 11 37  1  0
 12 13  1  0
 12 38  1  0
 12 39  1  0
 13 14  1  0
 13 15  1  0
 13 40  1  1
 14 41  1  0
 15 16  2  0
 15 20  1  0
 16 17  1  0
 16 42  1  0
 17 18  2  0
 17 43  1  0
 18 19  1  0
 18 44  1  0
 19 20  2  0
 19 21  1  0
 20 45  1  0
 21 22  1  0
 21 23  1  0
 21 24  1  0
M  CHG  1  11   1
M  END
"
2ayw_Lingo3DMolv2_1220188,"2ayw_Lingo3DMolv2_1220188
     RDKit          3D

 64 68  0  0  1  0  0  0  0  0999 V2000
   23.4297   22.1391   27.0851 F   0  0  0  0  0  0  0  0  0  0  0  0
   22.1143   21.8392   27.1941 C   0  0  0  0  0  0  0  0  0  0  0  0
   21.2087   22.3846   26.2698 C   0  0  0  0  0  0  0  0  0  0  0  0
   19.8454   22.1182   26.4100 C   0  0  0  0  0  0  0  0  0  0  0  0
   19.3888   21.2986   27.4372 C   0  0  0  0  0  0  0  0  0  0  0  0
   20.2926   20.7513   28.3425 C   0  0  0  0  0  0  0  0  0  0  0  0
   21.6658   21.0162   28.2469 C   0  0  0  0  0  0  0  0  0  0  0  0
   22.5973   20.4585   29.2770 C   0  0  0  0  0  0  0  0  0  0  0  0
   22.2809   20.5970   30.6353 C   0  0  0  0  0  0  0  0  0  0  0  0
   23.1102   20.0815   31.6336 C   0  0  0  0  0  0  0  0  0  0  0  0
   24.3048   19.4580   31.2657 C   0  0  0  0  0  0  0  0  0  0  0  0
   24.6605   19.3077   29.9236 C   0  0  0  0  0  0  0  0  0  0  0  0
   23.7815   19.7818   28.9343 C   0  0  0  0  0  0  0  0  0  0  0  0
   24.0672   19.5639   27.6291 F   0  0  0  0  0  0  0  0  0  0  0  0
   25.9376   18.6192   29.5922 C   0  0  0  0  0  0  0  0  0  0  0  0
   27.1596   19.0839   30.0929 C   0  0  0  0  0  0  0  0  0  0  0  0
   28.3551   18.4142   29.8278 C   0  0  0  0  0  0  0  0  0  0  0  0
   28.3429   17.2332   29.0545 C   0  0  0  0  0  0  0  0  0  0  0  0
   29.5027   16.5551   28.8405 N   0  0  0  0  0  0  0  0  0  0  0  0
   29.4241   15.4061   28.1350 C   0  0  0  0  0  0  0  0  0  0  0  0
   28.2931   14.9179   27.6089 N   0  0  0  0  0  0  0  0  0  0  0  0
   27.1253   15.5593   27.7751 C   0  0  0  0  0  0  0  0  0  0  0  0
   27.1034   16.7570   28.5329 C   0  0  0  0  0  0  0  0  0  0  0  0
   25.9280   17.4709   28.8013 C   0  0  0  0  0  0  0  0  0  0  0  0
   30.6286   14.7326   28.0095 N   0  0  0  0  0  0  0  0  0  0  0  0
   22.6827   20.1474   33.0990 C   0  0  1  0  0  0  0  0  0  0  0  0
   22.5744   18.7907   33.8285 C   0  0  0  0  0  0  0  0  0  0  0  0
   23.7227   18.7493   34.8335 C   0  0  0  0  0  0  0  0  0  0  0  0
   23.9173   20.2082   35.2314 C   0  0  0  0  0  0  0  0  0  0  0  0
   23.7223   20.9540   33.9034 N   0  0  0  0  0  0  0  0  0  0  0  0
   21.6724   23.2768   25.1177 C   0  0  0  0  0  0  0  0  0  0  0  0
   21.6328   22.5676   23.7469 C   0  0  0  0  0  0  0  0  0  0  0  0
   22.0272   23.4959   22.5795 C   0  0  0  0  0  0  0  0  0  0  0  0
   21.8275   22.7935   21.2246 N   0  0  0  0  0  0  0  0  0  0  0  0
   19.1344   22.5268   25.7083 H   0  0  0  0  0  0  0  0  0  0  0  0
   18.3345   21.0809   27.5264 H   0  0  0  0  0  0  0  0  0  0  0  0
   19.9108   20.1196   29.1311 H   0  0  0  0  0  0  0  0  0  0  0  0
   21.3658   21.0994   30.9163 H   0  0  0  0  0  0  0  0  0  0  0  0
   24.9533   19.0505   32.0285 H   0  0  0  0  0  0  0  0  0  0  0  0
   27.1861   19.9775   30.7012 H   0  0  0  0  0  0  0  0  0  0  0  0
   29.2993   18.7714   30.2153 H   0  0  0  0  0  0  0  0  0  0  0  0
   28.3310   14.0727   27.0431 H   0  0  0  0  0  0  0  0  0  0  0  0
   26.2485   15.1156   27.3233 H   0  0  0  0  0  0  0  0  0  0  0  0
   25.0226   17.0686   28.4078 H   0  0  0  0  0  0  0  0  0  0  0  0
   30.7447   13.9288   27.3986 H   0  0  0  0  0  0  0  0  0  0  0  0
   31.4766   15.1574   28.3569 H   0  0  0  0  0  0  0  0  0  0  0  0
   21.7583   20.7189   33.2117 H   0  0  0  0  0  0  0  0  0  0  0  0
   21.6236   18.7373   34.3628 H   0  0  0  0  0  0  0  0  0  0  0  0
   22.5907   17.9362   33.1471 H   0  0  0  0  0  0  0  0  0  0  0  0
   23.4875   18.1195   35.6915 H   0  0  0  0  0  0  0  0  0  0  0  0
   24.6300   18.3482   34.3789 H   0  0  0  0  0  0  0  0  0  0  0  0
   23.1310   20.5684   35.8997 H   0  0  0  0  0  0  0  0  0  0  0  0
   24.9034   20.4463   35.6370 H   0  0  0  0  0  0  0  0  0  0  0  0
   23.4463   21.9181   34.0367 H   0  0  0  0  0  0  0  0  0  0  0  0
   24.5905   20.9661   33.3874 H   0  0  0  0  0  0  0  0  0  0  0  0
   22.6725   23.6656   25.3189 H   0  0  0  0  0  0  0  0  0  0  0  0
   21.0262   24.1561   25.0928 H   0  0  0  0  0  0  0  0  0  0  0  0
   22.3140   21.7182   23.7838 H   0  0  0  0  0  0  0  0  0  0  0  0
   20.6335   22.1589   23.5787 H   0  0  0  0  0  0  0  0  0  0  0  0
   21.4032   24.3903   22.5199 H   0  0  0  0  0  0  0  0  0  0  0  0
   23.0792   23.7863   22.6060 H   0  0  0  0  0  0  0  0  0  0  0  0
   22.3684   21.9422   21.1657 H   0  0  0  0  0  0  0  0  0  0  0  0
   20.8497   22.5661   21.0767 H   0  0  0  0  0  0  0  0  0  0  0  0
   22.1154   23.4012   20.4694 H   0  0  0  0  0  0  0  0  0  0  0  0
  1  2  1  0
  2  3  2  0
  2  7  1  0
  3  4  1  0
  3 31  1  0
  4  5  2  0
  4 35  1  0
  5  6  1  0
  5 36  1  0
  6  7  2  0
  6 37  1  0
  7  8  1  0
  8  9  2  0
  8 13  1  0
  9 10  1  0
  9 38  1  0
 10 11  2  0
 10 26  1  0
 11 12  1  0
 11 39  1  0
 12 13  2  0
 12 15  1  0
 13 14  1  0
 15 16  2  0
 15 24  1  0
 16 17  1  0
 16 40  1  0
 17 18  2  0
 17 41  1  0
 18 19  1  0
 18 23  1  0
 19 20  2  0
 20 21  1  0
 20 25  1  0
 21 22  2  0
 21 42  1  0
 22 23  1  0
 22 43  1  0
 23 24  2  0
 24 44  1  0
 25 45  1  0
 25 46  1  0
 26 27  1  0
 26 30  1  0
 26 47  1  6
 27 28  1  0
 27 48  1  0
 27 49  1  0
 28 29  1  0
 28 50  1  0
 28 51  1  0
 29 30  1  0
 29 52  1  0
 29 53  1  0
 30 54  1  0
 30 55  1  0
 31 32  1  0
 31 56  1  0
 31 57  1  0
 32 33  1  0
 32 58  1  0
 32 59  1  0
 33 34  1  0
 33 60  1  0
 33 61  1  0
 34 62  1  0
 34 63  1  0
 34 64  1  0
M  CHG  3  21   1  30   1  34   1
M  END
"
